Stock Name,Symbol,Sector,Industry,Market Cap(Rs. Cr.),Source_File
Grindwell Norton Ltd.,GRINDWELL,Abrasives,Abrasives,23957.59,sectors\abrasives.csv
Carborundum Universal Ltd.,CARBORUNIV,Abrasives,Abrasives,21943.36,sectors\abrasives.csv
Wendt (India) Ltd.,WENDT,Abrasives,Abrasives,1588.16,sectors\abrasives.csv
Tata Consumer Products Ltd.,TATACONSUM,Agriculture,Tea/Coffee,106985.49,sectors\agriculture.csv
CCL Products (India) Ltd.,CCL,Agriculture,Tea/Coffee,15164.1,sectors\agriculture.csv
E.I.D. - Parry (India) Ltd.,EIDPARRY,Agriculture,Sugar,13794.24,sectors\agriculture.csv
Balrampur Chini Mills Ltd.,BALRAMCHIN,Agriculture,Sugar,13214.58,sectors\agriculture.csv
Gujarat Ambuja Exports Ltd.,GAEL,Agriculture,Solvent  Extraction,7928.12,sectors\agriculture.csv
Triveni Engineering & Industries Ltd.,TRIVENI,Agriculture,Sugar,5866.06,sectors\agriculture.csv
Shree Renuka Sugars Ltd.,RENUKA,Agriculture,Sugar,4672.04,sectors\agriculture.csv
Bannari Amman Sugars Ltd.,BANARISUG,Agriculture,Sugar,4326.2,sectors\agriculture.csv
Bajaj Hindusthan Sugar Ltd.,BAJAJHIND,Agriculture,Sugar,4147.81,sectors\agriculture.csv
Kaveri Seed Company Ltd.,KSCL,Agriculture,Agriculture,4007.62,sectors\agriculture.csv
Dalmia Bharat Sugar And Industries Ltd.,DALMIASUG,Agriculture,Sugar,3420.49,sectors\agriculture.csv
Apcotex Industries Ltd.,APCOTEXIND,Agriculture,Rubber  Products,3103.18,sectors\agriculture.csv
Pix Transmissions Ltd.,PIXTRANS,Agriculture,Rubber  Products,2585.18,sectors\agriculture.csv
BN Agrochem Ltd.,BNAGROCHEM,Agriculture,Solvent  Extraction,2398.37,sectors\agriculture.csv
Venky'S (India) Ltd.,VENKEYS,Agriculture,Agriculture,2151.63,sectors\agriculture.csv
Tinna Rubber And Infrastructure Ltd.,TINNARUBR,Agriculture,Rubber  Products,1961.47,sectors\agriculture.csv
Apex Frozen Foods Ltd.,APEX,Agriculture,Aquaculture,1330.31,sectors\agriculture.csv
Avadh Sugar & Energy Ltd.,AVADHSUGAR,Agriculture,Sugar,1302.8,sectors\agriculture.csv
Andrew Yule & Company Ltd.,ANDREWYU,Agriculture,Tea/Coffee,1276.16,sectors\agriculture.csv
Godavari Biorefineries Ltd.,GODAVARIB,Agriculture,Sugar,1264.56,sectors\agriculture.csv
AVT Natural Products Ltd.,AVTNPL,Agriculture,Agriculture,1239.74,sectors\agriculture.csv
Shri Venkatesh Refineries Ltd.,SVRL,Agriculture,Solvent  Extraction,1218.55,sectors\agriculture.csv
M.V.K. Agro Food Product Ltd.,MVKAGRO,Agriculture,Sugar,1156.29,sectors\agriculture.csv
GRP Ltd.,GRPLTD,Agriculture,Rubber  Products,1074.67,sectors\agriculture.csv
Dhampur Sugar Mills Ltd.,DHAMPURSUG,Agriculture,Sugar,1032.44,sectors\agriculture.csv
Uttam Sugar Mills Ltd.,UTTAMSUGAR,Agriculture,Sugar,1010.28,sectors\agriculture.csv
Bombay Super Hybrid Seeds Ltd.,BSHSL,Agriculture,Agriculture,918.73,sectors\agriculture.csv
Regaal Resources Ltd.,REGAAL,Agriculture,Agriculture,888.53,sectors\agriculture.csv
Freshara Agro Exports Ltd.,FRESHARA,Agriculture,Agriculture,834.57,sectors\agriculture.csv
Dwarikesh Sugar Industries Ltd.,DWARKESH,Agriculture,Sugar,795.5,sectors\agriculture.csv
Dhampur Bio Organics Ltd.,DBOL,Agriculture,Sugar,795.46,sectors\agriculture.csv
Magadh Sugar & Energy Ltd.,MAGADSUGAR,Agriculture,Sugar,767.64,sectors\agriculture.csv
Zuari Industries Ltd.,ZUARIIND,Agriculture,Sugar,765.67,sectors\agriculture.csv
Sharat Industries Ltd.,SHINDL,Agriculture,Aquaculture,638.61,sectors\agriculture.csv
DCM Shriram Industries Ltd.,DCMSRIND,Agriculture,Sugar,551.83,sectors\agriculture.csv
The Ugar Sugar Works Ltd.,UGARSUGAR,Agriculture,Sugar,540.67,sectors\agriculture.csv
Mcleod Russel India Ltd.,MCLEODRUSS,Agriculture,Tea/Coffee,485.3,sectors\agriculture.csv
Mangalam Global Enterprise Ltd.,MGEL,Agriculture,Agriculture,476.87,sectors\agriculture.csv
Goodricke Group Ltd.,GOODRICKE,Agriculture,Tea/Coffee,466.34,sectors\agriculture.csv
Kotyark Industries Ltd.,KOTYARK,Agriculture,Agriculture,458.39,sectors\agriculture.csv
Mawana Sugars Ltd.,MAWANASUG,Agriculture,Sugar,453.56,sectors\agriculture.csv
Davangere Sugar Company Ltd.,DAVANGERE,Agriculture,Sugar,430.43,sectors\agriculture.csv
Sheetal Universal Ltd.,SHEETAL,Agriculture,Agriculture,382.68,sectors\agriculture.csv
Harrisons Malayalam Ltd.,HARRMALAYA,Agriculture,Rubber  Products,366.89,sectors\agriculture.csv
Rubfila International Ltd.,RUBFILA,Agriculture,Rubber  Products,363.1,sectors\agriculture.csv
SBEC Sugar Ltd.,SBECSUG,Agriculture,Sugar,341.68,sectors\agriculture.csv
K.C.P. Sugar And Industries Corporation Ltd.,KCPSUGIND,Agriculture,Sugar,337.32,sectors\agriculture.csv
Ponni Sugars (Erode) Ltd.,PONNIERODE,Agriculture,Sugar,296.65,sectors\agriculture.csv
Nath Bio-Genes (India) Ltd.,NATHBIOGEN,Agriculture,Agriculture,296.27,sectors\agriculture.csv
Elgi Rubber Company Ltd.,ELGIRUBCO,Agriculture,Rubber  Products,291.94,sectors\agriculture.csv
Gayatri Rubbers and Chemicals Ltd.,GRCL,Agriculture,Rubber  Products,289.77,sectors\agriculture.csv
Jay Shree Tea & Industries Ltd.,JAYSREETEA,Agriculture,Tea/Coffee,265.36,sectors\agriculture.csv
Indag Rubber Ltd.,INDAG,Agriculture,Rubber  Products,262.21,sectors\agriculture.csv
K.M. Sugar Mills Ltd.,KMSUGAR,Agriculture,Sugar,253.92,sectors\agriculture.csv
SC Agrotech Ltd.,SCAGRO,Agriculture,Agriculture,242.88,sectors\agriculture.csv
Horizon Reclaim (India) Ltd.,HORIZON,Agriculture,Rubber  Products,241.41,sectors\agriculture.csv
Kings Infra Ventures Ltd.,KINGSINFR,Agriculture,Aquaculture,237.95,sectors\agriculture.csv
The United Nilgiri Tea Estates Company Ltd.,UNITEDTEA,Agriculture,Tea/Coffee,228.99,sectors\agriculture.csv
Ramdevbaba Solvent Ltd.,RBS,Agriculture,Solvent  Extraction,224.27,sectors\agriculture.csv
Kothari Sugars And Chemicals Ltd.,KOTARISUG,Agriculture,Sugar,217.83,sectors\agriculture.csv
The Peria Karamalai Tea And Produce Company Ltd.,PKTEA,Agriculture,Tea/Coffee,210.5,sectors\agriculture.csv
Ameenji Rubber Ltd.,AMEENJI,Agriculture,Rubber  Products,208.68,sectors\agriculture.csv
Rossell India Ltd.,ROSSELLIND,Agriculture,Tea/Coffee,208.57,sectors\agriculture.csv
Sakthi Sugars Ltd.,SAKHTISUG,Agriculture,Sugar,204.06,sectors\agriculture.csv
Rana Sugars Ltd.,RANASUG,Agriculture,Sugar,201.17,sectors\agriculture.csv
Waterbase Ltd.,WATERBASE,Agriculture,Aquaculture,194.62,sectors\agriculture.csv
Neelamalai Agro Industries Ltd.,NEAGI,Agriculture,Tea/Coffee,190.79,sectors\agriculture.csv
Indo US Bio-Tech Ltd.,INDOUS,Agriculture,Agriculture,163.54,sectors\agriculture.csv
Oswal Overseas Ltd.,OSWALOR,Agriculture,Sugar,154.74,sectors\agriculture.csv
Mangalam Seeds Ltd.,MSL,Agriculture,Agriculture,149.11,sectors\agriculture.csv
Zeal Aqua Ltd.,ZEAL,Agriculture,Aquaculture,142.08,sectors\agriculture.csv
Dhunseri Tea & Industries Ltd.,DTIL,Agriculture,Tea/Coffee,141.75,sectors\agriculture.csv
JK Agri Genetics Ltd.,JKAGRI,Agriculture,Agriculture,135.01,sectors\agriculture.csv
Sampann Utpadan India Ltd.,SAMPANN,Agriculture,Rubber  Products,134.67,sectors\agriculture.csv
Indian Sucrose Ltd.,INDSUCR,Agriculture,Sugar,132.71,sectors\agriculture.csv
Sheel Biotech Ltd.,SHEEL,Agriculture,Agriculture,130.26,sectors\agriculture.csv
Rukmani Devi Garg Agro Impex Ltd.,RDGAIL,Agriculture,Agriculture,129.15,sectors\agriculture.csv
Dollex Agrotech Ltd.,DOLLEX,Agriculture,Sugar,128.44,sectors\agriculture.csv
Bengal Tea & Fabrics Ltd.,BENGALT,Agriculture,Tea/Coffee,127.79,sectors\agriculture.csv
Mayank Cattle Food Ltd.,MCFL,Agriculture,Solvent  Extraction,124.74,sectors\agriculture.csv
Vistar Amar Ltd.,VISTARAMAR,Agriculture,Aquaculture,124.42,sectors\agriculture.csv
Yashhtej Industries (India) Ltd.,YASHHTEJ,Agriculture,Solvent  Extraction,124.08,sectors\agriculture.csv
Dhampure Speciality Sugars Ltd.,DHAMPURE,Agriculture,Sugar,120.49,sectors\agriculture.csv
B&A Ltd.,BNALTD,Agriculture,Tea/Coffee,117.8,sectors\agriculture.csv
Narmada Agrobase Ltd.,NARMADA,Agriculture,Agriculture,115.25,sectors\agriculture.csv
Vishwaraj Sugar Industries Ltd.,VISHWARAJ,Agriculture,Sugar,115.01,sectors\agriculture.csv
The Grob Tea Company Ltd.,GROBTEA,Agriculture,Tea/Coffee,111.36,sectors\agriculture.csv
Shree Oswal Seeds and Chemicals Ltd.,OSWALSEEDS,Agriculture,Agriculture,111.14,sectors\agriculture.csv
Rajshree Sugars & Chemicals Ltd.,RAJSREESUG,Agriculture,Sugar,107.86,sectors\agriculture.csv
Naturite Agro Products Ltd.,NAPL,Agriculture,Agriculture,104.33,sectors\agriculture.csv
Kanel Industries Ltd.,KANELIND,Agriculture,Agriculture,103.56,sectors\agriculture.csv
Somi Conveyor Beltings Ltd.,SOMICONVEY,Agriculture,Rubber  Products,102.2,sectors\agriculture.csv
Norben Tea & Exports Ltd.,NORBTEAEXP,Agriculture,Tea/Coffee,99.68,sectors\agriculture.csv
James Warren Tea Ltd.,JAMESWARREN,Agriculture,Tea/Coffee,95.42,sectors\agriculture.csv
Parvati Sweetners and Power Ltd.,PARVATI,Agriculture,Sugar,93.21,sectors\agriculture.csv
Upsurge Seeds Of Agriculture Ltd.,USASEEDS,Agriculture,Agriculture,91.98,sectors\agriculture.csv
Terai Tea Company Ltd.,TERAI,Agriculture,Tea/Coffee,85.72,sectors\agriculture.csv
Shri Vasuprada Plantations Ltd.,VASUPRADA ,Agriculture,Tea/Coffee,83.69,sectors\agriculture.csv
Piccadily Sugar & Allied Industries Ltd.,PICCASUG,Agriculture,Sugar,81.32,sectors\agriculture.csv
Lead Reclaim And Rubber Products Ltd.,LRRPL,Agriculture,Rubber  Products,81.29,sectors\agriculture.csv
IEL Ltd.,INDXTRA,Agriculture,Solvent  Extraction,76.93,sectors\agriculture.csv
Gujarat Peanut and Agri Products Ltd.,GPAPL,Agriculture,Agriculture,73.37,sectors\agriculture.csv
Simran Farms Ltd.,SIMRAN,Agriculture,Agriculture,72.41,sectors\agriculture.csv
Himalaya Food lnternational Ltd.,HFIL,Agriculture,Agriculture,71.99,sectors\agriculture.csv
Kesar Enterprises Ltd.,KESARENT,Agriculture,Sugar,66.73,sectors\agriculture.csv
Rajgor Castor Derivatives Ltd.,RCDL,Agriculture,Agriculture,66.25,sectors\agriculture.csv
Agri-Tech (India) Ltd.,AGRITECH,Agriculture,Agriculture,63.02,sectors\agriculture.csv
Gayatri Sugars Ltd.,GAYATRI,Agriculture,Sugar,60.48,sectors\agriculture.csv
Trescon Ltd.,TRESCON,Agriculture,Floriculture,57.88,sectors\agriculture.csv
Unisem Agritech Ltd.,UNISEM,Agriculture,Agriculture,56.66,sectors\agriculture.csv
Warren Tea Ltd.,WARRENTEA,Agriculture,Tea/Coffee,56.43,sectors\agriculture.csv
Unique Organics Ltd.,UNIQUEO,Agriculture,Solvent  Extraction,51.73,sectors\agriculture.csv
Defrail Technologies Ltd.,DEFRAIL,Agriculture,Rubber  Products,48.95,sectors\agriculture.csv
Times Green Energy (India) Ltd.,TIMESGREEN,Agriculture,Agriculture,44.87,sectors\agriculture.csv
Diana Tea Company Ltd.,DIANATEA,Agriculture,Tea/Coffee,43.43,sectors\agriculture.csv
Grameva Ltd.,GRAMEVA,Agriculture,Agriculture,42.23,sectors\agriculture.csv
Dhanlaxmi Crop Science Ltd.,DHANLAXMI,Agriculture,Agriculture,41.64,sectors\agriculture.csv
Pentagon Rubber Ltd.,PENTAGON,Agriculture,Rubber  Products,40.79,sectors\agriculture.csv
Raghuvansh Agrofarms Ltd.,RAFL,Agriculture,Agriculture,40.58,sectors\agriculture.csv
Alfavision Overseas (India) Ltd.,ALFAVIO,Agriculture,Agriculture,38.3,sectors\agriculture.csv
Vishwas Agri Seeds Ltd.,VISHWAS,Agriculture,Agriculture,38.15,sectors\agriculture.csv
MM Rubber Company Ltd.,MMRUBBR-B,Agriculture,Rubber  Products,36.43,sectors\agriculture.csv
Rex Sealing and Packing Industries Ltd.,REXSEAL,Agriculture,Rubber  Products,31.02,sectors\agriculture.csv
Tyroon Tea Company Ltd.,TYROON,Agriculture,Tea/Coffee,29.61,sectors\agriculture.csv
Simbhaoli Sugars Ltd.,SIMBHALS,Agriculture,Sugar,28.48,sectors\agriculture.csv
PAOS Industries Ltd,PAOS,Agriculture,Solvent  Extraction,27.77,sectors\agriculture.csv
Datiware Maritime Infra Ltd.,DATIWARE,Agriculture,Aquaculture,26.77,sectors\agriculture.csv
TGIF Agribusiness Ltd.,TGIF,Agriculture,Agriculture,26.39,sectors\agriculture.csv
Kanco Tea & Industries Ltd.,KANCOTEA,Agriculture,Tea/Coffee,25.12,sectors\agriculture.csv
Nirman Agri Genetics Ltd.,NIRMAN,Agriculture,Agriculture,24.51,sectors\agriculture.csv
Cochin Malabar Estates & Industries Ltd.,COCHMAL,Agriculture,Rubber  Products,23.6,sectors\agriculture.csv
Vrundavan Plantation Ltd.,VPL,Agriculture,Agriculture,21.04,sectors\agriculture.csv
Vandan Foods Ltd.,VANDAN,Agriculture,Solvent  Extraction,20.96,sectors\agriculture.csv
Shree Ganesh Bio-Tech (India) Ltd.,SHREEGANES,Agriculture,Agriculture,20.73,sectors\agriculture.csv
Vamshi Rubber Ltd.,VAMSHIRU,Agriculture,Rubber  Products,16.84,sectors\agriculture.csv
Hindustan Agrigenetics Ltd.,HINDUST,Agriculture,Agriculture,16.61,sectors\agriculture.csv
Indong Tea Company Ltd.,INDONG,Agriculture,Tea/Coffee,16.51,sectors\agriculture.csv
Eastern Treads Ltd.,EASTRED,Agriculture,Rubber  Products,15.92,sectors\agriculture.csv
Natura Hue Chem Ltd.,NATHUEC,Agriculture,Agriculture,14.72,sectors\agriculture.csv
BKV Industries Ltd.,BKV,Agriculture,Aquaculture,14.07,sectors\agriculture.csv
NCC Blue Water Products Ltd.,NCCBLUE,Agriculture,Aquaculture,13.75,sectors\agriculture.csv
Octavius Plantations Ltd.,OCTAVIUSPL,Agriculture,Tea/Coffee,13.23,sectors\agriculture.csv
Progrex Ventures Ltd.,PROGREXV,Agriculture,Solvent  Extraction,12.25,sectors\agriculture.csv
Pioneer Agro Extracts Ltd.,PIONAGR,Agriculture,Solvent  Extraction,11.7,sectors\agriculture.csv
Antarctica Ltd.,ANTGRAPHIC,Agriculture,Agriculture,11.32,sectors\agriculture.csv
Khandelwal Extractions Ltd.,ZKHANDEN,Agriculture,Solvent  Extraction,10.78,sectors\agriculture.csv
Kisaan Parivar Industries Ltd.,KISAAN,Agriculture,Solvent  Extraction,9.83,sectors\agriculture.csv
Shree Rajivlochan Oil Extraction Ltd.,SHRAJOI,Agriculture,Solvent  Extraction,9.41,sectors\agriculture.csv
Genomic Valley Biotech Ltd.,GVBL,Agriculture,Agriculture,9.29,sectors\agriculture.csv
Omega Ag-Seeds (Punjab) Ltd.,OMEAG,Agriculture,Agriculture,7.36,sectors\agriculture.csv
Tarai Foods Ltd.,TARAI,Agriculture,Agriculture,7.34,sectors\agriculture.csv
Shree Ram Proteins Ltd.,SRPL,Agriculture,Solvent  Extraction,7.28,sectors\agriculture.csv
Shanti Overseas (India) Ltd.,SHANTI,Agriculture,Solvent  Extraction,6.91,sectors\agriculture.csv
Shree Hanuman Sugar & Industries Ltd.,HANSUGAR,Agriculture,Sugar,6.9,sectors\agriculture.csv
Novyra Pharmachem Ltd.,BANSTEA,Agriculture,Tea/Coffee,6.75,sectors\agriculture.csv
Ashoka Refineries Ltd.,ASHOKRE,Agriculture,Solvent  Extraction,5.26,sectors\agriculture.csv
Retro Green Revolution Ltd.,RGRL,Agriculture,Tea/Coffee,5.02,sectors\agriculture.csv
Thakkers Group Ltd.,THAKKERS,Agriculture,Agriculture,4.46,sectors\agriculture.csv
Beeyu Overseas Ltd.,BEEYU,Agriculture,Agriculture,3.34,sectors\agriculture.csv
Signature Green Corporation Ltd.,SIGNGCL,Agriculture,Solvent  Extraction,1.8,sectors\agriculture.csv
Mangalam Global Enterprise Ltd. - (Rights Entitlements (REs)),MGEL-RE,Agriculture,Agriculture,0.0,sectors\agriculture.csv
Vistar Amar Ltd. - (Rights Entitlements (REs)),VISTA-RE,Agriculture,Aquaculture,0.0,sectors\agriculture.csv
IEL Ltd. - (Rights Entitlements (REs)),INDXTR-RE,Agriculture,Solvent  Extraction,0.0,sectors\agriculture.csv
Dollex Agrotech Ltd. - (Rights Entitlements),DOLLEX-RE,Agriculture,Sugar,0.0,sectors\agriculture.csv
Himalaya Food lnternational Ltd. - (Rights Entitlements (REs)),750992,Agriculture,Agriculture,0.0,sectors\agriculture.csv
Davangere Sugar Company Ltd. - (Rights Entitlements (REs)),DAVAN-RE1,Agriculture,Sugar,0.0,sectors\agriculture.csv
Times Green Energy (India) Ltd. Rights Entitlements (REs),751054,Agriculture,Agriculture,0.0,sectors\agriculture.csv
United Spirits Ltd.,UNITDSPR,Alcohol,Breweries & Distilleries,110557.33,sectors\alcohol.csv
Radico Khaitan Ltd.,RADICO,Alcohol,Breweries & Distilleries,62368.81,sectors\alcohol.csv
United Breweries Ltd.,UBL,Alcohol,Breweries & Distilleries,36384.79,sectors\alcohol.csv
Allied Blenders And Distillers Ltd.,ABDL,Alcohol,Breweries & Distilleries,16779.81,sectors\alcohol.csv
Tilaknagar Industries Ltd.,TI,Alcohol,Breweries & Distilleries,14070.13,sectors\alcohol.csv
India Glycols Ltd.,INDIAGLYCO,Alcohol,Breweries & Distilleries,7093.78,sectors\alcohol.csv
Piccadily Agro Industries Ltd.,PICCADIL,Alcohol,Breweries & Distilleries,6329.32,sectors\alcohol.csv
TruAlt Bioenergy Ltd.,TRUALT,Alcohol,Breweries & Distilleries,4128.13,sectors\alcohol.csv
Globus Spirits Ltd.,GLOBUSSPR,Alcohol,Breweries & Distilleries,2739.49,sectors\alcohol.csv
GM Breweries Ltd.,GMBREW,Alcohol,Breweries & Distilleries,2039.77,sectors\alcohol.csv
Som Distilleries And Breweries Ltd.,SDBL,Alcohol,Breweries & Distilleries,1546.99,sectors\alcohol.csv
Associated Alcohols & Breweries Ltd.,ASALCBR,Alcohol,Breweries & Distilleries,1436.57,sectors\alcohol.csv
Sula Vineyards Ltd.,SULA,Alcohol,Breweries & Distilleries,1266.29,sectors\alcohol.csv
Gulshan Polyols Ltd.,GULPOLY,Alcohol,Breweries & Distilleries,1175.06,sectors\alcohol.csv
IFB Agro Industries Ltd.,IFBAGRO,Alcohol,Breweries & Distilleries,960.88,sectors\alcohol.csv
Jagatjit Industries Ltd.,JAGAJITIND,Alcohol,Breweries & Distilleries,805.83,sectors\alcohol.csv
Cupid Breweries And Distilleries Ltd.,CUPIDALBV,Alcohol,Breweries & Distilleries,251.56,sectors\alcohol.csv
Shri Gang Industries & Allied Products Ltd.,SHRIGANG,Alcohol,Breweries & Distilleries,135.95,sectors\alcohol.csv
Kati Patang Lifestyle Ltd.,KATIPATANG,Alcohol,Breweries & Distilleries,85.48,sectors\alcohol.csv
Alcokraft Distilleries Ltd.,ALCODIS,Alcohol,Breweries & Distilleries,62.58,sectors\alcohol.csv
Tahmar Enterprises Ltd.,TAHMARENT,Alcohol,Breweries & Distilleries,62.32,sectors\alcohol.csv
Winsome Breweries Ltd.,WINSOMBR,Alcohol,Breweries & Distilleries,58.16,sectors\alcohol.csv
Ravi Kumar Distilleries Ltd.,RKDL,Alcohol,Breweries & Distilleries,43.97,sectors\alcohol.csv
Silver Oak (India) Ltd.,SILVOAK,Alcohol,Breweries & Distilleries,29.03,sectors\alcohol.csv
Maruti Suzuki India Ltd.,MARUTI,Automobile & Ancillaries,Automobiles - Passenger Cars,435919.17,sectors\automobileancillaries.csv
Mahindra & Mahindra Ltd.,M&M,Automobile & Ancillaries,Automobiles - Passenger Cars,427649.56,sectors\automobileancillaries.csv
Bajaj Auto Ltd.,BAJAJ-AUTO,Automobile & Ancillaries,Automobile Two & Three Wheelers,321520.49,sectors\automobileancillaries.csv
Eicher Motors Ltd.,EICHERMOT,Automobile & Ancillaries,Automobile Two & Three Wheelers,223046.14,sectors\automobileancillaries.csv
TVS Motor Company Ltd.,TVSMOTOR,Automobile & Ancillaries,Automobile Two & Three Wheelers,205513.18,sectors\automobileancillaries.csv
Hyundai Motor India Ltd.,HYUNDAI,Automobile & Ancillaries,Automobiles - Passenger Cars,178759.04,sectors\automobileancillaries.csv
Samvardhana Motherson International Ltd.,MOTHERSON,Automobile & Ancillaries,Auto Ancillary,177631.27,sectors\automobileancillaries.csv
Tata Motors Ltd.,TMCV,Automobile & Ancillaries,Automobiles-Trucks/Lcv,174504.75,sectors\automobileancillaries.csv
Cummins India Ltd.,CUMMINSIND,Automobile & Ancillaries,Diesel Engines,149800.27,sectors\automobileancillaries.csv
Bosch Ltd.,BOSCHLTD,Automobile & Ancillaries,Auto Ancillary,138811.6,sectors\automobileancillaries.csv
Tata Motors Passenger Vehicles Ltd.,TMPV,Automobile & Ancillaries,Automobiles - Passenger Cars,123082.24,sectors\automobileancillaries.csv
Hero MotoCorp Ltd.,HEROMOTOCO,Automobile & Ancillaries,Automobile Two & Three Wheelers,115981.83,sectors\automobileancillaries.csv
Ashok Leyland Ltd.,ASHOKLEY,Automobile & Ancillaries,Automobiles-Trucks/Lcv,100971.56,sectors\automobileancillaries.csv
Bharat Forge Ltd.,BHARATFORG,Automobile & Ancillaries,Forgings,99203.39,sectors\automobileancillaries.csv
UNO Minda Ltd.,UNOMINDA,Automobile & Ancillaries,Auto Ancillary,71605.93,sectors\automobileancillaries.csv
Schaeffler India Ltd.,SCHAEFFLER,Automobile & Ancillaries,Bearings,63211.55,sectors\automobileancillaries.csv
Ather Energy Ltd.,ATHERENERG,Automobile & Ancillaries,Automobile Two & Three Wheelers,59609.89,sectors\automobileancillaries.csv
MRF Ltd.,MRF,Automobile & Ancillaries,Tyres & Allied,56579.56,sectors\automobileancillaries.csv
Tube Investments of India Ltd.,TIINDIA,Automobile & Ancillaries,Auto Ancillary,53077.53,sectors\automobileancillaries.csv
Sona BLW Precision Forgings Ltd.,SONACOMS,Automobile & Ancillaries,Auto Ancillary,49412.14,sectors\automobileancillaries.csv
Balkrishna Industries Ltd.,BALKRISIND,Automobile & Ancillaries,Tyres & Allied,45739.81,sectors\automobileancillaries.csv
AIA Engineering Ltd.,AIAENG,Automobile & Ancillaries,Castings/Forgings,41912.04,sectors\automobileancillaries.csv
Endurance Technologies Ltd.,ENDURANCE,Automobile & Ancillaries,Auto Ancillary,40757.06,sectors\automobileancillaries.csv
Exide Industries Ltd.,EXIDEIND,Automobile & Ancillaries,Batteries,40426.0,sectors\automobileancillaries.csv
Escorts Kubota Ltd.,ESCORTS,Automobile & Ancillaries,Automobiles-Tractors,34806.85,sectors\automobileancillaries.csv
ZF Commercial Vehicle Control Systems India Ltd.,ZFCVINDIA,Automobile & Ancillaries,Auto Ancillary,29942.8,sectors\automobileancillaries.csv
PTC Industries Ltd.,PTCIL,Automobile & Ancillaries,Castings/Forgings,28559.91,sectors\automobileancillaries.csv
Apollo Tyres Ltd.,APOLLOTYRE,Automobile & Ancillaries,Tyres & Allied,28198.48,sectors\automobileancillaries.csv
Craftsman Automation Ltd.,CRAFTSMAN,Automobile & Ancillaries,Auto Ancillary,26803.46,sectors\automobileancillaries.csv
Motherson Sumi Wiring India Ltd.,MSUMI,Automobile & Ancillaries,Auto Ancillary,26758.76,sectors\automobileancillaries.csv
Gabriel India Ltd.,GABRIEL,Automobile & Ancillaries,Auto Ancillary,25897.74,sectors\automobileancillaries.csv
Sundram Fasteners Ltd.,SUNDRMFAST,Automobile & Ancillaries,Auto Ancillary,25578.93,sectors\automobileancillaries.csv
Belrise Industries Ltd.,BELRISE,Automobile & Ancillaries,Auto Ancillary,24701.06,sectors\automobileancillaries.csv
Timken India Ltd.,TIMKEN,Automobile & Ancillaries,Bearings,24616.46,sectors\automobileancillaries.csv
Sansera Engineering Ltd.,SANSERA,Automobile & Ancillaries,Auto Ancillary,24481.23,sectors\automobileancillaries.csv
Force Motors Ltd.,FORCEMOT,Automobile & Ancillaries,Automobiles-Trucks/Lcv,24205.39,sectors\automobileancillaries.csv
Tenneco Clean Air India Ltd.,TENNIND,Automobile & Ancillaries,Auto Ancillary,21748.22,sectors\automobileancillaries.csv
SPR Auto Technologies Ltd.,SHRIPISTON,Automobile & Ancillaries,Auto Ancillary,19783.0,sectors\automobileancillaries.csv
Happy Forgings Ltd.,HAPPYFORGE,Automobile & Ancillaries,Forgings,19724.21,sectors\automobileancillaries.csv
HBL Engineering Ltd.,HBLENGINE,Automobile & Ancillaries,Batteries,18811.84,sectors\automobileancillaries.csv
Castrol India Ltd.,CASTROLIND,Automobile & Ancillaries,Lubricants,18457.02,sectors\automobileancillaries.csv
OLA Electric Mobility Ltd.,OLAELEC,Automobile & Ancillaries,Automobile Two & Three Wheelers,17921.2,sectors\automobileancillaries.csv
Amara Raja Energy & Mobility Ltd.,ARE&M,Automobile & Ancillaries,Batteries,17320.61,sectors\automobileancillaries.csv
Minda Corporation Ltd.,MINDACORP,Automobile & Ancillaries,Auto Ancillary,17207.74,sectors\automobileancillaries.csv
CIE Automotive India Ltd.,CIEINDIA,Automobile & Ancillaries,Auto Ancillary,15470.4,sectors\automobileancillaries.csv
Ceat Ltd.,CEATLTD,Automobile & Ancillaries,Tyres & Allied,14919.01,sectors\automobileancillaries.csv
JBM Auto Ltd.,JBMA,Automobile & Ancillaries,Auto Ancillary,14738.32,sectors\automobileancillaries.csv
Lumax Auto Technologies Ltd.,LUMAXTECH,Automobile & Ancillaries,Auto Ancillary,13800.57,sectors\automobileancillaries.csv
Ramkrishna Forgings Ltd.,RKFORGE,Automobile & Ancillaries,Forgings,13341.22,sectors\automobileancillaries.csv
SKF India (Industrial) Ltd.,SKFINDUS,Automobile & Ancillaries,Bearings,13281.01,sectors\automobileancillaries.csv
Varroc Engineering Ltd.,VARROC,Automobile & Ancillaries,Auto Ancillary,12963.93,sectors\automobileancillaries.csv
ASK Automotive Ltd.,ASKAUTOLTD,Automobile & Ancillaries,Auto Ancillary,12711.75,sectors\automobileancillaries.csv
Titagarh Rail Systems Ltd.,TITAGARH,Automobile & Ancillaries,Railways Wagons/Coaches,11210.92,sectors\automobileancillaries.csv
JK Tyre & Industries Ltd.,JKTYRE,Automobile & Ancillaries,Tyres & Allied,11077.52,sectors\automobileancillaries.csv
Jupiter Wagons Ltd.,JWL,Automobile & Ancillaries,Railways Wagons/Coaches,10959.91,sectors\automobileancillaries.csv
Olectra Greentech Ltd.,OLECTRA,Automobile & Ancillaries,Automobiles-Trucks/Lcv,10817.83,sectors\automobileancillaries.csv
Bombay Burmah Trading Corporation Ltd.,BBTC,Automobile & Ancillaries,Auto Ancillary,10240.77,sectors\automobileancillaries.csv
Pricol Ltd.,PRICOLLTD,Automobile & Ancillaries,Auto Ancillary,9640.22,sectors\automobileancillaries.csv
Banco Products (India) Ltd.,BANCOINDIA,Automobile & Ancillaries,Auto Ancillary,8849.0,sectors\automobileancillaries.csv
SJS Enterprises Ltd.,SJS,Automobile & Ancillaries,Auto Ancillary,8133.49,sectors\automobileancillaries.csv
SKF India Ltd.,SKFINDIA,Automobile & Ancillaries,Bearings,7774.37,sectors\automobileancillaries.csv
SML Mahindra Ltd.,SMLMAH,Automobile & Ancillaries,Automobiles-Trucks/Lcv,7431.84,sectors\automobileancillaries.csv
Suprajit Engineering Ltd.,SUPRAJIT,Automobile & Ancillaries,Auto Ancillary,7199.86,sectors\automobileancillaries.csv
Fiem Industries Ltd.,FIEMIND,Automobile & Ancillaries,Auto Ancillary,6192.09,sectors\automobileancillaries.csv
Balu Forge Industries Ltd.,BALUFORGE,Automobile & Ancillaries,Forgings,5993.73,sectors\automobileancillaries.csv
Gulf Oil Lubricants India Ltd.,GULFOILLUB,Automobile & Ancillaries,Lubricants,5742.74,sectors\automobileancillaries.csv
Lumax Industries Ltd.,LUMAXIND,Automobile & Ancillaries,Auto Ancillary,5430.94,sectors\automobileancillaries.csv
Sharda Motor Industries Ltd.,SHARDAMOTR,Automobile & Ancillaries,Auto Ancillary,5156.07,sectors\automobileancillaries.csv
LG Balakrishnan & Bros Ltd.,LGBBROSLTD,Automobile & Ancillaries,Auto Ancillary,5088.91,sectors\automobileancillaries.csv
Subros Ltd.,SUBROS,Automobile & Ancillaries,Auto Ancillary,4956.29,sectors\automobileancillaries.csv
Jamna Auto Industries Ltd.,JAMNAAUTO,Automobile & Ancillaries,Auto Ancillary,4921.82,sectors\automobileancillaries.csv
Steel Strips Wheels Ltd.,SSWL,Automobile & Ancillaries,Auto Ancillary,4916.11,sectors\automobileancillaries.csv
Savita Oil Technologies Ltd.,SOTL,Automobile & Ancillaries,Lubricants,4795.8,sectors\automobileancillaries.csv
Rolex Rings Ltd,ROLEXRINGS,Automobile & Ancillaries,Bearings,4623.62,sectors\automobileancillaries.csv
Greaves Cotton Ltd.,GREAVESCOT,Automobile & Ancillaries,Diesel Engines,4534.4,sectors\automobileancillaries.csv
NRB Bearings Ltd.,NRBBEARING,Automobile & Ancillaries,Bearings,4444.39,sectors\automobileancillaries.csv
Swaraj Engines Ltd.,SWARAJENG,Automobile & Ancillaries,Diesel Engines,4422.49,sectors\automobileancillaries.csv
Texmaco Rail & Engineering Ltd.,TEXRAIL,Automobile & Ancillaries,Railways Wagons/Coaches,4268.01,sectors\automobileancillaries.csv
Divgi Torqtransfer Systems Ltd.,DIVGIITTS,Automobile & Ancillaries,Auto Ancillary,3980.67,sectors\automobileancillaries.csv
V.S.T. Tillers Tractors Ltd.,VSTTILLERS,Automobile & Ancillaries,Automobiles-Tractors,3902.74,sectors\automobileancillaries.csv
Sandhar Technologies Ltd.,SANDHAR,Automobile & Ancillaries,Auto Ancillary,3856.42,sectors\automobileancillaries.csv
JTEKT India Ltd.,JTEKTINDIA,Automobile & Ancillaries,Auto Ancillary,3649.16,sectors\automobileancillaries.csv
Steelcast Ltd.,STEELCAS,Automobile & Ancillaries,Castings/Forgings,3556.67,sectors\automobileancillaries.csv
Wheels India Ltd.,WHEELS,Automobile & Ancillaries,Auto Ancillary,3510.05,sectors\automobileancillaries.csv
TVS Srichakra Ltd.,TVSSRICHAK,Automobile & Ancillaries,Tyres & Allied,3437.67,sectors\automobileancillaries.csv
Rane (Madras) Ltd.,RML,Automobile & Ancillaries,Auto Ancillary,3067.86,sectors\automobileancillaries.csv
Shanthi Gears Ltd.,SHANTIGEAR,Automobile & Ancillaries,Auto Ancillary,3040.25,sectors\automobileancillaries.csv
Carraro India Ltd.,CARRARO,Automobile & Ancillaries,Auto Ancillary,2927.57,sectors\automobileancillaries.csv
Panama Petrochem Ltd.,PANAMAPET,Automobile & Ancillaries,Lubricants,2926.38,sectors\automobileancillaries.csv
MM Forgings Ltd.,MMFL,Automobile & Ancillaries,Forgings,2874.93,sectors\automobileancillaries.csv
Sundaram-Clayton Ltd.,SUNCLAY,Automobile & Ancillaries,Auto Ancillary,2744.75,sectors\automobileancillaries.csv
Automotive Axles Ltd.,AUTOAXLES,Automobile & Ancillaries,Auto Ancillary,2701.95,sectors\automobileancillaries.csv
Veedol Corporation Ltd.,VEEDOL,Automobile & Ancillaries,Lubricants,2632.51,sectors\automobileancillaries.csv
Rajratan Global Wire Ltd.,RAJRATAN,Automobile & Ancillaries,Auto Ancillary,2621.05,sectors\automobileancillaries.csv
Talbros Automotive Components Ltd.,TALBROAUTO,Automobile & Ancillaries,Auto Ancillary,2593.82,sectors\automobileancillaries.csv
Eveready Industries India Ltd.,EVEREADY,Automobile & Ancillaries,Batteries,2588.39,sectors\automobileancillaries.csv
Federal-Mogul Goetze (India) Ltd.,FMGOETZE,Automobile & Ancillaries,Auto Ancillary,2544.89,sectors\automobileancillaries.csv
India Nippon Electricals Ltd.,INDNIPPON,Automobile & Ancillaries,Auto Ancillary,2542.31,sectors\automobileancillaries.csv
Gandhar Oil Refinery (India) Ltd.,GANDHAR,Automobile & Ancillaries,Lubricants,2399.03,sectors\automobileancillaries.csv
Amic Forging Ltd.,AMIC,Automobile & Ancillaries,Forgings,2342.9,sectors\automobileancillaries.csv
GNA Axles Ltd.,GNA,Automobile & Ancillaries,Auto Ancillary,2330.07,sectors\automobileancillaries.csv
Landmark Cars Ltd.,LANDMARK,Automobile & Ancillaries,Automobiles - Dealers & Distributors,2126.32,sectors\automobileancillaries.csv
NDR Auto Components Ltd.,NDRAUTO,Automobile & Ancillaries,Auto Ancillary,1937.79,sectors\automobileancillaries.csv
Goodyear India Ltd.,GOODYEAR,Automobile & Ancillaries,Tyres & Allied,1798.03,sectors\automobileancillaries.csv
Rico Auto Industries Ltd.,RICOAUTO,Automobile & Ancillaries,Auto Ancillary,1787.11,sectors\automobileancillaries.csv
Sar Auto Products Ltd.,SAPL,Automobile & Ancillaries,Auto Ancillary,1723.81,sectors\automobileancillaries.csv
Studds Accessories Ltd.,STUDDS,Automobile & Ancillaries,Auto Ancillary,1676.85,sectors\automobileancillaries.csv
Zelio E-Mobility Ltd.,ZELIO,Automobile & Ancillaries,Automobile Two & Three Wheelers,1658.58,sectors\automobileancillaries.csv
RACL Geartech Ltd.,RACLGEAR,Automobile & Ancillaries,Auto Ancillary,1638.07,sectors\automobileancillaries.csv
Bharat Seats Ltd.,BHARATSE,Automobile & Ancillaries,Auto Ancillary,1564.35,sectors\automobileancillaries.csv
Jay Bharat Maruti Ltd.,JAYBARMARU,Automobile & Ancillaries,Auto Ancillary,1389.93,sectors\automobileancillaries.csv
Atul Auto Ltd.,ATULAUTO,Automobile & Ancillaries,Automobile Two & Three Wheelers,1374.52,sectors\automobileancillaries.csv
Kross Ltd.,KROSS,Automobile & Ancillaries,Auto Ancillary,1355.99,sectors\automobileancillaries.csv
Menon Bearings Ltd.,MENONBE,Automobile & Ancillaries,Bearings,1304.61,sectors\automobileancillaries.csv
Precision Camshafts Ltd.,PRECAM,Automobile & Ancillaries,Auto Ancillary,1282.31,sectors\automobileancillaries.csv
Investment & Precision Castings Ltd.,INVPRECQ,Automobile & Ancillaries,Castings/Forgings,1213.6,sectors\automobileancillaries.csv
Munjal Auto Industries Ltd.,MUNJALAU,Automobile & Ancillaries,Auto Ancillary,1201.5,sectors\automobileancillaries.csv
Alicon Castalloy Ltd.,ALICON,Automobile & Ancillaries,Castings/Forgings,1180.26,sectors\automobileancillaries.csv
Automobile Corporation of Goa Ltd.,ACGL,Automobile & Ancillaries,Auto Ancillary,1110.17,sectors\automobileancillaries.csv
Saint-Gobain Sekurit India Ltd.,SEKURITIND,Automobile & Ancillaries,Auto Ancillary,1083.7,sectors\automobileancillaries.csv
The Hi-Tech Gears Ltd.,HITECHGEAR,Automobile & Ancillaries,Auto Ancillary,1035.1,sectors\automobileancillaries.csv
Nelcast Ltd.,NELCAST,Automobile & Ancillaries,Castings/Forgings,1024.44,sectors\automobileancillaries.csv
Uni Abex Alloy Products Ltd.,UNIABEXAL,Automobile & Ancillaries,Castings/Forgings,908.82,sectors\automobileancillaries.csv
Synergy Green Industries Ltd.,SGIL,Automobile & Ancillaries,Castings/Forgings,864.5,sectors\automobileancillaries.csv
Tirupati Forge Ltd.,TIRUPATIFL,Automobile & Ancillaries,Forgings,856.18,sectors\automobileancillaries.csv
Popular Vehicles & Services Ltd.,PVSL,Automobile & Ancillaries,Automobiles - Dealers & Distributors,823.41,sectors\automobileancillaries.csv
Sterling Tools Ltd.,STERTOOLS,Automobile & Ancillaries,Fasteners,807.21,sectors\automobileancillaries.csv
Automotive Stampings and Assemblies Ltd.,ASAL,Automobile & Ancillaries,Auto Ancillary,793.3,sectors\automobileancillaries.csv
IST Ltd.,ISTLTD,Automobile & Ancillaries,Auto Ancillary,757.64,sectors\automobileancillaries.csv
Enkei Wheels (India) Ltd.,ENKEIWHEL,Automobile & Ancillaries,Auto Ancillary,710.73,sectors\automobileancillaries.csv
Indo Farm Equipments Ltd.,INDOFARM,Automobile & Ancillaries,Automobiles-Tractors,702.99,sectors\automobileancillaries.csv
Mercury Ev-Tech Ltd.,MERCURYEV,Automobile & Ancillaries,Automobiles - Passenger Cars,685.61,sectors\automobileancillaries.csv
Kinetic Engineering Ltd.,KINETICENG,Automobile & Ancillaries,Auto Ancillary,640.75,sectors\automobileancillaries.csv
Captain Technocast Ltd.,CTCL,Automobile & Ancillaries,Castings/Forgings,630.43,sectors\automobileancillaries.csv
Hindustan Composites Ltd.,HINDCOMPOS,Automobile & Ancillaries,Auto Ancillary,613.21,sectors\automobileancillaries.csv
Magna Electro Castings Ltd.,MAGNAELQ,Automobile & Ancillaries,Castings/Forgings,608.96,sectors\automobileancillaries.csv
ZF Steering Gear (India) Ltd.,ZFSTEERING,Automobile & Ancillaries,Auto Ancillary,603.96,sectors\automobileancillaries.csv
Triton Valves Ltd.,TRITONV,Automobile & Ancillaries,Auto Ancillary,591.53,sectors\automobileancillaries.csv
Neetu Yoshi Ltd.,NEETUYOSHI,Automobile & Ancillaries,Castings/Forgings,589.95,sectors\automobileancillaries.csv
Kalyani Cast-Tech Ltd.,KALYANI,Automobile & Ancillaries,Castings/Forgings,570.71,sectors\automobileancillaries.csv
Munjal Showa Ltd.,MUNJALSHOW,Automobile & Ancillaries,Auto Ancillary,556.33,sectors\automobileancillaries.csv
Satani Bearings Ltd.,SATANIBRG,Automobile & Ancillaries,Bearings,550.5,sectors\automobileancillaries.csv
CLN Energy Ltd.,CLN,Automobile & Ancillaries,Batteries,546.61,sectors\automobileancillaries.csv
Urja Global Ltd.,URJA,Automobile & Ancillaries,Automobile Two & Three Wheelers,529.35,sectors\automobileancillaries.csv
High Energy Batteries (India) Ltd.,HIGHENE,Automobile & Ancillaries,Batteries,512.91,sectors\automobileancillaries.csv
Autoline Industries Ltd.,AUTOIND,Automobile & Ancillaries,Auto Ancillary,441.59,sectors\automobileancillaries.csv
Omax Autos Ltd.,OMAXAUTO,Automobile & Ancillaries,Auto Ancillary,436.85,sectors\automobileancillaries.csv
Simplex Castings Ltd.,SIMPLEXCAS,Automobile & Ancillaries,Castings/Forgings,431.42,sectors\automobileancillaries.csv
PPAP Automotive Ltd.,PPAP,Automobile & Ancillaries,Auto Ancillary,410.37,sectors\automobileancillaries.csv
Emmforce Autotech Ltd.,EMMFORCE,Automobile & Ancillaries,Auto Ancillary,393.69,sectors\automobileancillaries.csv
Tolins Tyres Ltd.,TOLINS,Automobile & Ancillaries,Tyres & Allied,382.64,sectors\automobileancillaries.csv
Menon Pistons Ltd.,MENNPIS,Automobile & Ancillaries,Auto Ancillary,371.43,sectors\automobileancillaries.csv
EBIX Ltd.,EBIX,Automobile & Ancillaries,Auto Ancillary,363.87,sectors\automobileancillaries.csv
Maxvolt Energy Industries Ltd.,MAXVOLT,Automobile & Ancillaries,Batteries,363.65,sectors\automobileancillaries.csv
Jay Ushin Ltd.,JAYUSH,Automobile & Ancillaries,Auto Ancillary,337.45,sectors\automobileancillaries.csv
Sundaram Brake Linings Ltd.,SUNDRMBRAK,Automobile & Ancillaries,Auto Ancillary,336.41,sectors\automobileancillaries.csv
Thaai Casting Ltd.,TCL,Automobile & Ancillaries,Castings/Forgings,326.54,sectors\automobileancillaries.csv
Talbros Engineering Ltd.,TALBROSENG,Automobile & Ancillaries,Auto Ancillary,319.74,sectors\automobileancillaries.csv
Hindustan Motors Ltd.,HINDMOTORS,Automobile & Ancillaries,Automobiles - Passenger Cars,314.24,sectors\automobileancillaries.csv
GP Petroleums Ltd.,GULFPETRO,Automobile & Ancillaries,Lubricants,311.41,sectors\automobileancillaries.csv
UCAL Ltd.,UCAL,Automobile & Ancillaries,Auto Ancillary,309.26,sectors\automobileancillaries.csv
Remsons Industries Ltd.,REMSONSIND,Automobile & Ancillaries,Auto Ancillary,308.92,sectors\automobileancillaries.csv
Metalic Technoforge Ltd.,METALIC,Automobile & Ancillaries,Forgings,299.45,sectors\automobileancillaries.csv
Pritika Auto Industries Ltd.,PRITIKAUTO,Automobile & Ancillaries,Auto Ancillary,295.39,sectors\automobileancillaries.csv
Galaxy Bearings Ltd.,GALXBRG,Automobile & Ancillaries,Bearings,287.95,sectors\automobileancillaries.csv
Him Teknoforge Ltd.,HIMTEK,Automobile & Ancillaries,Auto Ancillary,270.21,sectors\automobileancillaries.csv
SKP Bearing Industries Ltd.,SKP,Automobile & Ancillaries,Bearings,268.92,sectors\automobileancillaries.csv
Pavna Industries Ltd.,PAVNAIND,Automobile & Ancillaries,Auto Ancillary,254.5,sectors\automobileancillaries.csv
Indo-National Ltd.,NIPPOBATRY,Automobile & Ancillaries,Batteries,249.04,sectors\automobileancillaries.csv
Avatar Industries Ltd.,AVATAR,Automobile & Ancillaries,Auto Ancillary,240.63,sectors\automobileancillaries.csv
Bimetal Bearings Ltd.,BIMETAL,Automobile & Ancillaries,Bearings,237.48,sectors\automobileancillaries.csv
Kalyani Forge Ltd.,KALYANIFRG,Automobile & Ancillaries,Forgings,237.07,sectors\automobileancillaries.csv
Waaree Technologies Ltd.,WAAREE,Automobile & Ancillaries,Batteries,236.41,sectors\automobileancillaries.csv
Setco Automotive Ltd.,SETCO,Automobile & Ancillaries,Auto Ancillary,233.42,sectors\automobileancillaries.csv
Sintercom India Ltd.,SINTERCOM,Automobile & Ancillaries,Auto Ancillary,226.99,sectors\automobileancillaries.csv
Simmonds Marshall Ltd.,SIMMOND,Automobile & Ancillaries,Fasteners,221.37,sectors\automobileancillaries.csv
Shivam Autotech Ltd.,SHIVAMAUTO,Automobile & Ancillaries,Auto Ancillary,221.04,sectors\automobileancillaries.csv
Goldstar Power Ltd.,GOLDSTAR,Automobile & Ancillaries,Batteries,220.37,sectors\automobileancillaries.csv
Competent Automobiles Company Ltd.,COMPEAU,Automobile & Ancillaries,Automobiles - Dealers & Distributors,216.95,sectors\automobileancillaries.csv
Munish Forge Ltd.,MUNISH,Automobile & Ancillaries,Castings/Forgings,204.84,sectors\automobileancillaries.csv
Bhagwati Autocast Ltd.,BGWTATO,Automobile & Ancillaries,Castings/Forgings,198.48,sectors\automobileancillaries.csv
Wardwizard Innovations & Mobility Ltd.,WARDINMOBI,Automobile & Ancillaries,Automobile Two & Three Wheelers,196.73,sectors\automobileancillaries.csv
Panasonic Energy India Company Ltd.,PANAENERG,Automobile & Ancillaries,Batteries,195.86,sectors\automobileancillaries.csv
Amba Auto Sales and Services Ltd.,AMBAAUTO,Automobile & Ancillaries,Automobiles - Dealers & Distributors,194.14,sectors\automobileancillaries.csv
Dolfin Rubbers Ltd.,DOLFIN,Automobile & Ancillaries,Tyres & Allied,172.46,sectors\automobileancillaries.csv
Nitin Castings Ltd.,NITINCAST,Automobile & Ancillaries,Castings/Forgings,171.23,sectors\automobileancillaries.csv
IP Rings Ltd.,IPRINGLTD,Automobile & Ancillaries,Auto Ancillary,170.87,sectors\automobileancillaries.csv
Pritika Engineering Components Ltd.,PRITIKA,Automobile & Ancillaries,Auto Ancillary,163.46,sectors\automobileancillaries.csv
Emerald Tyre Manufacturers Ltd.,ETML,Automobile & Ancillaries,Tyres & Allied,163.12,sectors\automobileancillaries.csv
LAPL Automotive Ltd.,LAPL,Automobile & Ancillaries,Auto Ancillary,160.63,sectors\automobileancillaries.csv
Bharat Gears Ltd.,BHARATGEAR,Automobile & Ancillaries,Auto Ancillary,159.0,sectors\automobileancillaries.csv
Machino Plastics Ltd.,MACPLASQ,Automobile & Ancillaries,Auto Ancillary,157.72,sectors\automobileancillaries.csv
Tunwal E-Motors Ltd.,TUNWAL,Automobile & Ancillaries,Automobile Two & Three Wheelers,154.33,sectors\automobileancillaries.csv
Krishanveer Forge Ltd.,KVFORGE,Automobile & Ancillaries,Forgings,153.15,sectors\automobileancillaries.csv
GG Automotive Gears Ltd.,GGAUTO,Automobile & Ancillaries,Auto Ancillary,151.05,sectors\automobileancillaries.csv
KVS Castings Ltd.,KVSCASTING,Automobile & Ancillaries,Castings/Forgings,150.8,sectors\automobileancillaries.csv
National Fittings Ltd.,NATFIT,Automobile & Ancillaries,Castings/Forgings,149.06,sectors\automobileancillaries.csv
Gujarat Intrux Ltd.,GUJINTRX,Automobile & Ancillaries,Castings/Forgings,142.94,sectors\automobileancillaries.csv
Smiths & Founders (India) Ltd.,SMFIL,Automobile & Ancillaries,Forgings,142.18,sectors\automobileancillaries.csv
SNL Bearings Ltd.,SNL,Automobile & Ancillaries,Bearings,139.93,sectors\automobileancillaries.csv
LGB Forge Ltd.,LGBFORGE,Automobile & Ancillaries,Forgings,137.92,sectors\automobileancillaries.csv
Bikewo Green Tech Ltd.,BIKEWO,Automobile & Ancillaries,Automobiles - Dealers & Distributors,135.03,sectors\automobileancillaries.csv
Uravi Defence and Technology Ltd.,URAVIDEF,Automobile & Ancillaries,Auto Ancillary,127.05,sectors\automobileancillaries.csv
Shigan Quantum Technologies Ltd.,SHIGAN,Automobile & Ancillaries,Auto Ancillary,126.03,sectors\automobileancillaries.csv
Sharp Chucks & Machines Ltd.,SCML,Automobile & Ancillaries,Castings/Forgings,121.77,sectors\automobileancillaries.csv
Forge Auto International Ltd.,FORGEAUTO,Automobile & Ancillaries,Forgings,117.94,sectors\automobileancillaries.csv
Samkrg Pistons & Rings Ltd.,SAMKRG,Automobile & Ancillaries,Auto Ancillary,116.72,sectors\automobileancillaries.csv
Viaz Tyres Ltd.,VIAZ,Automobile & Ancillaries,Tyres & Allied,112.84,sectors\automobileancillaries.csv
Akar Auto Industries Ltd.,AAIL,Automobile & Ancillaries,Auto Ancillary,112.3,sectors\automobileancillaries.csv
Samrat Forgings Ltd.,SAMRATFORG,Automobile & Ancillaries,Forgings,112.0,sectors\automobileancillaries.csv
Hindustan Hardy Ltd.,HINDHARD,Automobile & Ancillaries,Auto Ancillary,111.82,sectors\automobileancillaries.csv
Pattech Fitwell Tube Components Ltd.,PATTECH,Automobile & Ancillaries,Forgings,107.93,sectors\automobileancillaries.csv
Hilton Metal Forging Ltd.,HILTON,Automobile & Ancillaries,Forgings,102.68,sectors\automobileancillaries.csv
Galaxy Agrico Exports Ltd.,GALAGEX,Automobile & Ancillaries,Bearings,98.52,sectors\automobileancillaries.csv
Sal Automotive Ltd.,SALAUTO,Automobile & Ancillaries,Auto Ancillary,96.58,sectors\automobileancillaries.csv
Sellowrap Industries Ltd.,SELLOWRAP,Automobile & Ancillaries,Auto Ancillary,93.46,sectors\automobileancillaries.csv
Porwal Auto Components Ltd.,PORWAL,Automobile & Ancillaries,Auto Ancillary,92.28,sectors\automobileancillaries.csv
Happy Steels Ltd.,HAPPY,Automobile & Ancillaries,Auto Ancillary,90.72,sectors\automobileancillaries.csv
Arabian Petroleum Ltd.,ARABIAN,Automobile & Ancillaries,Lubricants,90.4,sectors\automobileancillaries.csv
Ganga Forging Ltd.,GANGAFORGE,Automobile & Ancillaries,Forgings,88.3,sectors\automobileancillaries.csv
Super Iron Foundry Ltd.,SUPERIRON,Automobile & Ancillaries,Castings/Forgings,86.56,sectors\automobileancillaries.csv
New Swan Multitech Ltd.,SWANAGRO,Automobile & Ancillaries,Auto Ancillary,83.67,sectors\automobileancillaries.csv
NRB Industrial Bearings Ltd.,NIBL,Automobile & Ancillaries,Bearings,79.99,sectors\automobileancillaries.csv
Autofurnish Ltd.,AFLTD,Automobile & Ancillaries,Auto Ancillary,77.71,sectors\automobileancillaries.csv
Creative Castings Ltd.,CREATIVE,Automobile & Ancillaries,Castings/Forgings,76.7,sectors\automobileancillaries.csv
Premium Plast Ltd.,PREMIUM,Automobile & Ancillaries,Auto Ancillary,73.52,sectors\automobileancillaries.csv
Auto Pins (India) Ltd.,AUTOPINS,Automobile & Ancillaries,Auto Ancillary,73.05,sectors\automobileancillaries.csv
GS Auto International Ltd.,GSAUTO,Automobile & Ancillaries,Auto Ancillary,67.1,sectors\automobileancillaries.csv
Innovative Tyres & Tubes Ltd.,ITTL,Automobile & Ancillaries,Tyres & Allied,66.6,sectors\automobileancillaries.csv
Swastika Castal Ltd.,SWASTIKAAL,Automobile & Ancillaries,Castings/Forgings,65.59,sectors\automobileancillaries.csv
Universal Auto Foundry Ltd.,UNIAUTO,Automobile & Ancillaries,Castings/Forgings,64.66,sectors\automobileancillaries.csv
Atlas Cycles (Haryana) Ltd.,ATLASCYCLE,Automobile & Ancillaries,Cycles,62.7,sectors\automobileancillaries.csv
Kranti Industries Ltd.,KRANTI,Automobile & Ancillaries,Auto Ancillary,61.86,sectors\automobileancillaries.csv
Bombay Cycle & Motor Agency Ltd.,BOMBCYC,Automobile & Ancillaries,Automobile Two & Three Wheelers,61.41,sectors\automobileancillaries.csv
Paramount Speciality Forgings Ltd.,PSFL,Automobile & Ancillaries,Forgings,61.11,sectors\automobileancillaries.csv
Shayona Engineering Ltd.,SHAYONAENG,Automobile & Ancillaries,Castings/Forgings,54.9,sectors\automobileancillaries.csv
Vishal Bearings Ltd.,VISHALBL,Automobile & Ancillaries,Bearings,54.42,sectors\automobileancillaries.csv
Delta Autocorp Ltd.,DELTIC,Automobile & Ancillaries,Automobile Two & Three Wheelers,52.75,sectors\automobileancillaries.csv
Advance Technoforge Ltd.,ADVTECH,Automobile & Ancillaries,Forgings,50.86,sectors\automobileancillaries.csv
ATC Energies System Ltd.,ATCENERGY,Automobile & Ancillaries,Batteries,49.85,sectors\automobileancillaries.csv
Supertech EV Ltd.,SEVL,Automobile & Ancillaries,Automobile Two & Three Wheelers,44.68,sectors\automobileancillaries.csv
Jagan Lamps Ltd.,JAGANLAM,Automobile & Ancillaries,Auto Ancillary,42.1,sectors\automobileancillaries.csv
SM Auto Stamping Ltd.,SMAUTO,Automobile & Ancillaries,Auto Ancillary,40.63,sectors\automobileancillaries.csv
Austin Engineering Company Ltd.,AUSTENG,Automobile & Ancillaries,Bearings,40.39,sectors\automobileancillaries.csv
Welcast Steels Ltd.,ZWELCAST,Automobile & Ancillaries,Castings/Forgings,39.4,sectors\automobileancillaries.csv
Victory Electric Vehicles International Ltd.,VICTORYEV,Automobile & Ancillaries,Automobile Two & Three Wheelers,38.91,sectors\automobileancillaries.csv
Rasandik Engineering Industries India Ltd.,RASANDIK,Automobile & Ancillaries,Auto Ancillary,38.78,sectors\automobileancillaries.csv
Sundrex Oil Company Ltd.,SOCL,Automobile & Ancillaries,Lubricants,38.51,sectors\automobileancillaries.csv
EL Forge Ltd.,ELFORGE,Automobile & Ancillaries,Forgings,37.6,sectors\automobileancillaries.csv
Carnation Industries Ltd.,CARNATIN,Automobile & Ancillaries,Castings/Forgings,33.97,sectors\automobileancillaries.csv
Jainex Aamcol Ltd.,JAINEX,Automobile & Ancillaries,Auto Ancillary,28.15,sectors\automobileancillaries.csv
Mandeep Auto Industries Ltd.,MANDEEP,Automobile & Ancillaries,Auto Ancillary,21.96,sectors\automobileancillaries.csv
Precision Metaliks Ltd.,PRECISION,Automobile & Ancillaries,Auto Ancillary,19.86,sectors\automobileancillaries.csv
Benara Bearings And Pistons Ltd.,BENARA,Automobile & Ancillaries,Bearings,18.5,sectors\automobileancillaries.csv
Metalyst Forgings Ltd.,METALFORGE,Automobile & Ancillaries,Forgings,17.86,sectors\automobileancillaries.csv
Kalyani Commercials Ltd.,KALYANI,Automobile & Ancillaries,Automobiles - Dealers & Distributors,13.81,sectors\automobileancillaries.csv
Sibar Auto Parts Ltd.,SIBARAUT,Automobile & Ancillaries,Auto Ancillary,12.79,sectors\automobileancillaries.csv
Resourceful Automobile Ltd.,RAL,Automobile & Ancillaries,Automobiles - Dealers & Distributors,10.01,sectors\automobileancillaries.csv
Amforge Industries Ltd.,AMFORG,Automobile & Ancillaries,Auto Ancillary,8.49,sectors\automobileancillaries.csv
Lakshmi Precision Screws Ltd.,LAKPRE,Automobile & Ancillaries,Fasteners,5.25,sectors\automobileancillaries.csv
Spectra Industries Ltd.,SPECTRA,Automobile & Ancillaries,Auto Ancillary,2.69,sectors\automobileancillaries.csv
JTEKT India Ltd. - (Rights Entitlements (REs)),JTEKT-RE,Automobile & Ancillaries,Auto Ancillary,0.0,sectors\automobileancillaries.csv
Jainex Aamcol Ltd. - (Rights Entitlements (REs)),JAINEX-RE,Automobile & Ancillaries,Auto Ancillary,0.0,sectors\automobileancillaries.csv
Hilton Metal Forging Ltd. - (Rights Entitlements (REs)),HILTON-RE1,Automobile & Ancillaries,Forgings,0.0,sectors\automobileancillaries.csv
Galaxy Agrico Exports Ltd. - (Rights Entitlements (REs)),GALAGEX-RE,Automobile & Ancillaries,Bearings,0.0,sectors\automobileancillaries.csv
Hilton Metal Forging Ltd. - (Rights Entitlements (REs1)),HILTON-RE2,Automobile & Ancillaries,Forgings,0.0,sectors\automobileancillaries.csv
GS Auto International Ltd. - (Rights Entitlements (REs)),GSAUTO-RE,Automobile & Ancillaries,Auto Ancillary,0.0,sectors\automobileancillaries.csv
GS Auto International Ltd. - (Partly Paid-up),GSAILPP,Automobile & Ancillaries,Auto Ancillary,0.0,sectors\automobileancillaries.csv
Ganga Forging Ltd. - RE,GANGAFO-RE,Automobile & Ancillaries,Forgings,0.0,sectors\automobileancillaries.csv
Interglobe Aviation Ltd.,INDIGO,Aviation,Airlines,205513.3,sectors\aviation.csv
GMR Airports Ltd.,GMRAIRPORT,Aviation,Airport Management Services,107543.17,sectors\aviation.csv
Raymond Ltd.,RAYMOND,Aviation,Airlines,4228.76,sectors\aviation.csv
SpiceJet Ltd.,SPICEJET,Aviation,Airlines,1770.28,sectors\aviation.csv
TAAL Tech Ltd.,TAALTECH,Aviation,Airlines,1335.2,sectors\aviation.csv
Taneja Aerospace & Aviation Ltd.,TANAA,Aviation,Airlines,787.58,sectors\aviation.csv
FlySBS Aviation Ltd.,FLYSBS,Aviation,Airlines,763.87,sectors\aviation.csv
Dreamfolks Services Ltd.,DREAMFOLKS,Aviation,Airport Management Services,355.42,sectors\aviation.csv
Global Vectra Helicorp Ltd.,GLOBALVECT,Aviation,Airlines,210.56,sectors\aviation.csv
HDFC Bank Ltd.,HDFCBANK,Banking,Bank - Private,1120927.88,sectors\banking.csv
ICICI Bank Ltd.,ICICIBANK,Banking,Bank - Private,1017618.24,sectors\banking.csv
State Bank Of India,SBIN,Banking,Bank - Public,985829.96,sectors\banking.csv
Kotak Mahindra Bank Ltd.,KOTAKBANK,Banking,Bank - Private,390931.67,sectors\banking.csv
Axis Bank Ltd.,AXISBANK,Banking,Bank - Private,378950.11,sectors\banking.csv
Union Bank Of India,UNIONBANK,Banking,Bank - Public,142748.42,sectors\banking.csv
Punjab National Bank,PNB,Banking,Bank - Public,135042.08,sectors\banking.csv
Bank Of Baroda,BANKBARODA,Banking,Bank - Public,128353.21,sectors\banking.csv
Indian Bank,INDIANB,Banking,Bank - Public,121226.76,sectors\banking.csv
Canara Bank,CANBK,Banking,Bank - Public,118961.59,sectors\banking.csv
IDBI Bank Ltd.,IDBI,Banking,Bank - Private,88599.79,sectors\banking.csv
The Federal Bank Ltd.,FEDERALBNK,Banking,Bank - Private,87249.89,sectors\banking.csv
AU Small Finance Bank Ltd.,AUBANK,Banking,Bank - Private,81569.98,sectors\banking.csv
IndusInd Bank Ltd.,INDUSINDBK,Banking,Bank - Private,80407.3,sectors\banking.csv
IDFC First Bank Ltd.,IDFCFIRSTB,Banking,Bank - Private,73797.64,sectors\banking.csv
Yes Bank Ltd.,YESBANK,Banking,Bank - Private,71250.28,sectors\banking.csv
Bank Of India,BANKINDIA,Banking,Bank - Public,65490.13,sectors\banking.csv
Indian Overseas Bank,IOB,Banking,Bank - Public,64682.89,sectors\banking.csv
Bank Of Maharashtra,MAHABANK,Banking,Bank - Public,61709.35,sectors\banking.csv
RBL Bank Ltd.,RBLBANK,Banking,Bank - Private,59756.67,sectors\banking.csv
UCO Bank,UCOBANK,Banking,Bank - Public,32590.31,sectors\banking.csv
Karur Vysya Bank Ltd.,KARURVYSYA,Banking,Bank - Private,32061.05,sectors\banking.csv
Central Bank Of India,CENTRALBK,Banking,Bank - Public,28412.35,sectors\banking.csv
Bandhan Bank Ltd.,BANDHANBNK,Banking,Bank - Private,28146.12,sectors\banking.csv
City Union Bank Ltd.,CUB,Banking,Bank - Private,20677.73,sectors\banking.csv
The Jammu & Kashmir Bank Ltd.,J&KBANK,Banking,Bank - Private,17145.41,sectors\banking.csv
Punjab & Sind Bank,PSB,Banking,Bank - Public,16738.49,sectors\banking.csv
Ujjivan Small Finance Bank Ltd.,UJJIVANSFB,Banking,Bank - Private,14113.28,sectors\banking.csv
Tamilnad Mercantile Bank Ltd.,TMB,Banking,Bank - Private,13435.33,sectors\banking.csv
The South Indian Bank Ltd.,SOUTHBANK,Banking,Bank - Private,11986.06,sectors\banking.csv
The Karnataka Bank Ltd.,KTKBANK,Banking,Bank - Private,11710.06,sectors\banking.csv
Equitas Small Finance Bank Ltd.,EQUITASBNK,Banking,Bank - Private,8520.01,sectors\banking.csv
Jana Small Finance Bank Ltd.,JSFB,Banking,Bank - Private,6102.45,sectors\banking.csv
DCB Bank Ltd.,DCBBANK,Banking,Bank - Private,5865.01,sectors\banking.csv
CSB Bank Ltd.,CSBBANK,Banking,Bank - Private,5549.81,sectors\banking.csv
Utkarsh Small Finance Bank Ltd.,UTKARSHBNK,Banking,Bank - Private,2494.89,sectors\banking.csv
ESAF Small Finance Bank Ltd.,ESAFSFB,Banking,Bank - Private,2020.21,sectors\banking.csv
Suryoday Small Finance Bank Ltd.,SURYODAY,Banking,Bank - Private,1619.43,sectors\banking.csv
Capital Small Finance Bank Ltd.,CAPITALSFB,Banking,Bank - Private,1297.12,sectors\banking.csv
Dhanlaxmi Bank Ltd.,DHANBANK,Banking,Bank - Private,1276.46,sectors\banking.csv
Fino Payments Bank Ltd.,FINOPB,Banking,Bank - Private,1248.28,sectors\banking.csv
Dhanlaxmi Bank Ltd. - (Rights Entitlements (REs)),DHAN-RE,Banking,Bank - Private,0.0,sectors\banking.csv
Utkarsh Small Finance Bank Ltd. - (Rights Entitlements (REs)),UTKAR-RE,Banking,Bank - Private,0.0,sectors\banking.csv
Hindustan Aeronautics Ltd.,HAL,Capital Goods,Aerospace & Defense,335424.1,sectors\capitalgoods.csv
Bharat Electronics Ltd.,BEL,Capital Goods,Aerospace & Defense,299993.32,sectors\capitalgoods.csv
ABB India Ltd.,ABB,Capital Goods,Electric Equipment,162003.95,sectors\capitalgoods.csv
Hitachi Energy India Ltd.,POWERINDIA,Capital Goods,Electric Equipment,159034.19,sectors\capitalgoods.csv
Bharat Heavy Electricals Ltd.,BHEL,Capital Goods,Engineering - Industrial Equipments,146977.89,sectors\capitalgoods.csv
CG Power and Industrial Solutions Ltd.,CGPOWER,Capital Goods,Electric Equipment,140687.69,sectors\capitalgoods.csv
Siemens Ltd.,SIEMENS,Capital Goods,Electric Equipment,139958.92,sectors\capitalgoods.csv
Siemens Energy India Ltd.,ENRIN,Capital Goods,Electric Equipment,126120.08,sectors\capitalgoods.csv
GE Vernova T&D India Ltd.,GVT&D,Capital Goods,Electric Equipment,111421.21,sectors\capitalgoods.csv
Havells India Ltd.,HAVELLS,Capital Goods,Electric Equipment,81457.5,sectors\capitalgoods.csv
Waaree Energies Ltd.,WAAREEENER,Capital Goods,Electric Equipment,76975.5,sectors\capitalgoods.csv
Apar Industries Ltd.,APARINDS,Capital Goods,Electric Equipment,69927.22,sectors\capitalgoods.csv
Suzlon Energy Ltd.,SUZLON,Capital Goods,Electric Equipment,64755.69,sectors\capitalgoods.csv
Bharat Dynamics Ltd.,BDL,Capital Goods,Aerospace & Defense,51282.09,sectors\capitalgoods.csv
Thermax Ltd.,THERMAX,Capital Goods,Engineering - Industrial Equipments,48270.22,sectors\capitalgoods.csv
INDO-MIM Ltd.,INDOMIM,Capital Goods,Engineering - Industrial Equipments,41996.26,sectors\capitalgoods.csv
Schneider Electric Infrastructure Ltd.,SCHNEIDER,Capital Goods,Electric Equipment,32719.0,sectors\capitalgoods.csv
Kirloskar Oil Engines Ltd.,KIRLOSENG,Capital Goods,Engineering - Industrial Equipments,30558.44,sectors\capitalgoods.csv
Data Patterns (India) Ltd.,DATAPATTNS,Capital Goods,Aerospace & Defense,24931.06,sectors\capitalgoods.csv
TD Power Systems Ltd.,TDPOWERSYS,Capital Goods,Electric Equipment,23213.2,sectors\capitalgoods.csv
Emmvee Photovoltaic Power Ltd.,EMMVEE,Capital Goods,Electric Equipment,22269.28,sectors\capitalgoods.csv
MTAR Technologies Ltd.,MTARTECH,Capital Goods,Engineering,21713.2,sectors\capitalgoods.csv
Elgi Equipments Ltd.,ELGIEQUIP,Capital Goods,Compressors / Pumps,19301.34,sectors\capitalgoods.csv
Triveni Turbine Ltd.,TRITURBINE,Capital Goods,Engineering - Industrial Equipments,18828.92,sectors\capitalgoods.csv
Jyoti CNC Automation Ltd.,JYOTICNC,Capital Goods,Engineering - Industrial Equipments,18780.6,sectors\capitalgoods.csv
Inox India Ltd.,INOXINDIA,Capital Goods,Engineering - Industrial Equipments,17635.35,sectors\capitalgoods.csv
Azad Engineering Ltd.,AZAD,Capital Goods,Engineering - Industrial Equipments,17550.73,sectors\capitalgoods.csv
Zen Technologies Ltd.,ZENTEC,Capital Goods,Aerospace & Defense,16780.04,sectors\capitalgoods.csv
Aequs Ltd.,AEQUS,Capital Goods,Aerospace & Defense,16743.17,sectors\capitalgoods.csv
Astra Microwave Products Ltd.,ASTRAMICRO,Capital Goods,Aerospace & Defense,16518.53,sectors\capitalgoods.csv
BEML Ltd.,BEML,Capital Goods,Construction Vehicles,15596.7,sectors\capitalgoods.csv
Kirloskar Brothers Ltd.,KIRLOSBROS,Capital Goods,Compressors / Pumps,15157.18,sectors\capitalgoods.csv
Apollo Micro Systems Ltd.,APOLLO,Capital Goods,Aerospace & Defense,14587.14,sectors\capitalgoods.csv
Ingersoll-Rand (India) Ltd.,INGERRAND,Capital Goods,Compressors / Pumps,14544.48,sectors\capitalgoods.csv
V-Guard Industries Ltd.,VGUARD,Capital Goods,Electric Equipment,14276.2,sectors\capitalgoods.csv
Graphite India Ltd.,GRAPHITE,Capital Goods,Electrodes & Welding Equipment,14100.26,sectors\capitalgoods.csv
KSB Ltd.,KSB,Capital Goods,Compressors / Pumps,13941.41,sectors\capitalgoods.csv
Lloyds Engineering Works Ltd.,LLOYDSENGG,Capital Goods,Engineering - Industrial Equipments,13848.17,sectors\capitalgoods.csv
HEG Ltd.,HEG,Capital Goods,Electrodes & Welding Equipment,13521.94,sectors\capitalgoods.csv
Action Construction Equipment Ltd.,ACE,Capital Goods,Construction Vehicles,12930.05,sectors\capitalgoods.csv
Atlanta Electricals Ltd.,ATLANTAELE,Capital Goods,Electric Equipment,12902.1,sectors\capitalgoods.csv
Tega Industries Ltd.,TEGA,Capital Goods,Engineering - Industrial Equipments,12804.39,sectors\capitalgoods.csv
Inox Wind Ltd.,INOXWIND,Capital Goods,Electric Equipment,12737.11,sectors\capitalgoods.csv
Sigma Advanced Systems Ltd.,SIGMAADV,Capital Goods,Aerospace & Defense,12531.51,sectors\capitalgoods.csv
Paras Defence And Space Technologies Ltd.,PARAS,Capital Goods,Aerospace & Defense,11105.74,sectors\capitalgoods.csv
Voltamp Transformers Ltd.,VOLTAMP,Capital Goods,Electric Equipment,10248.34,sectors\capitalgoods.csv
Kirloskar Pneumatic Company Ltd.,KIRLPNU,Capital Goods,Compressors / Pumps,9906.56,sectors\capitalgoods.csv
Elecon Engineering Company Ltd.,ELECON,Capital Goods,Engineering - Industrial Equipments,9705.3,sectors\capitalgoods.csv
Quality Power Electrical Equipments Ltd.,QPOWER,Capital Goods,Electric Equipment,9684.38,sectors\capitalgoods.csv
KRN Heat Exchanger And Refrigeration Ltd.,KRN,Capital Goods,Engineering - Industrial Equipments,9613.89,sectors\capitalgoods.csv
Esab India Ltd.,ESABINDIA,Capital Goods,Electrodes & Welding Equipment,9596.24,sectors\capitalgoods.csv
Genus Power Infrastructures Ltd.,GENUSPOWER,Capital Goods,Electric Equipment,9425.44,sectors\capitalgoods.csv
Transformers & Rectifiers (India) Ltd.,TARIL,Capital Goods,Electric Equipment,8940.44,sectors\capitalgoods.csv
Vesuvius India Ltd.,VESUVIUS,Capital Goods,Refractories,8772.98,sectors\capitalgoods.csv
RHI Magnesita India Ltd.,RHIM,Capital Goods,Refractories,7848.09,sectors\capitalgoods.csv
Unimech Aerospace and Manufacturing Ltd.,UNIMECH,Capital Goods,Aerospace & Defense,7753.9,sectors\capitalgoods.csv
Kennametal India Ltd.,KENNAMET,Capital Goods,Engineering - Industrial Equipments,7713.15,sectors\capitalgoods.csv
Dynamatic Technologies Ltd.,DYNAMATECH,Capital Goods,Compressors / Pumps,7609.95,sectors\capitalgoods.csv
Omnitech Engineering Ltd.,OMNI,Capital Goods,Engineering - Industrial Equipments,7144.8,sectors\capitalgoods.csv
KSH International Ltd.,KSHINTL,Capital Goods,Electric Equipment,6968.67,sectors\capitalgoods.csv
Powerica Ltd.,POWERICA,Capital Goods,Electric Equipment,6945.8,sectors\capitalgoods.csv
Ajax Engineering Ltd.,AJAXENGG,Capital Goods,Engineering - Industrial Equipments,6650.47,sectors\capitalgoods.csv
Raghav Productivity Enhancers Ltd.,RPEL,Capital Goods,Refractories,6603.35,sectors\capitalgoods.csv
Skipper Ltd.,SKIPPER,Capital Goods,Engineering - Industrial Equipments,6418.41,sectors\capitalgoods.csv
Axiscades Technologies Ltd.,AXISCADES,Capital Goods,Aerospace & Defense,6324.52,sectors\capitalgoods.csv
Transrail Lighting Ltd.,TRANSRAILL,Capital Goods,Electric Equipment,6296.61,sectors\capitalgoods.csv
Shakti Pumps (India) Ltd.,SHAKTIPUMP,Capital Goods,Compressors / Pumps,6173.6,sectors\capitalgoods.csv
Praj Industries Ltd.,PRAJIND,Capital Goods,Engineering - Industrial Equipments,6169.69,sectors\capitalgoods.csv
Standard Engineering Technology Ltd.,SETL,Capital Goods,Engineering - Industrial Equipments,5961.81,sectors\capitalgoods.csv
Marine Electricals (India) Ltd.,MARINE,Capital Goods,Electric Equipment,5187.74,sectors\capitalgoods.csv
Dee Development Engineers Ltd,DEEDEV,Capital Goods,Engineering - Industrial Equipments,4766.42,sectors\capitalgoods.csv
GMM Pfaudler Ltd.,GMMPFAUDLR,Capital Goods,Engineering - Industrial Equipments,4699.15,sectors\capitalgoods.csv
Hirect Ltd.,HIRECT,Capital Goods,Electric Equipment,4464.24,sectors\capitalgoods.csv
Shilchar Technologies Ltd.,SHILCTECH,Capital Goods,Electric Equipment,4461.68,sectors\capitalgoods.csv
Ram Ratna Wires Ltd.,RAMRAT,Capital Goods,Electric Equipment,4436.88,sectors\capitalgoods.csv
John Cockerill India Ltd,COCKERILL,Capital Goods,Engineering - Industrial Equipments,4236.84,sectors\capitalgoods.csv
Sanghvi Movers Ltd.,SANGHVIMOV,Capital Goods,Engineering - Industrial Equipments,4229.67,sectors\capitalgoods.csv
Avantel Ltd.,AVANTEL,Capital Goods,Aerospace & Defense,4212.85,sectors\capitalgoods.csv
WPIL Ltd.,WPIL,Capital Goods,Compressors / Pumps,4083.62,sectors\capitalgoods.csv
Ideaforge Technology Ltd.,IDEAFORGE,Capital Goods,Aerospace & Defense,4081.07,sectors\capitalgoods.csv
Rossell Techsys Ltd.,ROSSTECH,Capital Goods,Aerospace & Defense,4041.82,sectors\capitalgoods.csv
Pitti Engineering Ltd.,PITTIENG,Capital Goods,Engineering - Industrial Equipments,3983.94,sectors\capitalgoods.csv
Kirloskar Industries Ltd.,KIRLOSIND,Capital Goods,Engineering - Industrial Equipments,3948.87,sectors\capitalgoods.csv
Indo Tech Transformers Ltd.,INDOTECH,Capital Goods,Electric Equipment,3758.84,sectors\capitalgoods.csv
Harsha Engineers International Ltd.,HARSHA,Capital Goods,Engineering - Industrial Equipments,3743.28,sectors\capitalgoods.csv
The Anup Engineering Ltd.,ANUP,Capital Goods,Engineering - Industrial Equipments,3712.83,sectors\capitalgoods.csv
Uniparts India Ltd.,UNIPARTS,Capital Goods,Engineering - Industrial Equipments,3683.11,sectors\capitalgoods.csv
Spectrum Electrical Industries Ltd.,SPECTRUM,Capital Goods,Electric Equipment,3434.26,sectors\capitalgoods.csv
Oswal Pumps Ltd.,OSWALPUMPS,Capital Goods,Compressors / Pumps,3424.71,sectors\capitalgoods.csv
Ujaas Energy Ltd.,UEL,Capital Goods,Electric Equipment,3203.55,sectors\capitalgoods.csv
Windsor Machines Ltd.,WINDMACHIN,Capital Goods,Engineering - Industrial Equipments,3122.41,sectors\capitalgoods.csv
Jash Engineering Ltd.,JASH,Capital Goods,Engineering - Industrial Equipments,3090.17,sectors\capitalgoods.csv
Yash Highvoltage Ltd.,YASHHV,Capital Goods,Electric Equipment,2699.25,sectors\capitalgoods.csv
Ador Welding Ltd.,ADOR,Capital Goods,Electrodes & Welding Equipment,2675.77,sectors\capitalgoods.csv
Axis Solution Ltd.,AXISOL,Capital Goods,Engineering - Industrial Equipments,2673.28,sectors\capitalgoods.csv
Bharat Bijlee Ltd.,BBL,Capital Goods,Electric Equipment,2583.55,sectors\capitalgoods.csv
Concord Control Systems Ltd.,CNCRD,Capital Goods,Engineering - Industrial Equipments,2555.72,sectors\capitalgoods.csv
JNK India Ltd.,JNKINDIA,Capital Goods,Engineering - Industrial Equipments,2552.62,sectors\capitalgoods.csv
Rishabh Instruments Ltd.,RISHABH,Capital Goods,Electric Equipment,2516.76,sectors\capitalgoods.csv
Sika Interplant Systems Ltd.,SIKA,Capital Goods,Aerospace & Defense,2327.43,sectors\capitalgoods.csv
NIBE Ltd.,NIBE,Capital Goods,Aerospace & Defense,2307.75,sectors\capitalgoods.csv
Thejo Engineering Ltd.,THEJO,Capital Goods,Engineering,2283.29,sectors\capitalgoods.csv
HLE Glascoat Ltd.,HLEGLAS,Capital Goods,Engineering - Industrial Equipments,2276.38,sectors\capitalgoods.csv
OBSC Perfection Ltd.,OBSCP,Capital Goods,Engineering - Industrial Equipments,2202.05,sectors\capitalgoods.csv
Honda India Power Products Ltd.,HONDAPOWER,Capital Goods,Electric Equipment,2178.12,sectors\capitalgoods.csv
CFF Fluid Control Ltd.,CFF,Capital Goods,Aerospace & Defense,2142.19,sectors\capitalgoods.csv
Exicom Tele-Systems Ltd.,EXICOM,Capital Goods,Electric Equipment,2111.93,sectors\capitalgoods.csv
Monolithisch India Ltd.,MONOLITH,Capital Goods,Refractories,2065.46,sectors\capitalgoods.csv
HMT Ltd.,HMT,Capital Goods,Engineering - Industrial Equipments,2062.49,sectors\capitalgoods.csv
HPL Electric & Power Ltd.,HPL,Capital Goods,Electric Equipment,2043.15,sectors\capitalgoods.csv
Jaykay Enterprises Ltd.,JAYKAY,Capital Goods,Aerospace & Defense,2028.57,sectors\capitalgoods.csv
Kilburn Engineering Ltd.,KLBRENG-B,Capital Goods,Engineering - Industrial Equipments,2004.81,sectors\capitalgoods.csv
Alpex Solar Ltd.,ALPEXSOLAR,Capital Goods,Electric Equipment,1984.95,sectors\capitalgoods.csv
DCX Systems Ltd.,DCXINDIA,Capital Goods,Aerospace & Defense,1959.84,sectors\capitalgoods.csv
TIL Ltd.,TIL,Capital Goods,Construction Vehicles,1957.22,sectors\capitalgoods.csv
Vidya Wires Ltd.,VIDYAWIRES,Capital Goods,Electric Equipment,1902.32,sectors\capitalgoods.csv
Servotech Renewable Power System Ltd.,SERVOTECH,Capital Goods,Electric Equipment,1869.55,sectors\capitalgoods.csv
Kabra Extrusiontechnik Ltd.,KABRAEXTRU,Capital Goods,Engineering - Industrial Equipments,1812.12,sectors\capitalgoods.csv
Marsons Ltd.,MARSONS,Capital Goods,Electric Equipment,1804.47,sectors\capitalgoods.csv
Macpower CNC Machines Ltd.,MACPOWER,Capital Goods,Engineering - Industrial Equipments,1750.03,sectors\capitalgoods.csv
Virtuoso Optoelectronics Ltd.,VOEPL,Capital Goods,Electric Equipment,1737.73,sectors\capitalgoods.csv
Disa India Ltd.,DISAQ,Capital Goods,Engineering - Industrial Equipments,1705.78,sectors\capitalgoods.csv
Krishna Defence and Allied Industries Ltd.,KRISHNADEF,Capital Goods,Aerospace & Defense,1610.92,sectors\capitalgoods.csv
MV Electrosystems Ltd.,MVELECTRO,Capital Goods,Electric Equipment,1610.23,sectors\capitalgoods.csv
IFGL Refractories Ltd.,IFGLEXPOR,Capital Goods,Refractories,1605.19,sectors\capitalgoods.csv
M&B Engineering Ltd.,MBEL,Capital Goods,Engineering - Industrial Equipments,1544.2,sectors\capitalgoods.csv
Walchandnagar Industries Ltd.,WALCHANNAG,Capital Goods,Engineering - Industrial Equipments,1526.15,sectors\capitalgoods.csv
Danish Power Ltd.,DANISH,Capital Goods,Electric Equipment,1502.77,sectors\capitalgoods.csv
Diffusion Engineers Ltd.,DIFFNKG,Capital Goods,Electrodes & Welding Equipment,1466.17,sectors\capitalgoods.csv
Igarashi Motors India Ltd.,IGARASHI,Capital Goods,Electric Equipment,1441.87,sectors\capitalgoods.csv
Divine Power Energy Ltd.,DPEL,Capital Goods,Electric Equipment,1421.51,sectors\capitalgoods.csv
Vivid Electromech Ltd.,VIVIDEL,Capital Goods,Electric Equipment,1392.5,sectors\capitalgoods.csv
KP Green Engineering Ltd.,KPGEL,Capital Goods,Engineering,1391.0,sectors\capitalgoods.csv
Millworks Technologies Ltd.,MILLWORKS,Capital Goods,Engineering - Industrial Equipments,1355.81,sectors\capitalgoods.csv
Gala Precision Engineering Ltd.,GALAPREC,Capital Goods,Engineering - Industrial Equipments,1282.07,sectors\capitalgoods.csv
Roto Pumps Ltd.,ROTO,Capital Goods,Compressors / Pumps,1246.38,sectors\capitalgoods.csv
Everest Kanto Cylinder Ltd.,EKC,Capital Goods,Engineering - Industrial Equipments,1238.21,sectors\capitalgoods.csv
ICE Make Refrigeration Ltd.,ICEMAKE,Capital Goods,Engineering - Industrial Equipments,1186.08,sectors\capitalgoods.csv
Eimco Elecon (India) Ltd.,EIMCOELECO,Capital Goods,Engineering - Industrial Equipments,1159.85,sectors\capitalgoods.csv
Yuken India Ltd.,YUKEN,Capital Goods,Compressors / Pumps,1155.93,sectors\capitalgoods.csv
Poojaa Precision Engg Ltd.,PPEL,Capital Goods,Engineering - Industrial Equipments,1139.26,sectors\capitalgoods.csv
Shree Refrigerations Ltd.,SHREEREF,Capital Goods,Engineering - Industrial Equipments,1128.66,sectors\capitalgoods.csv
Modison Ltd.,MODISONLTD,Capital Goods,Electric Equipment,1106.06,sectors\capitalgoods.csv
Indo Smc Ltd.,INDOSMC,Capital Goods,Electric Equipment,1102.43,sectors\capitalgoods.csv
Emkay Tools Ltd.,ETL,Capital Goods,Engineering - Industrial Equipments,1098.08,sectors\capitalgoods.csv
Mamata Machinery Ltd.,MAMATA,Capital Goods,Engineering - Industrial Equipments,1048.91,sectors\capitalgoods.csv
Salasar Techno Engineering Ltd.,SALASAR,Capital Goods,Engineering - Industrial Equipments,1041.78,sectors\capitalgoods.csv
Salzer Electronics Ltd.,SALZERELEC,Capital Goods,Electric Equipment,1009.07,sectors\capitalgoods.csv
Solex Energy Ltd.,SOLEX,Capital Goods,Electric Equipment,953.21,sectors\capitalgoods.csv
Kirloskar Electric Company Ltd.,KECL,Capital Goods,Electric Equipment,951.38,sectors\capitalgoods.csv
Vilas Transcore Ltd.,VILAS,Capital Goods,Electric Equipment,915.92,sectors\capitalgoods.csv
Rajoo Engineers Ltd.,RAJOOENG,Capital Goods,Engineering - Industrial Equipments,911.96,sectors\capitalgoods.csv
Foseco Crucible (India) Ltd.,FOSECOC,Capital Goods,Refractories,895.36,sectors\capitalgoods.csv
MIC Electronics Ltd.,MICEL,Capital Goods,Electric Equipment,879.69,sectors\capitalgoods.csv
Pradeep Metals Ltd.,PRADPME,Capital Goods,Engineering - Industrial Equipments,849.77,sectors\capitalgoods.csv
Airfloa Rail Technology Ltd.,AIRFLOA,Capital Goods,Engineering - Industrial Equipments,829.48,sectors\capitalgoods.csv
Veljan Denison Ltd.,VELJAN,Capital Goods,Compressors / Pumps,823.5,sectors\capitalgoods.csv
Prostarm Info Systems Ltd.,PROSTARM,Capital Goods,Electric Equipment,794.22,sectors\capitalgoods.csv
Forbes Precision Tools And Machine Parts Ltd.,TOTEM,Capital Goods,Engineering - Industrial Equipments,763.34,sectors\capitalgoods.csv
RM Drip and Sprinklers System Ltd.,RMDRIP,Capital Goods,Engineering - Industrial Equipments,763.1,sectors\capitalgoods.csv
Lokesh Machines Ltd.,LOKESHMACH,Capital Goods,Engineering - Industrial Equipments,758.53,sectors\capitalgoods.csv
Bajaj Steel Industries Ltd.,BAJAJST,Capital Goods,Engineering - Industrial Equipments,752.54,sectors\capitalgoods.csv
Mangal Electrical Industries Ltd.,MEIL,Capital Goods,Electric Equipment,746.29,sectors\capitalgoods.csv
South West Pinnacle Exploration Ltd.,SOUTHWEST,Capital Goods,Engineering,718.66,sectors\capitalgoods.csv
Permanent Magnets Ltd.,PERMAGN,Capital Goods,Electric Equipment,715.74,sectors\capitalgoods.csv
GEE Ltd.,GEE,Capital Goods,Electrodes & Welding Equipment,705.85,sectors\capitalgoods.csv
Indef Manufacturing Ltd.,BAJAJINDEF,Capital Goods,Engineering - Industrial Equipments,696.8,sectors\capitalgoods.csv
LT Elevator Ltd.,LTELEVATOR,Capital Goods,Engineering - Industrial Equipments,679.14,sectors\capitalgoods.csv
Axtel Industries Ltd.,AXTEL,Capital Goods,Engineering - Industrial Equipments,670.91,sectors\capitalgoods.csv
Tankup Engineers Ltd.,TANKUP,Capital Goods,Engineering - Industrial Equipments,656.58,sectors\capitalgoods.csv
Parth Electricals & Engineering Ltd.,PARTH,Capital Goods,Electric Equipment,646.56,sectors\capitalgoods.csv
RNIT AI Solutions Ltd.,RNITAI,Capital Goods,Electric Equipment,645.78,sectors\capitalgoods.csv
Sunita Tools Ltd.,SUNITATOOL,Capital Goods,Engineering - Industrial Equipments,620.7,sectors\capitalgoods.csv
Mallcom (India) Ltd,MALLCOM,Capital Goods,Engineering - Industrial Equipments,605.28,sectors\capitalgoods.csv
Artson Ltd.,ARTSON,Capital Goods,Engineering - Industrial Equipments,597.73,sectors\capitalgoods.csv
Apsis Aerocom Ltd.,APSISAERO,Capital Goods,Engineering - Industrial Equipments,590.54,sectors\capitalgoods.csv
Pervasive Commodities Ltd.,PERVASIVE,Capital Goods,Electric Equipment,589.22,sectors\capitalgoods.csv
Ganesh Green Bharat Ltd.,GGBL,Capital Goods,Electric Equipment,575.63,sectors\capitalgoods.csv
Integra Engineering India Ltd.,INTEGRAEN,Capital Goods,Engineering - Industrial Equipments,533.42,sectors\capitalgoods.csv
Saakshi Medtech & Panels Ltd.,SAAKSHI,Capital Goods,Electric Equipment,522.79,sectors\capitalgoods.csv
Orient Ceratech Ltd.,ORIENTCER,Capital Goods,Refractories,518.64,sectors\capitalgoods.csv
Fabtech Cleanrooms Ltd.,FABCLEAN,Capital Goods,Engineering - Industrial Equipments,512.12,sectors\capitalgoods.csv
Digilogic Systems Ltd.,DIGILOGIC,Capital Goods,Aerospace & Defense,510.26,sectors\capitalgoods.csv
Filtron Engineers Ltd.,FILTRON,Capital Goods,Engineering - Industrial Equipments,498.6,sectors\capitalgoods.csv
Cryogenic OGS Ltd.,CRYOGENIC,Capital Goods,Engineering - Industrial Equipments,498.16,sectors\capitalgoods.csv
International Conveyors Ltd.,INTLCONV,Capital Goods,Engineering - Industrial Equipments,487.61,sectors\capitalgoods.csv
Anlon Technology Solution Ltd.,ANLON,Capital Goods,Engineering,480.63,sectors\capitalgoods.csv
Mazda Ltd.,MAZDA,Capital Goods,Engineering - Industrial Equipments,474.59,sectors\capitalgoods.csv
Patil Automation Ltd.,PATILAUTOM,Capital Goods,Engineering - Industrial Equipments,467.4,sectors\capitalgoods.csv
United Drilling Tools Ltd.,UNIDT,Capital Goods,Engineering - Industrial Equipments,463.22,sectors\capitalgoods.csv
Bemco Hydraulics Ltd.,BEMHY,Capital Goods,Engineering - Industrial Equipments,461.61,sectors\capitalgoods.csv
Supreme Power Equipment Ltd.,SUPREMEPWR,Capital Goods,Electric Equipment,461.59,sectors\capitalgoods.csv
Focus Lighting & Fixtures Ltd.,FOCUS,Capital Goods,Electric Equipment,448.1,sectors\capitalgoods.csv
De Nora India Ltd.,DENORA,Capital Goods,Electrodes & Welding Equipment,445.95,sectors\capitalgoods.csv
Fluidomat Ltd.,FLUIDOM,Capital Goods,Engineering - Industrial Equipments,443.77,sectors\capitalgoods.csv
Gujarat Apollo Industries Ltd.,GUJAPOLLO,Capital Goods,Engineering - Industrial Equipments,443.57,sectors\capitalgoods.csv
Sealmatic India Ltd.,SEALMATIC,Capital Goods,Engineering - Industrial Equipments,439.83,sectors\capitalgoods.csv
C2C Advanced Systems Ltd.,C2C,Capital Goods,Aerospace & Defense,430.23,sectors\capitalgoods.csv
Batliboi Ltd.,BATLIBOI,Capital Goods,Engineering - Industrial Equipments,423.48,sectors\capitalgoods.csv
Zodiac Energy Ltd.,ZODIAC,Capital Goods,Engineering - Industrial Equipments,405.18,sectors\capitalgoods.csv
Forbes & Company Ltd.,FORBESCO,Capital Goods,Engineering - Industrial Equipments,395.41,sectors\capitalgoods.csv
S&S Power Switchgear Ltd.,S&SPOWER,Capital Goods,Electric Equipment,395.18,sectors\capitalgoods.csv
Atmastco Ltd.,ATMASTCO,Capital Goods,Engineering - Industrial Equipments,394.99,sectors\capitalgoods.csv
Hercules Investments Ltd.,HERCULES,Capital Goods,Engineering - Industrial Equipments,394.08,sectors\capitalgoods.csv
Artemis Electricals And Projects Ltd.,AEPL,Capital Goods,Electric Equipment,384.34,sectors\capitalgoods.csv
Taurian MPS Ltd.,TAURIAN,Capital Goods,Engineering,381.09,sectors\capitalgoods.csv
Megatherm Induction Ltd.,MEGATHERM,Capital Goods,Engineering - Industrial Equipments,367.11,sectors\capitalgoods.csv
Tipco Engineering India Ltd.,TIPCO,Capital Goods,Engineering - Industrial Equipments,362.91,sectors\capitalgoods.csv
GTV Engineering Ltd.,GTV,Capital Goods,Engineering,357.89,sectors\capitalgoods.csv
Cospower Engineering Ltd.,COSPOWER,Capital Goods,Electric Equipment,348.92,sectors\capitalgoods.csv
Teamtech Formwork Solutions Ltd.,TEAMTECH,Capital Goods,Engineering - Industrial Equipments,347.72,sectors\capitalgoods.csv
Avana Electrosystems Ltd.,AVANA,Capital Goods,Electric Equipment,328.13,sectors\capitalgoods.csv
Leapfrog Engineering Services Ltd.,LESL,Capital Goods,Engineering,310.52,sectors\capitalgoods.csv
Mahindra EPC Irrigation Ltd.,MAHEPC,Capital Goods,Engineering - Industrial Equipments,299.77,sectors\capitalgoods.csv
Adisoft Technologies Ltd.,ADISOFT,Capital Goods,Engineering - Industrial Equipments,299.11,sectors\capitalgoods.csv
Aaron Industries Ltd.,AARON,Capital Goods,Engineering - Industrial Equipments,283.74,sectors\capitalgoods.csv
RMC Switchgears Ltd.,RMC,Capital Goods,Electric Equipment,282.27,sectors\capitalgoods.csv
TechEra Engineering India Ltd.,TECHERA,Capital Goods,Aerospace & Defense,279.86,sectors\capitalgoods.csv
Kaycee Industries Ltd.,KAYCEEI,Capital Goods,Electric Equipment,277.68,sectors\capitalgoods.csv
JostS Engineering Company Ltd.,JOSTS,Capital Goods,Engineering - Industrial Equipments,266.1,sectors\capitalgoods.csv
United Van Der Horst Ltd.,UVDRHOR,Capital Goods,Engineering - Industrial Equipments,256.08,sectors\capitalgoods.csv
TRF Ltd.,TRF,Capital Goods,Engineering - Industrial Equipments,254.81,sectors\capitalgoods.csv
Admach Systems Ltd.,ADMACH,Capital Goods,Engineering - Industrial Equipments,253.98,sectors\capitalgoods.csv
Organic Recycling Systems Ltd.,ORGANICREC,Capital Goods,Engineering,249.22,sectors\capitalgoods.csv
Birla Precision Technologies Ltd.,BIRLAPREC,Capital Goods,Engineering - Industrial Equipments,246.81,sectors\capitalgoods.csv
Jasch Gauging Technologies Ltd.,JGTL,Capital Goods,Engineering - Industrial Equipments,240.2,sectors\capitalgoods.csv
Sahaj Solar Ltd.,SAHAJSOLAR,Capital Goods,Engineering - Industrial Equipments,237.52,sectors\capitalgoods.csv
Veto Switchgears And Cables Ltd.,VETO,Capital Goods,Electric Equipment,237.03,sectors\capitalgoods.csv
Akanksha Power & Infrastructure Ltd.,AKANKSHA,Capital Goods,Electric Equipment,232.52,sectors\capitalgoods.csv
Innovators Facade Systems Ltd.,INNOVATORS,Capital Goods,Engineering,226.32,sectors\capitalgoods.csv
Panasonic Carbon India Company Ltd.,PANCARBON,Capital Goods,Electrodes & Welding Equipment,217.9,sectors\capitalgoods.csv
Affordable Robotic & Automation Ltd.,AFFORDABLE,Capital Goods,Engineering,216.46,sectors\capitalgoods.csv
Revathi Equipment India Ltd.,RVTH,Capital Goods,Engineering - Industrial Equipments,212.54,sectors\capitalgoods.csv
Nitiraj Engineers Ltd.,NITIRAJ,Capital Goods,Engineering - Industrial Equipments,211.06,sectors\capitalgoods.csv
Sizemasters Technology Ltd.,SIZEMASTER,Capital Goods,Engineering - Industrial Equipments,210.3,sectors\capitalgoods.csv
Kataria Industries Ltd.,KATARIA,Capital Goods,Engineering,208.85,sectors\capitalgoods.csv
Lakshmi Electrical Control Systems Ltd.,LAKSELEC,Capital Goods,Electric Equipment,201.74,sectors\capitalgoods.csv
Royal Arc Electrodes Ltd.,ROYALARC,Capital Goods,Electrodes & Welding Equipment,199.8,sectors\capitalgoods.csv
Quest Flow Controls Ltd.,QUESTFLOW,Capital Goods,Engineering - Industrial Equipments,195.92,sectors\capitalgoods.csv
Jay Bee Laminations Ltd.,JAYBEE,Capital Goods,Electric Equipment,195.21,sectors\capitalgoods.csv
United Heat Transfer Ltd.,UHTL,Capital Goods,Engineering - Industrial Equipments,193.84,sectors\capitalgoods.csv
Alphageo (India) Ltd.,ALPHAGEO,Capital Goods,Engineering,191.93,sectors\capitalgoods.csv
Global Pet Industries Ltd.,GLOBALPET,Capital Goods,Engineering - Industrial Equipments,190.96,sectors\capitalgoods.csv
D&H India Ltd.,DHINDIA,Capital Goods,Electrodes & Welding Equipment,186.69,sectors\capitalgoods.csv
Gallard Steel Ltd.,GALLARD,Capital Goods,Engineering - Industrial Equipments,184.01,sectors\capitalgoods.csv
Dhanashree Electronics Ltd.,DEL,Capital Goods,Electric Equipment,180.07,sectors\capitalgoods.csv
Star Delta Transformers Ltd.,STARDELTA,Capital Goods,Electric Equipment,175.26,sectors\capitalgoods.csv
Rapicut Carbides Ltd.,RAPICUT,Capital Goods,Engineering - Industrial Equipments,172.85,sectors\capitalgoods.csv
Aplab Ltd.,APLAB,Capital Goods,Electric Equipment,172.16,sectors\capitalgoods.csv
Bansal Roofing Products Ltd.,BRPL,Capital Goods,Engineering,170.52,sectors\capitalgoods.csv
Rappid Valves (India) Ltd.,RAPPID,Capital Goods,Engineering - Industrial Equipments,165.62,sectors\capitalgoods.csv
Brady & Morris Engineering Company Ltd.,BRADYM,Capital Goods,Construction Vehicles,164.25,sectors\capitalgoods.csv
KPT Industries Ltd.,KPT,Capital Goods,Engineering - Industrial Equipments,161.16,sectors\capitalgoods.csv
Lippi Systems Ltd.,LIPPISYS,Capital Goods,Engineering,161.1,sectors\capitalgoods.csv
Loyal Equipments Ltd.,LOYAL,Capital Goods,Engineering - Industrial Equipments,160.88,sectors\capitalgoods.csv
Aartech Solonics Ltd.,AARTECH,Capital Goods,Electric Equipment,160.38,sectors\capitalgoods.csv
DHP India Ltd.,DHPIND,Capital Goods,Engineering - Industrial Equipments,156.53,sectors\capitalgoods.csv
Patels Airtemp (India) Ltd.,PATELSAI,Capital Goods,Engineering - Industrial Equipments,153.69,sectors\capitalgoods.csv
Shivalic Power Control Ltd.,SPCL,Capital Goods,Electric Equipment,152.89,sectors\capitalgoods.csv
Ikoma Technologies Ltd.,IKOMA,Capital Goods,Engineering - Industrial Equipments,150.53,sectors\capitalgoods.csv
Apollo Techno Industries Ltd.,ATIL,Capital Goods,Engineering - Industrial Equipments,145.56,sectors\capitalgoods.csv
ATV Projects India Ltd.,ATVPR,Capital Goods,Engineering - Industrial Equipments,145.12,sectors\capitalgoods.csv
Alphalogic Industries Ltd.,ALPHAIND,Capital Goods,Engineering - Industrial Equipments,142.39,sectors\capitalgoods.csv
Energy-Mission Machineries (India) Ltd.,EMMIL,Capital Goods,Engineering - Industrial Equipments,141.58,sectors\capitalgoods.csv
Envirotech Systems Ltd.,ENVIRO,Capital Goods,Engineering - Industrial Equipments,139.89,sectors\capitalgoods.csv
Duncan Engineering Ltd.,DUNCANENG,Capital Goods,Engineering - Industrial Equipments,131.47,sectors\capitalgoods.csv
Accord Transformer & Switchgear Ltd.,ACCORDTS,Capital Goods,Electric Equipment,130.72,sectors\capitalgoods.csv
Aztec Fluids & Machinery Ltd.,AZTEC,Capital Goods,Engineering - Industrial Equipments,127.84,sectors\capitalgoods.csv
Chemtech Industrial Valves Ltd.,CHEMTECH,Capital Goods,Engineering - Industrial Equipments,126.89,sectors\capitalgoods.csv
Aluwind Infra-Tech Ltd.,ALUWIND,Capital Goods,Engineering,123.24,sectors\capitalgoods.csv
Aesthetik Engineers Ltd.,AESTHETIK,Capital Goods,Engineering,123.12,sectors\capitalgoods.csv
International Combustion (India) Ltd.,INTLCOMBQ,Capital Goods,Engineering - Industrial Equipments,122.37,sectors\capitalgoods.csv
Rishi Laser Ltd.,RISHILASE,Capital Goods,Engineering - Industrial Equipments,120.71,sectors\capitalgoods.csv
Jyoti Ltd.,JYOTI,Capital Goods,Compressors / Pumps,120.06,sectors\capitalgoods.csv
Latteys Industries Ltd.,LATTEYS,Capital Goods,Compressors / Pumps,118.38,sectors\capitalgoods.csv
Readymix Construction Machinery Ltd.,READYMIX,Capital Goods,Engineering - Industrial Equipments,114.46,sectors\capitalgoods.csv
Hindustan Tin Works Ltd.,HINDTIN,Capital Goods,Engineering - Industrial Equipments,113.41,sectors\capitalgoods.csv
Rexnord Electronics & Controls Ltd.,REXNORD,Capital Goods,Electric Equipment,107.76,sectors\capitalgoods.csv
Hindustan Appliances Ltd.,HINDAPL,Capital Goods,Electric Equipment,106.28,sectors\capitalgoods.csv
ITL Industries Ltd.,ITL,Capital Goods,Engineering - Industrial Equipments,105.68,sectors\capitalgoods.csv
Mehai Technology Ltd.,MEHAI,Capital Goods,Electric Equipment,104.46,sectors\capitalgoods.csv
JSL Industries Ltd.,JSLINDL,Capital Goods,Electric Equipment,101.54,sectors\capitalgoods.csv
Mauria Udyog Ltd.,MUL,Capital Goods,Engineering - Industrial Equipments,100.83,sectors\capitalgoods.csv
Emkay Taps And Cutting Tools Ltd.,EMKAYTOOLS,Capital Goods,Engineering - Industrial Equipments,99.19,sectors\capitalgoods.csv
Shilp Gravures Ltd.,SHILGRAVQ,Capital Goods,Engineering - Industrial Equipments,97.04,sectors\capitalgoods.csv
Taylormade Renewables Ltd.,TRL,Capital Goods,Electric Equipment,92.45,sectors\capitalgoods.csv
Smarten Power Systems Ltd.,SMARTEN,Capital Goods,Electric Equipment,91.3,sectors\capitalgoods.csv
Cenlub Industries Ltd.,CENLUB,Capital Goods,Engineering - Industrial Equipments,89.6,sectors\capitalgoods.csv
Visdem Technosys Ltd.,VISDEM,Capital Goods,Electric Equipment,88.19,sectors\capitalgoods.csv
RTS Power Corporation Ltd.,RTSPOWR,Capital Goods,Electric Equipment,87.83,sectors\capitalgoods.csv
T&I Global Ltd.,TIGLOB,Capital Goods,Engineering - Industrial Equipments,85.11,sectors\capitalgoods.csv
Classic Electrodes (India) Ltd.,CLASSICEIL,Capital Goods,Electrodes & Welding Equipment,84.97,sectors\capitalgoods.csv
Shetron Ltd.,SHETR,Capital Goods,Engineering - Industrial Equipments,83.73,sectors\capitalgoods.csv
Shri Balaji Valve Components Ltd.,SBVCL,Capital Goods,Engineering - Industrial Equipments,82.78,sectors\capitalgoods.csv
Ameya Precision Engineers Ltd.,AMEYA,Capital Goods,Engineering - Industrial Equipments,82.5,sectors\capitalgoods.csv
Nilachal Refractories Ltd.,NILACHAL,Capital Goods,Refractories,80.0,sectors\capitalgoods.csv
Vdeal System Ltd.,VDEAL,Capital Goods,Electric Equipment,77.27,sectors\capitalgoods.csv
Rollatainers Ltd.,ROLLT,Capital Goods,Engineering - Industrial Equipments,75.29,sectors\capitalgoods.csv
Cranex Ltd.,CRANEX,Capital Goods,Engineering - Industrial Equipments,70.24,sectors\capitalgoods.csv
BEW Engineering Ltd.,BEWLTD,Capital Goods,Engineering - Industrial Equipments,67.65,sectors\capitalgoods.csv
Atam Valves Ltd.,ATAM,Capital Goods,Engineering - Industrial Equipments,67.28,sectors\capitalgoods.csv
Samay Project Services Ltd.,SAMAY,Capital Goods,Engineering,66.54,sectors\capitalgoods.csv
Delta Manufacturing Ltd.,DELTAMAGNT,Capital Goods,Electric Equipment,64.33,sectors\capitalgoods.csv
Gujarat Toolroom Ltd.,GUJTLRM,Capital Goods,Engineering,64.05,sectors\capitalgoods.csv
Ema India Ltd.,EMAINDIA,Capital Goods,Engineering - Industrial Equipments,62.46,sectors\capitalgoods.csv
Shining Tools Ltd.,SHTL,Capital Goods,Engineering - Industrial Equipments,56.1,sectors\capitalgoods.csv
Refractory Shapes Ltd.,REFRACTORY,Capital Goods,Refractories,54.5,sectors\capitalgoods.csv
Rulka Electricals Ltd.,RULKA,Capital Goods,Electric Equipment,52.81,sectors\capitalgoods.csv
Vruddhi Engineering Works Ltd.,VRUDDHI,Capital Goods,Engineering,50.17,sectors\capitalgoods.csv
Solitaire Machine Tools Ltd.,SOLIMAC,Capital Goods,Engineering - Industrial Equipments,49.96,sectors\capitalgoods.csv
Ahlada Engineers Ltd.,AHLADA,Capital Goods,Engineering,49.56,sectors\capitalgoods.csv
Manugraph India Ltd.,MANUGRAPH,Capital Goods,Engineering - Industrial Equipments,49.36,sectors\capitalgoods.csv
Sona Machinery Ltd.,SONAMAC,Capital Goods,Engineering - Industrial Equipments,48.72,sectors\capitalgoods.csv
Integra Switchgear Ltd.,INTEGSW,Capital Goods,Electric Equipment,47.65,sectors\capitalgoods.csv
Gurunanak Agriculture India Ltd.,GURUNANAK,Capital Goods,Engineering - Industrial Equipments,46.8,sectors\capitalgoods.csv
Indobell Insulations Ltd.,INDOBELL,Capital Goods,Engineering,46.62,sectors\capitalgoods.csv
Presstonic Engineering Ltd.,PRESSTONIC,Capital Goods,Engineering,45.19,sectors\capitalgoods.csv
Chamunda Electrical Ltd.,CHAMUNDA,Capital Goods,Electric Equipment,45.12,sectors\capitalgoods.csv
Lerthai Finance Ltd.,LERTHAI,Capital Goods,Refractories,44.45,sectors\capitalgoods.csv
Storage Technologies & Automation Ltd.,STAL,Capital Goods,Engineering - Industrial Equipments,43.01,sectors\capitalgoods.csv
Rolcon Engineering Company Ltd.,ROLCOEN,Capital Goods,Engineering - Industrial Equipments,41.58,sectors\capitalgoods.csv
Auri Grow India Ltd.,AURIGROW,Capital Goods,Engineering - Industrial Equipments,41.33,sectors\capitalgoods.csv
Liotech Industries Ltd.,LIOTECH,Capital Goods,Engineering - Industrial Equipments,39.78,sectors\capitalgoods.csv
Rasi Electrodes Ltd.,RASIELEC,Capital Goods,Electrodes & Welding Equipment,38.45,sectors\capitalgoods.csv
Misquita Engineering Ltd.,MISQUITA,Capital Goods,Engineering - Industrial Equipments,35.82,sectors\capitalgoods.csv
Alfa Transformers Ltd.,ALFATRAN,Capital Goods,Electric Equipment,35.65,sectors\capitalgoods.csv
Associated Ceramics Ltd.,ASSOCER,Capital Goods,Refractories,32.89,sectors\capitalgoods.csv
G.G. Dandekar Properties Ltd.,GGDPROP,Capital Goods,Engineering - Industrial Equipments,32.85,sectors\capitalgoods.csv
Arigato Universe Ltd.,ARIGATO,Capital Goods,Engineering - Industrial Equipments,32.31,sectors\capitalgoods.csv
Auro Impex & Chemicals Ltd.,AUROIMPEX,Capital Goods,Engineering - Industrial Equipments,31.84,sectors\capitalgoods.csv
Advance Metering Technology Ltd.,AMTL,Capital Goods,Engineering - Industrial Equipments,31.5,sectors\capitalgoods.csv
Agni Green Power Ltd.,AGNI,Capital Goods,Electric Equipment,30.47,sectors\capitalgoods.csv
Riddhi Display Equipments Ltd.,RDEL,Capital Goods,Engineering - Industrial Equipments,29.57,sectors\capitalgoods.csv
Adarsh Plant Protect Ltd.,ADARSHPL,Capital Goods,Engineering - Industrial Equipments,29.35,sectors\capitalgoods.csv
Hawa Engineers Ltd.,HAWAENG,Capital Goods,Engineering - Industrial Equipments,29.2,sectors\capitalgoods.csv
Switching Technologies Gunther Ltd.,SWITCHTE,Capital Goods,Electric Equipment,28.06,sectors\capitalgoods.csv
Tarapur Transformers Ltd.,TARAPUR,Capital Goods,Electric Equipment,27.94,sectors\capitalgoods.csv
Epic Energy Ltd.,EPIC,Capital Goods,Electric Equipment,27.52,sectors\capitalgoods.csv
Sprayking Ltd.,SPRAYKING,Capital Goods,Engineering - Industrial Equipments,27.05,sectors\capitalgoods.csv
Polymechplast Machines Ltd.,POLYCHMP,Capital Goods,Engineering - Industrial Equipments,26.65,sectors\capitalgoods.csv
Harshil Agrotech Ltd.,HARSHILAGR,Capital Goods,Engineering - Industrial Equipments,26.14,sectors\capitalgoods.csv
Miven Machine Tools Ltd.,MIVENMACH,Capital Goods,Engineering - Industrial Equipments,25.97,sectors\capitalgoods.csv
Mewar Hi-Tech Engineering Ltd.,MHEL,Capital Goods,Engineering - Industrial Equipments,24.98,sectors\capitalgoods.csv
Trans India House Impex Ltd,TIHIL,Capital Goods,Engineering - Industrial Equipments,24.8,sectors\capitalgoods.csv
Iykot Hitech Toolroom Ltd.,IYKOTHITE,Capital Goods,Engineering - Industrial Equipments,23.0,sectors\capitalgoods.csv
Envair Electrodyne Ltd.,ENVAIREL,Capital Goods,Engineering - Industrial Equipments,21.81,sectors\capitalgoods.csv
SBEC Systems (India) Ltd.,SBECSYS,Capital Goods,Engineering,20.5,sectors\capitalgoods.csv
Sterling Powergensys Ltd.,STERPOW,Capital Goods,Engineering - Industrial Equipments,19.07,sectors\capitalgoods.csv
SKIL Infrastructure Ltd.,SKIL,Capital Goods,Engineering,19.06,sectors\capitalgoods.csv
SP Refractories Ltd.,SPRL,Capital Goods,Refractories,18.24,sectors\capitalgoods.csv
Harig Crankshafts Ltd.,HARCR,Capital Goods,Engineering - Industrial Equipments,17.91,sectors\capitalgoods.csv
Trans Freight Containers Ltd.,TRANSFRE,Capital Goods,Engineering - Industrial Equipments,14.44,sectors\capitalgoods.csv
Arrowhead Seperation Engineering Ltd.,ARROWHEAD,Capital Goods,Engineering - Industrial Equipments,13.29,sectors\capitalgoods.csv
Debock Industries Ltd.,DIL,Capital Goods,Engineering,12.04,sectors\capitalgoods.csv
BKM Industries Ltd.,BKMINDST,Capital Goods,Engineering - Industrial Equipments,11.93,sectors\capitalgoods.csv
Shivagrico Implements Ltd.,SHIVAGR,Capital Goods,Engineering - Industrial Equipments,11.63,sectors\capitalgoods.csv
Incon Engineers Ltd.,INCON,Capital Goods,Engineering - Industrial Equipments,11.39,sectors\capitalgoods.csv
Maks Energy Solutions India Ltd.,MAKS,Capital Goods,Electric Equipment,11.3,sectors\capitalgoods.csv
Sparc Electrex Ltd.,SPAR,Capital Goods,Electric Equipment,10.44,sectors\capitalgoods.csv
Shri Ram Switchgears Ltd.,SRIRAM,Capital Goods,Electric Equipment,10.11,sectors\capitalgoods.csv
Ishan International Ltd.,ISHAN,Capital Goods,Engineering,9.73,sectors\capitalgoods.csv
Marshall Machines Ltd.,MARSHALL,Capital Goods,Engineering - Industrial Equipments,8.7,sectors\capitalgoods.csv
Yashraj Containeurs Ltd.,YASHRAJC,Capital Goods,Engineering - Industrial Equipments,8.5,sectors\capitalgoods.csv
Raasi Refractories Ltd.,RASSIREF,Capital Goods,Refractories,8.37,sectors\capitalgoods.csv
Premier Ltd.,PREMIER,Capital Goods,Engineering - Industrial Equipments,8.35,sectors\capitalgoods.csv
Hittco Tools Ltd.,HITTCO,Capital Goods,Engineering - Industrial Equipments,7.5,sectors\capitalgoods.csv
Starlite Components Ltd.,STARLITE,Capital Goods,Electric Equipment,6.22,sectors\capitalgoods.csv
TMT (India) Ltd.,TMTIND-B1,Capital Goods,Engineering,4.19,sectors\capitalgoods.csv
Perfect Infraengineers Ltd.,PERFECT,Capital Goods,Engineering,4.11,sectors\capitalgoods.csv
Global Defence Industries Ltd.,GDIL,Capital Goods,Aerospace & Defense,1.87,sectors\capitalgoods.csv
Silveroak Commercials Ltd.,SILVERO,Capital Goods,Electric Equipment,1.7,sectors\capitalgoods.csv
MPF Systems Ltd.,MPFSL,Capital Goods,Engineering - Industrial Equipments,1.18,sectors\capitalgoods.csv
Harshil Agrotech Ltd. - (Rights Entitlements (REs)),HARSHIL-RE,Capital Goods,Engineering - Industrial Equipments,0.0,sectors\capitalgoods.csv
Trans India House Impex Ltd. - (Rights Entitlements (REs)),TIHIL-RE,Capital Goods,Engineering - Industrial Equipments,0.0,sectors\capitalgoods.csv
Aplab Ltd. - (Rights Entitlements (REs)),750991,Capital Goods,Electric Equipment,0.0,sectors\capitalgoods.csv
Exicom Tele-Systems Ltd. - (Rights Entitlements (REs)),EXICOM-RE,Capital Goods,Electric Equipment,0.0,sectors\capitalgoods.csv
Inox Wind Ltd. - (Rights Entitlements (REs)),INOXWI-RE,Capital Goods,Electric Equipment,0.0,sectors\capitalgoods.csv
JostS Engineering Company Ltd. - (Rights Entitlements (REs),JOSTS-RE,Capital Goods,Engineering - Industrial Equipments,0.0,sectors\capitalgoods.csv
Presstonic Engineering Ltd. -  (Rights Entitlement),PRESS-RE,Capital Goods,Engineering,0.0,sectors\capitalgoods.csv
D&H India Ltd. - (Rights Entitlements (REs)),DHINDIA-RE,Capital Goods,Electrodes & Welding Equipment,0.0,sectors\capitalgoods.csv
TIL Ltd. - (Rights Entitlements),TIL-RE1,Capital Goods,Construction Vehicles,0.0,sectors\capitalgoods.csv
Asian Paints Ltd.,ASIANPAINT,Chemicals,Paints,259942.6,sectors\chemicals.csv
Solar Industries India Ltd.,SOLARINDS,Chemicals,Chemicals,180799.13,sectors\chemicals.csv
Pidilite Industries Ltd.,PIDILITIND,Chemicals,Chemicals,172006.57,sectors\chemicals.csv
SRF Ltd.,SRF,Chemicals,Chemicals,77340.2,sectors\chemicals.csv
Berger Paints India Ltd.,BERGEPAINT,Chemicals,Paints,63628.77,sectors\chemicals.csv
Coromandel International Ltd.,COROMANDEL,Chemicals,Fertilizers,61704.16,sectors\chemicals.csv
The Fertilisers And Chemicals Travancore Ltd.,FACT,Chemicals,Fertilizers,52341.65,sectors\chemicals.csv
Gujarat Fluorochemicals Ltd.,FLUOROCHEM,Chemicals,Chemicals,52060.11,sectors\chemicals.csv
UPL Ltd.,UPL,Chemicals,Pesticides & Agrochemicals,47678.68,sectors\chemicals.csv
Navin Fluorine International Ltd.,NAVINFLUOR,Chemicals,Chemicals,42237.36,sectors\chemicals.csv
Godrej Industries Ltd.,GODREJIND,Chemicals,Chemicals,42118.17,sectors\chemicals.csv
Himadri Speciality Chemical Ltd.,HSCL,Chemicals,Carbon Black,39409.77,sectors\chemicals.csv
PI Industries Ltd.,PIIND,Chemicals,Pesticides & Agrochemicals,37929.53,sectors\chemicals.csv
Sumitomo Chemical India Ltd.,SUMICHEM,Chemicals,Pesticides & Agrochemicals,28184.26,sectors\chemicals.csv
Deepak Nitrite Ltd.,DEEPAKNTR,Chemicals,Chemicals,23503.25,sectors\chemicals.csv
Aether Industries Ltd.,AETHER,Chemicals,Chemicals,21617.38,sectors\chemicals.csv
Atul Ltd.,ATUL,Chemicals,Chemicals,19824.31,sectors\chemicals.csv
Aarti Industries Ltd.,AARTIIND,Chemicals,Chemicals,19358.72,sectors\chemicals.csv
Deepak Fertilisers And Petrochemicals Corporation Ltd.,DEEPAKFERT,Chemicals,Chemicals,18969.67,sectors\chemicals.csv
Bayer CropScience Ltd.,BAYERCROP,Chemicals,Pesticides & Agrochemicals,18193.23,sectors\chemicals.csv
Chambal Fertilisers and Chemicals Ltd.,CHAMBLFERT,Chemicals,Fertilizers,17742.89,sectors\chemicals.csv
BASF India Ltd.,BASF,Chemicals,Chemicals,17677.21,sectors\chemicals.csv
Tata Chemicals Ltd.,TATACHEM,Chemicals,Chemicals,17078.86,sectors\chemicals.csv
Kansai Nerolac Paints Ltd.,KANSAINER,Chemicals,Paints,16551.66,sectors\chemicals.csv
Fine Organic Industries Ltd.,FINEORG,Chemicals,Chemicals,15795.1,sectors\chemicals.csv
Paradeep Phosphates Ltd.,PARADEEP,Chemicals,Fertilizers,15349.35,sectors\chemicals.csv
JSW Dulux Ltd.,JSWDULUX,Chemicals,Paints,14430.36,sectors\chemicals.csv
Vinati Organics Ltd.,VINATIORGA,Chemicals,Chemicals,13837.29,sectors\chemicals.csv
Anupam Rasayan India Ltd.,ANURAS,Chemicals,Chemicals,13763.88,sectors\chemicals.csv
Privi Speciality Chemicals Ltd.,PRIVISCL,Chemicals,Chemicals,13607.69,sectors\chemicals.csv
PCBL Chemical Ltd.,PCBL,Chemicals,Carbon Black,12193.41,sectors\chemicals.csv
Jubilant Ingrevia Ltd.,JUBLINGREA,Chemicals,Chemicals,11754.95,sectors\chemicals.csv
Alkyl Amines Chemicals Ltd.,ALKYLAMINE,Chemicals,Chemicals,9792.19,sectors\chemicals.csv
Elantas Beck India Ltd.,ELANTAS,Chemicals,Chemicals,9354.51,sectors\chemicals.csv
Sudarshan Chemical Industries Ltd.,SUDARSCHEM,Chemicals,Dyes & Pigments,8888.19,sectors\chemicals.csv
Clean Science And Technology Ltd.,CLEAN,Chemicals,Chemicals,8728.45,sectors\chemicals.csv
Gujarat Narmada Valley Fertilizers & Chemicals Ltd,GNFC,Chemicals,Chemicals,8352.84,sectors\chemicals.csv
Tanfac Industries Ltd.,TANFACIND,Chemicals,Chemicals,7517.61,sectors\chemicals.csv
Madhya Bharat Agro Products Ltd.,MBAPL,Chemicals,Fertilizers,7380.82,sectors\chemicals.csv
Sharda Cropchem Ltd.,SHARDACROP,Chemicals,Pesticides & Agrochemicals,7102.61,sectors\chemicals.csv
Balaji Amines Ltd.,BALAMINES,Chemicals,Chemicals,6899.95,sectors\chemicals.csv
Rashtriya Chemicals and Fertilizers Ltd.,RCF,Chemicals,Fertilizers,6846.45,sectors\chemicals.csv
Gujarat State Fertilizers & Chemicals Ltd.,GSFC,Chemicals,Fertilizers,6387.59,sectors\chemicals.csv
Archean Chemical Industries Ltd.,ACI,Chemicals,Chemicals,6226.62,sectors\chemicals.csv
Neogen Chemicals Ltd.,NEOGEN,Chemicals,Chemicals,6038.48,sectors\chemicals.csv
Krishana Phoschem Ltd.,KRISHANA,Chemicals,Fertilizers,5894.64,sectors\chemicals.csv
Indigo Paints Ltd.,INDIGOPNTS,Chemicals,Paints,5489.73,sectors\chemicals.csv
Gujarat Alkalies And Chemicals Ltd.,GUJALKALI,Chemicals,Chemicals,5128.1,sectors\chemicals.csv
Yasho Industries Ltd.,YASHO,Chemicals,Chemicals,5120.11,sectors\chemicals.csv
Fineotex Chemical Ltd.,FCL,Chemicals,Chemicals,5045.78,sectors\chemicals.csv
Laxmi Organic Industries Ltd.,LXCHEM,Chemicals,Chemicals,4895.47,sectors\chemicals.csv
Epigral Ltd.,EPIGRAL,Chemicals,Chemicals,4738.43,sectors\chemicals.csv
Dhanuka Agritech Ltd.,DHANUKA,Chemicals,Pesticides & Agrochemicals,4497.73,sectors\chemicals.csv
Foseco India Ltd.,FOSECOIND,Chemicals,Chemicals,4290.43,sectors\chemicals.csv
Rallis India Ltd.,RALLIS,Chemicals,Pesticides & Agrochemicals,4138.3,sectors\chemicals.csv
Vishnu Chemicals Ltd.,VISHNU,Chemicals,Chemicals,4087.72,sectors\chemicals.csv
Tatva Chintan Pharma Chem Ltd.,TATVA,Chemicals,Chemicals,4021.45,sectors\chemicals.csv
GHCL Ltd.,GHCL,Chemicals,Chemicals,3948.72,sectors\chemicals.csv
NACL Industries Ltd.,NACLIND,Chemicals,Pesticides & Agrochemicals,3911.86,sectors\chemicals.csv
Styrenix Performance Materials Ltd.,STYRENIX,Chemicals,Chemicals,3840.09,sectors\chemicals.csv
Bhagiradha Chemicals & Industries Ltd.,BHAGCHEM,Chemicals,Pesticides & Agrochemicals,3746.79,sectors\chemicals.csv
Jubilant Agri And Consumer Products Ltd.,JUBLCPL,Chemicals,Chemicals,3625.01,sectors\chemicals.csv
National Fertilizers Ltd.,NFL,Chemicals,Fertilizers,3523.33,sectors\chemicals.csv
Premier Explosives Ltd.,PREMEXPLN,Chemicals,Chemicals,3504.96,sectors\chemicals.csv
Bhansali Engineering Polymers Ltd.,BEPL,Chemicals,Chemicals,3078.38,sectors\chemicals.csv
Grauer & Weil (India) Ltd.,GRAUWEIL,Chemicals,Chemicals,3054.63,sectors\chemicals.csv
Chemplast Sanmar Ltd.,CHEMPLASTS,Chemicals,Chemicals,2914.75,sectors\chemicals.csv
Rossari Biotech Ltd.,ROSSARI,Chemicals,Chemicals,2780.51,sectors\chemicals.csv
GSP Crop science Ltd.,GSPCROP,Chemicals,Pesticides & Agrochemicals,2756.47,sectors\chemicals.csv
Nocil Ltd.,NOCIL,Chemicals,Chemicals,2696.62,sectors\chemicals.csv
Kiri Industries Ltd.,KIRIINDUS,Chemicals,Dyes & Pigments,2684.27,sectors\chemicals.csv
JG Chemicals Ltd.,JGCHEM,Chemicals,Chemicals,2376.63,sectors\chemicals.csv
SH Kelkar And Company Ltd.,SHK,Chemicals,Chemicals,2358.0,sectors\chemicals.csv
Bharat Rasayan Ltd.,BHARATRAS,Chemicals,Pesticides & Agrochemicals,2164.31,sectors\chemicals.csv
Camlin Fine Sciences Ltd.,CAMLINFINE,Chemicals,Chemicals,1992.04,sectors\chemicals.csv
GOCL Corporation Ltd.,GOCLCORP,Chemicals,Chemicals,1969.76,sectors\chemicals.csv
Thirumalai Chemicals Ltd.,TIRUMALCHM,Chemicals,Chemicals,1922.21,sectors\chemicals.csv
Insecticides (India) Ltd.,INSECTICID,Chemicals,Pesticides & Agrochemicals,1833.6,sectors\chemicals.csv
Paushak Ltd.,PAUSHAKLTD,Chemicals,Chemicals,1825.23,sectors\chemicals.csv
Indokem Ltd.,INDOKEM,Chemicals,Chemicals,1726.7,sectors\chemicals.csv
Titan Bio-Tech Ltd.,TITANBIO,Chemicals,Chemicals,1698.6,sectors\chemicals.csv
India Pesticides Ltd.,IPL,Chemicals,Pesticides & Agrochemicals,1623.81,sectors\chemicals.csv
Meghmani Organics Ltd.,MOL,Chemicals,Pesticides & Agrochemicals,1608.54,sectors\chemicals.csv
Vidhi Specialty Food Ingredients Ltd.,VIDHIING,Chemicals,Dyes & Pigments,1559.53,sectors\chemicals.csv
Citurgia Biochemicals Ltd.,CITURGIA,Chemicals,Chemicals,1463.62,sectors\chemicals.csv
Nitta Gelatin India Ltd.,NITTAGELA,Chemicals,Chemicals,1459.97,sectors\chemicals.csv
IG Petrochemicals Ltd.,IGPL,Chemicals,Chemicals,1409.63,sectors\chemicals.csv
Southern Petrochemical Industries Corporation Ltd.,SPIC,Chemicals,Fertilizers,1379.87,sectors\chemicals.csv
The Andhra Sugars Ltd.,ANDHRSUGAR,Chemicals,Chemicals,1378.53,sectors\chemicals.csv
Indo Borax & Chemicals Ltd.,INDOBORAX,Chemicals,Chemicals,1365.27,sectors\chemicals.csv
Punjab Chemicals & Crop Protection Ltd.,PUNJABCHEM,Chemicals,Pesticides & Agrochemicals,1346.08,sectors\chemicals.csv
Astec Lifesciences Ltd.,ASTEC,Chemicals,Pesticides & Agrochemicals,1322.71,sectors\chemicals.csv
DCW Ltd.,DCW,Chemicals,Chemicals,1301.04,sectors\chemicals.csv
Excel Industries Ltd.,EXCELINDUS,Chemicals,Pesticides & Agrochemicals,1278.0,sectors\chemicals.csv
Shree Pushkar Chemicals & Fertilisers Ltd.,SHREEPUSHK,Chemicals,Dyes & Pigments,1248.56,sectors\chemicals.csv
Keltech Energies Ltd.,KELENRG,Chemicals,Chemicals,1244.24,sectors\chemicals.csv
Manali Petrochemicals Ltd.,MANALIPETC,Chemicals,Chemicals,1189.55,sectors\chemicals.csv
Platinum Industries Ltd.,PLATIND,Chemicals,Chemicals,1186.38,sectors\chemicals.csv
Oriental Aromatics Ltd.,OAL,Chemicals,Chemicals,1173.0,sectors\chemicals.csv
Ultramarine & Pigments Ltd.,ULTRAMAR,Chemicals,Dyes & Pigments,1161.87,sectors\chemicals.csv
TGV SRACC Ltd.,TGVSL,Chemicals,Chemicals,1138.36,sectors\chemicals.csv
Sunshield Chemicals Ltd.,SUNSHIEL,Chemicals,Chemicals,1106.17,sectors\chemicals.csv
Amines & Plasticizers Ltd.,AMNPLST,Chemicals,Chemicals,1071.79,sectors\chemicals.csv
Madras Fertilizers Ltd.,MADRASFERT,Chemicals,Fertilizers,1051.99,sectors\chemicals.csv
Jyoti Resins & Adhesives Ltd.,JYOTIRES,Chemicals,Chemicals,1044.0,sectors\chemicals.csv
Sacheerome Ltd.,SACHEEROME,Chemicals,Chemicals,1011.7,sectors\chemicals.csv
Sadhana Nitro Chem Ltd.,SADHNANIQ,Chemicals,Chemicals,967.27,sectors\chemicals.csv
Indo Amines Ltd.,INDOAMIN,Chemicals,Chemicals,944.0,sectors\chemicals.csv
Sudarshan Colorants India Ltd.,SUDARCOLOR,Chemicals,Chemicals,937.58,sectors\chemicals.csv
Zuari Agro Chemicals Ltd.,ZUARI,Chemicals,Fertilizers,927.38,sectors\chemicals.csv
Amal Ltd.,AMAL,Chemicals,Chemicals,921.08,sectors\chemicals.csv
Valiant Organics Ltd.,VALIANTORG,Chemicals,Chemicals,913.23,sectors\chemicals.csv
Dharmaj Crop Guard Ltd.,DHARMAJ,Chemicals,Pesticides & Agrochemicals,912.36,sectors\chemicals.csv
Vikram Thermo (India) Ltd.,VIKRAMTH,Chemicals,Chemicals,909.69,sectors\chemicals.csv
Fairchem Organics Ltd.,FAIRCHEMOR,Chemicals,Chemicals,883.22,sectors\chemicals.csv
Bhageria Industries Ltd.,BHAGERIA,Chemicals,Dyes & Pigments,876.38,sectors\chemicals.csv
Gem Aromatics Ltd.,GEMAROMA,Chemicals,Chemicals,874.19,sectors\chemicals.csv
Bodal Chemicals Ltd.,BODALCHEM,Chemicals,Dyes & Pigments,869.9,sectors\chemicals.csv
Sree Rayalaseema Hi-Strength Hypo Ltd.,SRHHYPOLTD,Chemicals,Chemicals,852.15,sectors\chemicals.csv
Ganesh Benzoplast Ltd.,GANESHBE,Chemicals,Chemicals,838.68,sectors\chemicals.csv
Shalimar Paints Ltd.,SHALPAINTS,Chemicals,Paints,770.65,sectors\chemicals.csv
Advance Agrolife Ltd.,ADVANCE,Chemicals,Pesticides & Agrochemicals,761.79,sectors\chemicals.csv
OCCL Ltd.,OCCLLTD,Chemicals,Chemicals,761.74,sectors\chemicals.csv
DMCC Speciality Chemicals Ltd.,DMCC,Chemicals,Chemicals,736.73,sectors\chemicals.csv
Chembond Chemicals Ltd.,CHEMBONDCH,Chemicals,Chemicals,726.61,sectors\chemicals.csv
Beezaasan Explotech Ltd.,BEEZAASAN,Chemicals,Chemicals,713.65,sectors\chemicals.csv
Chemcon Speciality Chemicals Ltd.,CHEMCON,Chemicals,Chemicals,703.31,sectors\chemicals.csv
Tuticorin Alkali Chemicals and Fertilizers Ltd.,TUTIALKA,Chemicals,Chemicals,692.76,sectors\chemicals.csv
Heranba Industries Ltd.,HERANBA,Chemicals,Pesticides & Agrochemicals,679.63,sectors\chemicals.csv
Best Agrolife Ltd.,BESTAGRO,Chemicals,Pesticides & Agrochemicals,673.52,sectors\chemicals.csv
Jayant Agro-Organics Ltd.,JAYAGROGN,Chemicals,Chemicals,669.3,sectors\chemicals.csv
Kanoria Chemicals & Industries Ltd.,KANORICHEM,Chemicals,Chemicals,668.51,sectors\chemicals.csv
Transpek Industry Ltd.,TRANSPEK,Chemicals,Chemicals,637.73,sectors\chemicals.csv
Primo Chemicals Ltd.,PRIMO,Chemicals,Chemicals,620.64,sectors\chemicals.csv
Kronox Lab Sciences Ltd.,KRONOX,Chemicals,Chemicals,559.16,sectors\chemicals.csv
Chemfab Alkalis Ltd.,CHEMFAB,Chemicals,Chemicals,543.33,sectors\chemicals.csv
Aries Agro Ltd.,ARIES,Chemicals,Fertilizers,534.67,sectors\chemicals.csv
Black Rose Industries Ltd.,BLACKROSE,Chemicals,Chemicals,534.48,sectors\chemicals.csv
DIC India Ltd.,DICIND,Chemicals,Chemicals,522.97,sectors\chemicals.csv
Plastiblends India Ltd.,PLASTIBLEN,Chemicals,Chemicals,517.44,sectors\chemicals.csv
Khaitan Chemicals & Fertilizers Ltd.,KHAICHEM,Chemicals,Fertilizers,505.7,sectors\chemicals.csv
Vipul Organics Ltd.,VIPULORG,Chemicals,Dyes & Pigments,466.07,sectors\chemicals.csv
Indogulf Cropsciences Ltd.,IGCL,Chemicals,Pesticides & Agrochemicals,448.57,sectors\chemicals.csv
Mahamaya Lifesciences Ltd.,MAHALIFE,Chemicals,Pesticides & Agrochemicals,435.33,sectors\chemicals.csv
Asahi Songwon Colors Ltd.,ASAHISONG,Chemicals,Dyes & Pigments,429.29,sectors\chemicals.csv
Rama Phosphates Ltd.,RAMAPHO,Chemicals,Fertilizers,425.17,sectors\chemicals.csv
Shivalik Rasayan Ltd.,SHIVALIK,Chemicals,Pesticides & Agrochemicals,419.67,sectors\chemicals.csv
Lords Chloro Alkali Ltd.,LORDSCHLO,Chemicals,Chemicals,399.43,sectors\chemicals.csv
Naperol Investments Ltd.,NAPEROL,Chemicals,Chemicals,393.87,sectors\chemicals.csv
National Peroxide Ltd.,NPL,Chemicals,Chemicals,387.78,sectors\chemicals.csv
Mangalam Organics Ltd.,MANORG,Chemicals,Chemicals,385.31,sectors\chemicals.csv
Andhra Petrochemicals Ltd.,ANDHRAPET,Chemicals,Chemicals,378.89,sectors\chemicals.csv
Infinium Pharmachem Ltd.,INFINIUM,Chemicals,Chemicals,373.61,sectors\chemicals.csv
Ushanti Colour Chem Ltd.,UCL,Chemicals,Dyes & Pigments,361.05,sectors\chemicals.csv
Nikhil Adhesives Ltd.,NIKHILAD,Chemicals,Chemicals,357.44,sectors\chemicals.csv
Alufluoride Ltd.,ALUFLUOR,Chemicals,Chemicals,342.19,sectors\chemicals.csv
Hi-Green Carbon Ltd.,HIGREEN,Chemicals,Carbon Black,339.74,sectors\chemicals.csv
Devson Catalyst Ltd.,DEVSON,Chemicals,Chemicals,337.93,sectors\chemicals.csv
Goa Carbon Ltd.,GOACARBON,Chemicals,Carbon Black,332.64,sectors\chemicals.csv
HP Adhesives Ltd.,HPAL,Chemicals,Chemicals,323.77,sectors\chemicals.csv
Narmada Gelatines Ltd.,SHAWGELTIN,Chemicals,Chemicals,297.61,sectors\chemicals.csv
Dynemic Products Ltd.,DYNPRO,Chemicals,Dyes & Pigments,289.27,sectors\chemicals.csv
Mahickra Chemicals Ltd.,MAHICKRA,Chemicals,Chemicals,288.39,sectors\chemicals.csv
India Gelatine & Chemicals Ltd.,INDGELA,Chemicals,Chemicals,285.22,sectors\chemicals.csv
Poddar Pigments Ltd.,PODDARMENT,Chemicals,Dyes & Pigments,275.86,sectors\chemicals.csv
Hindustan Organic Chemicals Ltd.,HOCL,Chemicals,Chemicals,251.97,sectors\chemicals.csv
Indian Toners & Developers Ltd.,INDTONER,Chemicals,Chemicals,249.3,sectors\chemicals.csv
Diamines & Chemicals Ltd.,DIAMINESQ,Chemicals,Chemicals,244.25,sectors\chemicals.csv
Sanginita Chemicals Ltd.,SANGINITA,Chemicals,Chemicals,243.32,sectors\chemicals.csv
Dai-Ichi Karkaria Ltd.,DAICHI,Chemicals,Chemicals,242.95,sectors\chemicals.csv
Sikko Industries Ltd.,SIKKO,Chemicals,Pesticides & Agrochemicals,242.86,sectors\chemicals.csv
Aksharchem (India) Ltd.,AKSHARCHEM,Chemicals,Dyes & Pigments,240.59,sectors\chemicals.csv
Chembond Material Technologies Ltd.,CHEMBOND,Chemicals,Chemicals,239.38,sectors\chemicals.csv
Cochin Minerals & Rutile Ltd.,COCHINM,Chemicals,Chemicals,233.26,sectors\chemicals.csv
Patel Chem Specialities Ltd.,PATELCHEM,Chemicals,Chemicals,228.88,sectors\chemicals.csv
Nova Agritech Ltd.,NOVAAGRI,Chemicals,Pesticides & Agrochemicals,226.86,sectors\chemicals.csv
DCM Shriram Fine Chemicals Ltd.,DSFCL,Chemicals,Chemicals,222.35,sectors\chemicals.csv
Balaji Phosphates Ltd.,BALAJIPHOS,Chemicals,Fertilizers,211.62,sectors\chemicals.csv
SPEB Adhesives Ltd.,SPEB,Chemicals,Chemicals,204.2,sectors\chemicals.csv
Resonance Specialties Ltd.,RESONANCE,Chemicals,Chemicals,196.25,sectors\chemicals.csv
ARCL Organics Ltd.,ARCL,Chemicals,Chemicals,191.76,sectors\chemicals.csv
ZR2 Bioenergy Ltd.,ZR2,Chemicals,Chemicals,191.11,sectors\chemicals.csv
Arvee Laboratories (India) Ltd.,ARVEE,Chemicals,Chemicals,182.94,sectors\chemicals.csv
Ducol Organics & Colours Ltd.,DUCOL,Chemicals,Dyes & Pigments,182.48,sectors\chemicals.csv
Kesar Petroproducts Ltd.,KESARPE,Chemicals,Chemicals,182.03,sectors\chemicals.csv
Anya Polytech & Fertilizers Ltd.,ANYA,Chemicals,Fertilizers,181.8,sectors\chemicals.csv
IVP Ltd.,IVP,Chemicals,Chemicals,180.92,sectors\chemicals.csv
Jaysynth Orgochem Ltd.,JAYSYNTH,Chemicals,Dyes & Pigments,178.08,sectors\chemicals.csv
Indian Phosphate Ltd.,IPHL,Chemicals,Fertilizers,162.68,sectors\chemicals.csv
Kanchi Karpooram Ltd.,KANCHI,Chemicals,Chemicals,160.7,sectors\chemicals.csv
Shivam Chemicals Ltd.,SHIVAM,Chemicals,Chemicals,160.27,sectors\chemicals.csv
Neochem Bio Solutions Ltd.,NEOCHEM,Chemicals,Chemicals,155.8,sectors\chemicals.csv
Vikas EcoTech Ltd.,VIKASECO,Chemicals,Chemicals,152.72,sectors\chemicals.csv
Polson Ltd.,POLSON,Chemicals,Chemicals,144.57,sectors\chemicals.csv
Nagarjuna Fertilizers and Chemicals Ltd.,NAGAFERT,Chemicals,Fertilizers,144.13,sectors\chemicals.csv
Hindprakash Industries Ltd.,HPIL,Chemicals,Dyes & Pigments,142.86,sectors\chemicals.csv
Crop Life Science Ltd.,CLSL,Chemicals,Pesticides & Agrochemicals,131.98,sectors\chemicals.csv
Ishan Dyes and Chemicals Ltd.,ISHANCH,Chemicals,Dyes & Pigments,131.58,sectors\chemicals.csv
Vital Chemtech Ltd.,VITAL,Chemicals,Chemicals,130.53,sectors\chemicals.csv
Archit Organosys Ltd.,ARCHITORG,Chemicals,Chemicals,130.47,sectors\chemicals.csv
Jocil Ltd.,JOCIL,Chemicals,Chemicals,129.91,sectors\chemicals.csv
Chemcrux Enterprises Ltd.,CHEMCRUX,Chemicals,Chemicals,128.64,sectors\chemicals.csv
Bharat Agri Fert & Realty Ltd.,BHARATAGRI,Chemicals,Fertilizers,120.56,sectors\chemicals.csv
Hindcon Chemicals Ltd.,HINDCON,Chemicals,Chemicals,116.25,sectors\chemicals.csv
Shree Hari Chemicals Export Ltd.,SHHARICH,Chemicals,Chemicals,112.97,sectors\chemicals.csv
Basant Agro Tech (India) Ltd.,BASANTGL,Chemicals,Fertilizers,105.13,sectors\chemicals.csv
Biopol Chemicals Ltd.,BIOPOL,Chemicals,Chemicals,101.73,sectors\chemicals.csv
Renol Polychem Ltd.,RNPL,Chemicals,Chemicals,100.3,sectors\chemicals.csv
Ambani Orgochem Ltd.,AMBANIORGO,Chemicals,Chemicals,99.34,sectors\chemicals.csv
Deepak Chemtex Ltd.,DEEPAKCHEM,Chemicals,Chemicals,96.69,sectors\chemicals.csv
Paragon Fine And Speciality Chemical Ltd.,PARAGON,Chemicals,Chemicals,94.99,sectors\chemicals.csv
Deep Polymers Ltd.,DEEP,Chemicals,Chemicals,85.69,sectors\chemicals.csv
Starbeam Ventures Ltd.,STARBEAM,Chemicals,Fertilizers,83.01,sectors\chemicals.csv
Polychem Ltd.,POLYCHEM,Chemicals,Chemicals,78.43,sectors\chemicals.csv
Technichem Organics Ltd.,TECHNICHEM,Chemicals,Chemicals,77.95,sectors\chemicals.csv
Indian Emulsifiers Ltd.,IEML,Chemicals,Chemicals,77.64,sectors\chemicals.csv
Super Crop Safe Ltd.,SUCROSA,Chemicals,Pesticides & Agrochemicals,76.12,sectors\chemicals.csv
Aristo Bio-Tech and Lifescience Ltd.,ARISTO,Chemicals,Pesticides & Agrochemicals,73.52,sectors\chemicals.csv
Ritesh International Ltd.,RITESHIN,Chemicals,Chemicals,70.13,sectors\chemicals.csv
Sunil Healthcare Ltd.,SUNLOC,Chemicals,Chemicals,69.92,sectors\chemicals.csv
Alkali Metals Ltd.,ALKALI,Chemicals,Chemicals,69.24,sectors\chemicals.csv
Eiko Lifesciences Ltd.,EIKO,Chemicals,Chemicals,69.06,sectors\chemicals.csv
AVSL Industries Ltd.,AVSL,Chemicals,Chemicals,63.81,sectors\chemicals.csv
Teesta Agro Industries Ltd.,TEEAI,Chemicals,Fertilizers,63.31,sectors\chemicals.csv
Retina Paints Ltd.,RETINA,Chemicals,Paints,62.22,sectors\chemicals.csv
Bhaskar Agrochemicals Ltd.,BHASKAGR,Chemicals,Pesticides & Agrochemicals,59.26,sectors\chemicals.csv
Hardcastle & Waud Manufacturing Company Ltd.,HARDCAS,Chemicals,Chemicals,58.1,sectors\chemicals.csv
Shentracon Chemicals Ltd.,SHENTRA,Chemicals,Chemicals,58.1,sectors\chemicals.csv
Mehul Colours Ltd.,MEHUL,Chemicals,Dyes & Pigments,58.01,sectors\chemicals.csv
Agro Phos India Ltd.,AGROPHOS,Chemicals,Fertilizers,55.41,sectors\chemicals.csv
Shreyas Intermediates Ltd.,SHREYASI,Chemicals,Dyes & Pigments,54.34,sectors\chemicals.csv
Dhansa Labs Ltd.,DHANSA,Chemicals,Pesticides & Agrochemicals,54.08,sectors\chemicals.csv
Shlokka Dyes Ltd.,SHLOKKA,Chemicals,Dyes & Pigments,53.46,sectors\chemicals.csv
The Phosphate Company Ltd.,PHOSPHATE,Chemicals,Fertilizers,50.5,sectors\chemicals.csv
Polylink Polymers (India) Ltd.,POLYLINK,Chemicals,Chemicals,48.6,sectors\chemicals.csv
Snehaa Organics Ltd.,SNEHAA,Chemicals,Chemicals,47.84,sectors\chemicals.csv
Vahh Chemicals Ltd.,VAHH,Chemicals,Chemicals,45.27,sectors\chemicals.csv
Aimco Pesticides Ltd.,AIMCOPEST,Chemicals,Pesticides & Agrochemicals,44.7,sectors\chemicals.csv
Camex Ltd.,CAMEXLTD,Chemicals,Dyes & Pigments,40.87,sectors\chemicals.csv
Crestchem Ltd.,CRSTCHM,Chemicals,Chemicals,40.55,sectors\chemicals.csv
Shiva Global Agro Industries Ltd.,SHIVAAGRO,Chemicals,Fertilizers,38.37,sectors\chemicals.csv
Unilex Colours And Chemicals Ltd.,UNILEX,Chemicals,Dyes & Pigments,38.13,sectors\chemicals.csv
Prolife Industries Ltd.,PROLIFE,Chemicals,Dyes & Pigments,37.24,sectors\chemicals.csv
Yug Decor Ltd.,YUG,Chemicals,Chemicals,37.22,sectors\chemicals.csv
Vadivarhe Speciality Chemicals Ltd.,VSCL,Chemicals,Chemicals,35.85,sectors\chemicals.csv
Bhatia Colour Chem Ltd.,BCCL,Chemicals,Chemicals,34.94,sectors\chemicals.csv
Medi-Caps Ltd.,MEDICAPQ,Chemicals,Chemicals,33.78,sectors\chemicals.csv
Seya Industries Ltd.,SEYAIND,Chemicals,Chemicals,33.74,sectors\chemicals.csv
Dynamic Industries Ltd.,DYNAMIND,Chemicals,Dyes & Pigments,33.21,sectors\chemicals.csv
MCON Rasayan India Ltd.,MCON,Chemicals,Chemicals,32.28,sectors\chemicals.csv
TCM Ltd.,TCMLMTD,Chemicals,Chemicals,31.56,sectors\chemicals.csv
Bohra Industries Ltd.,BOHRAIND,Chemicals,Fertilizers,31.42,sectors\chemicals.csv
Haryana Leather Chemicals Ltd.,HARLETH,Chemicals,Chemicals,29.91,sectors\chemicals.csv
Daikaffil Chemicals India Ltd.,DAIKAFFI,Chemicals,Pesticides & Agrochemicals,26.52,sectors\chemicals.csv
Vikram Aroma Ltd.,VIKRAMAR,Chemicals,Chemicals,25.73,sectors\chemicals.csv
Arunaya Organics Ltd.,ARUNAYA,Chemicals,Dyes & Pigments,25.61,sectors\chemicals.csv
Chemiesynth (Vapi) Ltd.,CHEMIESYNT,Chemicals,Chemicals,24.93,sectors\chemicals.csv
Machhar Industries Ltd.,MACIND,Chemicals,Chemicals,24.83,sectors\chemicals.csv
Asian Petroproducts & Exports Ltd.,ASINPET,Chemicals,Chemicals,22.47,sectors\chemicals.csv
Span Divergent Ltd.,SDL,Chemicals,Chemicals,21.96,sectors\chemicals.csv
Tulasee Bio-Ethanol Ltd.,TULASEEBIOE,Chemicals,Chemicals,21.47,sectors\chemicals.csv
Caprolactam Chemicals Ltd.,CAPRO,Chemicals,Chemicals,20.91,sectors\chemicals.csv
Vikas WSP Ltd.,VIKASWSP,Chemicals,Chemicals,19.42,sectors\chemicals.csv
Yasons Chemex Care Ltd.,YCCL,Chemicals,Dyes & Pigments,18.63,sectors\chemicals.csv
Jayshree Chemicals Ltd.,JAYCH,Chemicals,Chemicals,17.86,sectors\chemicals.csv
Vivid Global Industries Ltd.,VIVIDIND,Chemicals,Chemicals,17.24,sectors\chemicals.csv
Organic Coatings Ltd.,ORGCOAT,Chemicals,Chemicals,17.15,sectors\chemicals.csv
Tecil Chemicals & Hydro Power Ltd.,TECILCHEM,Chemicals,Chemicals,16.59,sectors\chemicals.csv
Advance Petrochemicals Ltd.,ADVPETR-B,Chemicals,Chemicals,16.25,sectors\chemicals.csv
Vikas Proppant & Granite Ltd.,VIKASPROP,Chemicals,Chemicals,12.35,sectors\chemicals.csv
Zinema Media & Entertainment Ltd.,ZINEMA,Chemicals,Chemicals,12.09,sectors\chemicals.csv
Link Pharma Chem Ltd.,LINKPH,Chemicals,Chemicals,11.22,sectors\chemicals.csv
CJ Gelatine Products Ltd.,CJGEL,Chemicals,Chemicals,10.83,sectors\chemicals.csv
Sreechem Resins Ltd.,SRECR,Chemicals,Chemicals,10.31,sectors\chemicals.csv
Saptak Chem And Business Ltd.,SCBL,Chemicals,Fertilizers,10.11,sectors\chemicals.csv
Lime Chemicals Ltd.,LIMECHM,Chemicals,Chemicals,9.76,sectors\chemicals.csv
Phyto Chem (India) Ltd.,PHYTO,Chemicals,Pesticides & Agrochemicals,8.47,sectors\chemicals.csv
Indo Euro Indchem Ltd.,INDOEURO,Chemicals,Chemicals,8.06,sectors\chemicals.csv
Rite Zone Chemcon India Ltd.,RITEZONE,Chemicals,Chemicals,7.72,sectors\chemicals.csv
Vellora Impact Ltd.,VELLORA,Chemicals,Dyes & Pigments,6.71,sectors\chemicals.csv
Saianand Commercial Ltd.,SAICOM,Chemicals,Chemicals,5.0,sectors\chemicals.csv
MP Agro Industries Ltd.,MPAGI,Chemicals,Fertilizers,4.64,sectors\chemicals.csv
Revati Media Ltd.,REVAMEDIA,Chemicals,Chemicals,3.66,sectors\chemicals.csv
Indo Gulf Industries Ltd.,IGLFXPL-B,Chemicals,Chemicals,2.85,sectors\chemicals.csv
Omkar Speciality Chemicals Ltd.,OMKARCHEM,Chemicals,Chemicals,0.37,sectors\chemicals.csv
Garodia Chemicals Ltd.,GARODCH,Chemicals,Chemicals,0.28,sectors\chemicals.csv
Ushanti Colour Chem Ltd. - RE,UCL-RE,Chemicals,Chemicals,0.0,sectors\chemicals.csv
Asian Petroproducts And Exports Ltd. - (Rights Entitlements (REs)),ASIANP-RE,Chemicals,Chemicals,0.0,sectors\chemicals.csv
Sikko Industries Ltd. - (Rights Entitlements),SIKKO-RE,Chemicals,Pesticides & Agrochemicals,0.0,sectors\chemicals.csv
UPL Ltd. - (Partly Paid-up Equity Shares),UPLPP1,Chemicals,Pesticides & Agrochemicals,0.0,sectors\chemicals.csv
Camlin Fine Sciences Ltd. - (Rights Entitlements (REs)),CAMLIN-RE,Chemicals,Chemicals,0.0,sectors\chemicals.csv
Vipul Organics Ltd. - (Rights Entitlements (REs)),VIPUL-RE,Chemicals,Dyes & Pigments,0.0,sectors\chemicals.csv
Indra Industries Ltd. - (Rights Entitlements (REs)),INDRA-RE,Chemicals,Fertilizers,0.0,sectors\chemicals.csv
Astec Lifesciences Ltd. - (Rights Entitlements (REs)),ASTEC-RE,Chemicals,Pesticides & Agrochemicals,0.0,sectors\chemicals.csv
Sunshield Chemicals Ltd. - (Rights Entitlements (REs)),SUNSHI-RE,Chemicals,Chemicals,0.0,sectors\chemicals.csv
NACL Industries Ltd. - (Rights Entitlements (REs)),NACL-RE,Chemicals,Pesticides & Agrochemicals,0.0,sectors\chemicals.csv
Yug Decor Ltd. - ( Rights Entitlements (REs) ),YUG-RE1,Chemicals,Chemicals,0.0,sectors\chemicals.csv
Sadhana Nitro Chem Ltd. - (Rights Entitlements (REs1)),SADHNA-RE,Chemicals,Chemicals,0.0,sectors\chemicals.csv
Bluegod Entertainment Ltd. - (Rights Entitlements (REs)),BLUGOD-RE,Chemicals,Fertilizers,0.0,sectors\chemicals.csv
Ultratech Cement Ltd.,ULTRACEMCO,Construction Materials,Cement & Construction Materials,345216.65,sectors\constructionmaterials.csv
Grasim Industries Ltd.,GRASIM,Construction Materials,Cement & Construction Materials,221120.63,sectors\constructionmaterials.csv
Ambuja Cements Ltd.,AMBUJACEM,Construction Materials,Cement & Construction Materials,103741.12,sectors\constructionmaterials.csv
Shree Cement Ltd.,SHREECEM,Construction Materials,Cement & Construction Materials,89179.88,sectors\constructionmaterials.csv
JK Cement Ltd.,JKCEMENT,Construction Materials,Cement & Construction Materials,40985.4,sectors\constructionmaterials.csv
Dalmia Bharat Ltd.,DALBHARAT,Construction Materials,Cement & Construction Materials,34555.28,sectors\constructionmaterials.csv
ACC Ltd.,ACC,Construction Materials,Cement & Construction Materials,24802.0,sectors\constructionmaterials.csv
Asahi India Glass Ltd.,ASAHIINDIA,Construction Materials,Glass,23935.11,sectors\constructionmaterials.csv
The Ramco Cements Ltd.,RAMCOCEM,Construction Materials,Cement & Construction Materials,21428.17,sectors\constructionmaterials.csv
Kajaria Ceramics Ltd.,KAJARIACER,Construction Materials,Ceramics/Marble/Granite/Sanitaryware,19688.45,sectors\constructionmaterials.csv
JSW Cement Ltd.,JSWCEMENT,Construction Materials,Cement & Construction Materials,17730.56,sectors\constructionmaterials.csv
Century Plyboards (India) Ltd.,CENTURYPLY,Construction Materials,Wood & Wood Products,16809.61,sectors\constructionmaterials.csv
Nuvoco Vistas Corporation Ltd.,NUVOCO,Construction Materials,Cement & Construction Materials,11834.37,sectors\constructionmaterials.csv
The India Cements Ltd.,INDIACEM,Construction Materials,Cement & Construction Materials,11627.34,sectors\constructionmaterials.csv
Borosil Renewables Ltd.,BORORENEW,Construction Materials,Glass,8486.61,sectors\constructionmaterials.csv
Star Cement Ltd.,STARCEMENT,Construction Materials,Cement & Construction Materials,8077.55,sectors\constructionmaterials.csv
Cera Sanitaryware Ltd.,CERA,Construction Materials,Ceramics/Marble/Granite/Sanitaryware,7605.55,sectors\constructionmaterials.csv
Birla Corporation Ltd.,BIRLACORPN,Construction Materials,Cement & Construction Materials,6973.22,sectors\constructionmaterials.csv
JK Lakshmi Cement Ltd.,JKLAKSHMI,Construction Materials,Cement & Construction Materials,6814.91,sectors\constructionmaterials.csv
Greenlam Industries Ltd.,GREENLAM,Construction Materials,Laminates/Decoratives,6413.14,sectors\constructionmaterials.csv
Stylam Industries Ltd.,STYLAMIND,Construction Materials,Laminates/Decoratives,6175.11,sectors\constructionmaterials.csv
Prism Johnson Ltd.,PRSMJOHNSN,Construction Materials,Cement & Construction Materials,5290.28,sectors\constructionmaterials.csv
Midwest Energy Ltd.,REMAGNET,Construction Materials,Ceramics/Marble/Granite/Sanitaryware,4456.14,sectors\constructionmaterials.csv
Midwest Ltd.,MIDWESTLTD,Construction Materials,Ceramics/Marble/Granite/Sanitaryware,4084.91,sectors\constructionmaterials.csv
Heidelberg Cement India Ltd.,HEIDELBERG,Construction Materials,Cement & Construction Materials,3589.55,sectors\constructionmaterials.csv
Greenply Industries Ltd.,GREENPLY,Construction Materials,Wood & Wood Products,3503.5,sectors\constructionmaterials.csv
Ramco Industries Ltd.,RAMCOIND,Construction Materials,Cement & Construction Materials,3105.89,sectors\constructionmaterials.csv
Pokarna Ltd.,POKARNA,Construction Materials,Ceramics/Marble/Granite/Sanitaryware,2945.07,sectors\constructionmaterials.csv
Euro Pratik Sales Ltd.,EUROPRATIK,Construction Materials,Laminates/Decoratives,2905.03,sectors\constructionmaterials.csv
Orient Cement Ltd.,ORIENTCEM,Construction Materials,Cement & Construction Materials,2721.32,sectors\constructionmaterials.csv
Mangalam Cement Ltd.,MANGLMCEM,Construction Materials,Cement & Construction Materials,2461.15,sectors\constructionmaterials.csv
Nitco Ltd.,NITCO,Construction Materials,Ceramics/Marble/Granite/Sanitaryware,2359.06,sectors\constructionmaterials.csv
Sagar Cements Ltd.,SAGCEM,Construction Materials,Cement & Construction Materials,2287.38,sectors\constructionmaterials.csv
Somany Ceramics Ltd.,SOMANYCERA,Construction Materials,Ceramics/Marble/Granite/Sanitaryware,2147.23,sectors\constructionmaterials.csv
Greenpanel Industries Ltd.,GREENPANEL,Construction Materials,Wood & Wood Products,2140.46,sectors\constructionmaterials.csv
La Opala RG Ltd.,LAOPALA,Construction Materials,Glass,2132.86,sectors\constructionmaterials.csv
KCP Ltd.,KCP,Construction Materials,Cement & Construction Materials,2020.19,sectors\constructionmaterials.csv
Asian Granito India Ltd.,ASIANTILES,Construction Materials,Ceramics/Marble/Granite/Sanitaryware,1500.16,sectors\constructionmaterials.csv
Borosil Scientific Ltd.,BOROSCI,Construction Materials,Glass,1191.95,sectors\constructionmaterials.csv
BirlaNu Ltd.,BIRLANU,Construction Materials,Cement & Construction Materials,1173.59,sectors\constructionmaterials.csv
Shree Digvijay Cement Company Ltd.,SHREDIGCEM,Construction Materials,Cement & Construction Materials,1066.46,sectors\constructionmaterials.csv
Visaka Industries Ltd.,VISAKAIND,Construction Materials,Cement & Construction Materials,825.51,sectors\constructionmaterials.csv
NCL Industries Ltd.,NCLIND,Construction Materials,Cement & Construction Materials,780.27,sectors\constructionmaterials.csv
Sejal Glass Ltd.,SEJALLTD,Construction Materials,Glass,775.2,sectors\constructionmaterials.csv
Deccan Cements Ltd.,DECCANCE,Construction Materials,Cement & Construction Materials,768.24,sectors\constructionmaterials.csv
Oriental Rail Infrastructure Ltd.,ORIRAIL,Construction Materials,Wood & Wood Products,737.31,sectors\constructionmaterials.csv
Everest Industries Ltd.,EVERESTIND,Construction Materials,Cement & Construction Materials,716.44,sectors\constructionmaterials.csv
Saurashtra Cement Ltd.,SAURASHCEM,Construction Materials,Cement & Construction Materials,670.62,sectors\constructionmaterials.csv
Haldyn Glass Ltd.,HALDYNGL,Construction Materials,Glass,666.52,sectors\constructionmaterials.csv
Bigbloc Construction Ltd.,BIGBLOC,Construction Materials,Cement & Construction Materials,635.39,sectors\constructionmaterials.csv
Orient Bell Ltd.,ORIENTBELL,Construction Materials,Ceramics/Marble/Granite/Sanitaryware,514.87,sectors\constructionmaterials.csv
Rushil Decor Ltd.,RUSHIL,Construction Materials,Laminates/Decoratives,506.73,sectors\constructionmaterials.csv
Shiva Cement Ltd.,SHIVACEM,Construction Materials,Cement & Construction Materials,497.96,sectors\constructionmaterials.csv
Megamont Ltd.,MEGAMONT,Construction Materials,Wood & Wood Products,460.52,sectors\constructionmaterials.csv
Andhra Cements Ltd.,ACL,Construction Materials,Cement & Construction Materials,424.08,sectors\constructionmaterials.csv
Sahyadri Industries Ltd.,SAHYADRI,Construction Materials,Cement & Construction Materials,394.61,sectors\constructionmaterials.csv
Kesoram Industries Ltd.,KESORAMIND,Construction Materials,Cement & Construction Materials,368.45,sectors\constructionmaterials.csv
Clay Craft India Ltd.,CLAYCRAFT,Construction Materials,Ceramics/Marble/Granite/Sanitaryware,332.42,sectors\constructionmaterials.csv
Marble City India Ltd.,MARBLE,Construction Materials,Ceramics/Marble/Granite/Sanitaryware,315.88,sectors\constructionmaterials.csv
Anjani Portland Cement Ltd.,APCL,Construction Materials,Cement & Construction Materials,306.67,sectors\constructionmaterials.csv
Agarwal Toughened Glass India Ltd.,AGARWALTUF,Construction Materials,Glass,274.44,sectors\constructionmaterials.csv
Exxaro Tiles Ltd.,EXXARO,Construction Materials,Ceramics/Marble/Granite/Sanitaryware,274.26,sectors\constructionmaterials.csv
Interiors & More Ltd.,INM,Construction Materials,Laminates/Decoratives,229.52,sectors\constructionmaterials.csv
Durlax Top Surface Ltd.,DURLAX,Construction Materials,Ceramics/Marble/Granite/Sanitaryware,196.59,sectors\constructionmaterials.csv
Archidply Industries Ltd.,ARCHIDPLY,Construction Materials,Wood & Wood Products,184.72,sectors\constructionmaterials.csv
Murudeshwar Ceramics Ltd.,MURUDCERA,Construction Materials,Ceramics/Marble/Granite/Sanitaryware,184.3,sectors\constructionmaterials.csv
Shri Keshav Cements & Infra Ltd.,SKCIL,Construction Materials,Cement & Construction Materials,178.72,sectors\constructionmaterials.csv
Glittek Granites Ltd.,GLITTEKG,Construction Materials,Ceramics/Marble/Granite/Sanitaryware,175.62,sectors\constructionmaterials.csv
Esprit Stones Ltd.,ESPRIT,Construction Materials,Ceramics/Marble/Granite/Sanitaryware,149.23,sectors\constructionmaterials.csv
Ecoboard Industries Ltd.,ECOBOAR,Construction Materials,Wood & Wood Products,146.9,sectors\constructionmaterials.csv
Kanoria Energy & Infrastructure Ltd.,KEIL,Construction Materials,Cement & Construction Materials,145.0,sectors\constructionmaterials.csv
The Western Indian Plywoods Ltd.,WIPL,Construction Materials,Laminates/Decoratives,142.57,sectors\constructionmaterials.csv
Global Surfaces Ltd.,GSLSU,Construction Materials,Ceramics/Marble/Granite/Sanitaryware,137.95,sectors\constructionmaterials.csv
Airo Lam Ltd.,AIROLAM,Construction Materials,Laminates/Decoratives,130.95,sectors\constructionmaterials.csv
Duroply Industries Ltd.,DUROPLY,Construction Materials,Wood & Wood Products,109.73,sectors\constructionmaterials.csv
Manilam Industries India Ltd.,MANILAM,Construction Materials,Laminates/Decoratives,102.69,sectors\constructionmaterials.csv
Sylvan Plyboard (India) Ltd.,SYLVANPLY,Construction Materials,Wood & Wood Products,96.87,sectors\constructionmaterials.csv
Regency Ceramics Ltd.,REGENCERAM,Construction Materials,Ceramics/Marble/Granite/Sanitaryware,96.25,sectors\constructionmaterials.csv
Pacific Industries Ltd.,PACIFICI,Construction Materials,Ceramics/Marble/Granite/Sanitaryware,93.74,sectors\constructionmaterials.csv
Barak Valley Cements Ltd.,BVCL,Construction Materials,Cement & Construction Materials,90.43,sectors\constructionmaterials.csv
Kakatiya Cement Sugar & Industries Ltd.,KAKATCEM,Construction Materials,Cement & Construction Materials,85.24,sectors\constructionmaterials.csv
Panyam Cements & Mineral Industries Ltd.,PANCM,Construction Materials,Cement & Construction Materials,81.86,sectors\constructionmaterials.csv
Banaras Beads Ltd.,BANARBEADS,Construction Materials,Glass,74.49,sectors\constructionmaterials.csv
Milton Industries Ltd.,MILTON,Construction Materials,Laminates/Decoratives,65.6,sectors\constructionmaterials.csv
Alkosign Ltd.,ALKOSIGN,Construction Materials,Wood & Wood Products,65.08,sectors\constructionmaterials.csv
Restile Ceramics Ltd.,RESTILE,Construction Materials,Ceramics/Marble/Granite/Sanitaryware,62.11,sectors\constructionmaterials.csv
Ravileela Granites Ltd.,RALEGRA,Construction Materials,Ceramics/Marble/Granite/Sanitaryware,61.35,sectors\constructionmaterials.csv
Bheema Cements Ltd.,BHEEMACEM,Construction Materials,Cement & Construction Materials,52.67,sectors\constructionmaterials.csv
Elegant Marbles & Grani Industries Ltd.,ELEMARB,Construction Materials,Ceramics/Marble/Granite/Sanitaryware,50.96,sectors\constructionmaterials.csv
Divyashakti Ltd.,DIVSHKT,Construction Materials,Ceramics/Marble/Granite/Sanitaryware,50.37,sectors\constructionmaterials.csv
Ganga Bath Fittings Ltd.,GANGABATH,Construction Materials,Ceramics/Marble/Granite/Sanitaryware,49.86,sectors\constructionmaterials.csv
Priti International Ltd.,PRITI,Construction Materials,Wood & Wood Products,47.79,sectors\constructionmaterials.csv
Aro Granite Industries Ltd.,AROGRANITE,Construction Materials,Ceramics/Marble/Granite/Sanitaryware,39.14,sectors\constructionmaterials.csv
Archidply Decor Ltd.,ADL,Construction Materials,Wood & Wood Products,38.71,sectors\constructionmaterials.csv
Oriental Trimex Ltd.,ORIENTALTL,Construction Materials,Ceramics/Marble/Granite/Sanitaryware,38.15,sectors\constructionmaterials.csv
Alfa Ica (India) Ltd.,ALFAICA,Construction Materials,Laminates/Decoratives,35.31,sectors\constructionmaterials.csv
Srichakra Cement Ltd.,SRICC,Construction Materials,Cement & Construction Materials,34.12,sectors\constructionmaterials.csv
Jai Mata Glass Ltd.,JAIMATAG,Construction Materials,Glass,33.1,sectors\constructionmaterials.csv
Keerthi Industries Ltd.,KEERTHI,Construction Materials,Cement & Construction Materials,32.44,sectors\constructionmaterials.csv
Madhav Marbles And Granites Ltd.,MADHAV,Construction Materials,Ceramics/Marble/Granite/Sanitaryware,32.12,sectors\constructionmaterials.csv
Burnpur Cement Ltd.,BURNPUR,Construction Materials,Cement & Construction Materials,31.56,sectors\constructionmaterials.csv
Neelkanth Rockminerals Ltd.,NEELKAN,Construction Materials,Ceramics/Marble/Granite/Sanitaryware,29.91,sectors\constructionmaterials.csv
Lexus Granito (India) Ltd.,LEXUS,Construction Materials,Ceramics/Marble/Granite/Sanitaryware,28.21,sectors\constructionmaterials.csv
Pratik Panels Ltd.,PRATIK,Construction Materials,Wood & Wood Products,25.37,sectors\constructionmaterials.csv
Deco-Mica Ltd.,DECOMIC,Construction Materials,Laminates/Decoratives,24.57,sectors\constructionmaterials.csv
Inani Marbles & Industries Ltd.,INANI,Construction Materials,Ceramics/Marble/Granite/Sanitaryware,16.55,sectors\constructionmaterials.csv
Shiva Granito Export Ltd.,SHIVAEXPO,Construction Materials,Ceramics/Marble/Granite/Sanitaryware,15.52,sectors\constructionmaterials.csv
Solid Stone Company Ltd.,SOLIDSTON,Construction Materials,Ceramics/Marble/Granite/Sanitaryware,13.45,sectors\constructionmaterials.csv
Suncare Traders Ltd.,SCTL,Construction Materials,Laminates/Decoratives,11.47,sectors\constructionmaterials.csv
Mayur Floorings Ltd.,MAYURFL,Construction Materials,Ceramics/Marble/Granite/Sanitaryware,8.95,sectors\constructionmaterials.csv
Triveni Glass Ltd.,TRIVENIGQ,Construction Materials,Glass,8.52,sectors\constructionmaterials.csv
RCC Cements Ltd.,RCCEMEN,Construction Materials,Cement & Construction Materials,8.37,sectors\constructionmaterials.csv
Milestone Global Ltd.,MILESTONE,Construction Materials,Cement & Construction Materials,8.28,sectors\constructionmaterials.csv
National Plywood Industries Ltd.,NATPLY,Construction Materials,Wood & Wood Products,6.9,sectors\constructionmaterials.csv
Jain Marmo Industries Ltd.,JAINMARMO,Construction Materials,Ceramics/Marble/Granite/Sanitaryware,6.89,sectors\constructionmaterials.csv
Bloom Dekor Ltd.,BLOOM,Construction Materials,Wood & Wood Products,4.56,sectors\constructionmaterials.csv
Ambition Mica Ltd.,AMBITION,Construction Materials,Laminates/Decoratives,4.42,sectors\constructionmaterials.csv
Vaishno Cement Company Ltd.,VAICC,Construction Materials,Cement & Construction Materials,2.43,sectors\constructionmaterials.csv
LG Electronics India Ltd.,LGEINDIA,Consumer Durables,Consumer Durables - Electronics,117556.59,sectors\consumerdurables.csv
Dixon Technologies (India) Ltd.,DIXON,Consumer Durables,Consumer Durables - Electronics,86448.86,sectors\consumerdurables.csv
Voltas Ltd.,VOLTAS,Consumer Durables,Air Conditioners,43842.23,sectors\consumerdurables.csv
Honeywell Automation India Ltd.,HONAUT,Consumer Durables,Consumer Durables - Electronics,32915.75,sectors\consumerdurables.csv
Blue Star Ltd.,BLUESTARCO,Consumer Durables,Air Conditioners,30978.95,sectors\consumerdurables.csv
Netweb Technologies India Ltd.,NETWEB,Consumer Durables,IT - Hardware,28503.08,sectors\consumerdurables.csv
Amber Enterprises India Ltd.,AMBER,Consumer Durables,Air Conditioners,25470.38,sectors\consumerdurables.csv
PG Electroplast Ltd.,PGEL,Consumer Durables,Consumer Durables - Domestic Appliances,17234.1,sectors\consumerdurables.csv
Crompton Greaves Consumer Electricals Ltd.,CROMPTON,Consumer Durables,Consumer Durables - Domestic Appliances,15840.31,sectors\consumerdurables.csv
Whirlpool Of India Ltd.,WHIRLPOOL,Consumer Durables,Consumer Durables - Domestic Appliances,9884.58,sectors\consumerdurables.csv
Eureka Forbes Ltd.,EUREKAFORB,Consumer Durables,Consumer Durables - Domestic Appliances,8578.16,sectors\consumerdurables.csv
TTK Prestige Ltd.,TTKPRESTIG,Consumer Durables,Consumer Durables - Domestic Appliances,8168.68,sectors\consumerdurables.csv
IFB Industries Ltd.,IFBIND,Consumer Durables,Consumer Durables - Electronics,5612.66,sectors\consumerdurables.csv
Timex Group India Ltd.,TIMEX,Consumer Durables,Watches & Accessories,5296.85,sectors\consumerdurables.csv
KDDL Ltd.,KDDL,Consumer Durables,Watches & Accessories,4831.9,sectors\consumerdurables.csv
Bosch Home Comfort India Ltd.,BOSCH-HCIL,Consumer Durables,Air Conditioners,4506.89,sectors\consumerdurables.csv
Hawkins Cookers Ltd.,HAWKINCOOK,Consumer Durables,Consumer Durables - Domestic Appliances,4416.2,sectors\consumerdurables.csv
Bajaj Electricals Ltd.,BAJAJELEC,Consumer Durables,Consumer Durables - Domestic Appliances,4184.14,sectors\consumerdurables.csv
Orient Electric Ltd.,ORIENTELEC,Consumer Durables,Consumer Durables - Domestic Appliances,4001.68,sectors\consumerdurables.csv
Borosil Ltd.,BOROLTD,Consumer Durables,Consumer Durables - Domestic Appliances,2851.57,sectors\consumerdurables.csv
Schneider Electric President Systems Ltd.,SELECTRIC,Consumer Durables,IT - Hardware,2576.27,sectors\consumerdurables.csv
Stove Kraft Ltd.,STOVEKRAFT,Consumer Durables,Consumer Durables - Domestic Appliances,2486.69,sectors\consumerdurables.csv
Nelco Ltd.,NELCO,Consumer Durables,IT - Hardware,2342.19,sectors\consumerdurables.csv
EPACK Durable Ltd.,EPACK,Consumer Durables,Air Conditioners,2074.2,sectors\consumerdurables.csv
Wonder Electricals Ltd.,WEL,Consumer Durables,Consumer Durables - Electronics,1941.78,sectors\consumerdurables.csv
Ivalue Infosolutions Ltd.,IVALUE,Consumer Durables,IT - Hardware,1528.72,sectors\consumerdurables.csv
Onida Electronics Ltd.,ONIDA,Consumer Durables,Consumer Durables - Electronics,1325.87,sectors\consumerdurables.csv
Butterfly Gandhimathi Appliances Ltd.,BUTTERFLY,Consumer Durables,Consumer Durables - Domestic Appliances,1214.83,sectors\consumerdurables.csv
Safe Enterprises Retail Fixtures Ltd.,SAFEENTP,Consumer Durables,Consumer Durables - Domestic Appliances,1113.38,sectors\consumerdurables.csv
Control Print Ltd.,CONTROLPR,Consumer Durables,IT - Hardware,932.62,sectors\consumerdurables.csv
TVS Electronics Ltd.,TVSELECT,Consumer Durables,IT - Hardware,844.11,sectors\consumerdurables.csv
Panache Digilife Ltd.,PANACHE,Consumer Durables,IT - Hardware,840.33,sectors\consumerdurables.csv
Unified Data- Tech Solutions Ltd.,UNIFIED,Consumer Durables,IT - Hardware,755.39,sectors\consumerdurables.csv
Foce India Ltd.,FOCE,Consumer Durables,Watches & Accessories,657.61,sectors\consumerdurables.csv
DC Infotech and Communication Ltd.,DCI,Consumer Durables,IT - Hardware,595.81,sectors\consumerdurables.csv
Singer India Ltd.,SINGERIND,Consumer Durables,Consumer Durables - Domestic Appliances,518.97,sectors\consumerdurables.csv
Elin Electronics Ltd.,ELIN,Consumer Durables,Consumer Durables - Electronics,504.3,sectors\consumerdurables.csv
Arham Technologies Ltd.,ARHAM,Consumer Durables,Consumer Durables - Electronics,413.34,sectors\consumerdurables.csv
HCL Infosystems Ltd.,HCL-INSYS,Consumer Durables,IT - Hardware,372.99,sectors\consumerdurables.csv
Sharp India Ltd.,SHARP,Consumer Durables,Consumer Durables - Electronics,312.5,sectors\consumerdurables.csv
Purple Wave Infocom Ltd.,PURPLEWAVE,Consumer Durables,Consumer Durables - Electronics,275.67,sectors\consumerdurables.csv
Empower India Ltd.,EMPOWER,Consumer Durables,IT - Hardware,243.23,sectors\consumerdurables.csv
Sonam Ltd.,SONAMLTD,Consumer Durables,Watches & Accessories,221.7,sectors\consumerdurables.csv
Umiya Buildcon Ltd.,UMIYA-MRO,Consumer Durables,IT - Hardware,166.46,sectors\consumerdurables.csv
Inflame Appliances Ltd.,INFLAME,Consumer Durables,Consumer Durables - Domestic Appliances,158.81,sectors\consumerdurables.csv
Greenchef Appliances Ltd.,GREENCHEF,Consumer Durables,Consumer Durables - Domestic Appliances,110.89,sectors\consumerdurables.csv
Calcom Vision Ltd.,CALCOM,Consumer Durables,Consumer Durables - Electronics,106.04,sectors\consumerdurables.csv
Accel Ltd.,ACCEL,Consumer Durables,IT - Hardware,72.55,sectors\consumerdurables.csv
Khaitan (India) Ltd.,KHAITANLTD,Consumer Durables,Consumer Durables - Electronics,66.5,sectors\consumerdurables.csv
Mangal Compusolution Ltd.,MANGALCOMP,Consumer Durables,IT - Hardware,58.51,sectors\consumerdurables.csv
PCS Technology Ltd.,PCS,Consumer Durables,IT - Hardware,40.33,sectors\consumerdurables.csv
Comrade Appliances Ltd.,COMRADE,Consumer Durables,Consumer Durables - Domestic Appliances,33.06,sectors\consumerdurables.csv
ECS Biztech Ltd.,ECS,Consumer Durables,IT - Hardware,27.13,sectors\consumerdurables.csv
Gorani Industries Ltd.,GORANIN,Consumer Durables,Consumer Durables - Domestic Appliances,25.47,sectors\consumerdurables.csv
ACI Infocom Ltd.,ACIIN,Consumer Durables,IT - Hardware,22.65,sectors\consumerdurables.csv
Thakral Services (India) Ltd.,THAKRAL,Consumer Durables,Consumer Durables - Electronics,13.89,sectors\consumerdurables.csv
Catvision Ltd.,CATVISION,Consumer Durables,Consumer Durables - Electronics,10.88,sectors\consumerdurables.csv
Universal Office Automation Ltd.,UNIOFFICE,Consumer Durables,IT - Hardware,10.26,sectors\consumerdurables.csv
Compuage Infocom Ltd.,COMPINFO,Consumer Durables,IT - Hardware,9.43,sectors\consumerdurables.csv
International Data Management Ltd.,IDM,Consumer Durables,IT - Hardware,8.27,sectors\consumerdurables.csv
VXL Instruments Ltd.,VXLINSTR,Consumer Durables,IT - Hardware,5.1,sectors\consumerdurables.csv
Mirc Electronics Ltd. - (Rights Entitlements (REs)),MIRC-RE,Consumer Durables,Consumer Durables - Electronics,0.0,sectors\consumerdurables.csv
Reliance Industries Ltd.,RELIANCE,Crude Oil,Refineries,1770056.06,sectors\crudeoil.csv
Oil & Natural Gas Corporation Ltd.,ONGC,Crude Oil,Oil Exploration,297397.8,sectors\crudeoil.csv
Indian Oil Corporation Ltd.,IOC,Crude Oil,Refineries,196850.06,sectors\crudeoil.csv
Bharat Petroleum Corporation Ltd.,BPCL,Crude Oil,Refineries,138072.94,sectors\crudeoil.csv
Hindustan Petroleum Corporation Ltd.,HINDPETRO,Crude Oil,Refineries,79367.78,sectors\crudeoil.csv
Oil India Ltd.,OIL,Crude Oil,Oil Exploration,76434.3,sectors\crudeoil.csv
Mangalore Refinery And Petrochemicals Ltd.,MRPL,Crude Oil,Refineries,29890.57,sectors\crudeoil.csv
Chennai Petroleum Corporation Ltd.,CHENNPETRO,Crude Oil,Refineries,19691.3,sectors\crudeoil.csv
Supreme Petrochem Ltd.,SPLPETRO,Crude Oil,Petrochemicals,13660.26,sectors\crudeoil.csv
Rain Industries Ltd.,RAIN,Crude Oil,Petrochemicals,7031.31,sectors\crudeoil.csv
Deep Industries Ltd.,DEEPINDS,Crude Oil,Oil Exploration,4280.96,sectors\crudeoil.csv
Antelopus Selan Energy Ltd.,ANTELOPUS,Crude Oil,Oil Exploration,2758.14,sectors\crudeoil.csv
Dolphin Offshore Enterprises (India) Ltd.,DOLPHIN,Crude Oil,Oil Exploration,2023.63,sectors\crudeoil.csv
Hindustan Oil Exploration Company Ltd.,HINDOILEXP,Crude Oil,Oil Exploration,2010.76,sectors\crudeoil.csv
Asian Energy Services Ltd.,ASIANENE,Crude Oil,Oil Exploration,1818.92,sectors\crudeoil.csv
Gujarat Natural Resources Ltd.,GNRL,Crude Oil,Oil Exploration,1709.06,sectors\crudeoil.csv
Jindal Drilling & Industries Ltd.,JINDRILL,Crude Oil,Oil Exploration,1702.93,sectors\crudeoil.csv
Tamilnadu Petroproducts Ltd.,TNPETRO,Crude Oil,Petrochemicals,998.5,sectors\crudeoil.csv
Kothari Petrochemicals Ltd.,KOTHARIPET,Crude Oil,Petrochemicals,846.92,sectors\crudeoil.csv
Agarwal Industrial Corporation Ltd.,AGARIND,Crude Oil,Petrochemicals,722.98,sectors\crudeoil.csv
Neptune Petrochemicals Ltd.,NEPTUNE,Crude Oil,Petrochemicals,401.65,sectors\crudeoil.csv
Multibase India Ltd.,MULTIBASE,Crude Oil,Petrochemicals,244.39,sectors\crudeoil.csv
Aban Offshore Ltd.,ABAN,Crude Oil,Oil Exploration,106.63,sectors\crudeoil.csv
Aakash Exploration Services Ltd.,AAKASH,Crude Oil,Oil Exploration,89.0,sectors\crudeoil.csv
Continental Petroleums Ltd.,CONTPTR,Crude Oil,Refineries,71.03,sectors\crudeoil.csv
Nexxus Petro Industries Ltd.,NEXXUS,Crude Oil,Petrochemicals,56.99,sectors\crudeoil.csv
Greenhitech Ventures Ltd.,GVL,Crude Oil,Petrochemicals,51.96,sectors\crudeoil.csv
Duke Offshore Ltd.,DUKEOFS,Crude Oil,Oil Exploration,45.89,sectors\crudeoil.csv
SVC Industries Ltd.,SVCIND,Crude Oil,Petrochemicals,38.82,sectors\crudeoil.csv
Gujarat Natural Resources Ltd. - (Rights Entitlements (REs)),GNRL-RE,Crude Oil,Oil Exploration,0.0,sectors\crudeoil.csv
Titan Company Ltd.,TITAN,Diamond & Jewellery,Diamond  &  Jewellery,450906.59,sectors\diamondjewellery.csv
Kalyan Jewellers India Ltd.,KALYANKJIL,Diamond & Jewellery,Diamond  &  Jewellery,62817.08,sectors\diamondjewellery.csv
Thangamayil Jewellery Ltd.,THANGAMAYL,Diamond & Jewellery,Diamond  &  Jewellery,16872.1,sectors\diamondjewellery.csv
Bluestone Jewellery And Lifestyle Ltd.,BLUESTONE,Diamond & Jewellery,Diamond  &  Jewellery,12918.02,sectors\diamondjewellery.csv
Sky Gold and Diamonds Ltd.,SKYGOLD,Diamond & Jewellery,Diamond  &  Jewellery,11972.53,sectors\diamondjewellery.csv
PC Jeweller Ltd.,PCJEWELLER,Diamond & Jewellery,Diamond  &  Jewellery,9410.81,sectors\diamondjewellery.csv
PN Gadgil Jewellers Ltd.,PNGJL,Diamond & Jewellery,Diamond  &  Jewellery,8983.77,sectors\diamondjewellery.csv
Senco Gold Ltd.,SENCO,Diamond & Jewellery,Diamond  &  Jewellery,5598.86,sectors\diamondjewellery.csv
Goldiam International Ltd.,GOLDIAM,Diamond & Jewellery,Diamond  &  Jewellery,5490.07,sectors\diamondjewellery.csv
Vaibhav Global Ltd.,VAIBHAVGBL,Diamond & Jewellery,Diamond  &  Jewellery,3819.17,sectors\diamondjewellery.csv
D.P. Abhushan Ltd.,DPABHUSHAN,Diamond & Jewellery,Diamond  &  Jewellery,3259.37,sectors\diamondjewellery.csv
Rajesh Exports Ltd.,RAJESHEXPO,Diamond & Jewellery,Diamond  &  Jewellery,2406.66,sectors\diamondjewellery.csv
Shringar House of Mangalsutra Ltd.,SHRINGARMS,Diamond & Jewellery,Diamond  &  Jewellery,2157.19,sectors\diamondjewellery.csv
Khazanchi Jewellers Ltd.,KHAZANCHI,Diamond & Jewellery,Diamond  &  Jewellery,1961.07,sectors\diamondjewellery.csv
Motisons Jewellers Ltd.,MOTISONS,Diamond & Jewellery,Diamond  &  Jewellery,1907.6,sectors\diamondjewellery.csv
Shanti Gold International Ltd.,SHANTIGOLD,Diamond & Jewellery,Diamond  &  Jewellery,1899.3,sectors\diamondjewellery.csv
Tribhovandas Bhimji Zaveri Ltd.,TBZ,Diamond & Jewellery,Diamond  &  Jewellery,1676.94,sectors\diamondjewellery.csv
Renaissance Global Ltd.,RGL,Diamond & Jewellery,Diamond  &  Jewellery,1326.35,sectors\diamondjewellery.csv
Utssav CZ Gold Jewels Ltd.,UTSSAV,Diamond & Jewellery,Diamond  &  Jewellery,1267.9,sectors\diamondjewellery.csv
Asian Star Company Ltd.,ASTAR,Diamond & Jewellery,Diamond  &  Jewellery,961.21,sectors\diamondjewellery.csv
Radhika Jeweltech Ltd.,RADHIKAJWE,Diamond & Jewellery,Diamond  &  Jewellery,817.86,sectors\diamondjewellery.csv
Advit Jewels Ltd.,RAMBHAJO,Diamond & Jewellery,Diamond  &  Jewellery,814.04,sectors\diamondjewellery.csv
SJ Corporation Ltd.,SJCORP,Diamond & Jewellery,Diamond  &  Jewellery,776.49,sectors\diamondjewellery.csv
RBZ Jewellers Ltd.,RBZJEWEL,Diamond & Jewellery,Diamond  &  Jewellery,566.6,sectors\diamondjewellery.csv
Uday Jewellery Industries Ltd.,UDAYJEW,Diamond & Jewellery,Diamond  &  Jewellery,480.15,sectors\diamondjewellery.csv
Grover Jewells Ltd.,GJL,Diamond & Jewellery,Diamond  &  Jewellery,332.72,sectors\diamondjewellery.csv
Pushpa Jewellers Ltd.,PUSHPA,Diamond & Jewellery,Diamond  &  Jewellery,278.56,sectors\diamondjewellery.csv
SILGO Retail Ltd.,SILGO,Diamond & Jewellery,Diamond  &  Jewellery,223.2,sectors\diamondjewellery.csv
Golkunda Diamonds & Jewellery Ltd.,GOLKUNDIA,Diamond & Jewellery,Diamond  &  Jewellery,200.08,sectors\diamondjewellery.csv
SMR Jewels Ltd.,SMR,Diamond & Jewellery,Diamond  &  Jewellery,162.34,sectors\diamondjewellery.csv
Goldkart Jewels Ltd.,GOLDKART,Diamond & Jewellery,Diamond  &  Jewellery,159.46,sectors\diamondjewellery.csv
Ashapuri Gold Ornament Ltd.,AGOL,Diamond & Jewellery,Diamond  &  Jewellery,132.99,sectors\diamondjewellery.csv
Yaashvi Jewellers Ltd.,YAASHVI,Diamond & Jewellery,Diamond  &  Jewellery,132.78,sectors\diamondjewellery.csv
Patdiam Jewellery Ltd.,PJL,Diamond & Jewellery,Diamond  &  Jewellery,131.67,sectors\diamondjewellery.csv
Mini Diamonds (India) Ltd.,MINID,Diamond & Jewellery,Diamond  &  Jewellery,120.67,sectors\diamondjewellery.csv
Retaggio Industries Ltd.,RETAGGIO,Diamond & Jewellery,Diamond  &  Jewellery,100.39,sectors\diamondjewellery.csv
AJC Jewel Manufacturers Ltd.,AJCJEWEL,Diamond & Jewellery,Diamond  &  Jewellery,93.91,sectors\diamondjewellery.csv
Moksh Ornaments Ltd.,MOKSH,Diamond & Jewellery,Diamond  &  Jewellery,92.93,sectors\diamondjewellery.csv
Dev Labtech Venture Ltd.,DEVLAB,Diamond & Jewellery,Diamond  &  Jewellery,90.44,sectors\diamondjewellery.csv
Swarnsarita Jewels India Ltd.,SWARNSAR,Diamond & Jewellery,Diamond  &  Jewellery,69.69,sectors\diamondjewellery.csv
Royal India Corporation Ltd.,ROYALIND,Diamond & Jewellery,Diamond  &  Jewellery,64.06,sectors\diamondjewellery.csv
Zodiac-JRD-MKJ Ltd.,ZODJRDMKJ,Diamond & Jewellery,Diamond  &  Jewellery,40.94,sectors\diamondjewellery.csv
Eighty Jewellers Ltd.,EIGHTY,Diamond & Jewellery,Diamond  &  Jewellery,38.66,sectors\diamondjewellery.csv
Kanani Industries Ltd.,KANANIIND,Diamond & Jewellery,Diamond  &  Jewellery,28.49,sectors\diamondjewellery.csv
Deep Health AI India Ltd.,DEEPAI,Diamond & Jewellery,Diamond  &  Jewellery,28.4,sectors\diamondjewellery.csv
Goenka Diamond and Jewels Ltd.,GOENKA,Diamond & Jewellery,Diamond  &  Jewellery,26.63,sectors\diamondjewellery.csv
Orosil Smiths India Ltd.,OROSMITHS,Diamond & Jewellery,Diamond  &  Jewellery,26.48,sectors\diamondjewellery.csv
Kenvi Jewels Ltd.,KENVI,Diamond & Jewellery,Diamond  &  Jewellery,24.52,sectors\diamondjewellery.csv
Koura Fine Diamond Jewelry Ltd.,KOURA,Diamond & Jewellery,Diamond  &  Jewellery,24.45,sectors\diamondjewellery.csv
Shubhlaxmi Jewel Art Ltd.,SHUBHLAXMI,Diamond & Jewellery,Diamond  &  Jewellery,20.2,sectors\diamondjewellery.csv
Sovereign Diamonds Ltd.,SOVERDIA,Diamond & Jewellery,Diamond  &  Jewellery,15.36,sectors\diamondjewellery.csv
Varyaa Creations Ltd.,VARYAA,Diamond & Jewellery,Diamond  &  Jewellery,13.41,sectors\diamondjewellery.csv
Shukra Bullions Ltd.,SKRABUL,Diamond & Jewellery,Diamond  &  Jewellery,12.56,sectors\diamondjewellery.csv
Kenrik Industries Ltd.,KENRIK,Diamond & Jewellery,Diamond  &  Jewellery,8.8,sectors\diamondjewellery.csv
Neogem India Ltd.,NOGMIND,Diamond & Jewellery,Diamond  &  Jewellery,3.2,sectors\diamondjewellery.csv
Turner Industries Ltd.,LADIAMO,Diamond & Jewellery,Diamond  &  Jewellery,0.28,sectors\diamondjewellery.csv
Moksh Ornaments Ltd. - (Rights Entitlement),MOKSH-RE,Diamond & Jewellery,Diamond  &  Jewellery,0.0,sectors\diamondjewellery.csv
Nibe Ordnance And Maritime Ltd. - (Rights Entitlements (REs)),NIBOR-RE,Diamond & Jewellery,Diamond  &  Jewellery,0.0,sectors\diamondjewellery.csv
Zodiac-Jrd-Mkj Ltd. - (Rights Entitlements (REs)),ZODJRD-RE,Diamond & Jewellery,Diamond  &  Jewellery,0.0,sectors\diamondjewellery.csv
Deep Diamond India Ltd. - (Rights Entitlements (REs)),DEEP-RE,Diamond & Jewellery,Diamond  &  Jewellery,0.0,sectors\diamondjewellery.csv
Starlineps Enterprises Ltd. - (Rights Entitlements (REs)),STAR-RE,Diamond & Jewellery,Diamond  &  Jewellery,0.0,sectors\diamondjewellery.csv
UH Zaveri Ltd. - (Rights Entitlements (REs)),UHZAVE-RE,Diamond & Jewellery,Diamond  &  Jewellery,0.0,sectors\diamondjewellery.csv
Darshan Orna Ltd. - Rights Entitlements (REs),751055,Diamond & Jewellery,Diamond  &  Jewellery,0.0,sectors\diamondjewellery.csv
Silgo Retail Ltd. - (Partly paid-up Rights),SILGOPP,Diamond & Jewellery,Diamond  &  Jewellery,0.0,sectors\diamondjewellery.csv
Shanti Gold International Ltd. - (Rights Entitlements (REs)),SHANTI-RE,Diamond & Jewellery,Diamond  &  Jewellery,0.0,sectors\diamondjewellery.csv
3M India Ltd.,3MINDIA,Diversified,Diversified,39746.72,sectors\diversified.csv
DCM Shriram Ltd.,DCMSHRIRAM,Diversified,Diversified,15949.78,sectors\diversified.csv
Hindustan Foods Ltd.,HNDFDS,Diversified,Diversified,7171.01,sectors\diversified.csv
Balmer Lawrie & Company Ltd.,BALMLAWRIE,Diversified,Diversified,2960.93,sectors\diversified.csv
TTK Healthcare Ltd.,TTKHLTCARE,Diversified,Diversified,1639.68,sectors\diversified.csv
Kothari Industrial Corporation Ltd.,KOTIC,Diversified,Diversified,1585.76,sectors\diversified.csv
Empire Industries Ltd.,EMPIND,Diversified,Diversified,650.37,sectors\diversified.csv
Gillanders Arbuthnot & Company Ltd.,GILLANDERS,Diversified,Diversified,189.95,sectors\diversified.csv
TCI Industries Ltd.,TCIIND,Diversified,Diversified,117.48,sectors\diversified.csv
ANI Integrated Services Ltd.,AISL,Diversified,Diversified,67.79,sectors\diversified.csv
Indrayani Biotech Ltd.,INDRANIB,Diversified,Diversified,61.36,sectors\diversified.csv
Krypton Industries Ltd.,KRYPTONQ,Diversified,Diversified,53.38,sectors\diversified.csv
BIL Vyapar Ltd.,BILVYAPAR,Diversified,Diversified,13.02,sectors\diversified.csv
Vishvprabha Ventures Ltd.,VISVEN,Diversified,Diversified,12.84,sectors\diversified.csv
BNR Udyog Ltd.,BNRUDY,Diversified,Diversified,10.89,sectors\diversified.csv
Finelistings Technologies Ltd.,FTL,Diversified,Diversified,4.51,sectors\diversified.csv
Polycab India Ltd.,POLYCAB,Electricals,Cable,139812.83,sectors\electricals.csv
KEI Industries Ltd.,KEI,Electricals,Cable,54492.34,sectors\electricals.csv
Sterlite Technologies Ltd.,STLTECH,Electricals,Cable,33273.18,sectors\electricals.csv
RR Kabel Ltd.,RRKABEL,Electricals,Cable,31493.1,sectors\electricals.csv
Syrma SGS Technology Ltd.,SYRMA,Electricals,Electronics - Components,28182.18,sectors\electricals.csv
Kaynes Technology India Ltd.,KAYNES,Electricals,Electronics - Components,24534.68,sectors\electricals.csv
Diamond Power Infrastructure Ltd.,DIACABS,Electricals,Cable,22056.86,sectors\electricals.csv
Finolex Cables Ltd.,FINCABLES,Electricals,Cable,19031.01,sectors\electricals.csv
Fujiyama Power Systems Ltd.,UTLSOLAR,Electricals,Electronics - Components,13008.03,sectors\electricals.csv
Avalon Technologies Ltd.,AVALON,Electricals,Electronics - Components,12984.2,sectors\electricals.csv
Precision Wires India Ltd.,PRECWIRE,Electricals,Cable,8356.99,sectors\electricals.csv
Vikram Solar Ltd.,VIKRAMSOLR,Electricals,Electronics - Components,5803.11,sectors\electricals.csv
Universal Cables Ltd.,UNIVCABLES,Electricals,Cable,5701.15,sectors\electricals.csv
Cyient DLM Ltd.,CYIENTDLM,Electricals,Electronics - Components,5513.97,sectors\electricals.csv
Saatvik Green Energy Ltd.,SAATVIKGL,Electricals,Electronics - Components,5424.21,sectors\electricals.csv
V-Marc India Ltd.,VMARCIND,Electricals,Cable,5359.85,sectors\electricals.csv
Centum Electronics Ltd.,CENTUM,Electricals,Electronics - Components,5220.81,sectors\electricals.csv
Laser Power & Infra Ltd.,LASERPOWER,Electricals,Cable,4246.14,sectors\electricals.csv
Websol Energy System Ltd.,WEBELSOLAR,Electricals,Electronics - Components,3692.56,sectors\electricals.csv
Aimtron Electronics Ltd.,AIMTRON,Electricals,Electronics - Components,3607.95,sectors\electricals.csv
Kernex Microsystems (India) Ltd.,KERNEX,Electricals,Electronics - Components,3401.56,sectors\electricals.csv
Advait Energy Transitions Ltd.,ADVAIT,Electricals,Cable,2301.75,sectors\electricals.csv
Modern Insulators Ltd.,MODINSU,Electricals,Electronics - Components,2199.26,sectors\electricals.csv
Insolation Energy Ltd.,INA,Electricals,Electronics - Components,2185.78,sectors\electricals.csv
Dynamic Cables Ltd.,DYCL,Electricals,Cable,2182.33,sectors\electricals.csv
Paramount Communications Ltd.,PARACABLES,Electricals,Cable,2137.86,sectors\electricals.csv
Vinyas Innovative Technologies Ltd.,VINYAS,Electricals,Electronics - Components,1741.16,sectors\electricals.csv
IKIO Technologies Ltd.,IKIO,Electricals,Electronics - Components,1583.87,sectors\electricals.csv
Quadrant Future Tek Ltd.,QUADFUTURE,Electricals,Cable,1443.4,sectors\electricals.csv
RIR Power Electronics Ltd.,RIR,Electricals,Electronics - Components,1321.3,sectors\electricals.csv
Indosolar Ltd.,WAAREEINDO,Electricals,Electronics - Components,1235.84,sectors\electricals.csv
Hindusthan Insulators & Industries Ltd.,HIIL,Electricals,Electronics - Components,973.08,sectors\electricals.csv
Swelect Energy Systems Ltd.,SWELECTES,Electricals,Electronics - Components,935.9,sectors\electricals.csv
Birla Cable Ltd.,BIRLACABLE,Electricals,Cable,870.75,sectors\electricals.csv
Sahasra Electronic Solutions Ltd.,SAHASRA,Electricals,Electronics - Components,792.65,sectors\electricals.csv
CWD Ltd.,CWD,Electricals,Electronics - Components,703.28,sectors\electricals.csv
SPEL Semiconductor Ltd.,SPELS,Electricals,Electronics - Components,679.31,sectors\electricals.csv
Merritronix Ltd.,MRTX,Electricals,Electronics - Components,578.84,sectors\electricals.csv
Susan Electricals India Ltd.,SUSAN,Electricals,Cable,552.18,sectors\electricals.csv
Delton Cables Ltd.,DLTNCBL,Electricals,Cable,530.11,sectors\electricals.csv
Australian Premium Solar (India) Ltd.,APS,Electricals,Electronics - Components,493.82,sectors\electricals.csv
JD Cables Ltd.,JDCABLES,Electricals,Cable,470.53,sectors\electricals.csv
BCC Fuba India Ltd.,BCCFUBA,Electricals,Electronics - Components,450.01,sectors\electricals.csv
Prime Cable Industries Ltd.,PRIMECAB,Electricals,Cable,326.17,sectors\electricals.csv
Cords Cable Industries Ltd.,CORDSCABLE,Electricals,Cable,282.6,sectors\electricals.csv
Plaza Wires Ltd.,PLAZACABLE,Electricals,Cable,250.22,sectors\electricals.csv
Cosmo Ferrites Ltd.,COSMOFE,Electricals,Electronics - Components,250.1,sectors\electricals.csv
IC Electricals Company Ltd.,ICELCO,Electricals,Electronics - Components,245.07,sectors\electricals.csv
BPL Ltd.,BPL,Electricals,Electronics - Components,242.67,sectors\electricals.csv
Bhadora Industries Ltd.,BHADORA,Electricals,Cable,196.04,sectors\electricals.csv
Eppeltone Engineers Ltd.,EEPL,Electricals,Electronics - Components,181.56,sectors\electricals.csv
Aegeus Technologies Ltd.,AEGEUS,Electricals,Electronics - Components,125.74,sectors\electricals.csv
Surana Solar Ltd.,SURANASOL,Electricals,Electronics - Components,125.18,sectors\electricals.csv
Richa Info Systems Ltd.,RICHA,Electricals,Electronics - Components,123.87,sectors\electricals.csv
Aksh Optifibre Ltd.,AKSHOPTFBR,Electricals,Cable,108.84,sectors\electricals.csv
Highness Microelectronics Ltd.,HIGHNESS,Electricals,Electronics - Components,102.24,sectors\electricals.csv
DCG Cables & Wires Ltd.,DCG,Electricals,Cable,99.73,sectors\electricals.csv
Reganto Enterprises Ltd.,REGANTO,Electricals,Electronics - Components,88.07,sectors\electricals.csv
Ultracab (India) Ltd.,ULTRACAB,Electricals,Cable,78.94,sectors\electricals.csv
Edvenswa Enterprises Ltd.,EDVENSWA,Electricals,Electronics - Components,63.14,sectors\electricals.csv
Marco Cables & Conductors Ltd.,MARCO,Electricals,Cable,59.74,sectors\electricals.csv
Gujarat Poly Electronics Ltd.,GUJARATPOLY,Electricals,Electronics - Components,56.89,sectors\electricals.csv
Jigar Cables Ltd.,JIGAR,Electricals,Cable,54.07,sectors\electricals.csv
Ultra Wiring Connectivity Systems Ltd.,UWCSL,Electricals,Electronics - Components,52.45,sectors\electricals.csv
Clenon Enterprises Ltd.,CLENON,Electricals,Cable,49.2,sectors\electricals.csv
Pulz Electronics Ltd.,PULZ,Electricals,Electronics - Components,49.18,sectors\electricals.csv
Electro Force (India) Ltd.,EFORCE,Electricals,Electronics - Components,49.14,sectors\electricals.csv
Incap Ltd.,INCAP,Electricals,Electronics - Components,44.57,sectors\electricals.csv
Tamilnadu Telecommunications Ltd.,TNTELE,Electricals,Cable,41.57,sectors\electricals.csv
Cybele Industries Ltd.,CYBELEIND,Electricals,Cable,41.09,sectors\electricals.csv
Relicab Cable Manufacturing Ltd.,RELICAB,Electricals,Cable,38.18,sectors\electricals.csv
Fine-Line Circuits Ltd.,FINELINE,Electricals,Electronics - Components,31.25,sectors\electricals.csv
Samtel India Ltd.,SAMTELIN,Electricals,Electronics - Components,29.06,sectors\electricals.csv
Containe Technologies Ltd.,CONTAINE,Electricals,Electronics - Components,17.48,sectors\electricals.csv
Magnus Steel And Infra Ltd.,MAGNUS,Electricals,Cable,12.78,sectors\electricals.csv
Pan Electronics (India) Ltd.,PANELEC,Electricals,Electronics - Components,9.8,sectors\electricals.csv
Continental Controls Ltd.,CONTICON,Electricals,Electronics - Components,8.81,sectors\electricals.csv
SGN Telecoms Ltd.,SGNTE,Electricals,Cable,5.09,sectors\electricals.csv
CMI Ltd.,CMICABLES,Electricals,Cable,4.47,sectors\electricals.csv
Ultracab (India) Ltd. - (Rights Entitlements (REs)),ULTACA-RE,Electricals,Cable,0.0,sectors\electricals.csv
Magnus Steeland Infra Ltd. - (Rights Entitlements (REs)),MAGNUS-RE,Electricals,Cable,0.0,sectors\electricals.csv
BCC Fuba India Ltd. - (Rights Entitlements (REs)),BCCFUBA-RE,Electricals,Electronics - Components,0.0,sectors\electricals.csv
BCC Fuba India Ltd. - (Partly Paid-up),BCCPP,Electricals,Electronics - Components,0.0,sectors\electricals.csv
Hindustan Unilever Ltd.,HINDUNILVR,Fast Moving Consumer Goods,Household & Personal Products,490888.35,sectors\fastmovingconsumergoods.csv
ITC Ltd.,ITC,Fast Moving Consumer Goods,Cigarettes/Tobacco,347826.75,sectors\fastmovingconsumergoods.csv
Nestle India Ltd.,NESTLEIND,Fast Moving Consumer Goods,Consumer Food,289285.71,sectors\fastmovingconsumergoods.csv
Varun Beverages Ltd.,VBL,Fast Moving Consumer Goods,Consumer Food,147509.29,sectors\fastmovingconsumergoods.csv
Britannia Industries Ltd.,BRITANNIA,Fast Moving Consumer Goods,Consumer Food,133681.9,sectors\fastmovingconsumergoods.csv
Marico Ltd.,MARICO,Fast Moving Consumer Goods,Edible Oil,112440.39,sectors\fastmovingconsumergoods.csv
Godrej Consumer Products Ltd.,GODREJCP,Fast Moving Consumer Goods,Household & Personal Products,95781.34,sectors\fastmovingconsumergoods.csv
Dabur India Ltd.,DABUR,Fast Moving Consumer Goods,Household & Personal Products,72306.49,sectors\fastmovingconsumergoods.csv
Colgate-Palmolive (India) Ltd.,COLPAL,Fast Moving Consumer Goods,Household & Personal Products,53883.07,sectors\fastmovingconsumergoods.csv
Cupid Ltd.,CUPID,Fast Moving Consumer Goods,Household & Personal Products,39492.68,sectors\fastmovingconsumergoods.csv
Patanjali Foods Ltd.,PATANJALI,Fast Moving Consumer Goods,Edible Oil,38410.23,sectors\fastmovingconsumergoods.csv
Godfrey Phillips India Ltd.,GODFRYPHLP,Fast Moving Consumer Goods,Cigarettes/Tobacco,33490.84,sectors\fastmovingconsumergoods.csv
Jubilant FoodWorks Ltd.,JUBLFOOD,Fast Moving Consumer Goods,Consumer Food,33137.43,sectors\fastmovingconsumergoods.csv
Procter & Gamble Hygiene and Health Care Ltd.,PGHH,Fast Moving Consumer Goods,Household & Personal Products,27368.46,sectors\fastmovingconsumergoods.csv
AWL Agri Business Ltd.,AWL,Fast Moving Consumer Goods,Edible Oil,24986.32,sectors\fastmovingconsumergoods.csv
Gillette India Ltd.,GILLETTE,Fast Moving Consumer Goods,Household & Personal Products,24761.51,sectors\fastmovingconsumergoods.csv
Hatsun Agro Product Ltd.,HATSUN,Fast Moving Consumer Goods,Consumer Food,21883.9,sectors\fastmovingconsumergoods.csv
Devyani International Ltd.,DEVYANI,Fast Moving Consumer Goods,Consumer Food,17766.66,sectors\fastmovingconsumergoods.csv
Emami Ltd.,EMAMILTD,Fast Moving Consumer Goods,Household & Personal Products,17588.77,sectors\fastmovingconsumergoods.csv
Zydus Wellness Ltd.,ZYDUSWELL,Fast Moving Consumer Goods,Consumer Food,16235.74,sectors\fastmovingconsumergoods.csv
Bikaji Foods International Ltd.,BIKAJI,Fast Moving Consumer Goods,Consumer Food,15376.41,sectors\fastmovingconsumergoods.csv
LT Foods Ltd.,LTFOODS,Fast Moving Consumer Goods,Consumer Food,14570.73,sectors\fastmovingconsumergoods.csv
DOMS Industries Ltd.,DOMS,Fast Moving Consumer Goods,Printing & Stationery,13444.59,sectors\fastmovingconsumergoods.csv
Avanti Feeds Ltd.,AVANTIFEED,Fast Moving Consumer Goods,Animal Feed,11725.3,sectors\fastmovingconsumergoods.csv
Godrej Agrovet Ltd.,GODREJAGRO,Fast Moving Consumer Goods,Animal Feed,11138.6,sectors\fastmovingconsumergoods.csv
Manorama Industries Ltd.,MANORAMA,Fast Moving Consumer Goods,Consumer Food,10976.98,sectors\fastmovingconsumergoods.csv
Galaxy Surfactants Ltd.,GALAXYSURF,Fast Moving Consumer Goods,Household & Personal Products,8883.54,sectors\fastmovingconsumergoods.csv
KRBL Ltd.,KRBL,Fast Moving Consumer Goods,Consumer Food,8844.31,sectors\fastmovingconsumergoods.csv
Kwality Wall's (India) Ltd.,KWIL,Fast Moving Consumer Goods,Consumer Food,8451.48,sectors\fastmovingconsumergoods.csv
EPL Ltd.,EPL,Fast Moving Consumer Goods,Packaging,7842.89,sectors\fastmovingconsumergoods.csv
Sheela Foam Ltd.,SFL,Fast Moving Consumer Goods,Household & Personal Products,7643.69,sectors\fastmovingconsumergoods.csv
Sapphire Foods India Ltd.,SAPPHIRE,Fast Moving Consumer Goods,Consumer Food,7544.46,sectors\fastmovingconsumergoods.csv
Orkla India Ltd.,ORKLAINDIA,Fast Moving Consumer Goods,Consumer Food,7524.82,sectors\fastmovingconsumergoods.csv
Mrs. Bectors Food Specialities Ltd.,BECTORFOOD,Fast Moving Consumer Goods,Consumer Food,7376.98,sectors\fastmovingconsumergoods.csv
Safari Industries (India) Ltd.,SAFARI,Fast Moving Consumer Goods,Household & Personal Products,7335.63,sectors\fastmovingconsumergoods.csv
Jyothy Labs Ltd.,JYOTHYLAB,Fast Moving Consumer Goods,Household & Personal Products,7320.42,sectors\fastmovingconsumergoods.csv
Gokul Agro Resources Ltd.,GOKULAGRO,Fast Moving Consumer Goods,Edible Oil,6838.63,sectors\fastmovingconsumergoods.csv
Dodla Dairy Ltd,DODLA,Fast Moving Consumer Goods,Consumer Food,6690.66,sectors\fastmovingconsumergoods.csv
Bajaj Consumer Care Ltd.,BAJAJCON,Fast Moving Consumer Goods,Household & Personal Products,6542.67,sectors\fastmovingconsumergoods.csv
Vadilal Industries Ltd.,VADILALIND,Fast Moving Consumer Goods,Consumer Food,5561.84,sectors\fastmovingconsumergoods.csv
AGI Greenpac Ltd.,AGI,Fast Moving Consumer Goods,Packaging,4550.49,sectors\fastmovingconsumergoods.csv
CIAN Agro Industries & Infrastructure Ltd.,CIANAGRO,Fast Moving Consumer Goods,Edible Oil,4092.24,sectors\fastmovingconsumergoods.csv
Wakefit Innovations Ltd.,WAKEFIT,Fast Moving Consumer Goods,Household & Personal Products,4019.05,sectors\fastmovingconsumergoods.csv
TCPL Packaging Ltd.,TCPLPACK,Fast Moving Consumer Goods,Packaging,3728.36,sectors\fastmovingconsumergoods.csv
VST Industries Ltd.,VSTIND,Fast Moving Consumer Goods,Cigarettes/Tobacco,3657.96,sectors\fastmovingconsumergoods.csv
Gopal Snacks Ltd.,GOPAL,Fast Moving Consumer Goods,Consumer Food,3392.81,sectors\fastmovingconsumergoods.csv
Carysil Ltd.,CARYSIL,Fast Moving Consumer Goods,Household & Personal Products,3354.95,sectors\fastmovingconsumergoods.csv
Heritage Foods Ltd.,HERITGFOOD,Fast Moving Consumer Goods,Consumer Food,3330.45,sectors\fastmovingconsumergoods.csv
Mayur Uniquoters Ltd.,MAYURUNIQ,Fast Moving Consumer Goods,Leather,3238.74,sectors\fastmovingconsumergoods.csv
ADF Foods Ltd.,ADFFOODS,Fast Moving Consumer Goods,Consumer Food,2893.81,sectors\fastmovingconsumergoods.csv
Prataap Snacks Ltd.,DIAMONDYD,Fast Moving Consumer Goods,Consumer Food,2859.64,sectors\fastmovingconsumergoods.csv
Flair Writing Industries Ltd.,FLAIR,Fast Moving Consumer Goods,Printing & Stationery,2672.3,sectors\fastmovingconsumergoods.csv
Parag Milk Foods Ltd.,PARAGMILK,Fast Moving Consumer Goods,Consumer Food,2672.09,sectors\fastmovingconsumergoods.csv
Tasty Bite Eatables Ltd.,TASTYBITE,Fast Moving Consumer Goods,Consumer Food,2565.67,sectors\fastmovingconsumergoods.csv
Knack Packaging Ltd.,KNACK,Fast Moving Consumer Goods,Packaging,2537.85,sectors\fastmovingconsumergoods.csv
Sundrop Brands Ltd.,SUNDROP,Fast Moving Consumer Goods,Edible Oil,2502.88,sectors\fastmovingconsumergoods.csv
Mold-Tek Packaging Ltd.,MOLDTKPAC,Fast Moving Consumer Goods,Packaging,2306.42,sectors\fastmovingconsumergoods.csv
Sanstar Ltd.,SANSTAR,Fast Moving Consumer Goods,Consumer Food,2228.99,sectors\fastmovingconsumergoods.csv
Huhtamaki India Ltd.,HUHTAMAKI,Fast Moving Consumer Goods,Packaging,2093.09,sectors\fastmovingconsumergoods.csv
Anondita Medicare Ltd.,ANONDITA,Fast Moving Consumer Goods,Household & Personal Products,2021.81,sectors\fastmovingconsumergoods.csv
Amir Chand Jagdish Kumar (Exports) Ltd.,AEROPLANE,Fast Moving Consumer Goods,Consumer Food,1977.32,sectors\fastmovingconsumergoods.csv
GRM Overseas Ltd.,GRMOVER,Fast Moving Consumer Goods,Consumer Food,1855.77,sectors\fastmovingconsumergoods.csv
Chaman Lal Setia Exports Ltd.,CLSEL,Fast Moving Consumer Goods,Consumer Food,1381.87,sectors\fastmovingconsumergoods.csv
Belding India Ltd.,BELDING,Fast Moving Consumer Goods,Packaging,1380.27,sectors\fastmovingconsumergoods.csv
SKM Egg Products Export (India) Ltd.,SKMEGGPROD,Fast Moving Consumer Goods,Consumer Food,1366.26,sectors\fastmovingconsumergoods.csv
Arrow Greentech Ltd.,ARROWGREEN,Fast Moving Consumer Goods,Packaging,1226.65,sectors\fastmovingconsumergoods.csv
HMA Agro Industries Ltd.,HMAAGRO,Fast Moving Consumer Goods,Consumer Food,1213.37,sectors\fastmovingconsumergoods.csv
Bhartiya International Ltd.,BIL,Fast Moving Consumer Goods,Leather,1114.74,sectors\fastmovingconsumergoods.csv
BCL Industries Ltd.,BCLIND,Fast Moving Consumer Goods,Edible Oil,1051.08,sectors\fastmovingconsumergoods.csv
Krishival Foods Ltd.,KRISHIVAL,Fast Moving Consumer Goods,Consumer Food,1042.94,sectors\fastmovingconsumergoods.csv
Shri Ahimsa Naturals Ltd.,SHRIAHIMSA,Fast Moving Consumer Goods,Consumer Food,936.86,sectors\fastmovingconsumergoods.csv
Vadilal Enterprises Ltd.,VADILENT,Fast Moving Consumer Goods,Consumer Food,893.9,sectors\fastmovingconsumergoods.csv
Oricon Enterprises Ltd.,ORICONENT,Fast Moving Consumer Goods,Packaging,830.31,sectors\fastmovingconsumergoods.csv
Kokuyo Camlin Ltd.,KOKUYOCMLN,Fast Moving Consumer Goods,Printing & Stationery,821.49,sectors\fastmovingconsumergoods.csv
Parin Enterprises Ltd.,PARIN,Fast Moving Consumer Goods,Household & Personal Products,809.39,sectors\fastmovingconsumergoods.csv
Lotus Chocolate Company Ltd.,LOTUSCHO,Fast Moving Consumer Goods,Consumer Food,799.23,sectors\fastmovingconsumergoods.csv
Mukka Proteins Ltd.,MUKKA,Fast Moving Consumer Goods,Animal Feed,793.5,sectors\fastmovingconsumergoods.csv
Stanley Lifestyles Ltd.,STANLEY,Fast Moving Consumer Goods,Household & Personal Products,780.34,sectors\fastmovingconsumergoods.csv
Apis India Ltd.,APIS,Fast Moving Consumer Goods,Consumer Food,763.15,sectors\fastmovingconsumergoods.csv
Euro India Fresh Foods Ltd.,EIFFL,Fast Moving Consumer Goods,Consumer Food,694.01,sectors\fastmovingconsumergoods.csv
Sheetal Cool Products Ltd.,SCPL,Fast Moving Consumer Goods,Consumer Food,687.86,sectors\fastmovingconsumergoods.csv
KSE Ltd.,KSE,Fast Moving Consumer Goods,Animal Feed,665.44,sectors\fastmovingconsumergoods.csv
Ganesh Consumer Products Ltd.,GANESHCP,Fast Moving Consumer Goods,Consumer Food,650.04,sectors\fastmovingconsumergoods.csv
Proventus Agrocom Ltd.,PROV,Fast Moving Consumer Goods,Consumer Food,642.34,sectors\fastmovingconsumergoods.csv
Pyramid Technoplast Ltd.,PYRAMID,Fast Moving Consumer Goods,Packaging,598.49,sectors\fastmovingconsumergoods.csv
Linc Ltd.,LINC,Fast Moving Consumer Goods,Printing & Stationery,586.27,sectors\fastmovingconsumergoods.csv
KN Agri Resources Ltd.,KNAGRI,Fast Moving Consumer Goods,Consumer Food,564.75,sectors\fastmovingconsumergoods.csv
Aarti Surfactants Ltd.,AARTISURF,Fast Moving Consumer Goods,Household & Personal Products,558.83,sectors\fastmovingconsumergoods.csv
Modi Naturals Ltd.,MODINATUR,Fast Moving Consumer Goods,Edible Oil,532.26,sectors\fastmovingconsumergoods.csv
Nurture Well Industries Ltd.,NWIL,Fast Moving Consumer Goods,Consumer Food,529.71,sectors\fastmovingconsumergoods.csv
Sukhjit Starch & Chemicals Ltd.,SUKHJITS,Fast Moving Consumer Goods,Consumer Food,499.9,sectors\fastmovingconsumergoods.csv
Pajson Agro India Ltd.,PAJSON,Fast Moving Consumer Goods,Consumer Food,454.76,sectors\fastmovingconsumergoods.csv
Sarveshwar Foods Ltd.,SARVESHWAR,Fast Moving Consumer Goods,Consumer Food,426.14,sectors\fastmovingconsumergoods.csv
Foods & Inns Ltd.,FOODSIN,Fast Moving Consumer Goods,Consumer Food,418.62,sectors\fastmovingconsumergoods.csv
Kriti Nutrients Ltd.,KRITINUT,Fast Moving Consumer Goods,Edible Oil,412.35,sectors\fastmovingconsumergoods.csv
Shreeji Global FMCG Ltd.,SHETHJI,Fast Moving Consumer Goods,Consumer Food,388.06,sectors\fastmovingconsumergoods.csv
Gokul Refoils and Solvent Ltd.,GOKUL,Fast Moving Consumer Goods,Edible Oil,383.8,sectors\fastmovingconsumergoods.csv
Halder Venture Ltd.,HALDER,Fast Moving Consumer Goods,Consumer Food,377.5,sectors\fastmovingconsumergoods.csv
UVS Hospitality and Services Ltd.,UVS,Fast Moving Consumer Goods,Consumer Food,377.25,sectors\fastmovingconsumergoods.csv
Mishtann Foods Ltd.,MISHTANN,Fast Moving Consumer Goods,Consumer Food,368.54,sectors\fastmovingconsumergoods.csv
Madhusudan Masala Ltd.,MADHUSUDAN,Fast Moving Consumer Goods,Consumer Food,361.99,sectors\fastmovingconsumergoods.csv
Creative Graphics Solutions India Ltd.,CGRAPHICS,Fast Moving Consumer Goods,Packaging,357.0,sectors\fastmovingconsumergoods.csv
Megastar Foods Ltd.,MEGASTAR,Fast Moving Consumer Goods,Consumer Food,351.23,sectors\fastmovingconsumergoods.csv
Hoac Foods India Ltd.,HOACFOODS,Fast Moving Consumer Goods,Consumer Food,348.97,sectors\fastmovingconsumergoods.csv
Annapurna Swadisht Ltd.,ANNAPURNA,Fast Moving Consumer Goods,Consumer Food,332.97,sectors\fastmovingconsumergoods.csv
Sayaji Industries Ltd.,SAYAJIIND,Fast Moving Consumer Goods,Consumer Food,304.88,sectors\fastmovingconsumergoods.csv
Sawaliya Food Products Ltd.,SAWALIYA,Fast Moving Consumer Goods,Consumer Food,282.37,sectors\fastmovingconsumergoods.csv
GLEN Industries Ltd.,GLEN,Fast Moving Consumer Goods,Packaging,280.24,sectors\fastmovingconsumergoods.csv
Coastal Corporation Ltd.,COASTCORP,Fast Moving Consumer Goods,Consumer Food,278.16,sectors\fastmovingconsumergoods.csv
Chatha Foods Ltd.,CHATHA,Fast Moving Consumer Goods,Consumer Food,273.47,sectors\fastmovingconsumergoods.csv
Integrated Proteins Ltd.,INTEGFD,Fast Moving Consumer Goods,Consumer Food,264.8,sectors\fastmovingconsumergoods.csv
Aveer Foods Ltd.,AVEER,Fast Moving Consumer Goods,Consumer Food,261.41,sectors\fastmovingconsumergoods.csv
RFBL Flexi Pack Ltd.,RFBL,Fast Moving Consumer Goods,Packaging,235.48,sectors\fastmovingconsumergoods.csv
The Indian Wood Products Company Ltd.,IWP,Fast Moving Consumer Goods,Cigarettes/Tobacco,229.66,sectors\fastmovingconsumergoods.csv
Vijay Solvex Ltd.,VIJSOLX,Fast Moving Consumer Goods,Edible Oil,228.39,sectors\fastmovingconsumergoods.csv
Shivashrit Foods Ltd.,SHIVASHRIT,Fast Moving Consumer Goods,Consumer Food,228.36,sectors\fastmovingconsumergoods.csv
NTC Industries Ltd.,NTCIND,Fast Moving Consumer Goods,Cigarettes/Tobacco,210.53,sectors\fastmovingconsumergoods.csv
Milkfood Ltd.,MLKFOOD,Fast Moving Consumer Goods,Consumer Food,204.85,sectors\fastmovingconsumergoods.csv
Ovobel Foods Ltd.,OVOBELE,Fast Moving Consumer Goods,Consumer Food,202.98,sectors\fastmovingconsumergoods.csv
Mother Nutri Foods Ltd.,MNFL,Fast Moving Consumer Goods,Consumer Food,202.44,sectors\fastmovingconsumergoods.csv
Transteel Seating Technologies Ltd.,TRANSTEEL,Fast Moving Consumer Goods,Household & Personal Products,201.59,sectors\fastmovingconsumergoods.csv
Radix Industries (India) Ltd.,RADIXIND,Fast Moving Consumer Goods,Household & Personal Products,199.67,sectors\fastmovingconsumergoods.csv
Srivari Spices & Foods Ltd.,SSFL,Fast Moving Consumer Goods,Consumer Food,198.49,sectors\fastmovingconsumergoods.csv
Goyal Salt Ltd.,GOYALSALT,Fast Moving Consumer Goods,Consumer Food,191.53,sectors\fastmovingconsumergoods.csv
Ajanta Soya Ltd.,AJANTSOY,Fast Moving Consumer Goods,Edible Oil,185.19,sectors\fastmovingconsumergoods.csv
Bambino Agro Industries Ltd.,BAMBINO,Fast Moving Consumer Goods,Consumer Food,174.79,sectors\fastmovingconsumergoods.csv
H.R. Hygiene Products Ltd.,HRHYGIENE,Fast Moving Consumer Goods,Household & Personal Products,161.51,sectors\fastmovingconsumergoods.csv
Elfin Agro India Ltd.,ELFIN,Fast Moving Consumer Goods,Consumer Food,158.31,sectors\fastmovingconsumergoods.csv
MK Proteins Ltd.,MKPL,Fast Moving Consumer Goods,Edible Oil,156.91,sectors\fastmovingconsumergoods.csv
Kaira Can Company Ltd.,KAIRA,Fast Moving Consumer Goods,Packaging,151.23,sectors\fastmovingconsumergoods.csv
Dhaval Packaging Ltd.,DHAVAL,Fast Moving Consumer Goods,Packaging,148.36,sectors\fastmovingconsumergoods.csv
Crazy Snacks Ltd.,CRAZY,Fast Moving Consumer Goods,Consumer Food,143.99,sectors\fastmovingconsumergoods.csv
GSM Foils Ltd.,GSMFOILS,Fast Moving Consumer Goods,Packaging,137.69,sectors\fastmovingconsumergoods.csv
Tirupati Starch & Chemicals Ltd.,TIRUSTA,Fast Moving Consumer Goods,Consumer Food,136.26,sectors\fastmovingconsumergoods.csv
Ambar Protein Industries Ltd.,AMBARPIL,Fast Moving Consumer Goods,Edible Oil,127.02,sectors\fastmovingconsumergoods.csv
Jeyyam Global Foods Ltd.,JEYYAM,Fast Moving Consumer Goods,Consumer Food,113.75,sectors\fastmovingconsumergoods.csv
Shyam Dhani Industries Ltd.,SHYAMDHANI,Fast Moving Consumer Goods,Consumer Food,112.27,sectors\fastmovingconsumergoods.csv
Pee Cee Cosma Sope Ltd.,PCCOSMA,Fast Moving Consumer Goods,Household & Personal Products,112.06,sectors\fastmovingconsumergoods.csv
S.V.J. Enterprises Ltd.,SVJ,Fast Moving Consumer Goods,Packaging,110.95,sectors\fastmovingconsumergoods.csv
TBI Corn Ltd.,TBI,Fast Moving Consumer Goods,Consumer Food,108.95,sectors\fastmovingconsumergoods.csv
NHC Foods Ltd.,NHCFOODS,Fast Moving Consumer Goods,Consumer Food,108.19,sectors\fastmovingconsumergoods.csv
Leo Dryfruits & Spices Trading Ltd.,VANDU,Fast Moving Consumer Goods,Consumer Food,107.35,sectors\fastmovingconsumergoods.csv
Puretrop Fruits Ltd.,PURETROP,Fast Moving Consumer Goods,Consumer Food,107.17,sectors\fastmovingconsumergoods.csv
Kohinoor Foods Ltd.,KOHINOOR,Fast Moving Consumer Goods,Consumer Food,102.65,sectors\fastmovingconsumergoods.csv
Marvel Decor Ltd.,MDL,Fast Moving Consumer Goods,Household & Personal Products,102.63,sectors\fastmovingconsumergoods.csv
B&A Packaging India Ltd.,BAPACK,Fast Moving Consumer Goods,Packaging,95.74,sectors\fastmovingconsumergoods.csv
Ideal Technoplast Industries Ltd.,IDEALTECHO,Fast Moving Consumer Goods,Packaging,93.47,sectors\fastmovingconsumergoods.csv
Gujarat Containers Ltd.,GUJCONT,Fast Moving Consumer Goods,Packaging,91.56,sectors\fastmovingconsumergoods.csv
Modern Dairies Ltd.,MODAIRY,Fast Moving Consumer Goods,Consumer Food,90.57,sectors\fastmovingconsumergoods.csv
Valencia Nutrition Ltd.,VALENCIA,Fast Moving Consumer Goods,Consumer Food,85.51,sectors\fastmovingconsumergoods.csv
Kovilpatti Lakshmi Roller Flour Mills Ltd.,KLRFM,Fast Moving Consumer Goods,Consumer Food,81.37,sectors\fastmovingconsumergoods.csv
Universal Starch-Chem Allied Ltd.,UNIVSTAR,Fast Moving Consumer Goods,Consumer Food,80.68,sectors\fastmovingconsumergoods.csv
Prime Industries Ltd.,PRIMIND,Fast Moving Consumer Goods,Consumer Food,79.81,sectors\fastmovingconsumergoods.csv
JHS Svendgaard Laboratories Ltd.,JHS,Fast Moving Consumer Goods,Household & Personal Products,78.67,sectors\fastmovingconsumergoods.csv
Yuvraaj Hygiene Product Ltd.,YUVRAAJHPL,Fast Moving Consumer Goods,Household & Personal Products,77.96,sectors\fastmovingconsumergoods.csv
Super Tannery Ltd.,SUPTANERY,Fast Moving Consumer Goods,Leather,77.74,sectors\fastmovingconsumergoods.csv
Thrive Future Habitats Ltd.,THRIVE,Fast Moving Consumer Goods,Household & Personal Products,76.81,sectors\fastmovingconsumergoods.csv
Team24 Consumer Products Ltd.,TEAM24,Fast Moving Consumer Goods,Consumer Food,74.39,sectors\fastmovingconsumergoods.csv
Nakoda Group Of Industries Ltd.,NGIL,Fast Moving Consumer Goods,Consumer Food,73.57,sectors\fastmovingconsumergoods.csv
Raj Oil Mills Ltd.,ROML,Fast Moving Consumer Goods,Edible Oil,70.46,sectors\fastmovingconsumergoods.csv
Ajooni Biotech Ltd.,AJOONI,Fast Moving Consumer Goods,Animal Feed,69.96,sectors\fastmovingconsumergoods.csv
Virat Crane Industries Ltd.,VIRATCRA,Fast Moving Consumer Goods,Consumer Food,68.4,sectors\fastmovingconsumergoods.csv
Omfurn India Ltd.,OMFURN,Fast Moving Consumer Goods,Household & Personal Products,67.11,sectors\fastmovingconsumergoods.csv
Kothari Fermentation & Biochem Ltd.,KFBL,Fast Moving Consumer Goods,Consumer Food,65.25,sectors\fastmovingconsumergoods.csv
Tanvi Foods (India) Ltd.,TANVI,Fast Moving Consumer Goods,Consumer Food,64.16,sectors\fastmovingconsumergoods.csv
Oceanic Foods Ltd.,OCEANIC,Fast Moving Consumer Goods,Consumer Food,64.13,sectors\fastmovingconsumergoods.csv
Essex Marine Ltd.,ESSEX,Fast Moving Consumer Goods,Consumer Food,63.7,sectors\fastmovingconsumergoods.csv
MR Maniveni Foods Ltd.,MANIVENI,Fast Moving Consumer Goods,Consumer Food,61.01,sectors\fastmovingconsumergoods.csv
Ceeta Industries Ltd.,CEETAIN,Fast Moving Consumer Goods,Consumer Food,60.88,sectors\fastmovingconsumergoods.csv
Gayatri Bio Organics Ltd.,GAYATRIBI,Fast Moving Consumer Goods,Consumer Food,59.64,sectors\fastmovingconsumergoods.csv
Flex Foods Ltd.,FLEXFO,Fast Moving Consumer Goods,Consumer Food,56.04,sectors\fastmovingconsumergoods.csv
Naman Industries Proxima Ltd.,NAMAN,Fast Moving Consumer Goods,Household & Personal Products,53.51,sectors\fastmovingconsumergoods.csv
Sampre Nutritions Ltd.,SAMPRE,Fast Moving Consumer Goods,Consumer Food,53.3,sectors\fastmovingconsumergoods.csv
Saboo Sodium Chloro Ltd.,SABOOSOD,Fast Moving Consumer Goods,Consumer Food,52.67,sectors\fastmovingconsumergoods.csv
Phoenix International Ltd.,PHOENXINTL,Fast Moving Consumer Goods,Leather,52.05,sectors\fastmovingconsumergoods.csv
Anjani Foods Ltd.,ANJANIFOODS,Fast Moving Consumer Goods,Consumer Food,51.96,sectors\fastmovingconsumergoods.csv
IB Infotech Enterprises Ltd.,IBINFO,Fast Moving Consumer Goods,Consumer Food,50.96,sectors\fastmovingconsumergoods.csv
Gabriel Pet Straps Ltd.,GPSL,Fast Moving Consumer Goods,Packaging,50.65,sectors\fastmovingconsumergoods.csv
Sundaram Multi Pap Ltd.,SUNDARAM,Fast Moving Consumer Goods,Printing & Stationery,49.76,sectors\fastmovingconsumergoods.csv
Diligent Industries Ltd.,DILIGENT,Fast Moving Consumer Goods,Edible Oil,49.59,sectors\fastmovingconsumergoods.csv
Kshitij Polyline Ltd.,KSHITIJPOL,Fast Moving Consumer Goods,Printing & Stationery,47.97,sectors\fastmovingconsumergoods.csv
DK Enterprises Global Ltd.,DKEGL,Fast Moving Consumer Goods,Packaging,47.71,sectors\fastmovingconsumergoods.csv
Standard Surfactants Ltd.,STDSFAC,Fast Moving Consumer Goods,Detergents & Soaps,46.64,sectors\fastmovingconsumergoods.csv
Dangee Dums Ltd.,DANGEE,Fast Moving Consumer Goods,Consumer Food,45.42,sectors\fastmovingconsumergoods.csv
Italian Edibles Ltd.,ITALIANE,Fast Moving Consumer Goods,Consumer Food,45.07,sectors\fastmovingconsumergoods.csv
Ambica Agarbathies & Aroma Industries Ltd.,AMBICAAGAR,Fast Moving Consumer Goods,Household & Personal Products,44.94,sectors\fastmovingconsumergoods.csv
AKI India Ltd.,AKI,Fast Moving Consumer Goods,Leather,43.45,sectors\fastmovingconsumergoods.csv
Rexpro Enterprises Ltd.,REXPRO,Fast Moving Consumer Goods,Household & Personal Products,42.64,sectors\fastmovingconsumergoods.csv
Golden Tobacco Ltd.,GOLDENTOBC,Fast Moving Consumer Goods,Cigarettes/Tobacco,42.26,sectors\fastmovingconsumergoods.csv
Spectrum Foods Ltd.,SPECFOOD,Fast Moving Consumer Goods,Consumer Food,42.06,sectors\fastmovingconsumergoods.csv
Orient Beverages Ltd.,ORIBEVER,Fast Moving Consumer Goods,Consumer Food,39.5,sectors\fastmovingconsumergoods.csv
Swojas Foods Ltd.,SWOJAS,Fast Moving Consumer Goods,Consumer Food,37.0,sectors\fastmovingconsumergoods.csv
Baba Food Processing (India) Ltd.,BABAFP,Fast Moving Consumer Goods,Consumer Food,36.24,sectors\fastmovingconsumergoods.csv
Sanwaria Consumer Ltd.,SANWARIA,Fast Moving Consumer Goods,Edible Oil,36.07,sectors\fastmovingconsumergoods.csv
Spinaroo Commercial Ltd.,SPINAROO,Fast Moving Consumer Goods,Packaging,35.5,sectors\fastmovingconsumergoods.csv
Nuway Organic Naturals India Ltd.,NUWAY,Fast Moving Consumer Goods,Household & Personal Products,35.46,sectors\fastmovingconsumergoods.csv
Poona Dal & Oil Industries Ltd.,POONADAL,Fast Moving Consumer Goods,Edible Oil,35.39,sectors\fastmovingconsumergoods.csv
NK Industries Ltd.,NKIND,Fast Moving Consumer Goods,Edible Oil,34.68,sectors\fastmovingconsumergoods.csv
Dindigul Farm Product Ltd.,DFPL,Fast Moving Consumer Goods,Consumer Food,34.2,sectors\fastmovingconsumergoods.csv
Ravalgaon Sugar Farm Ltd.,RAVALSUGAR,Fast Moving Consumer Goods,Consumer Food,33.55,sectors\fastmovingconsumergoods.csv
3B Films Ltd.,3BFILMS,Fast Moving Consumer Goods,Packaging,33.54,sectors\fastmovingconsumergoods.csv
Hipolin Ltd.,HIPOLIN,Fast Moving Consumer Goods,Detergents & Soaps,32.35,sectors\fastmovingconsumergoods.csv
Jhandewalas Foods Ltd.,JFL,Fast Moving Consumer Goods,Consumer Food,32.04,sectors\fastmovingconsumergoods.csv
Uma Converter Ltd.,UMA,Fast Moving Consumer Goods,Packaging,30.41,sectors\fastmovingconsumergoods.csv
NFP Sampoorna Foods Ltd.,NFPSAMPOOR,Fast Moving Consumer Goods,Consumer Food,29.06,sectors\fastmovingconsumergoods.csv
Lake Shore Realty Ltd.,LAKESHORE,Fast Moving Consumer Goods,Consumer Food,27.31,sectors\fastmovingconsumergoods.csv
Sunil Agro Foods Ltd.,SUNILAGR,Fast Moving Consumer Goods,Consumer Food,26.59,sectors\fastmovingconsumergoods.csv
KMG Milk Food Ltd.,KMGMILK,Fast Moving Consumer Goods,Consumer Food,26.52,sectors\fastmovingconsumergoods.csv
Sinnar Bidi Udyog Ltd.,SINNAR,Fast Moving Consumer Goods,Cigarettes/Tobacco,24.92,sectors\fastmovingconsumergoods.csv
Milestone Furniture Ltd.,MILEFUR,Fast Moving Consumer Goods,Household & Personal Products,23.83,sectors\fastmovingconsumergoods.csv
Goel Food Products Ltd.,GOEL,Fast Moving Consumer Goods,Consumer Food,23.38,sectors\fastmovingconsumergoods.csv
Ambo Agritec Ltd.,AMBOAGRI,Fast Moving Consumer Goods,Edible Oil,22.8,sectors\fastmovingconsumergoods.csv
Jaipan Industries Ltd.,JAIPAN,Fast Moving Consumer Goods,Household & Personal Products,22.53,sectors\fastmovingconsumergoods.csv
Sati Poly Plast Ltd.,SATIPOLY,Fast Moving Consumer Goods,Packaging,22.24,sectors\fastmovingconsumergoods.csv
Tapi Fruit Processing Ltd.,TAPIFRUIT,Fast Moving Consumer Goods,Consumer Food,21.5,sectors\fastmovingconsumergoods.csv
Sonalis Consumer Products Ltd.,SONALIS,Fast Moving Consumer Goods,Consumer Food,20.83,sectors\fastmovingconsumergoods.csv
Boss Packaging Solutions Ltd.,BOSS,Fast Moving Consumer Goods,Packaging,20.16,sectors\fastmovingconsumergoods.csv
Labelkraft Technologies Ltd.,LABELKRAFT,Fast Moving Consumer Goods,Printing & Stationery,20.11,sectors\fastmovingconsumergoods.csv
Novateor Research Laboratories Ltd.,NOVATEOR,Fast Moving Consumer Goods,Household & Personal Products,19.88,sectors\fastmovingconsumergoods.csv
Kahan Packaging Ltd.,KAHAN,Fast Moving Consumer Goods,Packaging,19.3,sectors\fastmovingconsumergoods.csv
SPP Polymer Ltd.,SPPPOLY,Fast Moving Consumer Goods,Packaging,19.24,sectors\fastmovingconsumergoods.csv
Prima Industries Ltd.,PRIMAIN,Fast Moving Consumer Goods,Animal Feed,19.21,sectors\fastmovingconsumergoods.csv
Abram Food Ltd.,ABRFL,Fast Moving Consumer Goods,Consumer Food,19.03,sectors\fastmovingconsumergoods.csv
Rajeshwari Cans Ltd.,RCAN,Fast Moving Consumer Goods,Packaging,17.06,sectors\fastmovingconsumergoods.csv
Shashwat Furnishing Solutions Ltd.,SFSL,Fast Moving Consumer Goods,Household & Personal Products,16.24,sectors\fastmovingconsumergoods.csv
Solvex Edibles Ltd.,SOLVEX,Fast Moving Consumer Goods,Edible Oil,16.1,sectors\fastmovingconsumergoods.csv
Natraj Proteins Ltd.,NATRAJPR,Fast Moving Consumer Goods,Edible Oil,15.82,sectors\fastmovingconsumergoods.csv
Amin Tannery Ltd.,AMINTAN,Fast Moving Consumer Goods,Leather,15.66,sectors\fastmovingconsumergoods.csv
Astron Multigrain Ltd.,ASTRONMULT,Fast Moving Consumer Goods,Consumer Food,15.2,sectors\fastmovingconsumergoods.csv
ANS Industries Ltd.,ANSINDUS,Fast Moving Consumer Goods,Consumer Food,14.11,sectors\fastmovingconsumergoods.csv
Sabar Flex India Ltd.,SABAR,Fast Moving Consumer Goods,Packaging,13.65,sectors\fastmovingconsumergoods.csv
GKP Printing & Packaging Ltd.,GKP,Fast Moving Consumer Goods,Packaging,13.42,sectors\fastmovingconsumergoods.csv
Anuroop Packaging Ltd.,ANUROOP,Fast Moving Consumer Goods,Packaging,12.55,sectors\fastmovingconsumergoods.csv
Uniroyal Marine Exports Ltd.,UNRYLMA,Fast Moving Consumer Goods,Consumer Food,12.25,sectors\fastmovingconsumergoods.csv
Suryo Foods & Industries Ltd.,SURFI,Fast Moving Consumer Goods,Consumer Food,11.8,sectors\fastmovingconsumergoods.csv
Panther Industrial Products Ltd.,PANIDPR,Fast Moving Consumer Goods,Packaging,11.74,sectors\fastmovingconsumergoods.csv
Welterman International Ltd.,WELTI,Fast Moving Consumer Goods,Leather,10.92,sectors\fastmovingconsumergoods.csv
Euro Leder Fashion Ltd.,EUROLED,Fast Moving Consumer Goods,Leather,10.29,sectors\fastmovingconsumergoods.csv
Swasth Foodtech India Ltd.,SWASTH,Fast Moving Consumer Goods,Edible Oil,9.95,sectors\fastmovingconsumergoods.csv
Super Bakers (India) Ltd.,SUPERBAK,Fast Moving Consumer Goods,Consumer Food,9.08,sectors\fastmovingconsumergoods.csv
Chothani Foods Ltd.,CHOTHANI,Fast Moving Consumer Goods,Consumer Food,8.9,sectors\fastmovingconsumergoods.csv
Prima Agro Ltd.,PRIMAGR,Fast Moving Consumer Goods,Animal Feed,8.28,sectors\fastmovingconsumergoods.csv
Tasty Dairy Specialities Ltd.,TDSL,Fast Moving Consumer Goods,Consumer Food,8.17,sectors\fastmovingconsumergoods.csv
Gala Global Products Ltd.,GGPL,Fast Moving Consumer Goods,Printing & Stationery,7.21,sectors\fastmovingconsumergoods.csv
Oscar Global Ltd.,OSCARGLO,Fast Moving Consumer Goods,Leather,7.13,sectors\fastmovingconsumergoods.csv
Transglobe Foods Ltd.,TRANSFD,Fast Moving Consumer Goods,Consumer Food,6.01,sectors\fastmovingconsumergoods.csv
Magenta Lifecare Ltd.,MAGENTA,Fast Moving Consumer Goods,Household & Personal Products,5.8,sectors\fastmovingconsumergoods.csv
Tricom Fruit Products Ltd.,TRICOMFRU,Fast Moving Consumer Goods,Consumer Food,3.63,sectors\fastmovingconsumergoods.csv
VASA Retail And Overseas Ltd.,VASA,Fast Moving Consumer Goods,Printing & Stationery,2.67,sectors\fastmovingconsumergoods.csv
Madhur Industries Ltd.,MADHURIND,Fast Moving Consumer Goods,Consumer Food,2.56,sectors\fastmovingconsumergoods.csv
Purity Flex Pack Ltd.,PURITY,Fast Moving Consumer Goods,Packaging,0.26,sectors\fastmovingconsumergoods.csv
Arur Footwear Ltd.,ARUR,Fast Moving Consumer Goods,Household & Personal Products,0.25,sectors\fastmovingconsumergoods.csv
Srivari Spices & Foods Ltd. - RE,SSFL-RE,Fast Moving Consumer Goods,Consumer Food,0.0,sectors\fastmovingconsumergoods.csv
Diligent Industries Ltd. - (Rights Entitlements (REs)),DILIND-RE,Fast Moving Consumer Goods,Edible Oil,0.0,sectors\fastmovingconsumergoods.csv
Nhc Foods Ltd. - (Rights Entitlements (REs)),NHCFO-RE,Fast Moving Consumer Goods,Consumer Food,0.0,sectors\fastmovingconsumergoods.csv
Sonalis Consumer Products Ltd. - (Rights Entitlements (REs)),SONALI-RE,Fast Moving Consumer Goods,Consumer Food,0.0,sectors\fastmovingconsumergoods.csv
Sarveshwar Foods Ltd. - (Rights Entitlements (REs)),SARVES-RE,Fast Moving Consumer Goods,Consumer Food,0.0,sectors\fastmovingconsumergoods.csv
Krishival Foods Ltd. - (Rights Entitlements (REs)),KRISHFL-RE,Fast Moving Consumer Goods,Consumer Food,0.0,sectors\fastmovingconsumergoods.csv
Krishival Foods Ltd. - (Partly Paid-up),KRISHPP,Fast Moving Consumer Goods,Consumer Food,0.0,sectors\fastmovingconsumergoods.csv
Suryo Foods & Industries Ltd. - (Rights Entitlements (REs)),SURFI-RE,Fast Moving Consumer Goods,Consumer Food,0.0,sectors\fastmovingconsumergoods.csv
Nava Ltd.,NAVA,Ferro Manganese,Ferro & Silica Manganese,16258.84,sectors\ferromanganese.csv
Indian Metals & Ferro Alloys Ltd.,IMFA,Ferro Manganese,Ferro & Silica Manganese,7581.9,sectors\ferromanganese.csv
Maithan Alloys Ltd.,MAITHANALL,Ferro Manganese,Ferro & Silica Manganese,2826.29,sectors\ferromanganese.csv
Jainam Ferro Alloys (I) Ltd.,JAINAM,Ferro Manganese,Ferro & Silica Manganese,275.21,sectors\ferromanganese.csv
Nagpur Power & Industries Ltd.,NAGPI,Ferro Manganese,Ferro & Silica Manganese,237.29,sectors\ferromanganese.csv
Owais Metal & Mineral Processing Ltd.,OWAIS,Ferro Manganese,Ferro & Silica Manganese,143.37,sectors\ferromanganese.csv
Indsil Hydro Power and Manganese Ltd.,INDSILHYD,Ferro Manganese,Ferro & Silica Manganese,110.61,sectors\ferromanganese.csv
Shyam Century Ferrous Ltd.,SHYAMCENT,Ferro Manganese,Ferro & Silica Manganese,104.18,sectors\ferromanganese.csv
Chrome Silicon Ltd.,CHROME,Ferro Manganese,Ferro & Silica Manganese,68.17,sectors\ferromanganese.csv
Facor Alloys Ltd.,FACORALL,Ferro Manganese,Ferro & Silica Manganese,63.55,sectors\ferromanganese.csv
Impex Ferro Tech Ltd.,IMPEXFERRO,Ferro Manganese,Ferro & Silica Manganese,32.27,sectors\ferromanganese.csv
Bajaj Finance Ltd.,BAJFINANCE,Finance,Finance - NBFC,677197.05,sectors\finance.csv
Life Insurance Corporation of India,LICI,Finance,Insurance,523330.31,sectors\finance.csv
Bajaj Finserv Ltd.,BAJAJFINSV,Finance,Finance - Investment,325218.45,sectors\finance.csv
Shriram Finance Ltd.,SHRIRAMFIN,Finance,Finance - NBFC,264498.88,sectors\finance.csv
SBI Life Insurance Company Ltd.,SBILIFE,Finance,Insurance,181289.27,sectors\finance.csv
JIO Financial Services Ltd.,JIOFIN,Finance,Finance - NBFC,165078.54,sectors\finance.csv
Cholamandalam Investment and Finance Company Ltd.,CHOLAFIN,Finance,Finance - NBFC,162699.57,sectors\finance.csv
Tata Capital Ltd.,TATACAP,Finance,Finance - NBFC,154640.58,sectors\finance.csv
ICICI Prudential Asset Management Company Ltd.,ICICIAMC,Finance,Finance - Asset Management,153269.57,sectors\finance.csv
BSE Ltd.,BSE,Finance,Finance - Others,140597.64,sectors\finance.csv
Bajaj Holdings & Investment Ltd.,BAJAJHLDNG,Finance,Finance - NBFC,126953.06,sectors\finance.csv
Power Finance Corporation Ltd.,PFC,Finance,Finance Term Lending,124430.34,sectors\finance.csv
Billionbrains Garage Ventures Ltd.,GROWW,Finance,Finance - Stock Broking,123056.6,sectors\finance.csv
HDFC Life Insurance Company Ltd.,HDFCLIFE,Finance,Insurance,116770.53,sectors\finance.csv
Indian Railway Finance Corporation Ltd.,IRFC,Finance,Finance Term Lending,114480.11,sectors\finance.csv
Muthoot Finance Ltd.,MUTHOOTFIN,Finance,Finance - NBFC,114217.78,sectors\finance.csv
SBI Funds Management Ltd.,SBIFUNDS,Finance,Finance - Asset Management,113919.77,sectors\finance.csv
Aditya Birla Capital Ltd.,ABCAPITAL,Finance,Finance - NBFC,109828.02,sectors\finance.csv
HDFC Asset Management Company Ltd.,HDFCAMC,Finance,Finance - Asset Management,107196.7,sectors\finance.csv
REC Ltd.,RECLTD,Finance,Finance Term Lending,88449.99,sectors\finance.csv
ICICI Lombard General Insurance Company Ltd.,ICICIGI,Finance,Insurance,81273.09,sectors\finance.csv
L&T Finance Ltd.,LTF,Finance,Finance - NBFC,76797.77,sectors\finance.csv
Multi Commodity Exchange Of India Ltd.,MCX,Finance,Finance - Stock Broking,74521.37,sectors\finance.csv
Nippon Life India Asset Management Ltd.,NAM-INDIA,Finance,Finance - Asset Management,74495.17,sectors\finance.csv
ICICI Prudential Life Insurance Company Ltd.,ICICIPRULI,Finance,Insurance,73411.07,sectors\finance.csv
Bajaj Housing Finance Ltd.,BAJAJHFL,Finance,Finance - Housing,70258.25,sectors\finance.csv
General Insurance Corporation of India,GICRE,Finance,Insurance,61807.51,sectors\finance.csv
SBI Cards And Payment Services Ltd.,SBICARD,Finance,Finance - NBFC,60162.84,sectors\finance.csv
HDB Financial Services Ltd.,HDBFS,Finance,Finance - NBFC,57044.47,sectors\finance.csv
Mahindra & Mahindra Financial Services Ltd.,M&MFIN,Finance,Finance - NBFC,54188.03,sectors\finance.csv
Motilal Oswal Financial Services Ltd.,MOTILALOFS,Finance,Finance - Stock Broking,53992.25,sectors\finance.csv
Max Financial Services Ltd.,MFSL,Finance,Finance - Others,53320.23,sectors\finance.csv
Sundaram Finance Ltd.,SUNDARMFIN,Finance,Finance - NBFC,49611.76,sectors\finance.csv
Authum Investment & Infrastructure Ltd.,AIIL,Finance,Finance - Investment,47989.73,sectors\finance.csv
360 One Wam Ltd.,360ONE,Finance,Finance - Stock Broking,47443.28,sectors\finance.csv
Piramal Finance Ltd.,PIRAMALFIN,Finance,Finance - Housing,46602.67,sectors\finance.csv
Poonawalla Fincorp Ltd.,POONAWALLA,Finance,Finance - NBFC,43836.3,sectors\finance.csv
Housing & Urban Development Corporation Ltd.,HUDCO,Finance,Finance - Housing,38016.08,sectors\finance.csv
Anand Rathi Wealth Ltd.,ANANDRATHI,Finance,Finance - Others,36103.18,sectors\finance.csv
Star Health and Allied Insurance Company Ltd.,STARHEALTH,Finance,Insurance,34408.21,sectors\finance.csv
Tata Investment Corporation Ltd.,TATAINVEST,Finance,Finance - NBFC,33757.18,sectors\finance.csv
Manappuram Finance Ltd.,MANAPPURAM,Finance,Finance - NBFC,32735.86,sectors\finance.csv
Indian Renewable Energy Development Agency Ltd.,IREDA,Finance,Finance - NBFC,32727.54,sectors\finance.csv
Nuvama Wealth Management Ltd.,NUVAMA,Finance,Finance - Stock Broking,30598.61,sectors\finance.csv
Cholamandalam Financial Holdings Ltd.,CHOLAHLDNG,Finance,Finance - Investment,29999.33,sectors\finance.csv
PNB Housing Finance Ltd.,PNBHOUSING,Finance,Finance - Housing,29970.45,sectors\finance.csv
The New India Assurance Company Ltd.,NIACL,Finance,Insurance,29507.44,sectors\finance.csv
Aditya Birla Sun Life AMC Ltd.,ABSLAMC,Finance,Finance - Asset Management,29256.14,sectors\finance.csv
TVS Holdings Ltd.,TVSHLTD,Finance,Finance - Investment,28293.69,sectors\finance.csv
Central Depository Services (India) Ltd.,CDSL,Finance,Depository Services,28097.96,sectors\finance.csv
LIC Housing Finance Ltd.,LICHSGFIN,Finance,Finance - Housing,27508.65,sectors\finance.csv
IIFL Finance Ltd.,IIFL,Finance,Finance - NBFC,26873.45,sectors\finance.csv
Angel One Ltd.,ANGELONE,Finance,Finance - Stock Broking,26222.83,sectors\finance.csv
CreditAccess Grameen Ltd.,CREDITACC,Finance,Finance - NBFC,24873.38,sectors\finance.csv
Go Digit General Insurance Ltd.,GODIGIT,Finance,Insurance,24080.17,sectors\finance.csv
Aadhar Housing Finance Ltd.,AADHARHFC,Finance,Finance - Housing,21843.1,sectors\finance.csv
Capri Global Capital Ltd.,CGCL,Finance,Finance - Investment,21797.6,sectors\finance.csv
IFCI Ltd.,IFCI,Finance,Finance Term Lending,20735.44,sectors\finance.csv
Computer Age Management Services Ltd.,CAMS,Finance,Depository Services,18945.1,sectors\finance.csv
Choice International Ltd.,CHOICEIN,Finance,Finance - Stock Broking,17909.0,sectors\finance.csv
Sammaan Capital Ltd.,SAMMAANCAP,Finance,Finance - Housing,17753.67,sectors\finance.csv
KFin Technologies Ltd.,KFINTECH,Finance,Depository Services,16267.26,sectors\finance.csv
Five-Star Business Finance Ltd.,FIVESTAR,Finance,Finance - NBFC,16263.42,sectors\finance.csv
National Securities Depository Ltd.,NSDL,Finance,Depository Services,16248.0,sectors\finance.csv
Niva Bupa Health Insurance Company Ltd.,NIVABUPA,Finance,Insurance,15309.81,sectors\finance.csv
Maharashtra Scooters Ltd.,MAHSCOOTER,Finance,Finance - Investment,15247.31,sectors\finance.csv
Canara HSBC Life Insurance Company Ltd.,CANHLIFE,Finance,Insurance,14112.25,sectors\finance.csv
Prudent Corporate Advisory Services Ltd.,PRUDENT,Finance,Finance - Others,13479.32,sectors\finance.csv
JSW Holdings Ltd.,JSWHL,Finance,Finance - Investment,13142.62,sectors\finance.csv
Aptus Value Housing Finance India Ltd.,APTUS,Finance,Finance - Housing,12540.48,sectors\finance.csv
Home First Finance Company India Ltd.,HOMEFIRST,Finance,Finance - Housing,12286.9,sectors\finance.csv
JM Financial Ltd.,JMFINANCIL,Finance,Finance - Investment,12100.76,sectors\finance.csv
UTI Asset Management Company Ltd.,UTIAMC,Finance,Finance - Asset Management,11671.33,sectors\finance.csv
Edelweiss Financial Services Ltd.,EDELWEISS,Finance,Finance - NBFC,11547.69,sectors\finance.csv
Aavas Financiers Ltd.,AAVAS,Finance,Finance - Housing,11067.7,sectors\finance.csv
Can Fin Homes Ltd.,CANFINHOME,Finance,Finance - Housing,10910.69,sectors\finance.csv
IIFL Capital Services Ltd.,IIFLCAPS,Finance,Finance - Stock Broking,10539.72,sectors\finance.csv
SBFC Finance Ltd.,SBFC,Finance,Finance - NBFC,10413.82,sectors\finance.csv
TSF Investments Ltd.,TSFINV,Finance,Finance - Investment,9227.3,sectors\finance.csv
Religare Enterprises Ltd.,RELIGARE,Finance,Finance - Investment,8087.45,sectors\finance.csv
Kama Holdings Ltd.,KAMAHOLD,Finance,Finance - Investment,7886.9,sectors\finance.csv
India Shelter Finance Corporation Ltd.,INDIASHLTR,Finance,Finance - Housing,7299.14,sectors\finance.csv
Bengal & Assam Company Ltd.,BENGALASM,Finance,Finance - NBFC,7071.39,sectors\finance.csv
Mrugesh Trading Ltd.,MRUTR,Finance,Finance - Investment,6552.62,sectors\finance.csv
Paisalo Digital Ltd.,PAISALO,Finance,Finance - NBFC,6252.05,sectors\finance.csv
Fedbank Financial Services Ltd,FEDFINA,Finance,Finance - NBFC,5659.0,sectors\finance.csv
MAS Financial Services Ltd.,MASFIN,Finance,Finance - NBFC,5472.63,sectors\finance.csv
Tourism Finance Corporation Of India Ltd.,TFCILTD,Finance,Finance Term Lending,5435.35,sectors\finance.csv
OnEMI Technology Solutions Ltd.,KISSHT,Finance,Finance - NBFC,5212.86,sectors\finance.csv
Canara Robeco Asset Management Co Ltd.,CRAMC,Finance,Finance - Asset Management,5108.08,sectors\finance.csv
Pilani Investment And Industries Corporation Ltd.,PILANIINVS,Finance,Finance - Investment,5047.34,sectors\finance.csv
Dhenu Buildcon Infra Ltd.,DHENUBUILD,Finance,Finance - NBFC,4681.76,sectors\finance.csv
Northern ARC Capital Ltd.,NORTHARC,Finance,Finance - NBFC,4548.87,sectors\finance.csv
SG Finserve Ltd.,SGFIN,Finance,Finance - NBFC,4351.38,sectors\finance.csv
AYE Finance Ltd.,AYE,Finance,Finance - NBFC,4263.22,sectors\finance.csv
RattanIndia Enterprises Ltd.,RTNINDIA,Finance,Finance - Investment,4157.87,sectors\finance.csv
Indostar Capital Finance Ltd.,INDOSTAR,Finance,Finance - NBFC,3847.4,sectors\finance.csv
Share India Securities Ltd.,SHAREINDIA,Finance,Finance - Stock Broking,3826.16,sectors\finance.csv
Ashika Global Securities Ltd.,ASHIKAG,Finance,Finance - NBFC,3781.21,sectors\finance.csv
Lords Mark Industries Ltd.,LORDSMARK,Finance,Finance - NBFC,3760.03,sectors\finance.csv
Muthoot Microfin Ltd.,MUTHOOTMF,Finance,Finance - NBFC,3566.7,sectors\finance.csv
Fusion Finance Ltd.,FUSION,Finance,Finance - NBFC,3235.55,sectors\finance.csv
Anand Rathi Share & Stock Brokers Ltd.,ARSSBL,Finance,Finance - Stock Broking,3205.03,sectors\finance.csv
Monarch Networth Capital Ltd.,MONARCH,Finance,Finance - Stock Broking,3092.63,sectors\finance.csv
Nalwa Sons Investments Ltd.,NSIL,Finance,Finance - Investment,2826.46,sectors\finance.csv
Colab Platforms Ltd.,COLAB,Finance,Finance - Investment,2810.1,sectors\finance.csv
Mufin Green Finance Ltd.,MUFIN,Finance,Finance - NBFC,2683.12,sectors\finance.csv
Satin Creditcare Network Ltd.,SATIN,Finance,Finance Term Lending,2482.83,sectors\finance.csv
Rane Holdings Ltd.,RANEHOLDIN,Finance,Finance - Investment,2385.18,sectors\finance.csv
Kalyani Investment Company Ltd.,KICL,Finance,Finance - Investment,2326.38,sectors\finance.csv
Repco Home Finance Ltd.,REPCOHOME,Finance,Finance - Housing,2236.57,sectors\finance.csv
Geojit Financial Services Ltd.,GEOJITFSL,Finance,Finance - Stock Broking,2231.58,sectors\finance.csv
Elcid Investments Ltd.,ELCIDIN,Finance,Finance - Investment,2207.8,sectors\finance.csv
Spandana Sphoorty Financial Ltd.,SPANDANA,Finance,Finance - NBFC,2176.1,sectors\finance.csv
Arman Financial Services Ltd.,ARMANFIN,Finance,Finance - NBFC,2069.94,sectors\finance.csv
Spice Lounge Food Works Ltd.,SPICELOUNG,Finance,Finance - Investment,1926.85,sectors\finance.csv
Algoquant Fintech Ltd.,ALGOQUANT,Finance,Finance - Stock Broking,1849.89,sectors\finance.csv
PTC India Financial Services Ltd.,PFS,Finance,Finance - NBFC,1822.16,sectors\finance.csv
5Paisa Capital Ltd.,5PAISA,Finance,Finance - Stock Broking,1808.48,sectors\finance.csv
BF Investment Ltd.,BFINVEST,Finance,Finance - Investment,1749.85,sectors\finance.csv
SMC Global Securities Ltd.,SMCGLOBAL,Finance,Finance - Stock Broking,1659.08,sectors\finance.csv
Balmer Lawrie Investments Ltd.,BLIL,Finance,Finance - NBFC,1571.57,sectors\finance.csv
Summit Securities Ltd.,SUMMITSEC,Finance,Finance - NBFC,1566.91,sectors\finance.csv
Meghna Infracon Infrastructure Ltd.,MIIL,Finance,Finance - Stock Broking,1480.26,sectors\finance.csv
Aeroflex Enterprises Ltd.,AEROENTER,Finance,Finance - Others,1449.07,sectors\finance.csv
Ugro Capital Ltd.,UGROCAP,Finance,Finance - NBFC,1442.47,sectors\finance.csv
PNB Gilts Ltd.,PNBGILTS,Finance,Finance - NBFC,1430.9,sectors\finance.csv
Haryana Financial Corporation Ltd.,HARAFIN,Finance,Finance Term Lending,1360.16,sectors\finance.csv
Saraswati Commercial (India) Ltd.,ZSARACOM,Finance,Finance - NBFC,1338.17,sectors\finance.csv
Innovassynth Technologies (India) Ltd.,INOVSYNTH,Finance,Finance - NBFC,1274.05,sectors\finance.csv
Centrum Capital Ltd.,CENTRUM,Finance,Finance - Others,1258.45,sectors\finance.csv
Gyftr Ltd.,GYFTR,Finance,Finance - Investment,1249.29,sectors\finance.csv
Dolat Algotech Ltd.,DOLATALGO,Finance,Finance - Stock Broking,1220.74,sectors\finance.csv
AK Capital Services Ltd.,AKCAPIT,Finance,Finance - Investment,1143.62,sectors\finance.csv
Vardhman Holdings Ltd.,VHL,Finance,Finance - NBFC,1101.4,sectors\finance.csv
Jindal Photo Ltd.,JINDALPHOT,Finance,Finance - Investment,1084.0,sectors\finance.csv
STEL Holdings Ltd.,STEL,Finance,Finance - Investment,1066.35,sectors\finance.csv
Industrial & Prudential Investment Company Ltd.,INDPRUD,Finance,Finance - NBFC,1060.71,sectors\finance.csv
Jindal Poly Investment and Finance Company Ltd.,JPOLYINVST,Finance,Finance - Investment,1059.81,sectors\finance.csv
Abans Financial Services Ltd.,AFSL,Finance,Finance - NBFC,1053.4,sectors\finance.csv
Indo Thai Securities Ltd.,INDOTHAI,Finance,Finance - Investment,1029.85,sectors\finance.csv
DAM Capital Advisors Ltd.,DAMCAPITAL,Finance,Finance - Investment,1029.19,sectors\finance.csv
Finkurve Financial Services Ltd.,FINKURVE,Finance,Finance - NBFC,1022.07,sectors\finance.csv
Crest Ventures Ltd.,CREST,Finance,Finance - NBFC,1021.92,sectors\finance.csv
Master Trust Ltd.,MASTERTR,Finance,Finance - NBFC,964.57,sectors\finance.csv
Prime Securities Ltd.,PRIMESECU,Finance,Finance - Stock Broking,962.44,sectors\finance.csv
GKW Ltd.,GKWLIMITED,Finance,Finance - Investment,960.07,sectors\finance.csv
Wealth First Portfolio Managers Ltd.,WEALTH,Finance,Finance - Investment,958.95,sectors\finance.csv
Health X Platform Ltd.,HEALTHX,Finance,Finance - NBFC,924.73,sectors\finance.csv
Consolidated Finvest & Holdings Ltd.,CONSOFINVT,Finance,Finance - NBFC,872.81,sectors\finance.csv
Max India Ltd.,MAXIND,Finance,Finance - Investment,849.88,sectors\finance.csv
Fedders Holding Ltd.,FEDDERSHOL,Finance,Finance - Investment,846.15,sectors\finance.csv
Capital India Finance Ltd.,CIFL,Finance,Finance - NBFC,822.0,sectors\finance.csv
Systematix Corporate Services Ltd.,SYSTMTXC,Finance,Finance - Investment,818.82,sectors\finance.csv
Arihant Capital Markets Ltd.,ARIHANTCAP,Finance,Finance - Stock Broking,814.09,sectors\finance.csv
VLS Finance Ltd.,VLSFINANCE,Finance,Finance - Investment,812.55,sectors\finance.csv
GIC Housing Finance Ltd.,GICHSGFIN,Finance,Finance - Housing,763.07,sectors\finance.csv
Aditya Birla Money Ltd.,BIRLAMONEY,Finance,Finance - Stock Broking,743.94,sectors\finance.csv
Aryaman Financial Services Ltd.,ARYAMAN,Finance,Finance - Investment,713.76,sectors\finance.csv
Welspun Investments and Commercials Ltd.,WELINV,Finance,Finance - Investment,676.97,sectors\finance.csv
Emkay Global Financial Services Ltd.,EMKAY,Finance,Finance - Stock Broking,659.15,sectors\finance.csv
Tandhan Industries Ltd.,TANDHANIN,Finance,Finance - Investment,657.0,sectors\finance.csv
Manba Finance Ltd.,MANBA,Finance,Finance - NBFC,653.61,sectors\finance.csv
Laxmi India Finance Ltd.,LAXMIINDIA,Finance,Finance - NBFC,646.01,sectors\finance.csv
Dhunseri Investments Ltd.,DHUNINV,Finance,Finance - Investment,638.83,sectors\finance.csv
India Finsec Ltd.,IFINSEC,Finance,Finance - NBFC,636.38,sectors\finance.csv
N.B.I. Industrial Finance Co. Ltd.,NBIFIN,Finance,Finance - NBFC,618.3,sectors\finance.csv
Niyogin Fintech Ltd.,NIYOGIN,Finance,Finance - NBFC,582.05,sectors\finance.csv
Kalind Ltd.,KALIND,Finance,Finance - Investment,573.19,sectors\finance.csv
GFL Ltd.,GFLLIMITED,Finance,Finance - Investment,559.36,sectors\finance.csv
Stellant Securities (India) Ltd.,STELLANT,Finance,Finance - NBFC,547.33,sectors\finance.csv
Kiran Vyapar Ltd.,KIRANVYPAR,Finance,Finance - NBFC,540.91,sectors\finance.csv
Oswal Greentech Ltd.,OSWALGREEN,Finance,Finance - Investment,539.3,sectors\finance.csv
The Investment Trust of India Ltd.,THEINVEST,Finance,Finance - NBFC,514.06,sectors\finance.csv
Mangal Credit and Fincorp Ltd.,MANCREDIT,Finance,Finance - NBFC,502.09,sectors\finance.csv
CSL Finance Ltd.,CSLFINANCE,Finance,Finance - NBFC,500.65,sectors\finance.csv
Shriram Asset Management Company Ltd.,SRAMSET,Finance,Finance - Asset Management,495.33,sectors\finance.csv
Aryaman Capital Markets Ltd.,ARYACAPM,Finance,Finance - Investment,479.56,sectors\finance.csv
SIL Investments Ltd.,SILINV,Finance,Finance - NBFC,466.22,sectors\finance.csv
Pune E - Stock Broking Ltd.,PESB,Finance,Finance - Stock Broking,461.14,sectors\finance.csv
Unifinz Capital India Ltd.,UCIL,Finance,Finance - NBFC,446.22,sectors\finance.csv
Shardul Securities Ltd.,SHARDUL,Finance,Finance - Investment,445.69,sectors\finance.csv
Nahar Capital And Financial Services Ltd.,NAHARCAP,Finance,Finance - NBFC,432.05,sectors\finance.csv
Purple Finance Ltd.,PURPLEFIN,Finance,Finance - NBFC,431.43,sectors\finance.csv
Akme Fintrade (India) Ltd.,AFIL,Finance,Finance - NBFC,430.03,sectors\finance.csv
Muthoot Capital Services Ltd.,MUTHOOTCAP,Finance,Finance - NBFC,423.52,sectors\finance.csv
Nisus Finance Services Co Ltd.,NISUS,Finance,Finance - Asset Management,415.36,sectors\finance.csv
MKVentures Capital Ltd.,MKVENTURES,Finance,Finance - NBFC,411.98,sectors\finance.csv
SRG Housing Finance Ltd.,SRGHFL,Finance,Finance - Housing,411.62,sectors\finance.csv
Moneyboxx Finance Ltd.,MONEYBOXX,Finance,Finance - NBFC,404.89,sectors\finance.csv
UY Fincorp Ltd.,UYFINCORP,Finance,Finance - NBFC,399.5,sectors\finance.csv
Regency Fincorp Ltd.,REGENCY,Finance,Finance - Investment,397.94,sectors\finance.csv
Capital Trade Links Ltd.,CTL,Finance,Finance - NBFC,376.76,sectors\finance.csv
Swastika Investmart Ltd.,SWASTIKA,Finance,Finance - Stock Broking,351.32,sectors\finance.csv
Avonmore Capital & Management Services Ltd.,AVONMORE,Finance,Finance - NBFC,349.06,sectors\finance.csv
Industrial Investment Trust Ltd.,IITL,Finance,Finance - NBFC,332.24,sectors\finance.csv
Fundviser Capital (India) Ltd.,FUNDVISER,Finance,Finance - Investment,328.64,sectors\finance.csv
PH Capital Ltd.,PHCAP,Finance,Finance - Investment,296.53,sectors\finance.csv
Corporate Merchant Bankers Ltd.,CMBL,Finance,Finance - Investment,294.83,sectors\finance.csv
Sera Investments & Finance India Ltd.,SERA,Finance,Finance - Investment,294.39,sectors\finance.csv
Bombay Oxygen Investments Ltd.,BOMOXY-B1,Finance,Finance - Investment,292.9,sectors\finance.csv
Naga Dhunseri Group Ltd.,NDGL,Finance,Finance - Investment,292.79,sectors\finance.csv
Alacrity Securities Ltd.,ALSL,Finance,Finance - Stock Broking,283.65,sectors\finance.csv
Viji Finance Ltd.,VIJIFIN,Finance,Finance - NBFC,275.81,sectors\finance.csv
Ascom Leasing & Investments Ltd.,ASCOM,Finance,Finance - NBFC,273.64,sectors\finance.csv
Quest Capital Markets Ltd.,QUESTCAP,Finance,Finance - NBFC,268.5,sectors\finance.csv
Finbud Financial Services Ltd.,FINBUD,Finance,Finance Term Lending,265.74,sectors\finance.csv
Hi-Klass Trading And Investment Ltd.,HIKLASS,Finance,Finance - Investment,264.43,sectors\finance.csv
Shree Salasar Investments Ltd.,SALSAIN,Finance,Finance - Investment,262.15,sectors\finance.csv
Gamco Ltd.,GAMCO,Finance,Finance - NBFC,261.13,sectors\finance.csv
IL&FS Investment Managers Ltd.,IVC,Finance,Finance - Asset Management,259.71,sectors\finance.csv
Starteck Finance Ltd.,STARTECK,Finance,Finance - NBFC,253.8,sectors\finance.csv
Almondz Global Securities Ltd.,ALMONDZ,Finance,Finance - Stock Broking,243.99,sectors\finance.csv
Tamboli Industries Ltd.,TAMBOLIIN,Finance,Finance - Investment,238.08,sectors\finance.csv
Nidhi Granites Ltd.,NIDHGRN,Finance,Finance - Others,237.6,sectors\finance.csv
Alfred Herbert (India) Ltd.,ALFREDHE,Finance,Finance - NBFC,231.41,sectors\finance.csv
Shalibhadra Finance Ltd.,SAHLIBHFI,Finance,Finance - NBFC,226.41,sectors\finance.csv
Alankit Ltd.,ALANKIT,Finance,Finance - Stock Broking,226.15,sectors\finance.csv
Team India Guaranty Ltd.,TEAMGTY,Finance,Finance - NBFC,207.74,sectors\finance.csv
Kartik Investments Trust Ltd.,KARTKIN,Finance,Finance - Investment,206.38,sectors\finance.csv
Lexora Global Ltd.,LEXGLOBAL,Finance,Finance - Investment,205.0,sectors\finance.csv
Sangam Finserv Ltd.,SANGAMFIN,Finance,Finance - NBFC,199.74,sectors\finance.csv
Jhaveri Credits & Capital Ltd.,JHACC,Finance,Finance - Stock Broking,196.56,sectors\finance.csv
Usha Financial Services Ltd.,USHAFIN,Finance,Finance - NBFC,186.94,sectors\finance.csv
AMPL Capital Ltd.,AMPL,Finance,Finance - NBFC,186.53,sectors\finance.csv
Crescentis Capital Ltd.,CRESCENTIS,Finance,Finance - Investment,184.43,sectors\finance.csv
Indus Finance Ltd.,INDUSFINL,Finance,Finance - NBFC,180.21,sectors\finance.csv
Sakthi Finance Ltd.,SAKTHIFIN,Finance,Finance - NBFC,178.65,sectors\finance.csv
Emerald Finance Ltd.,EMERALD,Finance,Finance - NBFC,176.05,sectors\finance.csv
Kreon Finnancial Services Ltd.,KREONFIN,Finance,Finance - NBFC,175.93,sectors\finance.csv
Rikhav Securities Ltd.,RIKHAV,Finance,Finance - Stock Broking,174.42,sectors\finance.csv
Tilak Ventures Ltd.,TILAK,Finance,Finance - Investment,173.82,sectors\finance.csv
Delphi World Money Ltd.,DELPHIFX,Finance,Finance - Others,167.52,sectors\finance.csv
Supra Pacific Financial Services Ltd.,SUPRAPFSL,Finance,Finance - NBFC,166.29,sectors\finance.csv
Pro Fin Capital Services Ltd.,PROFINC,Finance,Finance - NBFC,162.96,sectors\finance.csv
Beacon Trusteeship Ltd.,BEACON,Finance,Finance - Investment,158.97,sectors\finance.csv
Mena Mani Industries Ltd.,MENAMANI,Finance,Finance - Investment,154.32,sectors\finance.csv
Raama Finance Ltd.,RAAMA,Finance,Finance - NBFC,154.13,sectors\finance.csv
RSD Finance Ltd.,RSDFIN,Finance,Finance - NBFC,152.83,sectors\finance.csv
Baid Finserv Ltd.,BAIDFIN,Finance,Finance - NBFC,152.56,sectors\finance.csv
Paul Merchants Ltd.,PML,Finance,Finance - Investment,151.21,sectors\finance.csv
IBL Finance Ltd.,IBLFL,Finance,Finance - NBFC,150.86,sectors\finance.csv
Keynote Financial Services Ltd.,KEYFINSERV,Finance,Finance - Investment,150.3,sectors\finance.csv
Upsurge Investment & Finance Ltd.,UPSURGE,Finance,Finance - NBFC,149.57,sectors\finance.csv
Maha Rashtra Apex Corporation Ltd.,MAHAPEXLTD,Finance,Finance - Investment,145.71,sectors\finance.csv
Virat Leasing Ltd.,VLL,Finance,Finance - NBFC,145.38,sectors\finance.csv
Indbank Merchant Banking Services Ltd.,INDBANK,Finance,Finance - Stock Broking,144.32,sectors\finance.csv
Available Finance Ltd.,AVAILFC,Finance,Finance - NBFC,140.4,sectors\finance.csv
Sonal Mercantile Ltd.,SONAL,Finance,Finance - NBFC,138.53,sectors\finance.csv
Vibrant Global Capital Ltd.,VGCL,Finance,Finance - Investment,137.38,sectors\finance.csv
Coral India Finance & Housing Ltd.,CORALFINAC,Finance,Finance - NBFC,133.8,sectors\finance.csv
JA Finance Ltd.,JAFINANCE,Finance,Finance - Investment,132.95,sectors\finance.csv
Iconik Sports And Events Ltd.,ICONIKSPEV,Finance,Finance - Investment,131.41,sectors\finance.csv
Onelife Capital Advisors Ltd.,ONELIFECAP,Finance,Finance - Investment,131.27,sectors\finance.csv
Apollo Finvest (India) Ltd.,APOLLOFI,Finance,Finance - NBFC,130.85,sectors\finance.csv
Fynx Capital Ltd.,FYNX,Finance,Finance - NBFC,130.4,sectors\finance.csv
Worth Investment & Trading Co Ltd.,WORTH,Finance,Finance - NBFC,128.64,sectors\finance.csv
Nexome Capital Markets Ltd.,NEXOME,Finance,Finance - Investment,128.24,sectors\finance.csv
LKP Securities Ltd.,LKPSEC,Finance,Finance - Stock Broking,127.25,sectors\finance.csv
Steel City Securities Ltd.,STEELCITY,Finance,Finance - Stock Broking,126.19,sectors\finance.csv
Marg Techno Projects Ltd.,MTPL,Finance,Finance - NBFC,124.96,sectors\finance.csv
Harmony Capital Services Ltd.,HRMNYCP,Finance,Finance - Investment,124.58,sectors\finance.csv
KIFS Financial Services Ltd.,KIFS,Finance,Finance - NBFC,124.41,sectors\finance.csv
PMC Fincorp Ltd.,PMCFIN,Finance,Finance - NBFC,123.9,sectors\finance.csv
Escorp Asset Management Ltd.,ESCORP,Finance,Finance - Asset Management,122.28,sectors\finance.csv
Garnet International Ltd.,GARNETINT,Finance,Finance - Investment,121.21,sectors\finance.csv
VJTF Eduservices Ltd.,VJTFEDU,Finance,Finance - NBFC,119.68,sectors\finance.csv
Ganges Securities Ltd.,GANGESSECU,Finance,Finance - Investment,118.55,sectors\finance.csv
Trustedge Capital Ltd.,TRUSTEDGE,Finance,Finance - Investment,117.98,sectors\finance.csv
Assam Entrade Ltd.,ASSAMENT,Finance,Finance - Investment,116.62,sectors\finance.csv
DB (International) Stock Brokers Ltd.,DBSTOCKBRO,Finance,Finance - Stock Broking,113.75,sectors\finance.csv
Dharni Capital Services Ltd.,DHARNI,Finance,Finance - Asset Management,112.03,sectors\finance.csv
Panafic Industrials Ltd.,PANAFIC,Finance,Finance - NBFC,108.41,sectors\finance.csv
Jolly Plastic Industries Ltd.,JOLYPLS,Finance,Finance - Investment,108.26,sectors\finance.csv
Milgrey Finance & Investments Ltd.,ZMILGFIN,Finance,Finance - Investment,107.64,sectors\finance.csv
Jagsonpal Services Ltd.,JAGSONSER,Finance,Finance - NBFC,105.59,sectors\finance.csv
Titan Securities Ltd.,TITANSEC,Finance,Finance - NBFC,102.37,sectors\finance.csv
Indian Infotech & Software Ltd.,INDINFO,Finance,Finance - Investment,102.14,sectors\finance.csv
Pioneer Investcorp Ltd.,PIONRINV,Finance,Finance - Investment,100.96,sectors\finance.csv
The Motor & General Finance Ltd.,MOTOGENFIN,Finance,Finance - NBFC,100.96,sectors\finance.csv
Mukesh Babu Financial Services Ltd.,MUKESHB,Finance,Finance - NBFC,97.7,sectors\finance.csv
Viram Suvarn Ltd.,VSL,Finance,Finance - Others,97.35,sectors\finance.csv
Inventure Growth & Securities Ltd.,INVENTURE,Finance,Finance - Stock Broking,96.6,sectors\finance.csv
Arunjyoti Bio Ventures Ltd.,ABVL,Finance,Finance - Investment,95.99,sectors\finance.csv
Gujarat State Financial Corporation Ltd.,GUJSTATFIN,Finance,Finance Term Lending,95.17,sectors\finance.csv
Standard Capital Markets Ltd.,STANCAP,Finance,Finance - NBFC,93.27,sectors\finance.csv
Photon Capital Advisors Ltd.,PHOTON,Finance,Finance - Investment,91.93,sectors\finance.csv
Tomorrow Technologies Global Innovations Ltd.,TTGIL,Finance,Finance - Investment,91.73,sectors\finance.csv
Munoth Capital Markets Ltd.,MUNCAPM,Finance,Finance - Stock Broking,91.66,sectors\finance.csv
Palash Securities Ltd.,PALASHSECU,Finance,Finance - Investment,89.03,sectors\finance.csv
Asit C Mehta Financial Services Ltd.,ASITCFIN,Finance,Finance - Investment,88.69,sectors\finance.csv
Optimus Finance Ltd.,OPTIFIN,Finance,Finance - NBFC,88.55,sectors\finance.csv
My Mudra Fincorp Ltd.,MYMUDRA,Finance,Finance - Housing,86.41,sectors\finance.csv
GACM Technologies Ltd.,GATECH,Finance,Finance - Stock Broking,86.01,sectors\finance.csv
Reliance Home Finance Ltd.,RHFL,Finance,Finance - Housing,85.86,sectors\finance.csv
BLB Ltd.,BLBLIMITED,Finance,Finance - Stock Broking,85.85,sectors\finance.csv
Inter Globe Finance Ltd.,INTRGLB,Finance,Finance - NBFC,85.66,sectors\finance.csv
Mangalam Industrial Finance Ltd.,MANGIND,Finance,Finance - NBFC,85.51,sectors\finance.csv
BN Rathi Securities Ltd.,BNRSEC,Finance,Finance - Stock Broking,84.67,sectors\finance.csv
WSFX Global Pay Ltd.,WSFX,Finance,Finance - NBFC,83.83,sectors\finance.csv
Chartered Capital & Investment Ltd.,CHRTEDCA,Finance,Finance - Investment,83.72,sectors\finance.csv
RR Financial Consultants Ltd.,RRFIN,Finance,Finance - Investment,82.84,sectors\finance.csv
Prithvi Exchange (India) Ltd.,PRITHVIEXCH,Finance,Finance - Others,81.29,sectors\finance.csv
Wallfort Financial Services Ltd.,WALLFORT,Finance,Finance - Stock Broking,79.55,sectors\finance.csv
Saumya Consultants Ltd.,SAUMYA,Finance,Finance - NBFC,79.53,sectors\finance.csv
Haryana Capfin Ltd.,HARYNACAP,Finance,Finance - Investment,77.19,sectors\finance.csv
NCL Research & Financial Services Ltd.,NCLRESE,Finance,Finance - NBFC,77.06,sectors\finance.csv
Advik Capital Ltd.,ADVIKCA,Finance,Finance - NBFC,74.24,sectors\finance.csv
Comfort Fincap Ltd.,COMFINCAP,Finance,Finance - NBFC,73.74,sectors\finance.csv
ACME Resources Ltd.,ACME,Finance,Finance - NBFC,73.4,sectors\finance.csv
Capital Trust Ltd.,CAPTRUST,Finance,Finance - NBFC,72.97,sectors\finance.csv
Gemstone Investments Ltd.,GEMSI,Finance,Finance - NBFC,72.59,sectors\finance.csv
Amrapali Capital & Finance Services Ltd.,ACFSL,Finance,Finance - Stock Broking,72.46,sectors\finance.csv
Gowra Leasing & Finance Ltd.,GOWRALE,Finance,Finance - NBFC,72.44,sectors\finance.csv
SKP Securities Ltd.,SKPSEC,Finance,Finance - Stock Broking,70.81,sectors\finance.csv
Abhinav Capital Services Ltd.,ABHICAP,Finance,Finance - NBFC,70.67,sectors\finance.csv
Dhanlaxmi Cotex Ltd.,DHANCOT,Finance,Finance - Investment,69.9,sectors\finance.csv
Classic Leasing & Finance Ltd.,CLFL,Finance,Finance - NBFC,69.34,sectors\finance.csv
Joindre Capital Services Ltd.,JOINDRE,Finance,Finance - Stock Broking,68.75,sectors\finance.csv
Softrak Venture Investment Ltd.,SOFTRAKV,Finance,Finance - Investment,67.62,sectors\finance.csv
DAR Credit & Capital Ltd.,DCCL,Finance,Finance - NBFC,66.24,sectors\finance.csv
HB Portfolio Ltd.,HBPOR,Finance,Finance - Investment,65.44,sectors\finance.csv
SPA Capital Services Ltd.,SPACAPS,Finance,Finance - Investment,64.87,sectors\finance.csv
Banas Finance Ltd.,BANASFN,Finance,Finance - NBFC,64.68,sectors\finance.csv
Bampsl Securities Ltd.,BAMPSL,Finance,Finance - NBFC,64.63,sectors\finance.csv
Leading Leasing Finance And Investment Co Ltd.,LLFICL,Finance,Finance - NBFC,64.25,sectors\finance.csv
Capfin India Ltd.,CAPFIN,Finance,Finance - Investment,63.7,sectors\finance.csv
Real Touch Finance Ltd.,RTFL,Finance,Finance - Investment,63.46,sectors\finance.csv
Ceejay Finance Ltd.,CEEJAY,Finance,Finance - NBFC,62.1,sectors\finance.csv
Transwarranty Finance Ltd.,TFL,Finance,Finance - NBFC,61.84,sectors\finance.csv
Minolta Finance Ltd.,MINOLTAF,Finance,Finance - NBFC,61.5,sectors\finance.csv
Odyssey Corporation Ltd.,ODYCORP,Finance,Finance - Investment,60.86,sectors\finance.csv
Dhruva Capital Services Ltd.,DHRUVCA,Finance,Finance - NBFC,60.65,sectors\finance.csv
Elixir Capital Ltd.,ELIXIR,Finance,Finance - Investment,60.54,sectors\finance.csv
F Mec International Financial Services Ltd.,FMEC,Finance,Finance - NBFC,60.54,sectors\finance.csv
My Money Securities Ltd.,MYMONEY,Finance,Finance - Stock Broking,60.03,sectors\finance.csv
Swati Projects Ltd.,SWATIPRO,Finance,Finance - NBFC,58.23,sectors\finance.csv
3P Land Holdings Ltd.,3PLAND,Finance,Finance - Investment,57.92,sectors\finance.csv
Regis Industries Ltd.,REGIS,Finance,Finance - NBFC,56.01,sectors\finance.csv
Ladderup Finance Ltd.,LADDERUP,Finance,Finance - NBFC,55.98,sectors\finance.csv
Apoorva Leasing Finance And Investment Company Ltd,APOORVA,Finance,Finance - Investment,54.93,sectors\finance.csv
Mantra Capital Ltd.,MANTRA,Finance,Finance - NBFC,54.73,sectors\finance.csv
India Cements Capital Ltd.,INDCEMCAP,Finance,Finance - NBFC,54.63,sectors\finance.csv
Mega Corporation Ltd.,MEGACOR,Finance,Finance - NBFC,54.4,sectors\finance.csv
Hybrid Financial Services Ltd.,HYBRIDFIN,Finance,Finance - NBFC,53.72,sectors\finance.csv
DhanSafal Finserve Ltd.,DHANSAFAL,Finance,Finance - NBFC,53.38,sectors\finance.csv
Srestha Finvest Ltd.,SRESTHA,Finance,Finance - Investment,52.73,sectors\finance.csv
Oasis Securities Ltd.,OASISEC,Finance,Finance - NBFC,52.45,sectors\finance.csv
ICDS Ltd.,ICDSLTD,Finance,Finance - NBFC,52.43,sectors\finance.csv
Aastamangalam Finance Ltd.,AASTAFIN,Finance,Finance - NBFC,51.91,sectors\finance.csv
Sodhani Capital Ltd.,SODHACAP,Finance,Finance - Others,51.64,sectors\finance.csv
Mefcom Capital Markets Ltd.,MEFCOMCAP,Finance,Finance - Investment,50.73,sectors\finance.csv
Futuristic Solutions Ltd.,FUTSOL,Finance,Finance - NBFC,50.03,sectors\finance.csv
Ind Bank Housing Ltd.,INDBNK,Finance,Finance - Housing,49.56,sectors\finance.csv
Vertex Securities Ltd.,VERTEX,Finance,Finance - Stock Broking,49.0,sectors\finance.csv
TruCap Finance Ltd.,TRU,Finance,Finance Term Lending,48.73,sectors\finance.csv
Amrapali Fincap Ltd.,AMRAFIN,Finance,Finance - NBFC,48.41,sectors\finance.csv
NAM Securities Ltd.,NAM,Finance,Finance - Stock Broking,47.88,sectors\finance.csv
Shri Niwas Leasing And Finance Ltd.,SHRINIWAS,Finance,Finance - Investment,47.53,sectors\finance.csv
Continental Securities Ltd.,CSL,Finance,Finance - NBFC,47.25,sectors\finance.csv
Sanchay Finvest Ltd.,SANCF,Finance,Finance - Investment,46.0,sectors\finance.csv
21st Century Management Services Ltd.,21STCENMGM,Finance,Finance - Investment,45.71,sectors\finance.csv
India Home Loan Ltd.,INDIAHOME,Finance,Finance - Housing,45.27,sectors\finance.csv
Mask Investments Ltd.,MASKINVEST,Finance,Finance - Investment,45.2,sectors\finance.csv
Key Corp Ltd.,KEYCORP,Finance,Finance - NBFC,44.39,sectors\finance.csv
Caspian Corporate Services Ltd.,CASPIAN,Finance,Finance - Others,43.94,sectors\finance.csv
ARC Finance Ltd.,ARCFIN,Finance,Finance - NBFC,43.58,sectors\finance.csv
Morgan Ventures Ltd.,MORGAN,Finance,Finance - NBFC,43.57,sectors\finance.csv
Sai Capital Ltd.,SAICAPI,Finance,Finance - Investment,43.18,sectors\finance.csv
Ruparel Food Products Ltd.,RFL,Finance,Finance - Housing,43.15,sectors\finance.csv
Kiduja India Ltd.,KIDUJA,Finance,Finance - NBFC,43.06,sectors\finance.csv
Lakshmi Finance & Industrial Corporation Ltd.,LFIC,Finance,Finance - NBFC,42.06,sectors\finance.csv
Sita Enterprises Ltd.,SITAENT,Finance,Finance - NBFC,41.7,sectors\finance.csv
Ad-Manum Finance Ltd.,ADMANUM,Finance,Finance - NBFC,41.5,sectors\finance.csv
Salem Erode Investments Ltd.,SALEM,Finance,Finance - NBFC,41.22,sectors\finance.csv
HB Stockholdings Ltd.,HBSL,Finance,Finance - NBFC,40.94,sectors\finance.csv
Walchand Peoplefirst Ltd.,WALCHPF,Finance,Finance - Investment,40.68,sectors\finance.csv
Sugal & Damani Share Brokers Ltd.,SUGALDAM,Finance,Finance - Stock Broking,40.31,sectors\finance.csv
Star Housing Finance Ltd.,STARHFL,Finance,Finance - Housing,39.64,sectors\finance.csv
Sainik Finance & Industries Ltd.,SAINIK,Finance,Finance - NBFC,38.57,sectors\finance.csv
CFSL Ltd.,CUBIFIN,Finance,Finance - NBFC,37.86,sectors\finance.csv
Ajcon Global Services Ltd.,AJCON,Finance,Finance - Investment,36.39,sectors\finance.csv
Glance Finance Ltd.,GLANCE,Finance,Finance - NBFC,36.06,sectors\finance.csv
Galactico Corporate Services Ltd.,GALACTICO,Finance,Finance - Investment,35.56,sectors\finance.csv
Kalyan Capitals Ltd.,KALYANCAP,Finance,Finance - NBFC,35.5,sectors\finance.csv
Anupam Finserv Ltd.,ANUPAM,Finance,Finance - NBFC,35.49,sectors\finance.csv
Supra Trends Ltd.,SUPRATRE,Finance,Finance - NBFC,35.49,sectors\finance.csv
JMJ Fintech Ltd.,JMJFIN,Finance,Finance - NBFC,35.31,sectors\finance.csv
Relic Technologies Ltd.,RELICTEC,Finance,Finance - Stock Broking,35.11,sectors\finance.csv
Bridge Securities Ltd.,BRIDGESE,Finance,Finance - Investment,34.99,sectors\finance.csv
Jindal Leasefin Ltd.,JLL,Finance,Finance - Investment,34.45,sectors\finance.csv
MSL Global Ltd.,MSLGLOBAL,Finance,Finance - Investment,34.14,sectors\finance.csv
Pan India Corporation Ltd.,PANINDIAC,Finance,Finance - Investment,34.07,sectors\finance.csv
GDL Leasing & Finance Ltd.,GDLLEAS,Finance,Finance - NBFC,33.07,sectors\finance.csv
Yamini Investments Ltd.,YAMNINV,Finance,Finance - Investment,32.6,sectors\finance.csv
Arnold Holdings Ltd.,ARNOLD,Finance,Finance - NBFC,32.5,sectors\finance.csv
KK Fincorp Ltd.,KKFIN,Finance,Finance - NBFC,32.27,sectors\finance.csv
SP Capital Financing Ltd.,SPCAPIT,Finance,Finance - NBFC,31.97,sectors\finance.csv
ISL Consulting Ltd.,ISLCONSUL,Finance,Finance - Investment,31.82,sectors\finance.csv
Shyamkamal Investments Ltd.,SHYMINV,Finance,Finance - NBFC,31.8,sectors\finance.csv
Gogia Capital Growth Ltd.,GOGIACAPGL,Finance,Finance - Stock Broking,31.67,sectors\finance.csv
Asia Capital Ltd.,ASIACAP,Finance,Finance - NBFC,31.54,sectors\finance.csv
Margo Finance Ltd.,MARGOFIN,Finance,Finance - NBFC,31.46,sectors\finance.csv
Sumedha Fiscal Services Ltd.,SUMEDHA,Finance,Finance - Investment,31.35,sectors\finance.csv
RGF Capital Markets Ltd.,RGF,Finance,Finance - NBFC,31.05,sectors\finance.csv
Biogen Pharmachem Industries Ltd.,BIOGEN,Finance,Finance - Others,30.54,sectors\finance.csv
BYLD Capital Finance Ltd.,BYLD,Finance,Finance - NBFC,29.71,sectors\finance.csv
Challani Capital Ltd.,CHALLANI,Finance,Finance - NBFC,29.7,sectors\finance.csv
Nagreeka Capital & Infrastructure Ltd.,NAGREEKCAP,Finance,Finance - NBFC,29.46,sectors\finance.csv
TCFC Finance Ltd.,TCFCFINQ,Finance,Finance - NBFC,28.17,sectors\finance.csv
Intec Capital Ltd.,INTECCAP,Finance,Finance - NBFC,27.73,sectors\finance.csv
Stanrose Mafatlal Investments & Finance Ltd.,STANROS,Finance,Finance - Investment,27.58,sectors\finance.csv
Sulabh Engineers & Services Ltd.,SULABEN,Finance,Finance - NBFC,27.53,sectors\finance.csv
CMX Holdings Ltd.,CMXLTD,Finance,Finance - Investment,27.52,sectors\finance.csv
Williamson Magor & Company Ltd.,WILLAMAGOR,Finance,Finance - NBFC,27.51,sectors\finance.csv
GSB Finance Ltd.,GSBFIN,Finance,Finance - NBFC,27.48,sectors\finance.csv
Khandwala Securities Ltd.,KHANDSE,Finance,Finance - Stock Broking,27.44,sectors\finance.csv
Sahara Housingfina Corporation Ltd.,SAHARAHOUS,Finance,Finance - Housing,27.43,sectors\finance.csv
KJMC Financial Services Ltd.,KJMCFIN,Finance,Finance - NBFC,27.28,sectors\finance.csv
Qgo Finance Ltd.,QGO,Finance,Finance - Investment,27.23,sectors\finance.csv
Morarka Finance Ltd.,MORARKFI,Finance,Finance - NBFC,27.18,sectors\finance.csv
Libord Finance Ltd.,LIBORDFIN,Finance,Finance - NBFC,27.11,sectors\finance.csv
Suvifin Credit Solutions Ltd.,PURSHOTTAM,Finance,Finance - NBFC,27.1,sectors\finance.csv
Indianivesh Ltd.,INDIANVSH,Finance,Finance - NBFC,26.92,sectors\finance.csv
Invigorated Business Consulting Ltd.,INVIGO,Finance,Finance - NBFC,26.73,sectors\finance.csv
Swarna Securities Ltd.,SWRNASE,Finance,Finance - NBFC,26.4,sectors\finance.csv
Abhishek Finlease Ltd.,ABHIFIN,Finance,Finance - NBFC,25.83,sectors\finance.csv
Longspur International Ventures Ltd.,LONGSPUR,Finance,Finance - Others,25.8,sectors\finance.csv
Nalin Lease Finance Ltd.,NLFL,Finance,Finance - NBFC,25.58,sectors\finance.csv
Esaar (India) Ltd.,ESARIND,Finance,Finance - NBFC,25.49,sectors\finance.csv
Prismx Global Ventures Ltd.,PRISMX,Finance,Finance - Investment,25.47,sectors\finance.csv
Munoth Financial Services Ltd.,MUNOTHFI,Finance,Finance - Stock Broking,25.36,sectors\finance.csv
Greencrest Financial Services Ltd.,GREENCREST,Finance,Finance - NBFC,25.22,sectors\finance.csv
Enbee Trade & Finance Ltd.,ENBETRD,Finance,Finance - NBFC,25.1,sectors\finance.csv
Smart Finsec Ltd.,SMARTFIN,Finance,Finance - NBFC,25.05,sectors\finance.csv
Dynamic Archistructures Ltd.,DAL,Finance,Finance - NBFC,24.99,sectors\finance.csv
Bervin Investment & Leasing Ltd.,BERVINL,Finance,Finance - Investment,24.77,sectors\finance.csv
Ramsons Projects Ltd.,RAMSONS,Finance,Finance - NBFC,24.72,sectors\finance.csv
Ashirwad Capital Ltd.,ASHCAP,Finance,Finance - Investment,24.66,sectors\finance.csv
RKD Agri & Retail Ltd.,RKDAGRRTL,Finance,Finance - Investment,24.49,sectors\finance.csv
Easy Fincorp Ltd.,EASYFIN,Finance,Finance - Investment,24.25,sectors\finance.csv
Monotype India Ltd.,MONOT,Finance,Finance - Stock Broking,23.91,sectors\finance.csv
Vani Commercials Ltd.,VANICOM,Finance,Finance - NBFC,23.91,sectors\finance.csv
Shreevatsa Finance & Leasing Ltd.,SHVFL,Finance,Finance - NBFC,23.73,sectors\finance.csv
MPIL Corporation Ltd.,MPILCORPL,Finance,Finance - Others,23.71,sectors\finance.csv
KJMC Corporate Advisors (India) Ltd.,KJMCCORP,Finance,Finance - Stock Broking,23.5,sectors\finance.csv
Khoobsurat Ltd.,KHOOBSURAT,Finance,Finance - Investment,23.04,sectors\finance.csv
Navigant Corporate Advisors Ltd.,NAVIGANT,Finance,Finance - Others,22.99,sectors\finance.csv
Parshwanath Corporation Ltd.,PARSHWANA,Finance,Finance - Housing,22.85,sectors\finance.csv
Jindal Capital Ltd.,JINDCAP,Finance,Finance - Investment,22.52,sectors\finance.csv
Pulsar International Ltd.,PULSRIN,Finance,Finance - NBFC,21.85,sectors\finance.csv
Richfield Financial Services Ltd.,RFSL,Finance,Finance - NBFC,21.72,sectors\finance.csv
Helpage Finlease Ltd.,HELPAGE,Finance,Finance - NBFC,21.64,sectors\finance.csv
SI Capital & Financial Services Ltd.,SICAPIT,Finance,Finance - Investment,21.32,sectors\finance.csv
DJS Stock & Shares Ltd.,DJSSS,Finance,Finance - Stock Broking,21.28,sectors\finance.csv
Paragon Finance Ltd.,PARAGONF,Finance,Finance - NBFC,21.16,sectors\finance.csv
TTI Enterprise Ltd.,TTIENT,Finance,Finance - NBFC,21.09,sectors\finance.csv
Mansi Finance (Chennai) Ltd.,MANSIFIN,Finance,Finance - NBFC,20.82,sectors\finance.csv
Fruition Venture Ltd.,FRUTION,Finance,Finance - Stock Broking,20.26,sectors\finance.csv
Roselabs Finance Ltd.,ROSELABS,Finance,Finance - NBFC,19.78,sectors\finance.csv
TCI Finance Ltd.,TCIFINANCE,Finance,Finance - NBFC,19.57,sectors\finance.csv
Visagar Financial Services Ltd.,VISAGAR,Finance,Finance - NBFC,19.27,sectors\finance.csv
Bazel International Ltd.,BAZELINTER,Finance,Finance - NBFC,18.41,sectors\finance.csv
Dynamic Portfolio Management & Services Ltd.,DYNAMICP,Finance,Finance - NBFC,18.39,sectors\finance.csv
Gallops Enterprises Ltd.,GALLOPENT,Finance,Finance - NBFC,18.27,sectors\finance.csv
Rapid Investments Ltd.,RAPIDIN,Finance,Finance - NBFC,18.17,sectors\finance.csv
Cil Securities Ltd.,CILSEC,Finance,Finance - NBFC,18.0,sectors\finance.csv
Abirami Financial Services (India) Ltd.,ABIRAFN,Finance,Finance - NBFC,17.98,sectors\finance.csv
Premier Capital Services Ltd.,PREMCAP,Finance,Finance - NBFC,17.97,sectors\finance.csv
Global Capital Markets Ltd.,GLOBALCA,Finance,Finance - NBFC,17.92,sectors\finance.csv
Onesource Industries And Ventures Ltd.,OIVL        ,Finance,Finance - Others,17.84,sectors\finance.csv
Step Two Corporation Ltd.,STEP2COR,Finance,Finance - NBFC,17.7,sectors\finance.csv
Gilada Finance & Investments Ltd.,GILADAFINS,Finance,Finance - NBFC,17.58,sectors\finance.csv
Vedant Asset Ltd.,VEDANTASSET,Finance,Finance - Asset Management,17.57,sectors\finance.csv
Prism Finance Ltd.,PRISMFN,Finance,Finance - NBFC,17.55,sectors\finance.csv
Darjeeling Industriies Ltd.,DARJEELING,Finance,Finance - Investment,17.34,sectors\finance.csv
Pro CLB Global Ltd.,PROCLB,Finance,Finance - Investment,17.3,sectors\finance.csv
Easun Capital Markets Ltd.,EASUN,Finance,Finance - NBFC,17.15,sectors\finance.csv
Ranjit Securities Ltd.,RANJITSE,Finance,Finance - NBFC,17.13,sectors\finance.csv
Maruti Global Industries Ltd.,MGIL,Finance,Finance - Investment,17.05,sectors\finance.csv
Ontic Finserve Ltd.,ONTIC,Finance,Finance - Others,17.01,sectors\finance.csv
Manraj Housing Finance Ltd.,MANRAJH,Finance,Finance - Housing,17.0,sectors\finance.csv
Kapil Raj Finance Ltd.,KAPILRAJ,Finance,Finance - NBFC,16.96,sectors\finance.csv
Frontier Capital Ltd.,FRONTCAP,Finance,Finance - NBFC,16.39,sectors\finance.csv
Gujarat Lease Financing Ltd.,GLFL,Finance,Finance - NBFC,16.28,sectors\finance.csv
Bombay Talkies Ltd.,BOMTALKIES,Finance,Finance - NBFC,16.2,sectors\finance.csv
Beryl Securities Ltd.,BERYLSE,Finance,Finance - NBFC,16.11,sectors\finance.csv
Comfort Commotrade Ltd.,COMCL,Finance,Finance - Stock Broking,16.1,sectors\finance.csv
Yash Management & Satellite Ltd.,YASHMGM,Finance,Finance - Investment,15.95,sectors\finance.csv
Bharat Bhushan Finance & Commodity Brokers Ltd.,BHARAT,Finance,Finance - Investment,15.76,sectors\finance.csv
Gajanan Securities Services Ltd.,GAJANANSEC,Finance,Finance - Stock Broking,15.68,sectors\finance.csv
GSL Securities Ltd.,GSLSEC,Finance,Finance - NBFC,15.64,sectors\finance.csv
Mid East Portfolio Management Ltd.,MIDEASTP,Finance,Finance - Investment,15.56,sectors\finance.csv
NDA Securities Ltd.,NDASEC,Finance,Finance - Stock Broking,15.53,sectors\finance.csv
Kinetic Trust Ltd.,KINETRU,Finance,Finance - NBFC,15.43,sectors\finance.csv
Shree Securities Ltd.,SHREESEC,Finance,Finance - Investment,15.16,sectors\finance.csv
Golechha Global Finance Ltd.,GOLECHA,Finance,Finance - NBFC,15.15,sectors\finance.csv
KBS India Ltd.,KBSINDIA,Finance,Finance - Stock Broking,14.83,sectors\finance.csv
Market Creators Ltd.,MKTCREAT,Finance,Finance - Investment,14.74,sectors\finance.csv
Moongipa Capital Finance Ltd.,MONGIPA,Finance,Finance - NBFC,14.65,sectors\finance.csv
Indergiri Finance Ltd.,INDERGR,Finance,Finance - NBFC,14.63,sectors\finance.csv
NEIL Industries Ltd.,NEIL,Finance,Finance - NBFC,14.63,sectors\finance.csv
Sarvottam Finvest Ltd.,SARVOTTAM,Finance,Finance - NBFC,14.62,sectors\finance.csv
Citi Port Financial Services Ltd.,CITIPOR,Finance,Finance - NBFC,14.57,sectors\finance.csv
Daulat Securities Ltd.,DAULAT,Finance,Finance - Stock Broking,14.5,sectors\finance.csv
Stellar Capital Services Ltd.,STELLAR,Finance,Finance - NBFC,14.23,sectors\finance.csv
Shrydus Industries Ltd.,SHRYDUS,Finance,Finance - Investment,14.18,sectors\finance.csv
Mehta Integrated Finance Ltd.,MEHIF,Finance,Finance - Investment,14.12,sectors\finance.csv
Franklin Leasing And Finance Ltd.,FRANKLIN,Finance,Finance - NBFC,14.06,sectors\finance.csv
SRG Fingrow Finance Ltd.,SRGFFL,Finance,Finance - NBFC,13.98,sectors\finance.csv
Karnavati Finance Ltd.,KARNAVATI,Finance,Finance - NBFC,13.97,sectors\finance.csv
FGP Ltd.,FGP,Finance,Finance - NBFC,13.81,sectors\finance.csv
Clio Infotech Ltd.,CLIOINFO,Finance,Finance - Investment,13.77,sectors\finance.csv
Zodiac Ventures Ltd.,ZODIACVEN,Finance,Finance - Investment,13.73,sectors\finance.csv
Regal Entertainment & Consultants Ltd.,REGAL,Finance,Finance - NBFC,13.68,sectors\finance.csv
HCKK Ventures Ltd.,HCKKVENTURE,Finance,Finance - Investment,13.56,sectors\finance.csv
JJ Finance Corporation Ltd.,JJFINCOR,Finance,Finance - NBFC,13.55,sectors\finance.csv
Indo-City Infotech Ltd.,INDOCITY,Finance,Finance - NBFC,13.52,sectors\finance.csv
GCM Securities Ltd.,GCMSECU,Finance,Finance - Stock Broking,13.3,sectors\finance.csv
Krishna Capital And Securities Ltd.,KRISHNACAP,Finance,Finance - NBFC,13.27,sectors\finance.csv
Ashtasidhhi Industries Ltd.,GUJINV,Finance,Finance - NBFC,13.22,sectors\finance.csv
SV Trading & Agencies Ltd.,ZSVTRADI,Finance,Finance - Stock Broking,13.18,sectors\finance.csv
Triumph International Finance India Ltd.,TRIUMPIN,Finance,Finance - Investment,13.08,sectors\finance.csv
Northlink Fiscal and Capital Services Ltd.,NORTHLINK,Finance,Finance - NBFC,13.07,sectors\finance.csv
HB Leasing & Finance Company Ltd.,HBLEAS,Finance,Finance - NBFC,13.06,sectors\finance.csv
Decillion Finance Ltd.,DFL,Finance,Finance - Investment,13.05,sectors\finance.csv
GK Consultants Ltd.,GKCONS,Finance,Finance - NBFC,13.01,sectors\finance.csv
Galada Finance Ltd.,GALADAFIN,Finance,Finance - NBFC,13.01,sectors\finance.csv
Tradewell Holdings Ltd.,TRADEWELL,Finance,Finance - Investment,12.92,sectors\finance.csv
Tokyo Finance Ltd.,TOKYOFIN,Finance,Finance - NBFC,12.89,sectors\finance.csv
United Credit Ltd.,UNITDCR,Finance,Finance - NBFC,12.87,sectors\finance.csv
Kairosoft Ai Solutions Ltd.,VOLKAI,Finance,Finance - Investment,12.84,sectors\finance.csv
Manipal Finance Corporation Ltd.,MNPLFIN,Finance,Finance - NBFC,12.78,sectors\finance.csv
SW Investments Ltd.,SW1,Finance,Finance - Investment,12.6,sectors\finance.csv
NPR Finance Ltd.,NPRFIN,Finance,Finance - NBFC,12.58,sectors\finance.csv
DCM Financial Services Ltd.,DCMFINSERV,Finance,Finance - NBFC,12.57,sectors\finance.csv
Inani Securities Ltd.,INANISEC,Finance,Finance - Stock Broking,12.43,sectors\finance.csv
Ladam Affordable Housing Ltd.,LAHL,Finance,Finance - Investment,12.43,sectors\finance.csv
Goenka Business & Finance Ltd.,GBFL,Finance,Finance - NBFC,12.25,sectors\finance.csv
Integrated Capital Services Ltd.,ICSL,Finance,Finance - NBFC,12.17,sectors\finance.csv
Econo Trade (India) Ltd.,ETIL,Finance,Finance - NBFC,12.14,sectors\finance.csv
Golden Legand Leasing & Finance Ltd.,GOLDLEG,Finance,Finance - NBFC,11.79,sectors\finance.csv
Dalal Street Investments Ltd.,DSINVEST,Finance,Finance - Investment,11.63,sectors\finance.csv
Jackson Investments Ltd.,JACKSON,Finance,Finance - Investment,11.63,sectors\finance.csv
Svaraj Trading & Agencies Ltd.,ZSVARAJT,Finance,Finance - Investment,11.58,sectors\finance.csv
Rita Finance and Leasing Ltd.,RFLL,Finance,Finance - NBFC,11.53,sectors\finance.csv
N2N Technologies Ltd.,NNTL,Finance,Finance - Investment,11.51,sectors\finance.csv
Kuber Udyog Ltd.,KUBERJI,Finance,Finance - NBFC,11.3,sectors\finance.csv
Lyons Corporate Market Ltd.,LYONSCO,Finance,Finance - NBFC,11.23,sectors\finance.csv
India Lease Development Ltd.,INDLEASE,Finance,Finance - NBFC,11.17,sectors\finance.csv
Blue Chip India Ltd.,BLUECHIP,Finance,Finance - Investment,11.17,sectors\finance.csv
Sashwat Technocrats Ltd.,SASHWAT,Finance,Finance - Investment,10.88,sectors\finance.csv
Sumeru Industries Ltd.,SUMERUIND,Finance,Finance - Investment,10.8,sectors\finance.csv
VB Industries Ltd.,VBIND,Finance,Finance - Investment,10.74,sectors\finance.csv
Scintilla Commercial & Credit Ltd.,SCC,Finance,Finance - NBFC,10.72,sectors\finance.csv
Modern Shares & Stockbrokers Ltd.,MODRNSH,Finance,Finance - Stock Broking,10.46,sectors\finance.csv
Garbi Finvest Ltd.,GARBIFIN,Finance,Finance - NBFC,10.26,sectors\finance.csv
Yunik Managing Advisors Ltd.,YunikM,Finance,Finance - Investment,10.23,sectors\finance.csv
Ganesh Holdings Ltd.,GANHOLD,Finance,Finance - NBFC,10.22,sectors\finance.csv
Kumbhat Financial Services Ltd.,KUMPFIN,Finance,Finance - NBFC,10.12,sectors\finance.csv
Adcon Capital Services Ltd.,ADCON,Finance,Finance - NBFC,10.12,sectors\finance.csv
Octal Credit Capital Ltd.,OCTAL,Finance,Finance - NBFC,9.94,sectors\finance.csv
Libord Securities Ltd.,LIBORD,Finance,Finance - Investment,9.86,sectors\finance.csv
Typhoon Financial Services Ltd.,TFSL,Finance,Finance - NBFC,9.57,sectors\finance.csv
Global Infratech & Finance Ltd.,GBLINFRA,Finance,Finance - Investment,9.53,sectors\finance.csv
ArihantS Securities Ltd.,ARISE,Finance,Finance - Investment,9.49,sectors\finance.csv
GACM Technologies Ltd. - (DVR),GATECHDVR,Finance,Finance - Stock Broking,9.48,sectors\finance.csv
Mathew Easow Research Securities Ltd.,MATHEWE,Finance,Finance - NBFC,9.42,sectors\finance.csv
Interactive Financial Services Ltd.,IFINSER,Finance,Finance - Others,9.24,sectors\finance.csv
Sharp Investments Ltd.,SHARPINV,Finance,Finance - Investment,9.2,sectors\finance.csv
Sujala Trading & Holdings Ltd.,SUJALA,Finance,Finance - Investment,9.09,sectors\finance.csv
ACE Engitech Ltd.,ACEENGITEC,Finance,Finance - NBFC,8.99,sectors\finance.csv
BCL Enterprises Ltd.,BCLENTERPR,Finance,Finance - NBFC,8.86,sectors\finance.csv
Anjani Finance Ltd.,ANJANIFIN,Finance,Finance - NBFC,8.81,sectors\finance.csv
Mahamaya Investments Ltd.,MILLENNIUM,Finance,Finance - Investment,8.7,sectors\finance.csv
First Custodian Fund (India) Ltd.,1STCUS,Finance,Finance - Stock Broking,8.66,sectors\finance.csv
Rajputana Investment & Finance Ltd.,RAJPUTANA,Finance,Finance - Investment,8.43,sectors\finance.csv
BFL Asset Finvest Ltd.,BFLAFL,Finance,Finance - NBFC,8.37,sectors\finance.csv
Trinity League India Ltd.,TRINITYLEA,Finance,Finance - Others,8.35,sectors\finance.csv
PS IT Infrastructure & Services Ltd.,PSITINFRA,Finance,Finance - Investment,8.06,sectors\finance.csv
VB Desai Financial Services Ltd.,VBDESAI,Finance,Finance - Investment,8.03,sectors\finance.csv
ISF Ltd.,ISFL,Finance,Finance - NBFC,7.7,sectors\finance.csv
Rich Universe Network Ltd.,RICHUNV,Finance,Finance - Investment,7.54,sectors\finance.csv
Explicit Finance Ltd.,EXPLICITFIN,Finance,Finance - NBFC,7.41,sectors\finance.csv
Aravali Securities & Finance Ltd.,ARAVALIS,Finance,Finance - Investment,7.23,sectors\finance.csv
Thirani Projects Ltd.,TPROJECT,Finance,Finance - NBFC,7.22,sectors\finance.csv
Mehta Securities Ltd.,MEHSECU,Finance,Finance - Investment,7.19,sectors\finance.csv
Jayabharat Credit Ltd.,JAYBHCR,Finance,Finance - NBFC,7.17,sectors\finance.csv
Alexander Stamps And Coin Ltd.,ALEXANDER,Finance,Finance - Investment,7.03,sectors\finance.csv
Nikki Global Finance Ltd.,NIKKIGL,Finance,Finance - NBFC,6.99,sectors\finance.csv
Indo Credit Capital Ltd.,INDOCRED,Finance,Finance - NBFC,6.98,sectors\finance.csv
Agarwal Fortune India Ltd.,AGARWAL,Finance,Finance - NBFC,6.87,sectors\finance.csv
Systematix Securities Ltd.,SYTIXSE,Finance,Finance - Investment,6.83,sectors\finance.csv
Dharani Finance Ltd.,DHARFIN,Finance,Finance - NBFC,6.82,sectors\finance.csv
AF Enterprises Ltd.,AFEL,Finance,Finance - Investment,6.81,sectors\finance.csv
Atharv Enterprises Ltd.,ATHARVENT,Finance,Finance - Others,6.8,sectors\finance.csv
Ushakiran Finance Ltd.,USHAKIRA,Finance,Finance - NBFC,6.79,sectors\finance.csv
Gujarat Credit Corporation Ltd.,GUJCRED,Finance,Finance - NBFC,6.67,sectors\finance.csv
Money Masters Leasing & Finance Ltd.,MMLF,Finance,Finance - NBFC,6.63,sectors\finance.csv
M Lakhamsi Industries Ltd.,MLINDLTD,Finance,Finance - NBFC,6.6,sectors\finance.csv
Premium Capital Market & Investment Ltd.,PREMCAPM,Finance,Finance - Investment,6.57,sectors\finance.csv
Inditrade Capital Ltd.,INDICAP,Finance,Finance - Investment,6.54,sectors\finance.csv
Hasti Finance Ltd.,HASTIFIN,Finance,Finance - NBFC,6.54,sectors\finance.csv
KLG Capital Services Ltd.,KLGCAP,Finance,Finance - Investment,6.49,sectors\finance.csv
Voltaire Leasing & Finance Ltd.,VOLLF,Finance,Finance - NBFC,6.35,sectors\finance.csv
Prime Capital Market Ltd.,PRIMECAPM,Finance,Finance - NBFC,6.33,sectors\finance.csv
Integra Capital Ltd.,INTCAPL,Finance,Finance - NBFC,6.32,sectors\finance.csv
KZ Leasing & Finance Ltd.,KZLFIN,Finance,Finance - NBFC,6.31,sectors\finance.csv
GCM Capital Advisors Ltd.,GCMCAPI,Finance,Finance - Investment,6.23,sectors\finance.csv
Kanungo Financiers Ltd.,KANUNGO,Finance,Finance - Investment,6.23,sectors\finance.csv
Mercury Trade Links Ltd.,MERCTRD,Finance,Finance - Investment,6.22,sectors\finance.csv
Amarnath Securities Ltd.,AMARSEC,Finance,Finance - NBFC,5.9,sectors\finance.csv
Abhinav Leasing & Finance Ltd.,ALFL,Finance,Finance - NBFC,5.9,sectors\finance.csv
Aryan Share And Stock Brokers Ltd.,ARYAN,Finance,Finance - Stock Broking,5.85,sectors\finance.csv
JPT Securities Ltd.,JPTSEC,Finance,Finance - NBFC,5.84,sectors\finance.csv
Brijlaxmi Leasing & Finance Ltd.,BRIJLEAS,Finance,Finance - Investment,5.82,sectors\finance.csv
Pasupati Fincap Ltd.,PASUFIN,Finance,Finance - Investment,5.68,sectors\finance.csv
Wagend Infra Venture Ltd.,WAGEND,Finance,Finance - Investment,5.66,sectors\finance.csv
BP Capital Ltd.,BPCAP,Finance,Finance - NBFC,5.65,sectors\finance.csv
Shikhar Consultants Ltd.,SHIKHAR,Finance,Finance - NBFC,5.65,sectors\finance.csv
Goyal Associates Ltd.,GOYALASS,Finance,Finance - NBFC,5.56,sectors\finance.csv
Mahan Industries Ltd.,MAHANIN,Finance,Finance - NBFC,5.49,sectors\finance.csv
Amerise Biosciences Ltd.,AMERISE,Finance,Finance - Investment,5.42,sectors\finance.csv
Superior Finlease Ltd.,SUPERIOR,Finance,Finance - NBFC,5.37,sectors\finance.csv
Polytex India Ltd.,POLYTEX,Finance,Finance - NBFC,5.35,sectors\finance.csv
Vintage Securities Ltd.,VINTAGES,Finance,Finance - NBFC,5.32,sectors\finance.csv
Vikalp Securities Ltd.,VIKALPS,Finance,Finance - Investment,5.22,sectors\finance.csv
Williamson Financial Services Ltd.,WILLIMFI,Finance,Finance - NBFC,5.17,sectors\finance.csv
Sungold Capital Ltd.,SUNGOLD,Finance,Finance - NBFC,5.01,sectors\finance.csv
RR Securities Ltd.,RRSECUR,Finance,Finance - Investment,4.75,sectors\finance.csv
Peoples Investments Ltd.,PEOPLIN,Finance,Finance - Investment,4.72,sectors\finance.csv
Lead Financial Services Ltd.,LEADFIN,Finance,Finance - NBFC,4.7,sectors\finance.csv
Siddha Ventures Ltd.,SIDDHA,Finance,Finance - Investment,4.67,sectors\finance.csv
AAR Shyam India Investment Co Ltd.,AARSHYAM,Finance,Finance - Investment,4.49,sectors\finance.csv
Rajkot Investment Trust Ltd.,RAJKOTINV,Finance,Finance - NBFC,4.44,sectors\finance.csv
Cindrella Financial Services Ltd.,CINDRELL,Finance,Finance - NBFC,4.37,sectors\finance.csv
Futuristic Securities Ltd.,FUTURSEC,Finance,Finance - Investment,4.08,sectors\finance.csv
Oswal Leasing Ltd.,OSWALEA,Finance,Finance - NBFC,3.93,sectors\finance.csv
Befound Movement Ltd.,BEFOUNDMOL,Finance,Finance - NBFC,3.8,sectors\finance.csv
Ken Financial Services Ltd.,KENFIN,Finance,Finance - NBFC,3.79,sectors\finance.csv
Ekam Leasing & Finance Company Ltd.,EKAMLEA,Finance,Finance - NBFC,3.58,sectors\finance.csv
Geetanjali Credit and Capital Ltd.,GEETANJ,Finance,Finance - NBFC,3.58,sectors\finance.csv
Olympic Management & Financial Services Ltd.,OLYMTFI,Finance,Finance - Investment,3.19,sectors\finance.csv
Brilliant Portfolios Ltd.,BRIPORT,Finance,Finance - NBFC,3.18,sectors\finance.csv
GCM Commodity & Derivatives Ltd.,GCMCOMM,Finance,Finance - Investment,3.01,sectors\finance.csv
Charms Industries Ltd.,CHARMS,Finance,Finance - Others,2.82,sectors\finance.csv
SSPN Finance Ltd.,SSPNFIN,Finance,Finance - Investment,2.81,sectors\finance.csv
Swadha Nature Ltd.,SWADHATURE,Finance,Finance - Investment,2.68,sectors\finance.csv
HEM Holdings & Trading Ltd.,ZHEMHOLD,Finance,Finance - Investment,2.55,sectors\finance.csv
Gold Rock Investments Ltd.,ZGOLDINV,Finance,Finance - Investment,0.95,sectors\finance.csv
Trustwave Securities Ltd.,TRUSTWAVE,Finance,Finance - NBFC,0.74,sectors\finance.csv
E & E Enterprises Ltd.,EENTER,Finance,Finance - NBFC,0.59,sectors\finance.csv
Magnanimous Trade & Finance Ltd.,MAGANTR,Finance,Finance - Investment,0.54,sectors\finance.csv
Jupiter Industries & Leasing Ltd.,JPTRLES,Finance,Finance - Investment,0.4,sectors\finance.csv
Silicon Valley Infotech Ltd.,SILICON,Finance,Finance - Investment,0.39,sectors\finance.csv
Arco Leasing Ltd.,ZARCOLEA,Finance,Finance - NBFC,0.09,sectors\finance.csv
IRB InvIT Fund,IRBINVIT,Finance,Finance - Investment,0.0,sectors\finance.csv
IndiGrid Infrastructure Trust,INDIGRID,Finance,Finance - Investment,0.0,sectors\finance.csv
Interise Trust,INTERISE,Finance,Finance - Investment,0.0,sectors\finance.csv
Embassy Office Parks REIT,EMBASSY,Finance,Finance - Investment,0.0,sectors\finance.csv
Energy Infrastructure Trust,ENERGYINF,Finance,Finance - Investment,0.0,sectors\finance.csv
Mindspace Business Parks REIT,MINDSPACE,Finance,Finance - Investment,0.0,sectors\finance.csv
Altius Telecom Infrastructure Trust,ALTIUSINVIT,Finance,Finance - Investment,0.0,sectors\finance.csv
Brookfield India Real Estate Trust REIT,BIRET,Finance,Finance - Investment,0.0,sectors\finance.csv
POWERGRID Infrastructure Investment Trust.,PGINVIT,Finance,Finance - Investment,0.0,sectors\finance.csv
Shrem InvIT,SHREMINVIT,Finance,Finance - Investment,0.0,sectors\finance.csv
National Highways Infra Trust,NHIT,Finance,Finance Term Lending,0.0,sectors\finance.csv
Vertis Infrastructure Trust,VERTIS,Finance,Finance Term Lending,0.0,sectors\finance.csv
Anzen India Energy Yield Plus Trust.,ANZEN,Finance,Finance - Investment,0.0,sectors\finance.csv
Nexus Select Trust,NXST,Finance,Finance - Investment,0.0,sectors\finance.csv
IRB Infrastructure Trust - (IRBIT),IRBIT,Finance,Finance - Investment,0.0,sectors\finance.csv
Cube Highways Trust - (CUBEINVIT),CUBEINVIT,Finance,Finance - Investment,0.0,sectors\finance.csv
Maple Infrastructure Trust,MIT,Finance,Finance - Investment,0.0,sectors\finance.csv
Intelligent Supply Chain Infrastructure Trust,ISCITRUST,Finance,Finance - Investment,0.0,sectors\finance.csv
Indus Infra Trust,INDUSINVIT,Finance,Finance - Investment,0.0,sectors\finance.csv
Nxt-Infra Trust - (NXT-INFRA),NXT-INFRA,Finance,Finance - Investment,0.0,sectors\finance.csv
Property Share Investment Trust - Propshare Platina,PSPLATINA,Finance,Finance - Investment,0.0,sectors\finance.csv
Enbee Trade And Finance Ltd. - (Rights Entitlements (REs)),750929,Finance,Finance - NBFC,0.0,sectors\finance.csv
Moongipa Capital Finance Ltd. - (Rights Entitlements (REs)),MOONGI-RE,Finance,Finance - NBFC,0.0,sectors\finance.csv
Aastamangalam Finance Ltd. - (Rights Entitlements (REs)),AASTA-RE,Finance,Finance - NBFC,0.0,sectors\finance.csv
Capital Infra Trust,CAPINVIT,Finance,Finance - Investment,0.0,sectors\finance.csv
Pro Fin Capital Services Ltd. - (Rights Entitlements (REs)),PROFIN-RE,Finance,Finance - NBFC,0.0,sectors\finance.csv
Anupam Finserv Ltd. - (Rights Entitlements (REs)),ANUFIN-RE,Finance,Finance - NBFC,0.0,sectors\finance.csv
Ganesh Holdings Ltd. - (Rights Entitlements (REs)),750953,Finance,Finance - NBFC,0.0,sectors\finance.csv
Kairosoft Ai Solutions Ltd. - (Rights Entitlements (REs)),750956,Finance,Finance - Investment,0.0,sectors\finance.csv
NDR INVIT Trust,NDRINVIT,Finance,Finance - Investment,0.0,sectors\finance.csv
Sustainable Energy Infra Trust,SEITINVIT,Finance,Finance - Investment,0.0,sectors\finance.csv
Rajath Finance Ltd. - (Rights Entitlements (REs)),750959,Finance,Finance - NBFC,0.0,sectors\finance.csv
Shri Niwas Leasing And Finance Ltd. - (Rights Entitlements (REs)),SHRINI-RE,Finance,Finance - Investment,0.0,sectors\finance.csv
Roadstar Infra Investment Trust,ROADSTAR,Finance,Finance - Investment,0.0,sectors\finance.csv
Fusion Finance Ltd. - (Rights Entitlements (REs)),FUSI-RE,Finance,Finance - NBFC,0.0,sectors\finance.csv
Shri Niwas Leasing and Finance Ltd. - (Partly Paid-up Equity Shares (Rights Issue),SNLFPP,Finance,Finance - Investment,0.0,sectors\finance.csv
Onesource Industries And Ventures Ltd. - (Rights Entitlements (REs)),OIVL-RE,Finance,Finance - Others,0.0,sectors\finance.csv
GACM Technologies Ltd. - (Rights Entitlements),GATDVR-RE,Finance,Finance - Stock Broking,0.0,sectors\finance.csv
GACM Technologies Ltd. - (DVR) - (Rights Entitlements),GATECH-RE1,Finance,Finance - Stock Broking,0.0,sectors\finance.csv
Max India Ltd. - (Rights Entitlement),MAXIND-RE,Finance,Finance - Investment,0.0,sectors\finance.csv
Fusion Finance Ltd- Partly Paid-up Equity Shares (Rights Issue).,FUSIONPP,Finance,Finance - NBFC,0.0,sectors\finance.csv
Mahindra And Mahindra Financial Services Ltd. - (Rights Entitlements (REs)),M&MFIN-RE1,Finance,Finance - NBFC,0.0,sectors\finance.csv
Yamini Investments Company Ltd. - (Rights Entitlements (REs)),YAMNIN-RE,Finance,Finance - Investment,0.0,sectors\finance.csv
Purple Finance Ltd. - (Rights Entitlements (REs)),PURFIN-RE1,Finance,Finance - NBFC,0.0,sectors\finance.csv
Ugro Capital Ltd. - (Rights Entitlements (REs)),UGRO-RE,Finance,Finance - NBFC,0.0,sectors\finance.csv
Bharat Bhushan Finance & Commodity Brokers Ltd. - (Rights Entitlements (REs)),BHARAT-RE,Finance,Finance - Investment,0.0,sectors\finance.csv
Som Datt Finance Corporation Ltd. - (Rights Entitlements (REs)),SODFC-RE,Finance,Finance - Investment,0.0,sectors\finance.csv
Capital Trust Ltd. - (Rights Entitlements (REs)),CAPTRU-RE,Finance,Finance - NBFC,0.0,sectors\finance.csv
TVS Infrastructure Trust - (TVSINVIT),TVSINVIT,Finance,Finance - Investment,0.0,sectors\finance.csv
JMJ Fintech Ltd. - (Rights Entitlements (REs)),JMJFIN-RE,Finance,Finance - NBFC,0.0,sectors\finance.csv
Zodiac Ventures Ltd. - (Rights Entitlements (REs)),ZODIAC-RE,Finance,Finance - Investment,0.0,sectors\finance.csv
Spandana Sphoorty Financial Ltd. - (Rights Entitlements (REs)),SPAND-RE,Finance,Finance - NBFC,0.0,sectors\finance.csv
Property Share Investment Trust - PropShare Titania,PSTITANIA,Finance,Finance - Investment,0.0,sectors\finance.csv
Indian Infotech & Software Ltd. - (Rights Entitlements (REs)),INDINF-RE1,Finance,Finance - Investment,0.0,sectors\finance.csv
Spandana Sphoorty Financial Ltd. - (Partly Paid-up Equity Shares (Rights Issue)),SSFLPP,Finance,Finance - NBFC,0.0,sectors\finance.csv
JMJ Fintech Ltd. - (Partly Paid-up Equity Shares (Rights Issue)),JMJFINPP,Finance,Finance - NBFC,0.0,sectors\finance.csv
Arunis Abode Ltd. - (Rights Entitlements (REs)),ARUNIS-RE,Finance,Finance - Investment,0.0,sectors\finance.csv
Anantam Highways Trust,ANANTAM,Finance,Finance - Investment,0.0,sectors\finance.csv
LKP Finance Ltd. - (Rights Entitlements (REs)),LKPFIN-RE,Finance,Finance - Investment,0.0,sectors\finance.csv
Star Housing Finance Ltd. - (Rights Entitlements (REs)),STARHF-RE,Finance,Finance - Housing,0.0,sectors\finance.csv
Trustedge Capital Ltd. - (Rights Entitlements (REs)),TRUCAP-RE,Finance,Finance - Investment,0.0,sectors\finance.csv
Capital Trust Ltd. - (Rights Entitlements (REs)),CAPTRU-RE1,Finance,Finance - NBFC,0.0,sectors\finance.csv
Mangalam Industrial Finance Ltd. - (Rights Entitlements (REs)),MANGIN-RE,Finance,Finance - NBFC,0.0,sectors\finance.csv
Delphi World Money Ltd. - (Rights Entitlements (REs)),DELPH-RE,Finance,Finance - Others,0.0,sectors\finance.csv
Baid Finserv Ltd. - (Rights Entitlements (REs)),BAIDFIN-RE,Finance,Finance - NBFC,0.0,sectors\finance.csv
Tilak Ventures Ltd. - (Rights Entitlements (REs-2)),TILAK-RE2,Finance,Finance - Investment,0.0,sectors\finance.csv
Pulsar International Ltd. - (Rights Entitlements (REs)),PULSRIN-RE,Finance,Finance - NBFC,0.0,sectors\finance.csv
Avasara Finance Ltd. - (Rights Entitlements (REs)),AVASA-RE,Finance,Finance - NBFC,0.0,sectors\finance.csv
Viram Suvarn Ltd. - (Rights Entitlements (REs)),VSL-RE,Finance,Finance - Others,0.0,sectors\finance.csv
Arunis Abode Ltd. - (Rights Entitlements (REs-1)),ARUNIS-RE1,Finance,Finance - Investment,0.0,sectors\finance.csv
Galactico Corporate Services Ltd. - (Rights Entitlements (REs)),751083,Finance,Finance - Investment,0.0,sectors\finance.csv
Onelife Capital Advisors Ltd. - (Rights Entitlements (REs)),ONECAP-RE,Finance,Finance - Investment,0.0,sectors\finance.csv
Raajmarg Infra Investment Trust,RIIT,Finance,Finance - Investment,0.0,sectors\finance.csv
Enbee Trade & Finance Ltd. - (Rights Entitlements (REs-1)),ENBEE-RE2,Finance,Finance - NBFC,0.0,sectors\finance.csv
Nexome Capital Markets Ltd. - (Rights Entitlements (REs)),NEXOME-RE,Finance,Finance - Investment,0.0,sectors\finance.csv
Vertex Securities Ltd. - (Rights Entitlements (REs)),VERTEX-RE,Finance,Finance - Stock Broking,0.0,sectors\finance.csv
Supra Pacific Financial Services Ltd. - (Rights Entitlements (REs)),SUPRA-RE,Finance,Finance - NBFC,0.0,sectors\finance.csv
5Paisa Capital Ltd. - (Rights Entitlements(REs)),5PAISA-RE,Finance,Finance - Stock Broking,0.0,sectors\finance.csv
Maha Rashtra Apex Corporation Ltd. - (Rights Entitlements (REs)),MAHAPE-RE,Finance,Finance - Investment,0.0,sectors\finance.csv
Vertex Securities Ltd. - (Partly Paid-up),VERTEXPP,Finance,Finance - Stock Broking,0.0,sectors\finance.csv
Regal Entertainment & Consultants Ltd. - (Rights Entitlements (REs)),REGAL-RE,Finance,Finance - NBFC,0.0,sectors\finance.csv
Panafic Industrials Ltd. - (Rights Entitlements (REs)),PANAFIC-RE,Finance,Finance - NBFC,0.0,sectors\finance.csv
Innovassynth Technologies (India) Ltd. - (Rights Entitlements (REs)),INOVSYN-RE,Finance,Finance - NBFC,0.0,sectors\finance.csv
Oasis Securities Ltd. - (Rights Entitlements (REs)),OASISE-RE,Finance,Finance - NBFC,0.0,sectors\finance.csv
Marg Techno Projects Ltd. - (Rights Entitlements (REs)),MTPL-RE,Finance,Finance - NBFC,0.0,sectors\finance.csv
Minolta Finance Ltd. (Rights Entitlements (REs)),MINOLT-RE,Finance,Finance - NBFC,0.0,sectors\finance.csv
SI Capital & Financial Services Ltd. - (Rights Entitlements (REs)),SICAPI-RE,Finance,Finance - Investment,0.0,sectors\finance.csv
GAIL (India) Ltd.,GAIL,Gas Transmission,Gas Transmission/Marketing,114439.61,sectors\gastransmission.csv
Adani Total Gas Ltd.,ATGL,Gas Transmission,Gas Transmission/Marketing,71872.59,sectors\gastransmission.csv
Gujarat Energy Ltd.,GUJENERGY,Gas Transmission,Gas Transmission/Marketing,37117.38,sectors\gastransmission.csv
Indraprastha Gas Ltd.,IGL,Gas Transmission,Gas Transmission/Marketing,21245.02,sectors\gastransmission.csv
Mahanagar Gas Ltd.,MGL,Gas Transmission,Gas Transmission/Marketing,11260.67,sectors\gastransmission.csv
Confidence Futuristic Energetech Ltd.,CFEL,Gas Transmission,Gas Transmission/Marketing,78.81,sectors\gastransmission.csv
Rudra Gas Enterprise Ltd.,RUDRAGAS,Gas Transmission,Gas Transmission/Marketing,59.2,sectors\gastransmission.csv
Sun Pharmaceutical Industries Ltd.,SUNPHARMA,Healthcare,Pharmaceuticals & Drugs,461847.99,sectors\healthcare.csv
Divi's Laboratories Ltd.,DIVISLAB,Healthcare,Pharmaceuticals & Drugs,225648.29,sectors\healthcare.csv
Torrent Pharmaceuticals Ltd.,TORNTPHARM,Healthcare,Pharmaceuticals & Drugs,184109.45,sectors\healthcare.csv
Apollo Hospitals Enterprise Ltd.,APOLLOHOSP,Healthcare,Hospital & Healthcare Services,128327.81,sectors\healthcare.csv
Cipla Ltd.,CIPLA,Healthcare,Pharmaceuticals & Drugs,117138.71,sectors\healthcare.csv
Zydus Lifesciences Ltd.,ZYDUSLIFE,Healthcare,Pharmaceuticals & Drugs,113715.44,sectors\healthcare.csv
Lenskart Solutions Ltd.,LENSKART,Healthcare,Medical Equipment/Supplies/Accessories,106480.32,sectors\healthcare.csv
Lupin Ltd.,LUPIN,Healthcare,Pharmaceuticals & Drugs,102192.0,sectors\healthcare.csv
Dr. Reddy's Laboratories Ltd.,DRREDDY,Healthcare,Pharmaceuticals & Drugs,100328.03,sectors\healthcare.csv
Mankind Pharma Ltd.,MANKIND,Healthcare,Pharmaceuticals & Drugs,99945.03,sectors\healthcare.csv
Max Healthcare Institute Ltd.,MAXHEALTH,Healthcare,Hospital & Healthcare Services,98300.93,sectors\healthcare.csv
Laurus Labs Ltd.,LAURUSLABS,Healthcare,Pharmaceuticals & Drugs,98063.97,sectors\healthcare.csv
Aurobindo Pharma Ltd.,AUROPHARMA,Healthcare,Pharmaceuticals & Drugs,95397.65,sectors\healthcare.csv
Manipal Health Enterprises Ltd.,MANIPALHOS,Healthcare,Hospital & Healthcare Services,93043.21,sectors\healthcare.csv
Aster DM Quality Care Ltd.,ASTERDM,Healthcare,Hospital & Healthcare Services,71743.0,sectors\healthcare.csv
Fortis Healthcare Ltd.,FORTIS,Healthcare,Hospital & Healthcare Services,70588.59,sectors\healthcare.csv
Biocon Ltd.,BIOCON,Healthcare,Pharmaceuticals & Drugs,67616.01,sectors\healthcare.csv
Glenmark Pharmaceuticals Ltd.,GLENMARK,Healthcare,Pharmaceuticals & Drugs,66040.57,sectors\healthcare.csv
Alkem Laboratories Ltd.,ALKEM,Healthcare,Pharmaceuticals & Drugs,64553.14,sectors\healthcare.csv
Abbott India Ltd.,ABBOTINDIA,Healthcare,Pharmaceuticals & Drugs,57536.52,sectors\healthcare.csv
Anthem Biosciences Ltd.,ANTHEM,Healthcare,Pharmaceuticals & Drugs,50157.4,sectors\healthcare.csv
Gland Pharma Ltd.,GLAND,Healthcare,Pharmaceuticals & Drugs,48975.3,sectors\healthcare.csv
Ajanta Pharma Ltd.,AJANTPHARM,Healthcare,Pharmaceuticals & Drugs,45924.32,sectors\healthcare.csv
Glaxosmithkline Pharmaceuticals Ltd.,GLAXO,Healthcare,Pharmaceuticals & Drugs,45554.98,sectors\healthcare.csv
Ipca Laboratories Ltd.,IPCALAB,Healthcare,Pharmaceuticals & Drugs,43983.43,sectors\healthcare.csv
Global Health Ltd.,MEDANTA,Healthcare,Hospital & Healthcare Services,38237.6,sectors\healthcare.csv
Narayana Hrudayalaya Ltd.,NH,Healthcare,Hospital & Healthcare Services,37459.34,sectors\healthcare.csv
Emcure Pharmaceuticals Ltd.,EMCURE,Healthcare,Pharmaceuticals & Drugs,36679.4,sectors\healthcare.csv
Krishna Institute of Medical Sciences Ltd,KIMS,Healthcare,Hospital & Healthcare Services,33982.72,sectors\healthcare.csv
Dr. Lal Pathlabs Ltd.,LALPATHLAB,Healthcare,Hospital & Healthcare Services,32174.1,sectors\healthcare.csv
Wockhardt Ltd.,WOCKPHARMA,Healthcare,Pharmaceuticals & Drugs,31398.36,sectors\healthcare.csv
Sai Life Sciences Ltd.,SAILIFE,Healthcare,Pharmaceuticals & Drugs,30793.97,sectors\healthcare.csv
Neuland Laboratories Ltd.,NEULANDLAB,Healthcare,Pharmaceuticals & Drugs,29908.4,sectors\healthcare.csv
Piramal Pharma Ltd.,PPLPHARMA,Healthcare,Pharmaceuticals & Drugs,27452.4,sectors\healthcare.csv
Acutaas Chemicals Ltd.,ACUTAAS,Healthcare,Pharmaceuticals & Drugs,26472.62,sectors\healthcare.csv
Pfizer Ltd.,PFIZER,Healthcare,Pharmaceuticals & Drugs,22321.46,sectors\healthcare.csv
Granules India Ltd.,GRANULES,Healthcare,Pharmaceuticals & Drugs,21263.45,sectors\healthcare.csv
Astrazeneca Pharma India Ltd.,ASTRAZEN,Healthcare,Pharmaceuticals & Drugs,19384.25,sectors\healthcare.csv
Caplin Point Laboratories Ltd.,CAPLIPOINT,Healthcare,Pharmaceuticals & Drugs,18855.46,sectors\healthcare.csv
Eris Lifesciences Ltd.,ERIS,Healthcare,Pharmaceuticals & Drugs,18827.93,sectors\healthcare.csv
Poly Medicure Ltd.,POLYMED,Healthcare,Medical Equipment/Supplies/Accessories,18125.96,sectors\healthcare.csv
Onesource Specialty Pharma Ltd.,ONESOURCE,Healthcare,Pharmaceuticals & Drugs,17793.79,sectors\healthcare.csv
Alivus Life Sciences Ltd.,ALIVUS,Healthcare,Pharmaceuticals & Drugs,16995.25,sectors\healthcare.csv
Cohance Lifesciences Ltd.,COHANCE,Healthcare,Pharmaceuticals & Drugs,16872.54,sectors\healthcare.csv
Alembic Pharmaceuticals Ltd.,APLLTD,Healthcare,Pharmaceuticals & Drugs,16338.33,sectors\healthcare.csv
Syngene International Ltd.,SYNGENE,Healthcare,Pharmaceuticals & Drugs,16201.26,sectors\healthcare.csv
Natco Pharma Ltd.,NATCOPHARM,Healthcare,Pharmaceuticals & Drugs,16162.87,sectors\healthcare.csv
Shilpa Medicare Ltd.,SHILPAMED,Healthcare,Pharmaceuticals & Drugs,16074.87,sectors\healthcare.csv
Dr. Agarwal's Health Care Ltd.,AGARWALEYE,Healthcare,Hospital & Healthcare Services,16044.7,sectors\healthcare.csv
Vijaya Diagnostic Centre Ltd.,VIJAYA,Healthcare,Hospital & Healthcare Services,15190.62,sectors\healthcare.csv
Concord Biotech Ltd.,CONCORDBIO,Healthcare,Pharmaceuticals & Drugs,15128.55,sectors\healthcare.csv
Marksans Pharma Ltd.,MARKSANS,Healthcare,Pharmaceuticals & Drugs,15090.35,sectors\healthcare.csv
Rainbow Children's Medicare Ltd.,RAINBOW,Healthcare,Hospital & Healthcare Services,14871.39,sectors\healthcare.csv
Jubilant Pharmova Ltd.,JUBLPHARMA,Healthcare,Pharmaceuticals & Drugs,13769.06,sectors\healthcare.csv
CORONA Remedies Ltd.,CORONA,Healthcare,Pharmaceuticals & Drugs,13113.03,sectors\healthcare.csv
Sudeep Pharma Ltd.,SUDEEPPHRM,Healthcare,Pharmaceuticals & Drugs,12509.06,sectors\healthcare.csv
Park Medi World Ltd.,PARKHOSPS,Healthcare,Hospital & Healthcare Services,12148.06,sectors\healthcare.csv
Akums Drugs & Pharmaceuticals Ltd.,AKUMS,Healthcare,Pharmaceuticals & Drugs,11446.48,sectors\healthcare.csv
Metropolis Healthcare Ltd.,METROPOLIS,Healthcare,Hospital & Healthcare Services,11311.95,sectors\healthcare.csv
Viyash Scientific Ltd.,VIYASH,Healthcare,Pharmaceuticals & Drugs,11244.04,sectors\healthcare.csv
Blue Jet Healthcare Ltd.,BLUEJET,Healthcare,Pharmaceuticals & Drugs,11055.59,sectors\healthcare.csv
Healthcare Global Enterprises Ltd.,HCG,Healthcare,Hospital & Healthcare Services,10658.68,sectors\healthcare.csv
Jupiter Life Line Hospitals Ltd.,JLHL,Healthcare,Hospital & Healthcare Services,10365.99,sectors\healthcare.csv
Sanofi Consumer Healthcare India Ltd.,SANOFICONR,Healthcare,Pharmaceuticals & Drugs,10235.84,sectors\healthcare.csv
Thyrocare Technologies Ltd.,THYROCARE,Healthcare,Hospital & Healthcare Services,9928.73,sectors\healthcare.csv
Procter & Gamble Health Ltd.,PGHL,Healthcare,Pharmaceuticals & Drugs,9849.58,sectors\healthcare.csv
Suven Life Sciences Ltd.,SUVEN,Healthcare,Pharmaceuticals & Drugs,9673.53,sectors\healthcare.csv
Strides Pharma Science Ltd.,STAR,Healthcare,Pharmaceuticals & Drugs,8922.78,sectors\healthcare.csv
Yatharth Hospital & Trauma Care Services Ltd.,YATHARTH,Healthcare,Hospital & Healthcare Services,8141.94,sectors\healthcare.csv
Aarti Pharmalabs Ltd.,AARTIPHARM,Healthcare,Pharmaceuticals & Drugs,7727.28,sectors\healthcare.csv
Sanofi India Ltd.,SANOFI,Healthcare,Pharmaceuticals & Drugs,7476.66,sectors\healthcare.csv
Nephrocare Health Services Ltd.,NEPHROPLUS,Healthcare,Hospital & Healthcare Services,7003.43,sectors\healthcare.csv
Senores Pharmaceuticals Ltd.,SENORES,Healthcare,Pharmaceuticals & Drugs,6803.04,sectors\healthcare.csv
Kovai Medical Center & Hospital Ltd.,KOVAI,Healthcare,Hospital & Healthcare Services,6619.74,sectors\healthcare.csv
Sun Pharma Advanced Research Company Ltd.,SPARC,Healthcare,Pharmaceuticals & Drugs,6415.79,sectors\healthcare.csv
Supriya Lifescience Ltd.,SUPRIYA,Healthcare,Pharmaceuticals & Drugs,6375.85,sectors\healthcare.csv
Orchid Pharma Ltd.,ORCHPHARMA,Healthcare,Pharmaceuticals & Drugs,6270.58,sectors\healthcare.csv
Innova Captab Ltd.,INNOVACAP,Healthcare,Pharmaceuticals & Drugs,5923.35,sectors\healthcare.csv
FDC Ltd.,FDC,Healthcare,Pharmaceuticals & Drugs,5768.36,sectors\healthcare.csv
Bliss GVS Pharma Ltd.,BLISSGVS,Healthcare,Pharmaceuticals & Drugs,5569.35,sectors\healthcare.csv
Artemis Medicare Services Ltd.,ARTEMISMED,Healthcare,Hospital & Healthcare Services,4987.44,sectors\healthcare.csv
IOL Chemicals And Pharmaceuticals Ltd.,IOLCP,Healthcare,Pharmaceuticals & Drugs,4853.48,sectors\healthcare.csv
Morepen Laboratories Ltd.,MOREPENLAB,Healthcare,Pharmaceuticals & Drugs,4614.87,sectors\healthcare.csv
RPG Life Sciences Ltd.,RPGLIFE,Healthcare,Pharmaceuticals & Drugs,4588.92,sectors\healthcare.csv
Gufic Biosciences Ltd.,GUFICBIO,Healthcare,Pharmaceuticals & Drugs,4223.9,sectors\healthcare.csv
Novartis India Ltd.,NOVARTIND,Healthcare,Pharmaceuticals & Drugs,3917.69,sectors\healthcare.csv
Aarti Drugs Ltd.,AARTIDRUGS,Healthcare,Pharmaceuticals & Drugs,3806.42,sectors\healthcare.csv
Gujarat Themis Biosyn Ltd.,GUJTHEM,Healthcare,Pharmaceuticals & Drugs,3803.43,sectors\healthcare.csv
Unichem Laboratories Ltd.,UNICHEMLAB,Healthcare,Pharmaceuticals & Drugs,3793.46,sectors\healthcare.csv
Kwality Pharmaceuticals Ltd.,KPL,Healthcare,Pharmaceuticals & Drugs,3574.34,sectors\healthcare.csv
Indraprastha Medical Corporation Ltd.,INDRAMEDCO,Healthcare,Hospital & Healthcare Services,3419.86,sectors\healthcare.csv
Advanced Enzyme Technologies Ltd.,ADVENZYMES,Healthcare,Pharmaceuticals & Drugs,3405.19,sectors\healthcare.csv
SMS Pharmaceuticals Ltd.,SMSPHARMA,Healthcare,Pharmaceuticals & Drugs,3376.62,sectors\healthcare.csv
Dishman Carbogen Amcis Ltd.,DCAL,Healthcare,Pharmaceuticals & Drugs,2985.15,sectors\healthcare.csv
Beta Drugs Ltd.,BETA,Healthcare,Pharmaceuticals & Drugs,2827.67,sectors\healthcare.csv
Vimta Labs Ltd.,VIMTALABS,Healthcare,Hospital & Healthcare Services,2754.05,sectors\healthcare.csv
Hikal Ltd.,HIKAL,Healthcare,Pharmaceuticals & Drugs,2686.72,sectors\healthcare.csv
Ind-Swift Laboratories Ltd.,INDSWFTLAB,Healthcare,Pharmaceuticals & Drugs,2645.37,sectors\healthcare.csv
Dr Agarwals Eye Hospital Ltd.,DRAGARWQ,Healthcare,Hospital & Healthcare Services,2612.26,sectors\healthcare.csv
Fredun Pharmaceuticals Ltd.,FREDUN,Healthcare,Pharmaceuticals & Drugs,2559.68,sectors\healthcare.csv
Solara Active Pharma Sciences Ltd.,SOLARA,Healthcare,Pharmaceuticals & Drugs,2465.73,sectors\healthcare.csv
Sai Parenteral's Ltd.,SAIPARENT,Healthcare,Pharmaceuticals & Drugs,2438.25,sectors\healthcare.csv
Panacea Biotec Ltd.,PANACEABIO,Healthcare,Pharmaceuticals & Drugs,2429.2,sectors\healthcare.csv
Venus Remedies Ltd.,VENUSREM,Healthcare,Pharmaceuticals & Drugs,2388.41,sectors\healthcare.csv
KMC Speciality Hospitals (India) Ltd.,KMCSHIL,Healthcare,Hospital & Healthcare Services,2165.77,sectors\healthcare.csv
NGL Fine-Chem Ltd.,NGLFINE,Healthcare,Pharmaceuticals & Drugs,2139.2,sectors\healthcare.csv
Hester Biosciences Ltd.,HESTERBIO,Healthcare,Pharmaceuticals & Drugs,2053.26,sectors\healthcare.csv
Indoco Remedies Ltd.,INDOCO,Healthcare,Pharmaceuticals & Drugs,2032.53,sectors\healthcare.csv
Windlas Biotech Ltd.,WINDLAS,Healthcare,Pharmaceuticals & Drugs,1959.31,sectors\healthcare.csv
Sakar Healthcare Ltd.,SAKAR,Healthcare,Pharmaceuticals & Drugs,1948.98,sectors\healthcare.csv
Krsnaa Diagnostics Ltd.,KRSNAA,Healthcare,Hospital & Healthcare Services,1868.79,sectors\healthcare.csv
Shukra Pharmaceuticals Ltd.,SHUKRAPHAR,Healthcare,Pharmaceuticals & Drugs,1821.32,sectors\healthcare.csv
Shalby Ltd.,SHALBY,Healthcare,Hospital & Healthcare Services,1658.49,sectors\healthcare.csv
Suraksha Diagnostic Ltd.,SURAKSHA,Healthcare,Hospital & Healthcare Services,1583.26,sectors\healthcare.csv
Jagsonpal Pharmaceuticals Ltd.,JAGSNPHARM,Healthcare,Pharmaceuticals & Drugs,1495.28,sectors\healthcare.csv
Amrutanjan Health Care Ltd.,AMRUTANJAN,Healthcare,Pharmaceuticals & Drugs,1430.35,sectors\healthcare.csv
Syncom Formulations (India) Ltd.,SYNCOMF,Healthcare,Pharmaceuticals & Drugs,1402.48,sectors\healthcare.csv
Accent Microcell Ltd.,ACCENTMIC,Healthcare,Pharmaceuticals & Drugs,1398.56,sectors\healthcare.csv
Fermenta Biotech Ltd.,FERMENTA,Healthcare,Pharmaceuticals & Drugs,1322.63,sectors\healthcare.csv
GPT Healthcare Ltd.,GPTHEALTH,Healthcare,Hospital & Healthcare Services,1280.06,sectors\healthcare.csv
Q-Line Biotech Ltd.,QLINE,Healthcare,Medical Equipment/Supplies/Accessories,1242.93,sectors\healthcare.csv
Lincoln Pharmaceuticals Ltd.,LINCOLN,Healthcare,Pharmaceuticals & Drugs,1227.52,sectors\healthcare.csv
Laxmi Dental Ltd.,LAXMIDENTL,Healthcare,Medical Equipment/Supplies/Accessories,1115.01,sectors\healthcare.csv
Bajaj Healthcare Ltd.,BAJAJHCARE,Healthcare,Pharmaceuticals & Drugs,1108.34,sectors\healthcare.csv
Gujarat Kidney And Super Speciality Ltd.,GKSL,Healthcare,Hospital & Healthcare Services,1077.39,sectors\healthcare.csv
Unihealth Hospitals Ltd.,UNIHEALTH,Healthcare,Hospital & Healthcare Services,1075.08,sectors\healthcare.csv
Remus Pharmaceuticals Ltd.,REMUS,Healthcare,Pharmaceuticals & Drugs,1057.44,sectors\healthcare.csv
Sigachi Industries Ltd.,SIGACHI,Healthcare,Pharmaceuticals & Drugs,1040.5,sectors\healthcare.csv
3B Blackbio Dx Ltd.,3BBLACKBIO,Healthcare,Medical Equipment/Supplies/Accessories,1007.56,sectors\healthcare.csv
Themis Medicare Ltd.,THEMISMED,Healthcare,Pharmaceuticals & Drugs,964.29,sectors\healthcare.csv
Bharat Parenterals Ltd.,BPLPHARMA,Healthcare,Pharmaceuticals & Drugs,930.04,sectors\healthcare.csv
Kopran Ltd.,KOPRAN,Healthcare,Pharmaceuticals & Drugs,918.15,sectors\healthcare.csv
Wanbury Ltd.,WANBURY,Healthcare,Pharmaceuticals & Drugs,915.43,sectors\healthcare.csv
Sudarshan Pharma Industries Ltd.,SUDARSHAN,Healthcare,Pharmaceuticals & Drugs,906.51,sectors\healthcare.csv
Gaudium IVF and Women Health Ltd.,GAUDIUMIVF,Healthcare,Hospital & Healthcare Services,897.46,sectors\healthcare.csv
Hexagon Nutrition Ltd.,HEXAGON,Healthcare,Pharmaceuticals & Drugs,783.23,sectors\healthcare.csv
Anlon Healthcare Ltd.,AHCL,Healthcare,Pharmaceuticals & Drugs,769.1,sectors\healthcare.csv
Anuh Pharma Ltd.,ANUHPHR,Healthcare,Pharmaceuticals & Drugs,764.31,sectors\healthcare.csv
Osel Devices Ltd.,OSELDEVICE,Healthcare,Medical Equipment/Supplies/Accessories,701.29,sectors\healthcare.csv
Influx Healthtech Ltd.,INFLUX,Healthcare,Pharmaceuticals & Drugs,662.91,sectors\healthcare.csv
Shree Ganesh Remedies Ltd.,SGRL,Healthcare,Pharmaceuticals & Drugs,629.56,sectors\healthcare.csv
Kilitch Drugs (India) Ltd.,KILITCH,Healthcare,Pharmaceuticals & Drugs,624.24,sectors\healthcare.csv
Bafna Pharmaceuticals Ltd.,BAFNAPH,Healthcare,Pharmaceuticals & Drugs,620.74,sectors\healthcare.csv
Amanta Healthcare Ltd.,AMANTA,Healthcare,Pharmaceuticals & Drugs,608.07,sectors\healthcare.csv
Chandan Healthcare Ltd.,CHANDAN,Healthcare,Hospital & Healthcare Services,606.41,sectors\healthcare.csv
KRM Ayurveda Ltd.,KRMAYURVED,Healthcare,Hospital & Healthcare Services,601.36,sectors\healthcare.csv
Zim Laboratories Ltd.,ZIMLAB,Healthcare,Pharmaceuticals & Drugs,588.1,sectors\healthcare.csv
Hemant Surgical Industries Ltd.,HSIL,Healthcare,Medical Equipment/Supplies/Accessories,530.62,sectors\healthcare.csv
Jenburkt Pharmaceuticals Ltd.,JENBURPH,Healthcare,Pharmaceuticals & Drugs,468.58,sectors\healthcare.csv
Albert David Ltd.,ALBERTDAVD,Healthcare,Pharmaceuticals & Drugs,460.97,sectors\healthcare.csv
Prevest Denpro Ltd.,PREVEST,Healthcare,Medical Equipment/Supplies/Accessories,458.27,sectors\healthcare.csv
Asarfi Hospital Ltd.,ASARFI,Healthcare,Hospital & Healthcare Services,453.56,sectors\healthcare.csv
Valiant Laboratories Ltd.,VALIANTLAB,Healthcare,Pharmaceuticals & Drugs,451.07,sectors\healthcare.csv
Haleos Labs Ltd.,HALEOSLABS,Healthcare,Pharmaceuticals & Drugs,448.78,sectors\healthcare.csv
Kaya Ltd.,KAYA,Healthcare,Hospital & Healthcare Services,445.07,sectors\healthcare.csv
Astal Laboratories Ltd.,ASTALLTD,Healthcare,Pharmaceuticals & Drugs,377.5,sectors\healthcare.csv
Medico Remedies Ltd.,MEDICO,Healthcare,Pharmaceuticals & Drugs,373.51,sectors\healthcare.csv
Nureca Ltd.,NURECA,Healthcare,Medical Equipment/Supplies/Accessories,333.54,sectors\healthcare.csv
iStreet Network Ltd.,ISTRNETWK,Healthcare,Pharmaceuticals & Drugs,329.29,sectors\healthcare.csv
Medicamen Biotech Ltd.,MEDICAMEQ,Healthcare,Pharmaceuticals & Drugs,326.52,sectors\healthcare.csv
Ambalal Sarabhai Enterprises Ltd.,AMBALALSA,Healthcare,Pharmaceuticals & Drugs,325.46,sectors\healthcare.csv
Trident Lifeline Ltd.,TLL,Healthcare,Pharmaceuticals & Drugs,314.79,sectors\healthcare.csv
BDH Industries Ltd.,BDH,Healthcare,Pharmaceuticals & Drugs,314.06,sectors\healthcare.csv
Astonea Labs Ltd.,ASTONEALAB,Healthcare,Pharmaceuticals & Drugs,292.21,sectors\healthcare.csv
Everest Organics Ltd.,EVERESTO,Healthcare,Pharmaceuticals & Drugs,288.24,sectors\healthcare.csv
Yash Optics & Lens Ltd.,YASHOPTICS,Healthcare,Medical Equipment/Supplies/Accessories,282.33,sectors\healthcare.csv
Zenotech Laboratories Ltd.,ZENOTECH,Healthcare,Pharmaceuticals & Drugs,266.34,sectors\healthcare.csv
Gennex Laboratories Ltd.,GENNEX,Healthcare,Pharmaceuticals & Drugs,262.87,sectors\healthcare.csv
Aarey Drugs & Pharmaceuticals Ltd.,AAREYDRUGS,Healthcare,Pharmaceuticals & Drugs,254.96,sectors\healthcare.csv
Hannah Joseph Hospital Ltd.,HANNAH,Healthcare,Hospital & Healthcare Services,246.28,sectors\healthcare.csv
Oxygenta Pharmaceutical Ltd.,OXYGENTAPH,Healthcare,Pharmaceuticals & Drugs,241.8,sectors\healthcare.csv
Lyka Labs Ltd.,LYKALABS,Healthcare,Pharmaceuticals & Drugs,240.6,sectors\healthcare.csv
Lotus Eye Hospital And Institute Ltd.,LOTUSEYE,Healthcare,Hospital & Healthcare Services,240.51,sectors\healthcare.csv
Sanjivani Paranteral Ltd.,SANJIVIN,Healthcare,Pharmaceuticals & Drugs,240.28,sectors\healthcare.csv
Nectar Lifesciences Ltd.,NECLIFE,Healthcare,Pharmaceuticals & Drugs,218.93,sectors\healthcare.csv
Accretion Pharmaceuticals Ltd.,ACCPL,Healthcare,Pharmaceuticals & Drugs,211.76,sectors\healthcare.csv
Kerala Ayurveda Ltd.,KERALAYUR,Healthcare,Pharmaceuticals & Drugs,208.7,sectors\healthcare.csv
Accretion Nutraveda Ltd.,ANL,Healthcare,Pharmaceuticals & Drugs,207.06,sectors\healthcare.csv
Coral Laboratories Ltd.,CORALAB,Healthcare,Pharmaceuticals & Drugs,205.3,sectors\healthcare.csv
Earkart Ltd.,EARKART,Healthcare,Medical Equipment/Supplies/Accessories,192.49,sectors\healthcare.csv
Vaidya Sane Ayurved Laboratories Ltd.,MADHAVBAUG,Healthcare,Hospital & Healthcare Services,188.19,sectors\healthcare.csv
Gujarat Inject (Kerala) Ltd.,GUJINJEC,Healthcare,Pharmaceuticals & Drugs,185.46,sectors\healthcare.csv
Brooks Laboratories Ltd.,BROOKS,Healthcare,Pharmaceuticals & Drugs,185.14,sectors\healthcare.csv
Bio Medica Laboratories Ltd.,BMLL,Healthcare,Pharmaceuticals & Drugs,181.52,sectors\healthcare.csv
Syschem (India) Ltd.,SYSCHEM,Healthcare,Pharmaceuticals & Drugs,170.23,sectors\healthcare.csv
Aashka Hospitals Ltd.,AASHKA,Healthcare,Hospital & Healthcare Services,168.48,sectors\healthcare.csv
Star Imaging and Path Lab Ltd.,STARIMAGIN,Healthcare,Hospital & Healthcare Services,166.36,sectors\healthcare.csv
Panchsheel Organics Ltd.,PANCHSHEEL,Healthcare,Pharmaceuticals & Drugs,161.16,sectors\healthcare.csv
Natural Capsules Ltd.,NATCAPSUQ,Healthcare,Pharmaceuticals & Drugs,156.43,sectors\healthcare.csv
Quest Laboratories Ltd.,QUESTLAB,Healthcare,Pharmaceuticals & Drugs,149.86,sectors\healthcare.csv
Auro Laboratories Ltd.,AUROLAB,Healthcare,Pharmaceuticals & Drugs,148.83,sectors\healthcare.csv
Parnax Lab Ltd.,PARNAXLAB,Healthcare,Pharmaceuticals & Drugs,148.57,sectors\healthcare.csv
Nephro Care India Ltd.,NEPHROCARE,Healthcare,Hospital & Healthcare Services,144.09,sectors\healthcare.csv
Smruthi Organics Ltd.,SMRUTHIORG,Healthcare,Pharmaceuticals & Drugs,142.56,sectors\healthcare.csv
Bal Pharma Ltd.,BALPHARMA,Healthcare,Pharmaceuticals & Drugs,137.8,sectors\healthcare.csv
Kimia Biosciences Ltd.,KIMIABL,Healthcare,Pharmaceuticals & Drugs,136.92,sectors\healthcare.csv
Avience Biomedicals Ltd.,AVIENCE,Healthcare,Medical Equipment/Supplies/Accessories,135.65,sectors\healthcare.csv
Lactose (India) Ltd.,LACTOSE,Healthcare,Pharmaceuticals & Drugs,135.27,sectors\healthcare.csv
Alpa Laboratories Ltd.,ALPA,Healthcare,Pharmaceuticals & Drugs,134.93,sectors\healthcare.csv
Balaxi Pharmaceuticals Ltd.,BALAXI,Healthcare,Pharmaceuticals & Drugs,132.5,sectors\healthcare.csv
Par Drugs And Chemicals Ltd.,PAR,Healthcare,Pharmaceuticals & Drugs,125.81,sectors\healthcare.csv
Raaj Medisafe India Ltd.,RAAJMEDI,Healthcare,Medical Equipment/Supplies/Accessories,121.54,sectors\healthcare.csv
Krebs Biochemicals & Industries Ltd.,KREBSBIO,Healthcare,Pharmaceuticals & Drugs,120.52,sectors\healthcare.csv
Pharmaids Pharmaceuticals Ltd.,PHARMAID,Healthcare,Pharmaceuticals & Drugs,117.94,sectors\healthcare.csv
Godavari Drugs Ltd.,GODAVARI,Healthcare,Pharmaceuticals & Drugs,114.6,sectors\healthcare.csv
Holmarc Opto-Mechatronics Ltd.,HOLMARC,Healthcare,Medical Equipment/Supplies/Accessories,107.53,sectors\healthcare.csv
Tyche Industries Ltd.,TYCHE,Healthcare,Pharmaceuticals & Drugs,107.16,sectors\healthcare.csv
Aspira Pathlab & Diagnostics Ltd.,ASPIRA,Healthcare,Hospital & Healthcare Services,102.42,sectors\healthcare.csv
Denis Chem Lab Ltd.,DENISCHEM,Healthcare,Pharmaceuticals & Drugs,97.89,sectors\healthcare.csv
Sotac Pharmaceuticals Ltd.,SOTAC,Healthcare,Pharmaceuticals & Drugs,96.58,sectors\healthcare.csv
Concord Drugs Ltd.,CONCORD,Healthcare,Pharmaceuticals & Drugs,96.03,sectors\healthcare.csv
Makers Laboratories Ltd.,MAKERSL,Healthcare,Pharmaceuticals & Drugs,92.1,sectors\healthcare.csv
Invicta Diagnostic Ltd.,INVICTA,Healthcare,Hospital & Healthcare Services,91.78,sectors\healthcare.csv
Mercury Laboratories Ltd.,MERCURYLAB,Healthcare,Pharmaceuticals & Drugs,91.72,sectors\healthcare.csv
Fortis Malar Hospitals Ltd.,FORTISMLR,Healthcare,Hospital & Healthcare Services,91.03,sectors\healthcare.csv
Amwill Health Care Ltd.,AMWILL,Healthcare,Pharmaceuticals & Drugs,83.52,sectors\healthcare.csv
Maitreya Medicare Ltd.,MAITREYA,Healthcare,Hospital & Healthcare Services,82.67,sectors\healthcare.csv
Curis Lifesciences Ltd.,CURIS,Healthcare,Pharmaceuticals & Drugs,82.46,sectors\healthcare.csv
Onyx Biotec Ltd.,ONYX,Healthcare,Pharmaceuticals & Drugs,79.78,sectors\healthcare.csv
Modern Diagnostic & Research Centre Ltd.,MDRC,Healthcare,Hospital & Healthcare Services,77.01,sectors\healthcare.csv
Zenith Drugs Ltd.,ZENITHDRUG,Healthcare,Pharmaceuticals & Drugs,76.57,sectors\healthcare.csv
Sangani Hospitals Ltd.,SANGANI,Healthcare,Hospital & Healthcare Services,76.39,sectors\healthcare.csv
Source Natural Foods and Herbal Supplements Ltd.,SOURCENTRL,Healthcare,Pharmaceuticals & Drugs,73.19,sectors\healthcare.csv
Vineet Laboratories Ltd.,VINEETLAB,Healthcare,Pharmaceuticals & Drugs,72.02,sectors\healthcare.csv
Samrat Pharmachem Ltd.,SAMRATPH,Healthcare,Pharmaceuticals & Drugs,71.43,sectors\healthcare.csv
Bharat Immunologicals & Biologicals Corporation Ltd.,BIBCL,Healthcare,Pharmaceuticals & Drugs,69.52,sectors\healthcare.csv
Asston Pharmaceuticals Ltd.,APL,Healthcare,Pharmaceuticals & Drugs,68.06,sectors\healthcare.csv
Vilin Bio Med Ltd.,VILINBIO,Healthcare,Pharmaceuticals & Drugs,66.34,sectors\healthcare.csv
Aanjaay Industries Ltd.,KABRADG,Healthcare,Pharmaceuticals & Drugs,59.22,sectors\healthcare.csv
Shanmuga Hospital Ltd.,SHANMUGA,Healthcare,Hospital & Healthcare Services,58.39,sectors\healthcare.csv
Vasundhara Rasayans Ltd.,VRL,Healthcare,Pharmaceuticals & Drugs,57.84,sectors\healthcare.csv
Phaarmasia Ltd.,PHRMASI,Healthcare,Pharmaceuticals & Drugs,52.57,sectors\healthcare.csv
Shree Pacetronix Ltd.,SHREEPAC,Healthcare,Medical Equipment/Supplies/Accessories,49.44,sectors\healthcare.csv
Mangalam Drugs And Organics Ltd.,MANGALAM,Healthcare,Pharmaceuticals & Drugs,45.03,sectors\healthcare.csv
Vivo Bio Tech Ltd.,VIVOBIOT,Healthcare,Pharmaceuticals & Drugs,44.6,sectors\healthcare.csv
Parmax Pharma Ltd.,PARMAX,Healthcare,Pharmaceuticals & Drugs,44.05,sectors\healthcare.csv
KMS Medisurgi Ltd.,KMSMEDI,Healthcare,Medical Equipment/Supplies/Accessories,43.82,sectors\healthcare.csv
JFL Life Sciences Ltd.,JFLLIFE,Healthcare,Pharmaceuticals & Drugs,43.55,sectors\healthcare.csv
Shelter Pharma Ltd.,SHELTER,Healthcare,Pharmaceuticals & Drugs,42.43,sectors\healthcare.csv
Vista Pharmaceuticals Ltd.,VISTAPH,Healthcare,Pharmaceuticals & Drugs,42.41,sectors\healthcare.csv
Rajnish Wellness Ltd.,RAJNISH,Healthcare,Pharmaceuticals & Drugs,41.63,sectors\healthcare.csv
ANG Lifesciences India Ltd.,ANG,Healthcare,Pharmaceuticals & Drugs,41.03,sectors\healthcare.csv
Aatmaj Healthcare Ltd.,AATMAJ,Healthcare,Hospital & Healthcare Services,40.91,sectors\healthcare.csv
Vivimed Labs Ltd.,VIVIMEDLAB,Healthcare,Pharmaceuticals & Drugs,40.88,sectors\healthcare.csv
Amkay Products Ltd.,AMKAY,Healthcare,Medical Equipment/Supplies/Accessories,39.82,sectors\healthcare.csv
Goldline Pharmaceutical Ltd.,GLPL,Healthcare,Pharmaceuticals & Drugs,38.49,sectors\healthcare.csv
Roopa Industries Ltd.,ROOPAIND,Healthcare,Pharmaceuticals & Drugs,38.28,sectors\healthcare.csv
Lasa Supergenerics Ltd.,LASA,Healthcare,Pharmaceuticals & Drugs,38.03,sectors\healthcare.csv
NG Industries Ltd.,NGIND,Healthcare,Hospital & Healthcare Services,37.86,sectors\healthcare.csv
Chandra Bhagat Pharma Ltd.,CBPL,Healthcare,Pharmaceuticals & Drugs,37.65,sectors\healthcare.csv
Sandu Pharmaceuticals Ltd.,SANDUPHQ,Healthcare,Pharmaceuticals & Drugs,35.71,sectors\healthcare.csv
Panjon Ltd.,PANJON,Healthcare,Pharmaceuticals & Drugs,32.77,sectors\healthcare.csv
GKB Ophthalmics Ltd.,GKB,Healthcare,Medical Equipment/Supplies/Accessories,32.76,sectors\healthcare.csv
Walpar Nutritions Ltd.,WALPAR,Healthcare,Pharmaceuticals & Drugs,32.73,sectors\healthcare.csv
Kretto Syscon Ltd.,KRETTOSYS,Healthcare,Medical Equipment/Supplies/Accessories,32.51,sectors\healthcare.csv
Bandaram Pharma Packtech Ltd.,BANDARAM,Healthcare,Pharmaceuticals & Drugs,32.44,sectors\healthcare.csv
Deccan Health Care Ltd.,DECCAN,Healthcare,Pharmaceuticals & Drugs,32.4,sectors\healthcare.csv
Sharma East India Hospitals & Medical Research Ltd,SHARMEH,Healthcare,Hospital & Healthcare Services,31.69,sectors\healthcare.csv
Soni Medicare Ltd.,SML,Healthcare,Hospital & Healthcare Services,31.13,sectors\healthcare.csv
Gujarat Terce Laboratories Ltd.,GUJTERC,Healthcare,Pharmaceuticals & Drugs,30.15,sectors\healthcare.csv
Galaxy Medicare Ltd.,GML,Healthcare,Medical Equipment/Supplies/Accessories,30.04,sectors\healthcare.csv
KK Shah Hospitals Ltd.,KKSHL,Healthcare,Hospital & Healthcare Services,29.89,sectors\healthcare.csv
Centenial Surgical Suture Ltd.,CSURGSU,Healthcare,Medical Equipment/Supplies/Accessories,29.88,sectors\healthcare.csv
Medicamen Organics Ltd.,MEDIORG,Healthcare,Pharmaceuticals & Drugs,29.62,sectors\healthcare.csv
Chennai Meenakshi Multispeciality Hospital Ltd.,CMMHOSP,Healthcare,Hospital & Healthcare Services,29.43,sectors\healthcare.csv
Tejnaksh Healthcare Ltd.,TEJNAKSH,Healthcare,Hospital & Healthcare Services,27.18,sectors\healthcare.csv
Unick Fix-A-Form And Printers Ltd.,UNICK,Healthcare,Pharmaceuticals & Drugs,26.89,sectors\healthcare.csv
Samsrita Labs Ltd.,SAMSRITA,Healthcare,Hospital & Healthcare Services,26.25,sectors\healthcare.csv
Venmax Drugs And Pharmaceuticals Ltd.,VENMAX,Healthcare,Pharmaceuticals & Drugs,24.52,sectors\healthcare.csv
Adeshwar Meditex Ltd.,ADESHWAR,Healthcare,Pharmaceuticals & Drugs,24.24,sectors\healthcare.csv
Cian Healthcare Ltd.,CHCL,Healthcare,Pharmaceuticals & Drugs,23.88,sectors\healthcare.csv
Ishita Drugs & Industries Ltd.,ISHITADR,Healthcare,Pharmaceuticals & Drugs,22.53,sectors\healthcare.csv
Colinz Laboratories Ltd.,COLINZ,Healthcare,Pharmaceuticals & Drugs,20.12,sectors\healthcare.csv
Bacil Pharma Ltd.,BACPHAR,Healthcare,Pharmaceuticals & Drugs,18.83,sectors\healthcare.csv
Nidan Laboratories And Healthcare Ltd.,NIDAN,Healthcare,Hospital & Healthcare Services,18.49,sectors\healthcare.csv
Zenith Health Care Ltd.,ZENITHHE,Healthcare,Pharmaceuticals & Drugs,16.61,sectors\healthcare.csv
Norris Medicines Ltd.,NORRIS,Healthcare,Pharmaceuticals & Drugs,15.9,sectors\healthcare.csv
Desh Rakshak Aushdhalaya Ltd.,DESHRAK,Healthcare,Pharmaceuticals & Drugs,15.33,sectors\healthcare.csv
Shamrock Industrial Company Ltd.,SHAMROIN,Healthcare,Pharmaceuticals & Drugs,14.09,sectors\healthcare.csv
Starsource Multitrade Ltd.,STARSOURCE,Healthcare,Pharmaceuticals & Drugs,13.47,sectors\healthcare.csv
Global Longlife Hospital and Research Ltd.,GLHRL,Healthcare,Hospital & Healthcare Services,12.64,sectors\healthcare.csv
Saroja Pharma Industries India Ltd.,SAROJA,Healthcare,Pharmaceuticals & Drugs,12.64,sectors\healthcare.csv
Ortin Global Ltd.,ORTINGLOBE,Healthcare,Pharmaceuticals & Drugs,12.42,sectors\healthcare.csv
Unjha Formulations Ltd.,UNJHAFOR,Healthcare,Pharmaceuticals & Drugs,12.34,sectors\healthcare.csv
Kobo Biotech Ltd.,KOBO,Healthcare,Pharmaceuticals & Drugs,12.22,sectors\healthcare.csv
Emmessar Biotech & Nutrition Ltd.,EMMESSA,Healthcare,Pharmaceuticals & Drugs,11.83,sectors\healthcare.csv
Beryl Drugs Ltd.,BERLDRG,Healthcare,Pharmaceuticals & Drugs,11.64,sectors\healthcare.csv
Dhanvantri Jeevan Rekha Ltd.,ZDHJERK,Healthcare,Hospital & Healthcare Services,11.47,sectors\healthcare.csv
Dolphin Medical Services Ltd.,DOLPHMED,Healthcare,Hospital & Healthcare Services,11.31,sectors\healthcare.csv
Broach Lifecare Hospital Ltd.,BROACH,Healthcare,Hospital & Healthcare Services,11.05,sectors\healthcare.csv
Family Care Hospitals Ltd.,FAMILYCARE,Healthcare,Hospital & Healthcare Services,10.32,sectors\healthcare.csv
Looks Health Services Ltd.,LOOKS,Healthcare,Hospital & Healthcare Services,9.51,sectors\healthcare.csv
Clinitech Laboratory Ltd.,CTLLAB,Healthcare,Hospital & Healthcare Services,9.13,sectors\healthcare.csv
Adline Chem Lab Ltd.,ADLINE,Healthcare,Pharmaceuticals & Drugs,7.62,sectors\healthcare.csv
Hindustan Bio Sciences Ltd.,HINDBIO,Healthcare,Pharmaceuticals & Drugs,7.1,sectors\healthcare.csv
Ganga Pharmaceuticals Ltd.,GANGAPHARM,Healthcare,Pharmaceuticals & Drugs,7.09,sectors\healthcare.csv
Brawn Biotech Ltd.,BRAWN,Healthcare,Pharmaceuticals & Drugs,6.09,sectors\healthcare.csv
Decipher Labs Ltd.,DECIPHER,Healthcare,Pharmaceuticals & Drugs,6.06,sectors\healthcare.csv
Dr Lalchandani Labs Ltd.,DLCL,Healthcare,Hospital & Healthcare Services,5.52,sectors\healthcare.csv
Gian Life Care Ltd.,GIANLIFE,Healthcare,Hospital & Healthcare Services,4.89,sectors\healthcare.csv
MPS Pharmaa Ltd.,ADVIKLA,Healthcare,Pharmaceuticals & Drugs,3.8,sectors\healthcare.csv
Transpact Enterprises Ltd.,TRANSPACT,Healthcare,Medical Equipment/Supplies/Accessories,3.67,sectors\healthcare.csv
Boston Commerce Ltd.,BOSTON,Healthcare,Medical Equipment/Supplies/Accessories,3.14,sectors\healthcare.csv
Cresanto Global Ltd.,CRESANTO,Healthcare,Pharmaceuticals & Drugs,2.19,sectors\healthcare.csv
Murae Organisor Ltd. - (Rights Entitlements (REs)),MURAE-RE1,Healthcare,Pharmaceuticals & Drugs,0.0,sectors\healthcare.csv
Rajnish Wellness Ltd. - (Rights Entitlements (REs)),RAJNI-RE,Healthcare,Pharmaceuticals & Drugs,0.0,sectors\healthcare.csv
Kilitch Drugs (India) Ltd. - (Rights Entitlements (REs)),KILITC-RE,Healthcare,Pharmaceuticals & Drugs,0.0,sectors\healthcare.csv
Valiant Laboratories Ltd. - (Rights Entitlements (REs)),VALIANT-RE,Healthcare,Pharmaceuticals & Drugs,0.0,sectors\healthcare.csv
Vineet Laboratories Ltd. - (Rights Entitlements (REs)),VINEET-RE,Healthcare,Pharmaceuticals & Drugs,0.0,sectors\healthcare.csv
Dr Lalchandani Labs Ltd. - (Rights Entitlements (REs)),DLCL-RE,Healthcare,Hospital & Healthcare Services,0.0,sectors\healthcare.csv
Healthcare Global Enterprises Ltd. - (Rights Entitlements (REs)),HCG-RE,Healthcare,Hospital & Healthcare Services,0.0,sectors\healthcare.csv
The Indian Hotels Company Ltd.,INDHOTEL,Hospitality,"Hotel, Resort & Restaurants",102686.4,sectors\hospitality.csv
Indian Railway Catering And Tourism Corporation Ltd.,IRCTC,Hospitality,Travel Services,39796.0,sectors\hospitality.csv
ITC Hotels Ltd.,ITCHOTELS,Hospitality,"Hotel, Resort & Restaurants",34358.69,sectors\hospitality.csv
EIH Ltd.,EIHOTEL,Hospitality,"Hotel, Resort & Restaurants",18773.43,sectors\hospitality.csv
Chalet Hotels Ltd.,CHALET,Hospitality,"Hotel, Resort & Restaurants",18092.2,sectors\hospitality.csv
Travel Food Services Ltd.,TRAVELFOOD,Hospitality,Restaurants,17993.34,sectors\hospitality.csv
TBO Tek Ltd.,TBOTEK,Hospitality,Travel Services,17706.32,sectors\hospitality.csv
Leela Palaces Hotels & Resorts Ltd.,THELEELA,Hospitality,"Hotel, Resort & Restaurants",17031.85,sectors\hospitality.csv
Ventive Hospitality Ltd.,VENTIVE,Hospitality,"Hotel, Resort & Restaurants",13519.72,sectors\hospitality.csv
BLS International Services Ltd.,BLS,Hospitality,Travel Services,11450.51,sectors\hospitality.csv
Westlife Foodworld Ltd,WESTLIFE,Hospitality,Restaurants,9084.06,sectors\hospitality.csv
Lemon Tree Hotels Ltd.,LEMONTREE,Hospitality,"Hotel, Resort & Restaurants",8627.56,sectors\hospitality.csv
Le Travenues Technology Ltd.,IXIGO,Hospitality,Travel Services,7676.38,sectors\hospitality.csv
Restaurant Brands Asia Ltd.,RBA,Hospitality,Restaurants,7053.13,sectors\hospitality.csv
Waterways Leisure Tourism Ltd.,CORDELIA,Hospitality,Travel Services,6063.4,sectors\hospitality.csv
India Tourism Development Corporation Ltd.,ITDC,Hospitality,"Hotel, Resort & Restaurants",5977.27,sectors\hospitality.csv
Thomas Cook (India) Ltd.,THOMASCOOK,Hospitality,Travel Services,4978.98,sectors\hospitality.csv
Mahindra Holidays & Resorts India Ltd.,MHRIL,Hospitality,"Hotel, Resort & Restaurants",4557.38,sectors\hospitality.csv
Juniper Hotels Ltd.,JUNIPER,Hospitality,"Hotel, Resort & Restaurants",4290.96,sectors\hospitality.csv
Samhi Hotels Ltd.,SAMHI,Hospitality,"Hotel, Resort & Restaurants",3642.25,sectors\hospitality.csv
Wonderla Holidays Ltd.,WONDERLA,Hospitality,Amusement Parks/Recreation/Club,2971.12,sectors\hospitality.csv
United Foodbrands Ltd.,UFBL,Hospitality,Restaurants,2928.74,sectors\hospitality.csv
Imagicaaworld Entertainment Ltd.,IMAGICAA,Hospitality,Amusement Parks/Recreation/Club,2696.9,sectors\hospitality.csv
Easy Trip Planners Ltd.,EASEMYTRIP,Hospitality,Travel Services,2554.16,sectors\hospitality.csv
Apeejay Surrendra Park Hotels Ltd.,PARKHOTELS,Hospitality,"Hotel, Resort & Restaurants",2509.28,sectors\hospitality.csv
Brigade Hotel Ventures Ltd.,BRIGHOTEL,Hospitality,"Hotel, Resort & Restaurants",2274.88,sectors\hospitality.csv
Oriental Hotels Ltd.,ORIENTHOT,Hospitality,"Hotel, Resort & Restaurants",2216.42,sectors\hospitality.csv
Krishna GVK Luxury Hotels Ltd.,TAJGVK,Hospitality,"Hotel, Resort & Restaurants",2142.82,sectors\hospitality.csv
EIH Associated Hotels Ltd.,EIHAHOTELS,Hospitality,"Hotel, Resort & Restaurants",1821.39,sectors\hospitality.csv
Yatra Online Ltd,YATRA,Hospitality,Travel Services,1788.84,sectors\hospitality.csv
Delta Corp Ltd.,DELTACORP,Hospitality,Amusement Parks/Recreation/Club,1621.09,sectors\hospitality.csv
Benares Hotels Ltd.,BENARAS,Hospitality,"Hotel, Resort & Restaurants",1323.06,sectors\hospitality.csv
Asian Hotels (North) Ltd.,ASIANHOTNR,Hospitality,"Hotel, Resort & Restaurants",1270.68,sectors\hospitality.csv
Mac Charles (India) Ltd.,MCCHRLS-B,Hospitality,"Hotel, Resort & Restaurants",912.64,sectors\hospitality.csv
Royal Orchid Hotels Ltd.,ROHLTD,Hospitality,"Hotel, Resort & Restaurants",858.68,sectors\hospitality.csv
Viceroy Hotels Ltd.,VHLTD,Hospitality,"Hotel, Resort & Restaurants",847.1,sectors\hospitality.csv
Advent Hotels International Ltd.,ADVENTHTL,Hospitality,"Hotel, Resort & Restaurants",765.45,sectors\hospitality.csv
UP Hotels Ltd.,UPHOT,Hospitality,"Hotel, Resort & Restaurants",756.0,sectors\hospitality.csv
Praveg Ltd.,PRAVEG,Hospitality,"Hotel, Resort & Restaurants",704.75,sectors\hospitality.csv
Speciality Restaurants Ltd.,SPECIALITY,Hospitality,Restaurants,673.61,sectors\hospitality.csv
Asian Hotels (West) Ltd.,AHLWEST,Hospitality,"Hotel, Resort & Restaurants",640.82,sectors\hospitality.csv
Coffee Day Enterprises Ltd.,COFFEEDAY,Hospitality,Restaurants,606.08,sectors\hospitality.csv
Kamat Hotels (India) Ltd.,KAMATHOTEL,Hospitality,"Hotel, Resort & Restaurants",577.51,sectors\hospitality.csv
Sayaji Hotels Ltd.,SAYAJIHOTL,Hospitality,"Hotel, Resort & Restaurants",569.33,sectors\hospitality.csv
Advani Hotels & Resorts (India) Ltd.,ADVANIHOTR,Hospitality,"Hotel, Resort & Restaurants",480.31,sectors\hospitality.csv
HLV Ltd.,HLVLTD,Hospitality,"Hotel, Resort & Restaurants",462.8,sectors\hospitality.csv
Sinclairs Hotels Ltd.,SINCLAIR,Hospitality,"Hotel, Resort & Restaurants",384.55,sectors\hospitality.csv
Emerald Leisures Ltd.,EMERALL,Hospitality,"Hotel, Resort & Restaurants",378.99,sectors\hospitality.csv
Mach Travel Solutions Ltd.,MACHLTD,Hospitality,Travel Services,362.89,sectors\hospitality.csv
Nicco Parks & Resorts Ltd.,NICCOPAR,Hospitality,Amusement Parks/Recreation/Club,341.64,sectors\hospitality.csv
Vegorama Punjabi Angithi Ltd.,VPAL,Hospitality,Restaurants,338.86,sectors\hospitality.csv
Sayaji Hotels (Indore) Ltd.,SHILINDORE,Hospitality,"Hotel, Resort & Restaurants",325.99,sectors\hospitality.csv
Apollo Sindoori Hotels Ltd.,APOLSINHOT,Hospitality,"Hotel, Resort & Restaurants",314.13,sectors\hospitality.csv
Robust Hotels Ltd.,RHL,Hospitality,"Hotel, Resort & Restaurants",299.23,sectors\hospitality.csv
Silverstorm Parks And Resorts Ltd.,SSPRL,Hospitality,Amusement Parks/Recreation/Club,283.69,sectors\hospitality.csv
Suba Hotels Ltd.,SUBAHOTELS,Hospitality,"Hotel, Resort & Restaurants",281.09,sectors\hospitality.csv
Sayaji Hotels (Pune) Ltd.,SHPLPUNE,Hospitality,"Hotel, Resort & Restaurants",258.66,sectors\hospitality.csv
Wise Travel India Ltd.,WTICAB,Hospitality,Travel Services,258.6,sectors\hospitality.csv
International Travel House Ltd.,ITHL,Hospitality,Travel Services,248.27,sectors\hospitality.csv
Asian Hotels (East) Ltd.,AHLEAST,Hospitality,"Hotel, Resort & Restaurants",242.6,sectors\hospitality.csv
Grand Continent Hotels Ltd.,GCHOTELS,Hospitality,"Hotel, Resort & Restaurants",231.88,sectors\hospitality.csv
Graviss Hospitality Ltd.,GRAVISSHO,Hospitality,"Hotel, Resort & Restaurants",215.01,sectors\hospitality.csv
GIR Natureview Resorts Ltd.,GIRRESORTS,Hospitality,"Hotel, Resort & Restaurants",202.29,sectors\hospitality.csv
Country Club Hospitality & Holidays Ltd.,CCHHL,Hospitality,"Hotel, Resort & Restaurants",200.9,sectors\hospitality.csv
Savera Industries Ltd.,SAVERA,Hospitality,"Hotel, Resort & Restaurants",198.9,sectors\hospitality.csv
Trade-Wings Ltd.,TRADWIN,Hospitality,Travel Services,189.27,sectors\hospitality.csv
HBG Hotels Ltd.,HBGHOTELS,Hospitality,"Hotel, Resort & Restaurants",179.91,sectors\hospitality.csv
The Byke Hospitality Ltd.,BYKE,Hospitality,"Hotel, Resort & Restaurants",165.1,sectors\hospitality.csv
CHL Ltd.,CHLLTD,Hospitality,"Hotel, Resort & Restaurants",151.3,sectors\hospitality.csv
Autoriders International Ltd.,AUTOINT,Hospitality,Travel Services,98.8,sectors\hospitality.csv
Transcorp International Ltd.,TRANSCOR,Hospitality,Travel Services,78.08,sectors\hospitality.csv
Jungle Camps India Ltd.,JUNGLECAMP,Hospitality,"Hotel, Resort & Restaurants",75.66,sectors\hospitality.csv
Eco Hotels & Resorts Ltd.,ECOHOTELS,Hospitality,"Hotel, Resort & Restaurants",74.77,sectors\hospitality.csv
TSC India Ltd.,TSC,Hospitality,Travel Services,73.68,sectors\hospitality.csv
Gujarat Hotels Ltd.,GUJHOTE,Hospitality,"Hotel, Resort & Restaurants",70.81,sectors\hospitality.csv
Saj Hotels Ltd.,SAJHOTELS,Hospitality,"Hotel, Resort & Restaurants",68.53,sectors\hospitality.csv
Vikram Kamats Hospitality Ltd.,KAMATS,Hospitality,Restaurants,65.55,sectors\hospitality.csv
Growington Ventures India Ltd.,GROWINGTON,Hospitality,Travel Services,62.94,sectors\hospitality.csv
MAC Hotels Ltd.,MACH,Hospitality,"Hotel, Resort & Restaurants",59.75,sectors\hospitality.csv
Royale Manor Hotels & Industries Ltd.,RAYALEMA,Hospitality,"Hotel, Resort & Restaurants",56.03,sectors\hospitality.csv
Blue Coast Hotels Ltd.,BLUECOAST,Hospitality,"Hotel, Resort & Restaurants",49.61,sectors\hospitality.csv
Roopshri Resorts Ltd.,ROOPSHRI,Hospitality,"Hotel, Resort & Restaurants",49.23,sectors\hospitality.csv
Jindal Hotels Ltd.,JINDHOT,Hospitality,"Hotel, Resort & Restaurants",43.18,sectors\hospitality.csv
Helloji Holidays Ltd.,HELLOJI,Hospitality,Travel Services,39.43,sectors\hospitality.csv
LGT Global Hospitality Ltd.,LGT,Hospitality,Travel Services,37.68,sectors\hospitality.csv
Yaan Enterprises Ltd.,YAANENT,Hospitality,Travel Services,37.2,sectors\hospitality.csv
Pecos Hotels and Pubs Ltd.,PECOS,Hospitality,Restaurants,33.01,sectors\hospitality.csv
Reliable Ventures India Ltd.,RELIABVEN,Hospitality,"Hotel, Resort & Restaurants",30.49,sectors\hospitality.csv
Best Eastern Hotels Ltd.,BESTEAST,Hospitality,"Hotel, Resort & Restaurants",30.41,sectors\hospitality.csv
Naturewings Holidays Ltd.,NHL,Hospitality,Travel Services,28.83,sectors\hospitality.csv
TGB Banquets And Hotels Ltd.,TGBHOTELS,Hospitality,"Hotel, Resort & Restaurants",28.73,sectors\hospitality.csv
Aruna Hotels Ltd.,ARUNAHTEL,Hospitality,"Hotel, Resort & Restaurants",24.48,sectors\hospitality.csv
Valencia India Ltd.,VALINDIA,Hospitality,"Hotel, Resort & Restaurants",24.11,sectors\hospitality.csv
West Leisure Resorts Ltd.,WESTLEIRES,Hospitality,"Hotel, Resort & Restaurants",23.78,sectors\hospitality.csv
Ajwa Fun World & Resort Ltd.,AJWAFUN,Hospitality,"Hotel, Resort & Restaurants",23.39,sectors\hospitality.csv
Velan Hotels Ltd.,VELHO,Hospitality,"Hotel, Resort & Restaurants",22.69,sectors\hospitality.csv
UHM Vacation Ltd.,UHMVL,Hospitality,Travel Services,22.33,sectors\hospitality.csv
Ras Resorts & Apart Hotels Ltd.,RASRESOR,Hospitality,"Hotel, Resort & Restaurants",21.44,sectors\hospitality.csv
Sri Havisha Hospitality and Infrastructure Ltd.,HAVISHA,Hospitality,"Hotel, Resort & Restaurants",20.73,sectors\hospitality.csv
Cindrella Hotels Ltd.,CINDHO,Hospitality,"Hotel, Resort & Restaurants",19.76,sectors\hospitality.csv
Travels & Rentals Ltd.,TRAVELS,Hospitality,Travel Services,18.58,sectors\hospitality.csv
HS India Ltd.,HOTLSILV,Hospitality,"Hotel, Resort & Restaurants",17.86,sectors\hospitality.csv
Howard Hotels Ltd.,HOWARHO,Hospitality,"Hotel, Resort & Restaurants",17.76,sectors\hospitality.csv
Univa Foods Ltd.,UNIVAFOODS,Hospitality,"Hotel, Resort & Restaurants",12.42,sectors\hospitality.csv
Lords Ishwar Hotels Ltd.,LORDSHOTL,Hospitality,"Hotel, Resort & Restaurants",12.09,sectors\hospitality.csv
Neopolitan Pizza and Foods Ltd.,NPFL,Hospitality,Restaurants,11.56,sectors\hospitality.csv
Woodsvilla Ltd.,WOODSVILA,Hospitality,"Hotel, Resort & Restaurants",9.21,sectors\hospitality.csv
Ashram Online.Com Ltd.,ASHRAM,Hospitality,"Hotel, Resort & Restaurants",6.35,sectors\hospitality.csv
Sailani Tours N Travels Ltd.,SAILANI,Hospitality,Travel Services,5.42,sectors\hospitality.csv
Mahasagar Travels Ltd.,MHSGRMS,Hospitality,Travel Services,4.4,sectors\hospitality.csv
Hanman Fit Ltd.,HANMAN,Hospitality,Amusement Parks/Recreation/Club,4.34,sectors\hospitality.csv
Silver Pearl Hospitality & Luxury Spaces Ltd.,SILVERPRL,Hospitality,"Hotel, Resort & Restaurants",3.93,sectors\hospitality.csv
Mega Corporation Ltd. - (Rights Entitlements (REs)),MEGACO-RE,Hospitality,Travel Services,0.0,sectors\hospitality.csv
Eco Hotels And Resorts Ltd. - (Rights Entitlements (REs)),ECOHO-RE,Hospitality,"Hotel, Resort & Restaurants",0.0,sectors\hospitality.csv
Travels & Rentals Ltd. - (Rights Entitlements (REs)),TRAVELS-RE,Hospitality,Travel Services,0.0,sectors\hospitality.csv
Linde India Ltd.,LINDEINDIA,Industrials Gases & Fuels,Industrial  Gases & Fuels,57093.1,sectors\industrialsgasesfuels.csv
Petronet LNG Ltd.,PETRONET,Industrials Gases & Fuels,Industrial  Gases & Fuels,42352.5,sectors\industrialsgasesfuels.csv
Bharat Coking Coal Ltd.,BHARATCOAL,Industrials Gases & Fuels,Industrial  Gases & Fuels,15689.43,sectors\industrialsgasesfuels.csv
Ellenbarrie Industrial Gases Ltd.,ELLEN,Industrials Gases & Fuels,Industrial  Gases & Fuels,4689.63,sectors\industrialsgasesfuels.csv
Refex Industries Ltd.,REFEX,Industrials Gases & Fuels,Industrial  Gases & Fuels,4074.05,sectors\industrialsgasesfuels.csv
Stallion India Fluorochemicals Ltd.,STALLION,Industrials Gases & Fuels,Industrial  Gases & Fuels,2669.39,sectors\industrialsgasesfuels.csv
IRM Energy Ltd.,IRMENERGY,Industrials Gases & Fuels,Industrial  Gases & Fuels,1208.18,sectors\industrialsgasesfuels.csv
Petro Carbon And Chemicals Ltd.,PCCL,Industrials Gases & Fuels,Industrial  Gases & Fuels,754.59,sectors\industrialsgasesfuels.csv
Rajasthan Securities Ltd.,RAJSEC,Industrials Gases & Fuels,Industrial  Gases & Fuels,426.65,sectors\industrialsgasesfuels.csv
Nilachal Carbo Metalicks Ltd.,NCML,Industrials Gases & Fuels,Industrial  Gases & Fuels,224.34,sectors\industrialsgasesfuels.csv
Hilltone Software & Gases Ltd.,HILLTONE,Industrials Gases & Fuels,Industrial  Gases & Fuels,54.56,sectors\industrialsgasesfuels.csv
National Oxygen Ltd.,NOL,Industrials Gases & Fuels,Industrial  Gases & Fuels,30.43,sectors\industrialsgasesfuels.csv
Bhagawati Gas Ltd.,BHAGGAS,Industrials Gases & Fuels,Industrial  Gases & Fuels,17.36,sectors\industrialsgasesfuels.csv
Rajasthan Cylinders & Containers Ltd.,RCCL,Industrials Gases & Fuels,Industrial  Gases & Fuels,10.78,sectors\industrialsgasesfuels.csv
Gagan Gases Ltd.,GAGAN,Industrials Gases & Fuels,Industrial  Gases & Fuels,8.87,sectors\industrialsgasesfuels.csv
Bhagawati Oxygen Ltd.,BHAGWOX,Industrials Gases & Fuels,Industrial  Gases & Fuels,8.79,sectors\industrialsgasesfuels.csv
Foundry Fuel Products Ltd.,FFPL,Industrials Gases & Fuels,Industrial  Gases & Fuels,4.11,sectors\industrialsgasesfuels.csv
The Southern Gas Ltd.,ZSOUTGAS,Industrials Gases & Fuels,Industrial  Gases & Fuels,0.06,sectors\industrialsgasesfuels.csv
Stallion India Fluorochemicals Ltd. - (Rights Entitlements (REs)),STALL-RE,Industrials Gases & Fuels,Industrial  Gases & Fuels,0.0,sectors\industrialsgasesfuels.csv
Tata Consultancy Services Ltd.,TCS,Information Technology,IT - Software,853506.85,sectors\informationtechnology.csv
Infosys Ltd.,INFY,Information Technology,IT - Software,474407.11,sectors\informationtechnology.csv
HCL Technologies Ltd.,HCLTECH,Information Technology,IT - Software,369058.45,sectors\informationtechnology.csv
Eternal Ltd.,ETERNAL,Information Technology,e-Commerce,306881.15,sectors\informationtechnology.csv
Wipro Ltd.,WIPRO,Information Technology,IT - Software,182039.6,sectors\informationtechnology.csv
Tech Mahindra Ltd.,TECHM,Information Technology,IT - Software,160214.46,sectors\informationtechnology.csv
LTM Ltd.,LTM,Information Technology,IT - Software,140301.88,sectors\informationtechnology.csv
One97 Communications Ltd.,PAYTM,Information Technology,Fintech,102837.75,sectors\informationtechnology.csv
Oracle Financial Services Software Ltd.,OFSS,Information Technology,IT - Software,102322.43,sectors\informationtechnology.csv
FSN E-Commerce Ventures Ltd.,NYKAA,Information Technology,e-Commerce,94802.17,sectors\informationtechnology.csv
Meesho Ltd.,MEESHO,Information Technology,e-Commerce,88425.77,sectors\informationtechnology.csv
Persistent Systems Ltd.,PERSISTENT,Information Technology,IT - Software,88024.5,sectors\informationtechnology.csv
Info Edge (India) Ltd.,NAUKRI,Information Technology,BPO/ITeS,86959.69,sectors\informationtechnology.csv
Coforge Ltd.,COFORGE,Information Technology,IT - Software,80611.53,sectors\informationtechnology.csv
PB Fintech Ltd.,POLICYBZR,Information Technology,Fintech,80462.64,sectors\informationtechnology.csv
Swiggy Ltd.,SWIGGY,Information Technology,e-Commerce,76405.48,sectors\informationtechnology.csv
Mphasis Ltd.,MPHASIS,Information Technology,IT - Software,49036.24,sectors\informationtechnology.csv
L&T Technology Services Ltd.,LTTS,Information Technology,IT - Software,36894.83,sectors\informationtechnology.csv
Tata Technologies Ltd.,TATATECH,Information Technology,IT - Software,35212.81,sectors\informationtechnology.csv
Hexaware Technologies Ltd.,HEXT,Information Technology,IT - Software,34815.69,sectors\informationtechnology.csv
Inventurus Knowledge Solutions Ltd.,IKS,Information Technology,IT - Software,31542.01,sectors\informationtechnology.csv
Affle 3i Ltd.,AFFLE,Information Technology,BPO/ITeS,23526.35,sectors\informationtechnology.csv
Tata Elxsi Ltd.,TATAELXSI,Information Technology,IT - Software,23480.7,sectors\informationtechnology.csv
Pine Labs Ltd.,PINELABS,Information Technology,Fintech,19021.35,sectors\informationtechnology.csv
Firstsource Solutions Ltd.,FSL,Information Technology,BPO/ITeS,18933.13,sectors\informationtechnology.csv
eClerx Services Ltd.,ECLERX,Information Technology,BPO/ITeS,17834.37,sectors\informationtechnology.csv
KPIT Technologies Ltd.,KPITTECH,Information Technology,IT - Software,16805.02,sectors\informationtechnology.csv
IDream Film Infrastructure Company Ltd.,IDREAM,Information Technology,IT - Software,16246.72,sectors\informationtechnology.csv
Fractal Analytics Ltd.,FRACTAL,Information Technology,IT - Software,14341.89,sectors\informationtechnology.csv
Nazara Technologies Ltd.,NAZARA,Information Technology,IT - Software,13685.56,sectors\informationtechnology.csv
E2E Networks Ltd.,E2E,Information Technology,IT - Software,13646.43,sectors\informationtechnology.csv
CarTrade Tech Ltd.,CARTRADE,Information Technology,e-Commerce,13517.16,sectors\informationtechnology.csv
Amagi Media Labs Ltd.,AMAGI,Information Technology,IT - Software,13383.0,sectors\informationtechnology.csv
Zensar Technologies Ltd.,ZENSARTECH,Information Technology,IT - Software,11171.81,sectors\informationtechnology.csv
RateGain Travel Technologies Ltd.,RATEGAIN,Information Technology,IT - Software,11158.62,sectors\informationtechnology.csv
Indiamart Intermesh Ltd.,INDIAMART,Information Technology,e-Commerce,10760.81,sectors\informationtechnology.csv
Brainbees Solutions Ltd.,FIRSTCRY,Information Technology,e-Commerce,10760.24,sectors\informationtechnology.csv
Intellect Design Arena Ltd.,INTELLECT,Information Technology,IT - Software,9815.16,sectors\informationtechnology.csv
Sonata Software Ltd.,SONATSOFTW,Information Technology,IT - Software,9140.45,sectors\informationtechnology.csv
Cyient Ltd.,CYIENT,Information Technology,IT - Software,9076.32,sectors\informationtechnology.csv
Birlasoft Ltd.,BSOFT,Information Technology,IT - Software,8717.92,sectors\informationtechnology.csv
Tanla Platforms Ltd.,TANLA,Information Technology,IT - Software,7720.63,sectors\informationtechnology.csv
Newgen Software Technologies Ltd.,NEWGEN,Information Technology,IT - Software,7625.71,sectors\informationtechnology.csv
ASM Technologies Ltd.,ASMTEC,Information Technology,IT - Software,7056.14,sectors\informationtechnology.csv
Seshaasai Technologies Ltd.,STYL,Information Technology,Fintech,6612.2,sectors\informationtechnology.csv
Happiest Minds Technologies Ltd.,HAPPSTMNDS,Information Technology,IT - Software,6397.06,sectors\informationtechnology.csv
Just Dial Ltd.,JUSTDIAL,Information Technology,BPO/ITeS,5769.3,sectors\informationtechnology.csv
Mastek Ltd.,MASTEK,Information Technology,IT - Software,5687.08,sectors\informationtechnology.csv
CE Info Systems Ltd.,MAPMYINDIA,Information Technology,IT - Software,5419.43,sectors\informationtechnology.csv
AvenuesAI Ltd.,CCAVENUE,Information Technology,Fintech,5401.97,sectors\informationtechnology.csv
Datamatics Global Services Ltd.,DATAMATICS,Information Technology,IT - Software,5124.82,sectors\informationtechnology.csv
Quess Corp Ltd.,QUESS,Information Technology,BPO/ITeS,5054.34,sectors\informationtechnology.csv
MSTC Ltd.,MSTCLTD,Information Technology,e-Commerce,4381.7,sectors\informationtechnology.csv
eMudhra Ltd.,EMUDHRA,Information Technology,IT - Software,4309.11,sectors\informationtechnology.csv
Capillary Technologies India Ltd.,CAPILLARY,Information Technology,IT - Software,4267.95,sectors\informationtechnology.csv
Aurionpro Solutions Ltd.,AURIONPRO,Information Technology,IT - Software,4058.14,sectors\informationtechnology.csv
Moschip Technologies Ltd.,MOSCHIP,Information Technology,IT - Software,4056.83,sectors\informationtechnology.csv
Turtlemint Fintech Solutions Ltd.,TURTLEMINT,Information Technology,Fintech,4043.2,sectors\informationtechnology.csv
63 Moons Technologies Ltd.,63MOONS,Information Technology,IT - Software,3624.08,sectors\informationtechnology.csv
TechNVision Ventures Ltd.,TECHNVISN,Information Technology,IT - Software,3351.92,sectors\informationtechnology.csv
NIIT Learning Systems Ltd. ,NIITMTS,Information Technology,IT - Education,3330.01,sectors\informationtechnology.csv
Network People Services Technologies Ltd.,NPST,Information Technology,IT - Software,3315.21,sectors\informationtechnology.csv
Route Mobile Ltd.,ROUTE,Information Technology,IT - Software,3183.19,sectors\informationtechnology.csv
Sasken Technologies Ltd.,SASKEN,Information Technology,IT - Software,2999.94,sectors\informationtechnology.csv
RPSG Ventures Ltd.,RPSGVENT,Information Technology,IT - Software,2951.47,sectors\informationtechnology.csv
R Systems International Ltd.,RSYSTEMS,Information Technology,IT - Software,2862.78,sectors\informationtechnology.csv
Zaggle Prepaid Ocean Services Ltd.,ZAGGLE,Information Technology,IT - Software,2696.56,sectors\informationtechnology.csv
Silver Touch Technologies Ltd.,SILVERTUC,Information Technology,IT - Software,2650.96,sectors\informationtechnology.csv
Mobavenue Ai Tech Ltd.,MOBAVENUE,Information Technology,IT - Software,2477.39,sectors\informationtechnology.csv
Protean e-Gov Technologies Ltd.,PROTEAN,Information Technology,BPO/ITeS,2241.07,sectors\informationtechnology.csv
Ramco Systems Ltd.,RAMCOSYS,Information Technology,IT - Software,2240.39,sectors\informationtechnology.csv
Saksoft Ltd.,SAKSOFT,Information Technology,IT - Software,2195.63,sectors\informationtechnology.csv
Blue Cloud Softech Solutions Ltd.,BLUECLOUDS,Information Technology,IT - Software,2084.32,sectors\informationtechnology.csv
Kody Technolab Ltd.,KODYTECH,Information Technology,IT - Software,2016.88,sectors\informationtechnology.csv
Brightcom Group Ltd.,BCG,Information Technology,IT - Software,2004.39,sectors\informationtechnology.csv
Hinduja Global Solutions Ltd.,HGS,Information Technology,BPO/ITeS,1897.1,sectors\informationtechnology.csv
Creative Newtech Ltd.,CNL,Information Technology,BPO/ITeS,1866.27,sectors\informationtechnology.csv
Nucleus Software Exports Ltd.,NUCLEUS,Information Technology,IT - Software,1856.86,sectors\informationtechnology.csv
Hypersoft Technologies Ltd.,HYPERSOFT,Information Technology,IT - Software,1770.53,sectors\informationtechnology.csv
Ceinsys Tech Ltd.,CEINSYS,Information Technology,IT - Software,1712.7,sectors\informationtechnology.csv
Accelya Solutions India Ltd.,ACCELYA,Information Technology,IT - Software,1703.16,sectors\informationtechnology.csv
Aurum Proptech Ltd.,AURUM,Information Technology,IT - Software,1693.44,sectors\informationtechnology.csv
Magellanic Cloud Ltd.,MCLOUD,Information Technology,IT - Software,1683.55,sectors\informationtechnology.csv
One Mobikwik Systems Ltd.,MOBIKWIK,Information Technology,Fintech,1593.05,sectors\informationtechnology.csv
Infobeans Technologies Ltd.,INFOBEAN,Information Technology,IT - Software,1570.51,sectors\informationtechnology.csv
One Point One Solutions Ltd.,ONEPOINT,Information Technology,BPO/ITeS,1531.08,sectors\informationtechnology.csv
Dynacons Systems & Solutions Ltd.,DSSL,Information Technology,IT - Software,1522.02,sectors\informationtechnology.csv
D-Link (India) Ltd.,DLINKINDIA,Information Technology,IT - Networking,1492.8,sectors\informationtechnology.csv
Digitide Solutions Ltd.,DIGITIDE,Information Technology,IT - Software,1489.62,sectors\informationtechnology.csv
IZMO Ltd.,IZMO,Information Technology,IT - Software,1404.78,sectors\informationtechnology.csv
Nintec Systems Ltd.,NINSYS,Information Technology,IT - Software,1388.93,sectors\informationtechnology.csv
NIIT Ltd.,NIITLTD,Information Technology,IT - Education,1304.52,sectors\informationtechnology.csv
Expleo Solutions Ltd.,EXPLEOSOL,Information Technology,IT - Software,1272.54,sectors\informationtechnology.csv
Alldigi Tech Ltd.,ALLDIGI,Information Technology,BPO/ITeS,1236.74,sectors\informationtechnology.csv
Genesys International Corporation Ltd.,GENESYS,Information Technology,IT - Software,1203.9,sectors\informationtechnology.csv
Matrimony.Com Ltd.,MATRIMONY,Information Technology,BPO/ITeS,1112.75,sectors\informationtechnology.csv
Unicommerce eSolutions Ltd.,UNIECOM,Information Technology,IT - Software,971.52,sectors\informationtechnology.csv
Xtranet Technologies Ltd.,XTRANET,Information Technology,IT - Software,902.19,sectors\informationtechnology.csv
Vinsys IT Services India Ltd.,VINSYS,Information Technology,IT - Software,854.02,sectors\informationtechnology.csv
Excelsoft Technologies Ltd.,EXCELSOFT,Information Technology,IT - Education,853.46,sectors\informationtechnology.csv
Sahana System Ltd.,SAHANA,Information Technology,IT - Software,835.64,sectors\informationtechnology.csv
Quick Heal Technologies Ltd.,QUICKHEAL,Information Technology,IT - Software,816.94,sectors\informationtechnology.csv
Subex Ltd.,SUBEXLTD,Information Technology,IT - Software,781.75,sectors\informationtechnology.csv
Kellton Tech Solutions Ltd.,KELLTONTEC,Information Technology,IT - Software,728.56,sectors\informationtechnology.csv
Xchanging Solutions Ltd.,XCHANGING,Information Technology,IT - Software,711.65,sectors\informationtechnology.csv
RNFI Services Ltd.,RNFI,Information Technology,Fintech,698.84,sectors\informationtechnology.csv
Danlaw Technologies India Ltd.,DANLAW,Information Technology,IT - Software,675.85,sectors\informationtechnology.csv
Innovana Thinklabs Ltd.,INNOVANA,Information Technology,IT - Software,671.66,sectors\informationtechnology.csv
Onmobile Global Ltd.,ONMOBILE,Information Technology,IT - Software,671.31,sectors\informationtechnology.csv
KSolves India Ltd.,KSOLVES,Information Technology,IT - Software,658.36,sectors\informationtechnology.csv
Vakrangee Ltd.,VAKRANGEE,Information Technology,BPO/ITeS,641.25,sectors\informationtechnology.csv
Allied Digital Services Ltd.,ADSL,Information Technology,IT - Software,638.17,sectors\informationtechnology.csv
Veefin Solutions Ltd.,VEEFIN,Information Technology,IT - Software,630.57,sectors\informationtechnology.csv
Onward Technologies Ltd.,ONWARDTEC,Information Technology,IT - Software,628.58,sectors\informationtechnology.csv
Exato Technologies Ltd.,EXATO,Information Technology,IT - Software,618.27,sectors\informationtechnology.csv
SoftTech Engineers Ltd.,SOFTTECH,Information Technology,IT - Software,593.2,sectors\informationtechnology.csv
Mindteck (India) Ltd.,MINDTECK,Information Technology,IT - Software,567.67,sectors\informationtechnology.csv
3I Infotech Ltd.,3IINFOLTD,Information Technology,IT - Software,554.6,sectors\informationtechnology.csv
Aptech Ltd.,APTECHT,Information Technology,IT - Education,542.15,sectors\informationtechnology.csv
Covance Softsol Ltd.,COVANCE,Information Technology,IT - Software,520.53,sectors\informationtechnology.csv
CSM Technologies Ltd.,CSM,Information Technology,IT - Software,519.13,sectors\informationtechnology.csv
IRIS RegTech Solutions Ltd.,IRIS,Information Technology,IT - Software,495.18,sectors\informationtechnology.csv
Sigma Solve Ltd.,SIGMA,Information Technology,BPO/ITeS,472.35,sectors\informationtechnology.csv
Workmates Core2Cloud Solution Ltd.,WORKMATES,Information Technology,IT - Software,443.44,sectors\informationtechnology.csv
Tera Software Ltd.,TERASOFT,Information Technology,IT - Software,437.73,sectors\informationtechnology.csv
TechD Cybersecurity Ltd.,TECHD,Information Technology,IT - Software,430.46,sectors\informationtechnology.csv
CyberTech Systems And Software Ltd.,CYBERTECH,Information Technology,IT - Software,413.48,sectors\informationtechnology.csv
Optivalue Tek Consulting Ltd.,OPTIVALUE,Information Technology,IT - Software,413.09,sectors\informationtechnology.csv
XT Global Infotech Ltd.,XTGLOBAL,Information Technology,IT - Software,412.16,sectors\informationtechnology.csv
Digispice Technologies Ltd.,DIGISPICE,Information Technology,IT - Software,398.94,sectors\informationtechnology.csv
ABM Knowledgeware Ltd.,ABMKNO,Information Technology,IT - Software,398.04,sectors\informationtechnology.csv
Trejhara Solutions Ltd.,TREJHARA,Information Technology,IT - Software,391.41,sectors\informationtechnology.csv
Virtual Galaxy Infotech Ltd.,VGINFOTECH,Information Technology,IT - Software,390.31,sectors\informationtechnology.csv
Sattrix Information Security Ltd.,SATTRIX,Information Technology,IT - Software,388.11,sectors\informationtechnology.csv
Citizen Solar Ltd.,CITIZEN,Information Technology,IT - Software,385.91,sectors\informationtechnology.csv
Sancode Technologies Ltd.,SANCODE,Information Technology,IT - Software,383.07,sectors\informationtechnology.csv
Ace Software Exports Ltd.,ACESOFT,Information Technology,IT - Software,368.57,sectors\informationtechnology.csv
Akiko Global Services Ltd.,AKIKO,Information Technology,BPO/ITeS,366.17,sectors\informationtechnology.csv
Take Ltd.,TAKE,Information Technology,IT - Software,350.46,sectors\informationtechnology.csv
Inspirisys Solutions Ltd.,INSPIRISYS,Information Technology,IT - Software,349.9,sectors\informationtechnology.csv
Ekansh Concepts Ltd.,EKANSH,Information Technology,IT - Software,348.01,sectors\informationtechnology.csv
ACS Technologies Ltd.,ACSTECH,Information Technology,IT - Software,347.81,sectors\informationtechnology.csv
Tracxn Technologies Ltd.,TRACXN,Information Technology,IT - Software,316.18,sectors\informationtechnology.csv
Pelatro Ltd.,PELATRO,Information Technology,IT - Software,315.27,sectors\informationtechnology.csv
Systango Technologies Ltd.,SYSTANGO,Information Technology,IT - Software,315.16,sectors\informationtechnology.csv
Dev Accelerator Ltd.,DEVX,Information Technology,IT - Software,313.8,sectors\informationtechnology.csv
Recode Studios Ltd.,RECODE,Information Technology,e-Commerce,308.53,sectors\informationtechnology.csv
All E Technologies Ltd.,ALLETEC,Information Technology,IT - Software,276.66,sectors\informationtechnology.csv
MOS Utility Ltd.,MOS,Information Technology,Fintech,261.3,sectors\informationtechnology.csv
Alphalogic Techsys Ltd.,ALPHALOGIC,Information Technology,BPO/ITeS,259.27,sectors\informationtechnology.csv
FCS Software Solutions Ltd.,FCSSOFT,Information Technology,IT - Software,258.14,sectors\informationtechnology.csv
AION-Tech Solutions Ltd.,GOLDTECH,Information Technology,IT - Software,251.95,sectors\informationtechnology.csv
Artificial Electronics Intelligent Material Ltd.,AEIM,Information Technology,IT - Software,251.88,sectors\informationtechnology.csv
Novus Loyalty Ltd.,NOVUS,Information Technology,IT - Software,237.68,sectors\informationtechnology.csv
Omega Interactive Technologies Ltd.,OMEGAIN,Information Technology,IT - Software,235.62,sectors\informationtechnology.csv
Ace Alpha Tech Ltd.,ACEALPHA,Information Technology,IT - Software,233.52,sectors\informationtechnology.csv
Smartlink Holdings Ltd.,SMARTLINK,Information Technology,IT - Networking,223.79,sectors\informationtechnology.csv
Equippp Social Impact Technologies Ltd.,EQUIPPP,Information Technology,IT - Software,221.65,sectors\informationtechnology.csv
Avio Smart Market Stack Ltd.,ASMS,Information Technology,IT - Software,215.03,sectors\informationtechnology.csv
Infinity Infoway Ltd.,INFINITY,Information Technology,IT - Software,209.4,sectors\informationtechnology.csv
Acetech E-Commerce Ltd.,ACETEC,Information Technology,e-Commerce,208.16,sectors\informationtechnology.csv
Macobs Technologies Ltd.,MACOBSTECH,Information Technology,e-Commerce,204.72,sectors\informationtechnology.csv
Trident Techlabs Ltd.,TECHLABS,Information Technology,IT - Software,204.69,sectors\informationtechnology.csv
CapitalNumbers Infotech Ltd.,CNINFOTECH,Information Technology,IT - Software,203.33,sectors\informationtechnology.csv
Intense Technologies Ltd.,INTENTECH,Information Technology,IT - Software,192.37,sectors\informationtechnology.csv
Sat Kartar Life Ltd.,SATKARTAR,Information Technology,e-Commerce,191.12,sectors\informationtechnology.csv
Airan Ltd.,AIRAN,Information Technology,IT - Software,190.03,sectors\informationtechnology.csv
Fidel Softech Ltd.,FIDEL,Information Technology,IT - Software,186.87,sectors\informationtechnology.csv
DRC Systems India Ltd.,DRCSYSTEMS,Information Technology,IT - Software,185.72,sectors\informationtechnology.csv
Avance Technologies Ltd.,AVANCE,Information Technology,IT - Software,184.32,sectors\informationtechnology.csv
Atishay Ltd.,ATISHAY,Information Technology,IT - Software,177.0,sectors\informationtechnology.csv
7Seas Entertainment Ltd.,7SEASL,Information Technology,IT - Software,176.21,sectors\informationtechnology.csv
Kratikal Tech Ltd.,KRATIKAL,Information Technology,IT - Software,174.72,sectors\informationtechnology.csv
Trigyn Technologies Ltd.,TRIGYN,Information Technology,IT - Software,172.4,sectors\informationtechnology.csv
Meta Infotech Ltd.,METAINFO,Information Technology,IT - Software,169.88,sectors\informationtechnology.csv
Virinchi Ltd.,VIRINCHI,Information Technology,IT - Software,168.61,sectors\informationtechnology.csv
Naapbooks Ltd.,NBL,Information Technology,IT - Software,164.61,sectors\informationtechnology.csv
Jeevan Scientific Technology Ltd.,JSTL,Information Technology,IT - Software,161.14,sectors\informationtechnology.csv
California Software Company Ltd.,CALSOFT,Information Technology,IT - Software,151.67,sectors\informationtechnology.csv
Secmark Consultancy Ltd.,SECMARK,Information Technology,BPO/ITeS,150.91,sectors\informationtechnology.csv
Dev Information Technology Ltd.,DEVIT,Information Technology,IT - Software,147.28,sectors\informationtechnology.csv
Enfuse Solutions Ltd.,ENFUSE,Information Technology,e-Commerce,146.03,sectors\informationtechnology.csv
Reliable Data Services Ltd.,RELIABLE,Information Technology,IT - Software,144.89,sectors\informationtechnology.csv
Genxai Analytics Ltd.,GENXAI,Information Technology,IT - Software,141.75,sectors\informationtechnology.csv
NSB BPO Solutions Ltd.,NSBBPO,Information Technology,BPO/ITeS,135.41,sectors\informationtechnology.csv
Intrasoft Technologies Ltd.,ISFT,Information Technology,e-Commerce,134.16,sectors\informationtechnology.csv
Rox Hi-Tech Ltd.,ROXHITECH,Information Technology,IT - Networking,134.07,sectors\informationtechnology.csv
Methodhub Software Ltd.,METHODHUB,Information Technology,IT - Software,133.86,sectors\informationtechnology.csv
Canarys Automations Ltd.,CANARYS,Information Technology,IT - Software,130.71,sectors\informationtechnology.csv
GVP Infotech Ltd.,GVPTECH,Information Technology,IT - Software,130.11,sectors\informationtechnology.csv
Elnet Technologies Ltd.,ELNET,Information Technology,IT - Software,127.16,sectors\informationtechnology.csv
Enser Communications Ltd.,ENSER,Information Technology,BPO/ITeS,124.64,sectors\informationtechnology.csv
Xelpmoc Design And Tech Ltd.,XELPMOC,Information Technology,IT - Software,123.62,sectors\informationtechnology.csv
iSERA Lifesciences Ltd.,ISERA,Information Technology,IT - Software,121.01,sectors\informationtechnology.csv
AAA Technologies Ltd.,AAATECH,Information Technology,BPO/ITeS,117.58,sectors\informationtechnology.csv
Prodocs Solutions Ltd.,PRODOCS,Information Technology,BPO/ITeS,114.53,sectors\informationtechnology.csv
Emiac Technologies Ltd.,EMIAC,Information Technology,IT - Software,113.86,sectors\informationtechnology.csv
WEP Solutions Ltd.,WEPSOLN,Information Technology,IT - Software,107.8,sectors\informationtechnology.csv
Praruh Technologies Ltd.,PRARUH,Information Technology,IT - Networking,105.17,sectors\informationtechnology.csv
Compucom Software Ltd.,COMPUSOFT,Information Technology,IT - Education,103.89,sectors\informationtechnology.csv
Globalspace Technologies Ltd.,GSTL,Information Technology,IT - Software,102.11,sectors\informationtechnology.csv
Mobilise App Lab Ltd.,MOBILISE,Information Technology,IT - Software,101.83,sectors\informationtechnology.csv
Diensten Tech Ltd.,DTL,Information Technology,IT - Software,95.82,sectors\informationtechnology.csv
Cranes Software International Ltd.,CRANESSOFT,Information Technology,IT - Software,95.59,sectors\informationtechnology.csv
Kandarp Digi Smart BPO Ltd.,KANDARP,Information Technology,BPO/ITeS,94.17,sectors\informationtechnology.csv
Titan Intech Ltd.,TITANIN,Information Technology,IT - Software,92.25,sectors\informationtechnology.csv
Cressanda Railway Solutions Ltd.,CRSL,Information Technology,IT - Software,90.55,sectors\informationtechnology.csv
RS Software (India) Ltd.,RSSOFTWARE,Information Technology,IT - Software,85.45,sectors\informationtechnology.csv
BITS Ltd.,BITS,Information Technology,IT - Education,83.35,sectors\informationtechnology.csv
Delaplex Ltd.,DELAPLEX,Information Technology,IT - Software,82.43,sectors\informationtechnology.csv
Athena Global Technologies Ltd.,ATHENAGLO,Information Technology,IT - Software,80.78,sectors\informationtechnology.csv
Cambridge Technology Enterprises Ltd.,CTE,Information Technology,IT - Software,75.58,sectors\informationtechnology.csv
CG-VAK Software & Exports Ltd.,CGVAK,Information Technology,IT - Software,74.97,sectors\informationtechnology.csv
Hiliks Technologies Ltd.,HILIKS,Information Technology,IT - Software,72.85,sectors\informationtechnology.csv
Riddhi Corporate Services Ltd.,RIDDHICORP,Information Technology,BPO/ITeS,72.8,sectors\informationtechnology.csv
Cura Technologies Ltd.,CURAA,Information Technology,IT - Software,71.28,sectors\informationtechnology.csv
Odigma Consultancy Solutions Ltd.,ODIGMA,Information Technology,IT - Software,70.18,sectors\informationtechnology.csv
LCC Infotech Ltd.,LCCINFOTEC,Information Technology,IT - Education,66.93,sectors\informationtechnology.csv
Identixweb Ltd.,IDENTIXWEB,Information Technology,IT - Software,63.69,sectors\informationtechnology.csv
Jetking Infotrain Ltd.,JETKINGQ,Information Technology,IT - Education,63.41,sectors\informationtechnology.csv
Aris International Ltd.,ARISINT,Information Technology,IT - Software,62.71,sectors\informationtechnology.csv
Palred Technologies Ltd.,PALREDTEC,Information Technology,IT - Software,62.63,sectors\informationtechnology.csv
Paramatrix Technologies Ltd.,PARAMATRIX,Information Technology,IT - Software,61.87,sectors\informationtechnology.csv
Securekloud Technologies Ltd.,SECURKLOUD,Information Technology,IT - Software,61.54,sectors\informationtechnology.csv
Trust Fintech Ltd.,TRUST,Information Technology,IT - Software,60.87,sectors\informationtechnology.csv
Odyssey Technologies Ltd.,ODYSSEY,Information Technology,IT - Software,59.97,sectors\informationtechnology.csv
BLS Infotech Ltd.,BLSINFOTE,Information Technology,IT - Software,59.96,sectors\informationtechnology.csv
New Markets Avenue Ltd.,NEWMKTAVE,Information Technology,IT - Software,59.81,sectors\informationtechnology.csv
Icodex Publishing Solutions Ltd.,ICODEX,Information Technology,IT - Software,59.73,sectors\informationtechnology.csv
HandsOn Global Management (HGM) Ltd.,HGM,Information Technology,BPO/ITeS,58.62,sectors\informationtechnology.csv
Capricorn Systems Global Solutions Ltd.,CAPRICORN,Information Technology,IT - Software,57.12,sectors\informationtechnology.csv
Adroit Infotech Ltd.,ADROITINFO,Information Technology,IT - Software,56.35,sectors\informationtechnology.csv
Suvidhaa Infoserve Ltd.,SUVIDHAA,Information Technology,Fintech,53.08,sectors\informationtechnology.csv
Orchasp Ltd.,ORCHASP,Information Technology,IT - Software,50.92,sectors\informationtechnology.csv
Cadsys India Ltd.,CADSYS,Information Technology,BPO/ITeS,50.81,sectors\informationtechnology.csv
SA Tech Software India Ltd.,SATECH,Information Technology,IT - Software,48.25,sectors\informationtechnology.csv
We Win Ltd.,WEWIN,Information Technology,BPO/ITeS,46.91,sectors\informationtechnology.csv
Starcom Information Technology Ltd.,STARCOM,Information Technology,IT - Software,46.46,sectors\informationtechnology.csv
Jupiter Infomedia Ltd.,JUPITERIN,Information Technology,BPO/ITeS,45.6,sectors\informationtechnology.csv
Vedavaag Systems Ltd.,VEDAVAAG,Information Technology,IT - Software,45.29,sectors\informationtechnology.csv
Infonative Solutions Ltd.,INFONATIVE,Information Technology,IT - Education,45.01,sectors\informationtechnology.csv
Sofcom Systems Ltd.,SOFCOM,Information Technology,IT - Software,43.79,sectors\informationtechnology.csv
B2B Software Technologies Ltd.,B2BSOFT,Information Technology,IT - Software,43.46,sectors\informationtechnology.csv
Austere Systems Ltd.,AUSTERE,Information Technology,IT - Software,42.02,sectors\informationtechnology.csv
Netlink Solutions (India) Ltd.,NETLINK,Information Technology,IT - Software,41.88,sectors\informationtechnology.csv
Lee & Nee Softwares (Exports) Ltd.,LEENEE,Information Technology,IT - Software,40.6,sectors\informationtechnology.csv
Homre Ltd.,HOM,Information Technology,BPO/ITeS,38.38,sectors\informationtechnology.csv
Ram Info Ltd.,RAMINFO,Information Technology,IT - Software,37.32,sectors\informationtechnology.csv
Accedere Ltd.,Accedere,Information Technology,IT - Software,37.07,sectors\informationtechnology.csv
USG Tech Solutions Ltd.,USGTECH,Information Technology,IT - Software,36.69,sectors\informationtechnology.csv
LEX Nimble Solutions Ltd.,LEX,Information Technology,IT - Software,35.62,sectors\informationtechnology.csv
GSS Infotech Ltd.,GSS,Information Technology,IT - Software,35.31,sectors\informationtechnology.csv
Informed Technologies India Ltd.,INFORTEC,Information Technology,BPO/ITeS,35.21,sectors\informationtechnology.csv
Acceleratebs India Ltd.,ACCELERATE,Information Technology,IT - Software,34.45,sectors\informationtechnology.csv
IEC Education Ltd.,IECEDU,Information Technology,IT - Education,34.34,sectors\informationtechnology.csv
Saven Technologies Ltd.,7TEC,Information Technology,IT - Software,34.19,sectors\informationtechnology.csv
HRH Next Services Ltd.,HRHNEXT,Information Technology,BPO/ITeS,32.88,sectors\informationtechnology.csv
Pace E-Commerce Ventures Ltd.,PACE,Information Technology,e-Commerce,32.67,sectors\informationtechnology.csv
Nettlinx Ltd.,NETTLINX,Information Technology,IT - Software,32.42,sectors\informationtechnology.csv
TeleCanor Global Ltd.,TELECANOR,Information Technology,BPO/ITeS,32.19,sectors\informationtechnology.csv
Mudunuru Ltd.,MUDUNURU,Information Technology,IT - Software,31.41,sectors\informationtechnology.csv
Bodhtree Consulting Ltd.,BODHTREE,Information Technology,IT - Software,31.2,sectors\informationtechnology.csv
Sylph Industries Ltd.,SYLPH,Information Technology,IT - Software,30.83,sectors\informationtechnology.csv
Mindpool Technologies Ltd.,MINDPOOL,Information Technology,IT - Software,30.13,sectors\informationtechnology.csv
G-Tec Jainx Education Ltd.,GTECJAINX,Information Technology,IT - Education,29.54,sectors\informationtechnology.csv
Vivo Collaboration Solutions Ltd.,VIVO,Information Technology,IT - Software,29.3,sectors\informationtechnology.csv
June Industries Ltd.,JUNE,Information Technology,IT - Software,29.16,sectors\informationtechnology.csv
Olatech Solutions Ltd.,OLATECH,Information Technology,IT - Software,27.39,sectors\informationtechnology.csv
Takyon Networks Ltd.,TAKYON,Information Technology,IT - Networking,27.36,sectors\informationtechnology.csv
ERP Soft Systems Ltd.,ERPSOFT,Information Technology,IT - Software,27.22,sectors\informationtechnology.csv
Yudiz Solutions Ltd.,YUDIZ,Information Technology,IT - Software,26.62,sectors\informationtechnology.csv
PlatinumOne Business Services Ltd.,POBS,Information Technology,BPO/ITeS,26.11,sectors\informationtechnology.csv
Micropro Software Solutions Ltd.,MICROPRO,Information Technology,IT - Software,25.95,sectors\informationtechnology.csv
Globtier Infotech Ltd.,GLOBTIER,Information Technology,IT - Software,25.71,sectors\informationtechnology.csv
Megri Soft Ltd.,MEGRISOFT,Information Technology,IT - Software,25.69,sectors\informationtechnology.csv
Vertexplus Technologies Ltd.,VERTEXPLUS,Information Technology,IT - Software,25.21,sectors\informationtechnology.csv
Ahasolar Technologies Ltd.,AHASOLAR,Information Technology,IT - Software,24.66,sectors\informationtechnology.csv
Quicktouch Technologies Ltd.,QUICKTOUCH,Information Technology,IT - Software,24.48,sectors\informationtechnology.csv
Globesecure Technologies Ltd.,GSTL,Information Technology,IT - Software,23.91,sectors\informationtechnology.csv
Vama Industries Ltd.,VAMA,Information Technology,IT - Software,23.43,sectors\informationtechnology.csv
Logiciel Solutions Ltd.,LOGICIEL,Information Technology,IT - Software,23.16,sectors\informationtechnology.csv
Octaware Technologies Ltd.,OCTAWARE,Information Technology,IT - Software,22.84,sectors\informationtechnology.csv
Senthil Infotek Ltd.,SENINFO,Information Technology,IT - Software,21.19,sectors\informationtechnology.csv
Shricon Industries Ltd.,SHRICON,Information Technology,e-Commerce,20.97,sectors\informationtechnology.csv
Tridhya Tech Ltd.,TRIDHYA,Information Technology,IT - Software,20.03,sectors\informationtechnology.csv
ACE Integrated Solutions Ltd.,ACEINTEG,Information Technology,BPO/ITeS,18.16,sectors\informationtechnology.csv
Radiowalla Network Ltd.,RADIOWALLA,Information Technology,e-Commerce,17.66,sectors\informationtechnology.csv
Otco International Ltd.,OTCO,Information Technology,IT - Software,16.21,sectors\informationtechnology.csv
Response Informatics Ltd.,RESPONSINF,Information Technology,IT - Software,15.81,sectors\informationtechnology.csv
Infronics Systems Ltd.,INFRONICS,Information Technology,IT - Software,15.71,sectors\informationtechnology.csv
COSYN Ltd.,COSYN,Information Technology,IT - Software,15.59,sectors\informationtechnology.csv
Usha Martin Education & Solutions Ltd.,UMESLTD,Information Technology,IT - Education,15.24,sectors\informationtechnology.csv
Niks Technology Ltd.,NIKSTECH,Information Technology,IT - Software,15.22,sectors\informationtechnology.csv
Continental Chemicals Ltd.,CONTCHM,Information Technology,IT - Software,13.7,sectors\informationtechnology.csv
Hit Kit Global Solutions Ltd.,HITKITGLO,Information Technology,IT - Software,13.26,sectors\informationtechnology.csv
Fone4 Communications (India) Ltd.,FONE4,Information Technology,e-Commerce,13.07,sectors\informationtechnology.csv
Quadpro ITeS Ltd.,QUADPRO,Information Technology,BPO/ITeS,12.13,sectors\informationtechnology.csv
United Interactive Ltd.,UNITEDINT,Information Technology,BPO/ITeS,11.87,sectors\informationtechnology.csv
VCU Data Management Ltd.,VCU,Information Technology,IT - Software,11.64,sectors\informationtechnology.csv
Educomp Solutions Ltd.,EDUCOMP,Information Technology,IT - Education,11.51,sectors\informationtechnology.csv
Groarc Industries India Ltd.,GROARC,Information Technology,IT - Software,11.44,sectors\informationtechnology.csv
Net Avenue Technologies Ltd.,CBAZAAR,Information Technology,e-Commerce,10.73,sectors\informationtechnology.csv
Southern Infoconsultants Ltd.,SOUTHERNIN,Information Technology,IT - Software,10.67,sectors\informationtechnology.csv
Computer Point Ltd.,COMPUPN,Information Technology,IT - Education,10.17,sectors\informationtechnology.csv
Svam Softwares Ltd.,SVAMSOF,Information Technology,IT - Software,9.8,sectors\informationtechnology.csv
Ekennis Software Service Ltd.,EKENNIS,Information Technology,IT - Software,9.75,sectors\informationtechnology.csv
I Power Solutions India Ltd.,IPOWER,Information Technology,IT - Software,9.63,sectors\informationtechnology.csv
Euphoria Infotech (India) Ltd.,EUPHORIAIT,Information Technology,IT - Software,9.16,sectors\informationtechnology.csv
Unipro Technologies Ltd.,UPROTECH,Information Technology,IT - Software,8.48,sectors\informationtechnology.csv
Mipco Seamless Rings (Gujarat) Ltd.,MPCOSEMB,Information Technology,IT - Software,8.07,sectors\informationtechnology.csv
Plada Infotech Services Ltd.,PLADAINFO,Information Technology,BPO/ITeS,7.8,sectors\informationtechnology.csv
Nihar Info Global Ltd.,NIHARINF,Information Technology,IT - Software,7.6,sectors\informationtechnology.csv
Ajel Ltd.,AJEL,Information Technology,IT - Software,7.33,sectors\informationtechnology.csv
Melstar Information Technologies Ltd.,MELSTAR,Information Technology,IT - Software,7.26,sectors\informationtechnology.csv
First Fintec Ltd.,FIRSTFIN,Information Technology,IT - Software,7.05,sectors\informationtechnology.csv
ObjectOne Information Systems Ltd.,OONE,Information Technology,IT - Software,6.94,sectors\informationtechnology.csv
Mahaveer Infoway Ltd.,MAHAVEER,Information Technology,IT - Software,6.71,sectors\informationtechnology.csv
SecUR Credentials Ltd.,SECURCRED,Information Technology,BPO/ITeS,6.69,sectors\informationtechnology.csv
Koiya International Ltd.,KOIYAIN,Information Technology,IT - Software,6.59,sectors\informationtechnology.csv
Space Incubatrics Technologies Ltd.,SPACEINCUBA,Information Technology,IT - Software,6.23,sectors\informationtechnology.csv
Wherrelz IT Solutions Ltd.,WITS,Information Technology,IT - Software,5.8,sectors\informationtechnology.csv
Jointeca Education Solutions Ltd.,JOINTECAED,Information Technology,IT - Education,5.71,sectors\informationtechnology.csv
Tranway21 Technologies Ltd.,TRANWAY21,Information Technology,IT - Software,5.66,sectors\informationtechnology.csv
Adjia Technologies Ltd.,ADJIA,Information Technology,IT - Software,5.44,sectors\informationtechnology.csv
Antriksh Service Technologies Ltd.,SESHACHAL,Information Technology,IT - Software,5.4,sectors\informationtechnology.csv
Omni AxS Software Ltd.,OMNIAX,Information Technology,IT - Software,5.34,sectors\informationtechnology.csv
Bharatiya Global Infomedia Ltd.,BGLOBAL,Information Technology,IT - Software,5.1,sectors\informationtechnology.csv
Quintegra Solutions Ltd.,QUINTEGRA,Information Technology,IT - Software,4.56,sectors\informationtechnology.csv
T Spiritual World Ltd.,TSPIRITUAL,Information Technology,IT - Software,3.98,sectors\informationtechnology.csv
Integrated Hitech Ltd.,INTEGHIT,Information Technology,IT - Software,3.76,sectors\informationtechnology.csv
Pagaria Energy Ltd.,WOMENNET,Information Technology,IT - Software,3.54,sectors\informationtechnology.csv
PFL Infotech Ltd.,PFLINFOTC,Information Technology,IT - Software,3.0,sectors\informationtechnology.csv
G-Tech Info Training Ltd.,GTEIT,Information Technology,BPO/ITeS,2.62,sectors\informationtechnology.csv
Virgo Global Ltd.,VIRGOGLOB,Information Technology,IT - Software,2.59,sectors\informationtechnology.csv
Fourth Generation Information Systems Ltd.,4THGEN,Information Technology,IT - Software,2.17,sectors\informationtechnology.csv
Baron Infotech Ltd.,BARONINF,Information Technology,IT - Software,1.94,sectors\informationtechnology.csv
Springform Technology Ltd.,SFTL,Information Technology,IT - Software,0.06,sectors\informationtechnology.csv
Jonjua Overseas Ltd. - (Rights Entitlements (REs)),JONJUA-RE,Information Technology,IT - Software,0.0,sectors\informationtechnology.csv
Ace Software Exports Ltd. - (Rights Entitlements (REs)),ACES-RE,Information Technology,IT - Software,0.0,sectors\informationtechnology.csv
Ace Software Exports ltd. - (Partly Paid-up),ASEPP,Information Technology,IT - Software,0.0,sectors\informationtechnology.csv
California Software Company Ltd. - (Rights Entitlements (REs)),CALSOFT-RE,Information Technology,IT - Software,0.0,sectors\informationtechnology.csv
Interactive Financial Services Ltd. - (Rights Entitlements (REs)),INTFIN-RE,Information Technology,IT - Software,0.0,sectors\informationtechnology.csv
Sylph Technologies Ltd. - (Rights Entitlements (REs)),SYLPH-RE,Information Technology,IT - Software,0.0,sectors\informationtechnology.csv
Bodhtree Consulting Ltd. - (Rights Entitlements (REs)),BODH-RE,Information Technology,IT - Software,0.0,sectors\informationtechnology.csv
Kati Patang Lifestyle Ltd. - (Rights Entitlements (REs)),KATIPA-RE,Information Technology,IT - Software,0.0,sectors\informationtechnology.csv
Infibeam Avenues Ltd. - (Partly Paid-up Equity Shares (Rights Issue)),INFIBPP,Information Technology,Fintech,0.0,sectors\informationtechnology.csv
GVP Infotech Ltd. - (Partly paid-up Rights),GVPTECHPP,Information Technology,IT - Software,0.0,sectors\informationtechnology.csv
Kati Patang Lifestyle Ltd- Partly Paid-up Equity Shares,890220,Information Technology,IT - Software,0.0,sectors\informationtechnology.csv
Covance Softsol Ltd. - (Rights Entitlements (REs)),COVAN-RE,Information Technology,IT - Software,0.0,sectors\informationtechnology.csv
3I Infotech Ltd. - (Rights Entitlements (REs),3IINFO-RE,Information Technology,IT - Software,0.0,sectors\informationtechnology.csv
Covidh Technologies Ltd. - (Rights Entitlements (REs)),COVIDH-RE,Information Technology,IT - Software,0.0,sectors\informationtechnology.csv
Titan Intech Ltd. (Rights Entitlements (REs),751053,Information Technology,IT - Software,0.0,sectors\informationtechnology.csv
Ace Software Exports Ltd. - (Rights Entitlements (REs),ACES-RE1,Information Technology,IT - Software,0.0,sectors\informationtechnology.csv
ACE Software Exports Ltd. - (Partly Paid-up 2),ACESEPP,Information Technology,IT - Software,0.0,sectors\informationtechnology.csv
Capricorn Systems Global Solutions Ltd. - (Rights Entitlements (REs)),CAPRI-RE,Information Technology,IT - Software,0.0,sectors\informationtechnology.csv
Genesys International Corporation Ltd. - (Rights Entitlements (REs)),GENESYS-RE,Information Technology,IT - Software,0.0,sectors\informationtechnology.csv
Larsen & Toubro Ltd.,LT,Infrastructure,Engineering - Construction,558973.11,sectors\infrastructure.csv
Rail Vikas Nigam Ltd.,RVNL,Infrastructure,Engineering - Construction,47225.71,sectors\infrastructure.csv
IRB Infrastructure Developers Ltd.,IRB,Infrastructure,Engineering - Construction,23262.23,sectors\infrastructure.csv
Kalpataru Projects International Ltd.,KPIL,Infrastructure,Engineering - Construction,23090.16,sectors\infrastructure.csv
Cemindia Projects Ltd.,CEMPRO,Infrastructure,Engineering - Construction,22317.78,sectors\infrastructure.csv
Engineers India Ltd.,ENGINERSIN,Infrastructure,Engineering - Construction,13699.78,sectors\infrastructure.csv
Ircon International Ltd.,IRCON,Infrastructure,Engineering - Construction,11742.34,sectors\infrastructure.csv
KEC International Ltd.,KEC,Infrastructure,Engineering - Construction,11710.14,sectors\infrastructure.csv
Techno Electric & Engineering Company Ltd.,TECHNOE,Infrastructure,Engineering - Construction,11270.01,sectors\infrastructure.csv
Afcons Infrastructure Ltd.,AFCONS,Infrastructure,Engineering - Construction,9884.21,sectors\infrastructure.csv
Waaree Renewable Technologies Ltd.,WAAREERTL,Infrastructure,Engineering - Construction,9313.76,sectors\infrastructure.csv
NCC Ltd.,NCC,Infrastructure,Engineering - Construction,8833.8,sectors\infrastructure.csv
GR Infraprojects Ltd.,GRINFRA,Infrastructure,Engineering - Construction,8434.62,sectors\infrastructure.csv
Welspun Enterprises Ltd.,WELENT,Infrastructure,Engineering - Construction,7773.32,sectors\infrastructure.csv
Power Mech Projects Ltd.,POWERMECH,Infrastructure,Engineering - Construction,7751.52,sectors\infrastructure.csv
Inox Green Energy Services Ltd.,INOXGREEN,Infrastructure,Engineering - Construction,7475.78,sectors\infrastructure.csv
Dilip Buildcon Ltd.,DBL,Infrastructure,Engineering - Construction,6697.6,sectors\infrastructure.csv
Nirlon Ltd.,NIRLON,Infrastructure,Engineering - Construction,5679.24,sectors\infrastructure.csv
PNC Infratech Ltd.,PNCINFRA,Infrastructure,Engineering - Construction,5593.84,sectors\infrastructure.csv
Ceigall India Ltd.,CEIGALL,Infrastructure,Engineering - Construction,5555.39,sectors\infrastructure.csv
ISGEC Heavy Engineering Ltd.,ISGEC,Infrastructure,Engineering - Construction,5381.62,sectors\infrastructure.csv
Hindustan Construction Company Ltd.,HCC,Infrastructure,Engineering - Construction,5191.79,sectors\infrastructure.csv
GE Power India Ltd.,GVPIL,Infrastructure,Engineering - Construction,5169.12,sectors\infrastructure.csv
Sterling and Wilson Renewable Energy Ltd.,SWSOLAR,Infrastructure,Engineering - Construction,4715.2,sectors\infrastructure.csv
Man InfraConstruction Ltd.,MANINFRA,Infrastructure,Engineering - Construction,4277.65,sectors\infrastructure.csv
J Kumar Infraprojects Ltd.,JKIL,Infrastructure,Engineering - Construction,3753.77,sectors\infrastructure.csv
KNR Constructions Ltd.,KNRCON,Infrastructure,Engineering - Construction,3719.33,sectors\infrastructure.csv
Enviro Infra Engineers Ltd.,EIEL,Infrastructure,Engineering - Construction,3459.7,sectors\infrastructure.csv
H.G. Infra Engineering Ltd.,HGINFRA,Infrastructure,Engineering - Construction,3413.66,sectors\infrastructure.csv
Ashoka Buildcon Ltd.,ASHOKA,Infrastructure,Engineering - Construction,3153.93,sectors\infrastructure.csv
Interarch Building Solutions Ltd.,INTERARCH,Infrastructure,Engineering - Construction,2919.1,sectors\infrastructure.csv
Patel Engineering Ltd.,PATELENG,Infrastructure,Engineering - Construction,2827.6,sectors\infrastructure.csv
Ramky Infrastructure Ltd.,RAMKY,Infrastructure,Engineering - Construction,2706.67,sectors\infrastructure.csv
Oriana Power Ltd.,ORIANA,Infrastructure,Engineering - Construction,2637.12,sectors\infrastructure.csv
GK Energy Ltd.,GKENERGY,Infrastructure,Engineering - Construction,2588.96,sectors\infrastructure.csv
Bajel Projects Ltd.,BAJEL,Infrastructure,Engineering - Construction,2175.68,sectors\infrastructure.csv
EMS Ltd.,EMSLIMITED,Infrastructure,Engineering - Construction,2009.38,sectors\infrastructure.csv
Simplex Infrastructures Ltd.,SIMPLEXINF,Infrastructure,Engineering - Construction,1988.85,sectors\infrastructure.csv
GHV Infra Projects Ltd.,GHVINFRA,Infrastructure,Engineering - Construction,1969.09,sectors\infrastructure.csv
Indian Hume Pipe Company Ltd.,INDIANHUME,Infrastructure,Engineering - Construction,1943.17,sectors\infrastructure.csv
BGR Energy Systems Ltd.,BGRENERGY,Infrastructure,Engineering - Construction,1861.77,sectors\infrastructure.csv
KP Energy Ltd.,KPEL,Infrastructure,Engineering - Construction,1709.19,sectors\infrastructure.csv
SPML Infra Ltd.,SPMLINFRA,Infrastructure,Engineering - Construction,1620.09,sectors\infrastructure.csv
Vikran Engineering Ltd.,VIKRAN,Infrastructure,Engineering - Construction,1606.79,sectors\infrastructure.csv
GPT Infraprojects Ltd.,GPTINFRA,Infrastructure,Engineering - Construction,1463.93,sectors\infrastructure.csv
Solarworld Energy Solutions Ltd.,SOLARWORLD,Infrastructure,Engineering - Construction,1372.46,sectors\infrastructure.csv
Jyoti Structures Ltd.,JYOTISTRUC,Infrastructure,Transmission Towers / Equipments,1270.05,sectors\infrastructure.csv
Technocraft Ventures Ltd.,TECHNOCRAF,Infrastructure,Engineering - Construction,1232.35,sectors\infrastructure.csv
SEPC Ltd.,SEPC,Infrastructure,Engineering - Construction,1122.56,sectors\infrastructure.csv
SRM Contractors Ltd.,SRM,Infrastructure,Engineering - Construction,1108.66,sectors\infrastructure.csv
Anawil Wire And Engineering Ltd.,ANAWIL,Infrastructure,Transmission Towers / Equipments,1051.12,sectors\infrastructure.csv
Gayatri Projects Ltd.,GAYAPROJ,Infrastructure,Engineering - Construction,982.46,sectors\infrastructure.csv
Neueon Corporation Ltd.,NEUEON,Infrastructure,Transmission Towers / Equipments,975.39,sectors\infrastructure.csv
Supreme Infrastructure India Ltd.,SUPREMEINF,Infrastructure,Engineering - Construction,892.93,sectors\infrastructure.csv
Likhitha Infrastructure Ltd.,LIKHITHA,Infrastructure,Engineering - Construction,854.68,sectors\infrastructure.csv
Effwa Infra & Research Ltd.,EFFWA,Infrastructure,Engineering - Construction,835.61,sectors\infrastructure.csv
Om Infra Ltd.,OMINFRAL,Infrastructure,Engineering - Construction,821.76,sectors\infrastructure.csv
Sathlokhar Synergys E&C Global Ltd.,SSEGL,Infrastructure,Engineering - Construction,791.05,sectors\infrastructure.csv
Denta Water And Infra Solutions Ltd.,DENTA,Infrastructure,Engineering - Construction,790.72,sectors\infrastructure.csv
Z-Tech (India) Ltd.,ZTECH,Infrastructure,Engineering - Construction,785.96,sectors\infrastructure.csv
Vascon Engineers Ltd.,VASCONEQ,Infrastructure,Engineering - Construction,734.94,sectors\infrastructure.csv
Consolidated Construction Consortium Ltd.,CCCL,Infrastructure,Engineering - Construction,716.16,sectors\infrastructure.csv
Viviana Power Tech Ltd.,VIVIANA,Infrastructure,Engineering - Construction,709.5,sectors\infrastructure.csv
AB Infrabuild Ltd.,ABINFRA,Infrastructure,Engineering - Construction,688.61,sectors\infrastructure.csv
Goel Construction Company Ltd.,GOELCONS,Infrastructure,Engineering - Construction,653.12,sectors\infrastructure.csv
Univastu India Ltd.,UNIVASTU,Infrastructure,Engineering - Construction,607.51,sectors\infrastructure.csv
Om Power Transmission Ltd.,OMPOWER,Infrastructure,Engineering - Construction,579.08,sectors\infrastructure.csv
Modern Malleables Ltd.,MODMA,Infrastructure,Transmission Towers / Equipments,545.92,sectors\infrastructure.csv
Brahmaputra Infrastructure Ltd.,BRAHMINFRA,Infrastructure,Engineering - Construction,499.12,sectors\infrastructure.csv
Ganesh Infraworld Ltd.,GANESHIN,Infrastructure,Engineering - Construction,483.89,sectors\infrastructure.csv
IL&FS Engineering and Construction Company Ltd.,IL&FSENGG,Infrastructure,Engineering - Construction,482.79,sectors\infrastructure.csv
E to E Transportation Infrastructure Ltd.,E2ERAIL,Infrastructure,Engineering - Construction,460.0,sectors\infrastructure.csv
W.S. Industries (India) Ltd.,WSI,Infrastructure,Engineering - Construction,457.57,sectors\infrastructure.csv
BR Goyal Infrastructure Ltd.,BRGIL,Infrastructure,Engineering - Construction,452.67,sectors\infrastructure.csv
Sotefin Bharat Ltd.,SOTEFIN,Infrastructure,Engineering - Construction,445.84,sectors\infrastructure.csv
Emrock Corporation Ltd.,EMROCK,Infrastructure,Engineering - Construction,438.21,sectors\infrastructure.csv
Sugs Lloyd Ltd.,SUGSLLOYD,Infrastructure,Engineering - Construction,422.84,sectors\infrastructure.csv
Vishnu Prakash R Punglia Ltd.,VPRPL,Infrastructure,Engineering - Construction,410.08,sectors\infrastructure.csv
MBL Infrastructure Ltd.,MBLINFRA,Infrastructure,Engineering - Construction,389.23,sectors\infrastructure.csv
Markolines Pavement Technologies Ltd.,MARKOLINES,Infrastructure,Engineering - Construction,387.68,sectors\infrastructure.csv
Solarium Green Energy Ltd.,SOLARIUM,Infrastructure,Engineering - Construction,342.06,sectors\infrastructure.csv
Atlantaa Ltd.,ATLANTAA,Infrastructure,Engineering - Construction,323.96,sectors\infrastructure.csv
Highway Infrastructure Ltd.,HILINFRA,Infrastructure,Engineering - Construction,319.73,sectors\infrastructure.csv
VVIP Infratech Ltd.,VVIPIL,Infrastructure,Engineering - Construction,294.39,sectors\infrastructure.csv
R.P.P. Infra Projects Ltd.,RPPINFRA,Infrastructure,Engineering - Construction,293.15,sectors\infrastructure.csv
Genus Prime Infra Ltd.,GENUSPRIME,Infrastructure,Engineering - Construction,281.42,sectors\infrastructure.csv
Savy Infra and Logistics Ltd.,SAVY,Infrastructure,Engineering - Construction,274.67,sectors\infrastructure.csv
Globe Civil Projects Ltd.,GLOBECIVIL,Infrastructure,Engineering - Construction,266.17,sectors\infrastructure.csv
A2Z Infra Engineering Ltd.,A2ZINFRA,Infrastructure,Engineering - Construction,262.56,sectors\infrastructure.csv
RBM Infracon Ltd.,RBMINFRA,Infrastructure,Engineering - Construction,260.83,sectors\infrastructure.csv
Suyog Gurbaxani Funicular Ropeways Ltd.,SGFRL,Infrastructure,Engineering - Construction,260.43,sectors\infrastructure.csv
Active Infrastructures Ltd.,ACTIVEINFR,Infrastructure,Engineering - Construction,255.26,sectors\infrastructure.csv
GRE Renew Enertech Ltd.,GRERENEW,Infrastructure,Engineering - Construction,255.04,sectors\infrastructure.csv
Generic Engineering Construction And Projects Ltd.,GENCON,Infrastructure,Engineering - Construction,227.15,sectors\infrastructure.csv
Power & Instrumentation (Gujarat) Ltd.,PIGL,Infrastructure,Engineering - Construction,226.4,sectors\infrastructure.csv
Pratham EPC Projects Ltd.,PRATHAM,Infrastructure,Engineering - Construction,222.19,sectors\infrastructure.csv
Last Mile Enterprises Ltd.,LASTMILE,Infrastructure,Engineering - Construction,221.64,sectors\infrastructure.csv
Eleganz Interiors Ltd.,ELGNZ,Infrastructure,Engineering - Construction,194.47,sectors\infrastructure.csv
Current Infraprojects Ltd.,CURRENT,Infrastructure,Engineering - Construction,193.49,sectors\infrastructure.csv
Madhav Infra Projects Ltd.,MADHAVIPL,Infrastructure,Engineering - Construction,191.4,sectors\infrastructure.csv
Modulex Construction Technologies Ltd.,MODULEX,Infrastructure,Engineering - Construction,186.63,sectors\infrastructure.csv
Expo Engineering And Projects Ltd.,EXPOEAPL,Infrastructure,Engineering - Construction,184.24,sectors\infrastructure.csv
Coromandel Engineering Company Ltd.,COROENGG,Infrastructure,Engineering - Construction,183.8,sectors\infrastructure.csv
Oneindig Technologies Ltd.,ONEINDIG,Infrastructure,Engineering - Construction,171.5,sectors\infrastructure.csv
Niraj Cement Structurals Ltd.,NIRAJ,Infrastructure,Engineering - Construction,166.49,sectors\infrastructure.csv
Giriraj Civil Developers Ltd.,GIRIRAJ,Infrastructure,Engineering - Construction,156.8,sectors\infrastructure.csv
AVP Infracon Ltd.,AVPINFRA,Infrastructure,Engineering - Construction,149.88,sectors\infrastructure.csv
Twamev Construction And Infrastructure Ltd.,TICL,Infrastructure,Engineering - Construction,147.56,sectors\infrastructure.csv
Refex Renewables & Infrastructure Ltd.,REFEXRENEW,Infrastructure,Engineering - Construction,147.31,sectors\infrastructure.csv
Sadbhav Engineering Ltd.,SADBHAV,Infrastructure,Engineering - Construction,146.86,sectors\infrastructure.csv
Tarmat Ltd.,TARMAT,Infrastructure,Engineering - Construction,146.65,sectors\infrastructure.csv
Bharat Road Network Ltd.,BRNL,Infrastructure,Engineering - Construction,145.65,sectors\infrastructure.csv
HEC Infra Projects Ltd.,HECPROJECT,Infrastructure,Engineering - Construction,140.95,sectors\infrastructure.csv
Desco Infratech Ltd.,DESCO,Infrastructure,Engineering - Construction,140.89,sectors\infrastructure.csv
Virya Resources Ltd.,VIRYA,Infrastructure,Engineering - Construction,134.85,sectors\infrastructure.csv
Safety Controls & Devices Ltd.,SCDL,Infrastructure,Engineering - Construction,133.22,sectors\infrastructure.csv
Sattva Engineering Construction Ltd.,SATTVAENGG,Infrastructure,Engineering - Construction,129.97,sectors\infrastructure.csv
BCPL Railway Infrastructure Ltd.,BCPL,Infrastructure,Engineering - Construction,121.68,sectors\infrastructure.csv
Udayshivakumar Infra Ltd.,USK,Infrastructure,Engineering - Construction,118.13,sectors\infrastructure.csv
Navkar Urbanstructure Ltd.,NAVKARURB,Infrastructure,Engineering - Construction,112.21,sectors\infrastructure.csv
Oval Projects Engineering Ltd.,OVAL,Infrastructure,Engineering - Construction,112.15,sectors\infrastructure.csv
Newtime Infrastructure Ltd.,NEWINFRA,Infrastructure,Engineering - Construction,103.39,sectors\infrastructure.csv
Ducon Infratechnologies Ltd.,DUCON,Infrastructure,Engineering - Construction,102.03,sectors\infrastructure.csv
Sadbhav Infrastructure Project Ltd.,SADBHIN,Infrastructure,Engineering - Construction,101.09,sectors\infrastructure.csv
Srinibas Pradhan Constructions Ltd.,SPCON,Infrastructure,Engineering - Construction,100.66,sectors\infrastructure.csv
Kay Cee Energy & Infra Ltd.,KCEIL,Infrastructure,Engineering - Construction,99.2,sectors\infrastructure.csv
Semac Construction Ltd.,SEMAC,Infrastructure,Engineering - Construction,98.21,sectors\infrastructure.csv
K&R Rail Engineering Ltd.,KRRAIL,Infrastructure,Engineering - Construction,93.52,sectors\infrastructure.csv
Konstelec Engineers Ltd.,KONSTELEC,Infrastructure,Engineering - Construction,88.64,sectors\infrastructure.csv
Mayasheel Ventures Ltd.,MAYASHEEL,Infrastructure,Engineering - Construction,85.44,sectors\infrastructure.csv
Lakshya Powertech Ltd.,LAKSHYA,Infrastructure,Engineering - Construction,82.99,sectors\infrastructure.csv
Valplast Technologies Ltd.,VALPLAST,Infrastructure,Engineering - Construction,78.51,sectors\infrastructure.csv
Noida Toll Bridge Company Ltd.,NOIDATOLL,Infrastructure,Engineering - Construction,75.22,sectors\infrastructure.csv
HM Electro Mech Ltd.,HMEML,Infrastructure,Engineering - Construction,72.61,sectors\infrastructure.csv
Jayant Infratech Ltd.,JAYANT,Infrastructure,Engineering - Construction,72.57,sectors\infrastructure.csv
IL&FS Transportation Networks Ltd.,IL&FSTRANS,Infrastructure,Engineering - Construction,71.06,sectors\infrastructure.csv
Mizzen Ventures Ltd.,MIZVEN,Infrastructure,Engineering - Construction,70.67,sectors\infrastructure.csv
Integrity Infrabuild Developers Ltd.,INTEGRITY,Infrastructure,Engineering - Construction,70.4,sectors\infrastructure.csv
Rachana Infrastructure Ltd.,RILINFRA,Infrastructure,Engineering - Construction,68.84,sectors\infrastructure.csv
RKEC Projects Ltd.,RKEC,Infrastructure,Engineering - Construction,64.6,sectors\infrastructure.csv
Suntech Infra Solutions Ltd.,SUNTECH,Infrastructure,Engineering - Construction,64.19,sectors\infrastructure.csv
Gensol Engineering Ltd.,GENSOL,Infrastructure,Engineering - Construction,64.09,sectors\infrastructure.csv
Constronics Infra Ltd.,CONSTRONIC,Infrastructure,Engineering - Construction,63.77,sectors\infrastructure.csv
K2 Infragen Ltd.,K2INFRA,Infrastructure,Engineering - Construction,63.72,sectors\infrastructure.csv
Popular Foundations Ltd.,PFL,Infrastructure,Engineering - Construction,60.73,sectors\infrastructure.csv
Conart Engineers Ltd.,CONART,Infrastructure,Engineering - Construction,60.69,sectors\infrastructure.csv
Teamo Productions HQ Ltd.,TPHQ,Infrastructure,Engineering - Construction,54.81,sectors\infrastructure.csv
VSF Projects Ltd.,VSFPROJ,Infrastructure,Engineering - Construction,52.98,sectors\infrastructure.csv
Mapro Industries Ltd.,MAPROIN,Infrastructure,Engineering - Construction,51.47,sectors\infrastructure.csv
Trom Industries Ltd.,TROM,Infrastructure,Engineering - Construction,50.99,sectors\infrastructure.csv
Kaizen Agro Infrabuild Ltd.,KAIZENAGRO,Infrastructure,Engineering - Construction,48.33,sectors\infrastructure.csv
Sam Industries Ltd.,SAMINDUS,Infrastructure,Engineering - Construction,46.57,sectors\infrastructure.csv
Gayatri Highways Ltd.,GAYAHWS,Infrastructure,Engineering - Construction,45.53,sectors\infrastructure.csv
CCL International Ltd.,CCLINTER,Infrastructure,Engineering - Construction,45.08,sectors\infrastructure.csv
Chiraharit Ltd.,CHIRAHARIT,Infrastructure,Engineering - Construction,43.89,sectors\infrastructure.csv
Sonu Infratech Ltd.,SONUINFRA,Infrastructure,Engineering - Construction,42.94,sectors\infrastructure.csv
Akash Infra-Projects Ltd.,AKASH,Infrastructure,Engineering - Construction,41.48,sectors\infrastructure.csv
Modern Engineering And Projects Ltd.,MEAPL,Infrastructure,Engineering - Construction,40.63,sectors\infrastructure.csv
VL Infraprojects Ltd.,VLINFRA,Infrastructure,Engineering - Construction,40.62,sectors\infrastructure.csv
Faalcon Concepts Ltd.,FAALCON,Infrastructure,Engineering - Construction,39.38,sectors\infrastructure.csv
Madhucon Projects Ltd.,MADHUCON,Infrastructure,Engineering - Construction,39.11,sectors\infrastructure.csv
Manav Infra Projects Ltd.,MANAV,Infrastructure,Engineering - Construction,35.4,sectors\infrastructure.csv
Shreeshay Engineers Ltd.,SHREESHAY,Infrastructure,Engineering - Construction,33.93,sectors\infrastructure.csv
Kaushalya Infrastructure Development Corporation Ltd.,KAUSHALYA,Infrastructure,Engineering - Construction,31.55,sectors\infrastructure.csv
Promax Power Ltd.,PROMAX,Infrastructure,Engineering - Construction,28.02,sectors\infrastructure.csv
Ranjeet Mechatronics Ltd.,RANJEET,Infrastructure,Engineering - Construction,27.68,sectors\infrastructure.csv
Salasar Exteriors & Contour Ltd.,SECL,Infrastructure,Engineering - Construction,27.28,sectors\infrastructure.csv
NACDAC Infrastructure Ltd.,NACDAC,Infrastructure,Engineering - Construction,24.73,sectors\infrastructure.csv
Teerth Gopicon Ltd.,TGL,Infrastructure,Engineering - Construction,24.06,sectors\infrastructure.csv
Vivanta Industries Ltd.,VIVANTA,Infrastructure,Engineering - Construction,23.32,sectors\infrastructure.csv
TechIndia Nirman Ltd.,TECHIN,Infrastructure,Engineering - Construction,21.73,sectors\infrastructure.csv
Ind Renewable Energy Ltd.,INDRENEW,Infrastructure,Engineering - Construction,20.89,sectors\infrastructure.csv
Adhbhut Infrastructure Ltd.,ADHBHUTIN,Infrastructure,Engineering - Construction,16.16,sectors\infrastructure.csv
Julien Agro Infratech Ltd.,JULIEN,Infrastructure,Engineering - Construction,14.18,sectors\infrastructure.csv
PBA Infrastructure Ltd.,PBAINFRA,Infrastructure,Engineering - Construction,13.88,sectors\infrastructure.csv
RJ Shah & Company Ltd.,RJSHAH,Infrastructure,Engineering - Construction,13.57,sectors\infrastructure.csv
Janus Corporation Ltd.,JANUSCORP,Infrastructure,Engineering - Construction,11.76,sectors\infrastructure.csv
MEP Infrastructure Developers Ltd.,MEP,Infrastructure,Engineering - Construction,11.73,sectors\infrastructure.csv
Raunaq lnternational Ltd.,RAUNAQ,Infrastructure,Engineering - Construction,11.41,sectors\infrastructure.csv
Transwind Infrastructures Ltd.,TRANSWIND,Infrastructure,Engineering - Construction,10.06,sectors\infrastructure.csv
Crane Infrastructure Ltd.,CRANEINFRA,Infrastructure,Engineering - Construction,9.33,sectors\infrastructure.csv
Indifra Ltd.,INDIFRA,Infrastructure,Engineering - Construction,8.71,sectors\infrastructure.csv
Shelter Infra Projects Ltd.,SIPL,Infrastructure,Engineering - Construction,5.36,sectors\infrastructure.csv
Setubandhan Infrastructure Ltd.,SETUINFRA,Infrastructure,Engineering - Construction,5.28,sectors\infrastructure.csv
Shree Precoated Steels Ltd.,SPSL,Infrastructure,Engineering - Construction,4.9,sectors\infrastructure.csv
Vardhman Concrete Ltd.,VARDHMAN,Infrastructure,Engineering - Construction,3.81,sectors\infrastructure.csv
Anand Projects Ltd.,ANANDPROJ,Infrastructure,Engineering - Construction,3.06,sectors\infrastructure.csv
Diamant Infrastructure Ltd.,DIAMANT,Infrastructure,Engineering - Construction,2.68,sectors\infrastructure.csv
Mcnally Bharat Engineering Company Ltd.,MBECL,Infrastructure,Engineering - Construction,2.3,sectors\infrastructure.csv
Shah Construction Company Ltd.,SHAHCON,Infrastructure,Engineering - Construction,0.98,sectors\infrastructure.csv
AB Infrabuild Ltd. - RE,ABIN-RE,Infrastructure,Engineering - Construction,0.0,sectors\infrastructure.csv
Jyoti Structures Ltd. - (Rights Entitlements (REs)),JYOTI-RE1,Infrastructure,Transmission Towers / Equipments,0.0,sectors\infrastructure.csv
Manav Infra Projects Ltd. - (Rights Entitlements),MANAV-RE,Infrastructure,Engineering - Construction,0.0,sectors\infrastructure.csv
SEPC Ltd. - (Rights Entitlements (REs)),SEPC-RE3,Infrastructure,Engineering - Construction,0.0,sectors\infrastructure.csv
SEPC Ltd- Partly Paid-up Equity Shares (Rights Issue),SEPCPP,Infrastructure,Engineering - Construction,0.0,sectors\infrastructure.csv
Hindustan Construction Company Ltd. - (Rights Entitlements (REs)),HCC-RE1,Infrastructure,Engineering - Construction,0.0,sectors\infrastructure.csv
Patel Engineering Ltd. - (Rights Entitlements (REs)),PATELEG-RE,Infrastructure,Engineering - Construction,0.0,sectors\infrastructure.csv
JSW Steel Ltd.,JSWSTEEL,Iron & Steel,Steel & Iron Products,309839.02,sectors\ironsteel.csv
Tata Steel Ltd.,TATASTEEL,Iron & Steel,Steel & Iron Products,228946.58,sectors\ironsteel.csv
Jindal Steel Ltd.,JINDALSTEL,Iron & Steel,Steel/Sponge Iron/Pig Iron,112209.69,sectors\ironsteel.csv
Lloyds Metals & Energy Ltd.,LLOYDSME,Iron & Steel,Steel/Sponge Iron/Pig Iron,107974.0,sectors\ironsteel.csv
Steel Authority Of India Ltd.,SAIL,Iron & Steel,Steel & Iron Products,70012.4,sectors\ironsteel.csv
Jindal Stainless Ltd.,JSL,Iron & Steel,Steel & Iron Products,60772.09,sectors\ironsteel.csv
APL Apollo Tubes Ltd.,APLAPOLLO,Iron & Steel,Steel & Iron Products,58141.67,sectors\ironsteel.csv
Welspun Corp Ltd.,WELCORP,Iron & Steel,Steel & Iron Products,49405.35,sectors\ironsteel.csv
Shyam Metalics And Energy Ltd.,SHYAMMETL,Iron & Steel,Steel & Iron Products,27897.83,sectors\ironsteel.csv
Sarda Energy & Minerals Ltd.,SARDAEN,Iron & Steel,Steel & Iron Products,18700.87,sectors\ironsteel.csv
Jindal Saw Ltd.,JINDALSAW,Iron & Steel,Steel & Iron Products,17039.7,sectors\ironsteel.csv
Ratnamani Metals & Tubes Ltd.,RATNAMANI,Iron & Steel,Steel & Iron Products,16467.76,sectors\ironsteel.csv
Godawari Power And Ispat Ltd.,GPIL,Iron & Steel,Steel & Iron Products,15858.18,sectors\ironsteel.csv
Usha Martin Ltd.,USHAMART,Iron & Steel,Steel & Iron Products,14872.93,sectors\ironsteel.csv
Vedanta Iron And Steel Ltd.,VISL,Iron & Steel,Steel & Iron Products,14421.51,sectors\ironsteel.csv
Gallantt Ispat Ltd.,GALLANTT,Iron & Steel,Steel & Iron Products,14005.15,sectors\ironsteel.csv
NMDC Steel Ltd.,NSLNISP,Iron & Steel,Steel & Iron Products,13038.27,sectors\ironsteel.csv
Jayaswal Neco Industries Ltd.,JAYNECOIND,Iron & Steel,Steel & Iron Products,8591.39,sectors\ironsteel.csv
Maharashtra Seamless Ltd.,MAHSEAMLES,Iron & Steel,Steel & Iron Products,8212.14,sectors\ironsteel.csv
Mishra Dhatu Nigam Ltd.,MIDHANI,Iron & Steel,Steel & Iron Products,7810.2,sectors\ironsteel.csv
Kirloskar Ferrous Industries Ltd.,KIRLFER,Iron & Steel,Steel & Iron Products,7118.6,sectors\ironsteel.csv
Technocraft Industries (India) Ltd.,TIIL,Iron & Steel,Steel & Iron Products,7006.91,sectors\ironsteel.csv
Jai Balaji Industries Ltd.,JAIBALAJI,Iron & Steel,Steel/Sponge Iron/Pig Iron,6460.56,sectors\ironsteel.csv
Sunflag Iron And Steel Company Ltd.,SUNFLAG,Iron & Steel,Steel & Iron Products,6405.0,sectors\ironsteel.csv
Aeroflex Industries Ltd.,AEROFLEX,Iron & Steel,Steel & Iron Products,6081.92,sectors\ironsteel.csv
Shivalik Bimetal Controls Ltd.,SBCL,Iron & Steel,Steel & Iron Products,5991.99,sectors\ironsteel.csv
Bansal Wire Industries Ltd.,BANSALWIRE,Iron & Steel,Steel & Iron Products,4975.35,sectors\ironsteel.csv
Surya Roshni Ltd.,SURYAROSNI,Iron & Steel,Steel & Iron Products,4852.19,sectors\ironsteel.csv
Man Industries (India) Ltd.,MANINDS,Iron & Steel,Steel & Iron Products,4496.45,sectors\ironsteel.csv
Goodluck India Ltd.,GOODLUCK,Iron & Steel,Steel & Iron Products,4400.61,sectors\ironsteel.csv
Electrosteel Castings Ltd.,ELECTCAST,Iron & Steel,Steel & Iron Products,4377.37,sectors\ironsteel.csv
Kalyani Steels Ltd.,KSL,Iron & Steel,Steel & Iron Products,3650.27,sectors\ironsteel.csv
Sambhv Steel Tubes Ltd.,SAMBHV,Iron & Steel,Steel & Iron Products,3568.47,sectors\ironsteel.csv
Vardhman Special Steels Ltd.,VSSL,Iron & Steel,Steel & Iron Products,3410.17,sectors\ironsteel.csv
Venus Pipes & Tubes Ltd.,VENUSPIPES,Iron & Steel,Steel & Iron Products,3267.66,sectors\ironsteel.csv
Welspun Specialty Solutions Ltd.,WELSPLSOL,Iron & Steel,Steel & Iron Products,3171.26,sectors\ironsteel.csv
JTL Industries Ltd,JTLIND,Iron & Steel,Steel & Iron Products,2962.26,sectors\ironsteel.csv
Prakash Industries Ltd.,PRAKASH,Iron & Steel,Steel & Iron Products,2441.78,sectors\ironsteel.csv
Pennar Industries Ltd.,PENIND,Iron & Steel,Steel & Iron Products,2062.25,sectors\ironsteel.csv
Mukand Ltd.,MUKANDLTD,Iron & Steel,Steel & Iron Products,1934.07,sectors\ironsteel.csv
MSP Steel & Power Ltd.,MSPL,Iron & Steel,Steel & Iron Products,1897.64,sectors\ironsteel.csv
Mahamaya Steel Industries Ltd.,MAHASTEEL,Iron & Steel,Steel & Iron Products,1733.42,sectors\ironsteel.csv
Rhetan TMT Ltd.,RHETAN,Iron & Steel,Steel & Iron Products,1679.81,sectors\ironsteel.csv
Ratnaveer Precision Engineering Ltd.,RATNAVEER,Iron & Steel,Steel & Iron Products,1642.81,sectors\ironsteel.csv
Hi-Tech Pipes Ltd.,HITECH,Iron & Steel,Steel & Iron Products,1588.3,sectors\ironsteel.csv
Frontier Springs Ltd.,FRONTSP,Iron & Steel,Steel & Iron Products,1573.53,sectors\ironsteel.csv
Steel Exchange India Ltd.,STEELXIND,Iron & Steel,Steel/Sponge Iron/Pig Iron,1387.76,sectors\ironsteel.csv
Rajputana Stainless Ltd.,RSL,Iron & Steel,Steel/Sponge Iron/Pig Iron,1382.63,sectors\ironsteel.csv
Bharat Wire Ropes Ltd.,BHARATWIRE,Iron & Steel,Steel & Iron Products,1294.84,sectors\ironsteel.csv
Electrotherm (India) Ltd.,ELECTHERM,Iron & Steel,Steel & Iron Products,1279.76,sectors\ironsteel.csv
Manaksia Coated Metals & Industries Ltd.,MANAKCOAT,Iron & Steel,Steel & Iron Products,1243.89,sectors\ironsteel.csv
Mangalam Worldwide Ltd.,MWL,Iron & Steel,Steel & Iron Products,1225.15,sectors\ironsteel.csv
Cosmic CRF Ltd.,COSMICCRF,Iron & Steel,Steel & Iron Products,1151.38,sectors\ironsteel.csv
BMW Industries Ltd.,BMW,Iron & Steel,Steel & Iron Products,1110.13,sectors\ironsteel.csv
Hariom Pipe Industries Ltd.,HARIOMPIPE,Iron & Steel,Steel & Iron Products,1089.12,sectors\ironsteel.csv
Gandhi Special Tubes Ltd.,GANDHITUBE,Iron & Steel,Steel & Iron Products,1064.21,sectors\ironsteel.csv
India Homes Ltd.,INDIAHOMES,Iron & Steel,Steel & Iron Products,1037.8,sectors\ironsteel.csv
Kamdhenu Ltd.,KAMDHENU,Iron & Steel,Steel & Iron Products,977.29,sectors\ironsteel.csv
SAL Steel Ltd.,SALSTEEL,Iron & Steel,Steel/Sponge Iron/Pig Iron,954.45,sectors\ironsteel.csv
Beekay Steel Industries Ltd.,BEEKAY,Iron & Steel,Steel & Iron Products,828.78,sectors\ironsteel.csv
Scoda Tubes Ltd.,SCODATUBES,Iron & Steel,Steel & Iron Products,798.89,sectors\ironsteel.csv
Rama Steel Tubes Ltd.,RAMASTEEL,Iron & Steel,Steel & Iron Products,718.22,sectors\ironsteel.csv
Panchmahal Steel Ltd.,PANCHMAHQ,Iron & Steel,Steel & Iron Products,570.92,sectors\ironsteel.csv
Manaksia Steels Ltd.,MANAKSTEEL,Iron & Steel,Steel & Iron Products,562.81,sectors\ironsteel.csv
VISA Chrome Ltd.,VISACHROME,Iron & Steel,Steel & Iron Products,539.42,sectors\ironsteel.csv
Systematic Industries Ltd.,SYSTEMATIC,Iron & Steel,Steel & Iron Products,524.34,sectors\ironsteel.csv
Azad India Mobility Ltd.,AZADIND,Iron & Steel,Steel & Iron Products,496.58,sectors\ironsteel.csv
Shah Metacorp Ltd.,SHAH,Iron & Steel,Steel & Iron Products,407.87,sectors\ironsteel.csv
Vraj Iron & Steel Ltd.,VRAJ,Iron & Steel,Steel/Sponge Iron/Pig Iron,406.18,sectors\ironsteel.csv
Suraj Ltd.,SURAJLTD,Iron & Steel,Steel & Iron Products,400.43,sectors\ironsteel.csv
Scan Steels Ltd.,SCANSTL,Iron & Steel,Steel & Iron Products,369.95,sectors\ironsteel.csv
Bedmutha Industries Ltd.,BEDMUTHA,Iron & Steel,Steel & Iron Products,364.58,sectors\ironsteel.csv
Oil Country Tubular Ltd.,OILCOUNTUB,Iron & Steel,Steel & Iron Products,333.17,sectors\ironsteel.csv
PS Raj Steels Ltd.,PSRAJ,Iron & Steel,Steel & Iron Products,331.31,sectors\ironsteel.csv
Supershakti Metaliks Ltd.,SUPERSHAKT,Iron & Steel,Steel & Iron Products,289.17,sectors\ironsteel.csv
Krishca Strapping Solutions Ltd.,KRISHCA,Iron & Steel,Steel & Iron Products,276.82,sectors\ironsteel.csv
Innomet Advanced Materials Ltd.,INNOMET,Iron & Steel,Metal - Ferrous,272.0,sectors\ironsteel.csv
Ahmedabad Steelcraft Ltd.,AHMDSTE,Iron & Steel,Steel & Iron Products,268.56,sectors\ironsteel.csv
Remi Edelstahl Tubulars Ltd.,REMIEDEL,Iron & Steel,Steel & Iron Products,268.18,sectors\ironsteel.csv
Suraj Products Ltd.,SURAJ,Iron & Steel,Steel & Iron Products,264.14,sectors\ironsteel.csv
Chaman Metallics Ltd.,CMNL,Iron & Steel,Steel/Sponge Iron/Pig Iron,258.24,sectors\ironsteel.csv
VMS TMT Ltd.,VMSTMT,Iron & Steel,Steel & Iron Products,254.51,sectors\ironsteel.csv
D.P. Wires Ltd.,DPWIRES,Iron & Steel,Steel & Iron Products,253.28,sectors\ironsteel.csv
Riddhi Steel & Tube Ltd.,RSTL,Iron & Steel,Steel & Iron Products,244.23,sectors\ironsteel.csv
Geekay Wires Ltd.,GEEKAYWIRE,Iron & Steel,Steel & Iron Products,236.22,sectors\ironsteel.csv
Rathi Steel & Power Ltd.,RATHIST,Iron & Steel,Steel & Iron Products,227.39,sectors\ironsteel.csv
Rudra Global Infra Products Ltd.,RUDRA,Iron & Steel,Steel & Iron Products,223.27,sectors\ironsteel.csv
Vibhor Steel Tubes Ltd.,VSTL,Iron & Steel,Steel & Iron Products,203.75,sectors\ironsteel.csv
Vaswani Industries Ltd.,VASWANI,Iron & Steel,Steel/Sponge Iron/Pig Iron,174.94,sectors\ironsteel.csv
East India Drums And Barrels Manufacturing Ltd.,EASTINDIA,Iron & Steel,Steel & Iron Products,174.26,sectors\ironsteel.csv
Maiden Forgings Ltd.,MAIDEN,Iron & Steel,Steel & Iron Products,158.28,sectors\ironsteel.csv
Surani Steel Tubes Ltd.,SURANI,Iron & Steel,Steel & Iron Products,155.4,sectors\ironsteel.csv
Shri Bajrang Alliance Ltd.,SHBAJRG,Iron & Steel,Steel & Iron Products,153.9,sectors\ironsteel.csv
Incredible Industries Ltd.,INCREDIBLE,Iron & Steel,Steel & Iron Products,153.39,sectors\ironsteel.csv
Karbonsteel Engineering Ltd.,KARBON,Iron & Steel,Steel & Iron Products,149.9,sectors\ironsteel.csv
Kritika Wires Ltd.,KRITIKA,Iron & Steel,Steel & Iron Products,148.85,sectors\ironsteel.csv
Shah Alloys Ltd.,SHAHALLOYS,Iron & Steel,Steel & Iron Products,142.76,sectors\ironsteel.csv
LA TIM Metal & Industries Ltd.,LATIMMETAL,Iron & Steel,Steel & Iron Products,142.27,sectors\ironsteel.csv
Kanishk Steel Industries Ltd.,KANSHST,Iron & Steel,Steel & Iron Products,137.09,sectors\ironsteel.csv
Steelco Gujarat Ltd.,STEELCO,Iron & Steel,Steel & Iron Products,116.89,sectors\ironsteel.csv
Bihar Sponge Iron Ltd.,BIHSPONG,Iron & Steel,Steel/Sponge Iron/Pig Iron,110.95,sectors\ironsteel.csv
KIC Metaliks Ltd.,KAJARIR,Iron & Steel,Steel/Sponge Iron/Pig Iron,108.51,sectors\ironsteel.csv
Gabion Technologies India Ltd.,GTIL,Iron & Steel,Steel & Iron Products,100.1,sectors\ironsteel.csv
MPK Steels (I) Ltd.,MPKSTEELS,Iron & Steel,Steel & Iron Products,99.77,sectors\ironsteel.csv
Alliance Integrated Metaliks Ltd.,AIML,Iron & Steel,Steel & Iron Products,97.95,sectors\ironsteel.csv
Sarthak Metals Ltd.,SMLT,Iron & Steel,Steel & Iron Products,97.9,sectors\ironsteel.csv
Excellent Wires And Packaging Ltd.,EXCELLENT,Iron & Steel,Steel & Iron Products,96.11,sectors\ironsteel.csv
Garg Furnace Ltd.,GARGFUR,Iron & Steel,Steel & Iron Products,92.26,sectors\ironsteel.csv
Hisar Metal Industries Ltd.,HISARMETAL,Iron & Steel,Steel & Iron Products,82.54,sectors\ironsteel.csv
Zenith Steel Pipes & Industries Ltd.,ZENITHSTL,Iron & Steel,Steel & Iron Products,78.54,sectors\ironsteel.csv
Sharda Ispat Ltd.,SHRDAIS,Iron & Steel,Metal - Ferrous,77.17,sectors\ironsteel.csv
Mangalam Alloys Ltd.,MAL,Iron & Steel,Steel & Iron Products,76.28,sectors\ironsteel.csv
Shri Hare-Krishna Sponge Iron Ltd.,SHKSIL,Iron & Steel,Steel/Sponge Iron/Pig Iron,71.01,sectors\ironsteel.csv
Prakash Steelage Ltd.,PRAKASHSTL,Iron & Steel,Steel & Iron Products,69.3,sectors\ironsteel.csv
Aditya Ultra Steel Ltd.,AUSL,Iron & Steel,Steel & Iron Products,65.81,sectors\ironsteel.csv
Kasturi Metal Composite Ltd.,KASTURI,Iron & Steel,Steel & Iron Products,59.25,sectors\ironsteel.csv
Supreme Engineering Ltd.,SUPREMEENG,Iron & Steel,Steel & Iron Products,58.24,sectors\ironsteel.csv
Anubhav Plast Ltd.,ANUBHAV,Iron & Steel,Steel & Iron Products,55.0,sectors\ironsteel.csv
Tulsyan NEC Ltd.,TULSYAN,Iron & Steel,Steel & Iron Products,49.2,sectors\ironsteel.csv
Abha Power And Steel Ltd.,ABHAPOWER,Iron & Steel,Steel & Iron Products,47.68,sectors\ironsteel.csv
Rajasthan Tube Manufacturing Company Ltd.,RAJTUBE,Iron & Steel,Steel & Iron Products,46.79,sectors\ironsteel.csv
Swastik Pipes Ltd.,SWASTIK,Iron & Steel,Steel & Iron Products,44.14,sectors\ironsteel.csv
Nova Iron & Steel Ltd.,NOVIS,Iron & Steel,Steel & Iron Products,42.97,sectors\ironsteel.csv
NewMalayalam Steel Ltd.,NMSTEEL,Iron & Steel,Steel & Iron Products,40.71,sectors\ironsteel.csv
Grand Foundry Ltd.,GFSTEELS,Iron & Steel,Steel & Iron Products,40.53,sectors\ironsteel.csv
Metal Coatings (India) Ltd.,METALCO,Iron & Steel,Steel & Iron Products,40.11,sectors\ironsteel.csv
Dhatre Udyog Ltd.,DHATRE,Iron & Steel,Steel & Iron Products,39.88,sectors\ironsteel.csv
Umiya Tubes Ltd.,UMIYA,Iron & Steel,Steel & Iron Products,37.7,sectors\ironsteel.csv
Deem Roll-Tech Ltd.,DEEM,Iron & Steel,Steel & Iron Products,35.68,sectors\ironsteel.csv
Shri Kanha Stainless Ltd.,SHRIKANHA,Iron & Steel,Steel & Iron Products,34.28,sectors\ironsteel.csv
Mittal Sections Ltd.,MITTALSTL,Iron & Steel,Steel & Iron Products,31.23,sectors\ironsteel.csv
Aanchal Ispat Ltd.,AANCHALISP,Iron & Steel,Steel & Iron Products,30.01,sectors\ironsteel.csv
Ashirwad Steels & Industries Ltd.,ASHSI,Iron & Steel,Steel & Iron Products,28.45,sectors\ironsteel.csv
National General Industries Ltd.,NATGENI,Iron & Steel,Steel & Iron Products,27.32,sectors\ironsteel.csv
Inducto Steel Ltd.,INDCTST,Iron & Steel,Steel & Iron Products,26.88,sectors\ironsteel.csv
Rathi Bars Ltd.,RATHIBAR,Iron & Steel,Steel & Iron Products,26.24,sectors\ironsteel.csv
Kalana Ispat Ltd.,KALANA,Iron & Steel,Steel & Iron Products,24.84,sectors\ironsteel.csv
Kridhan Infra Ltd.,KRIDHANINF,Iron & Steel,Steel & Iron Products,24.66,sectors\ironsteel.csv
Bombay Wire Ropes Ltd.,BOMBWIR,Iron & Steel,Steel & Iron Products,22.96,sectors\ironsteel.csv
Ankit Metal & Power Ltd.,ANKITMETAL,Iron & Steel,Steel & Iron Products,22.15,sectors\ironsteel.csv
Unison Metals Ltd.,UNISON,Iron & Steel,Steel & Iron Products,21.92,sectors\ironsteel.csv
Mukat Pipes Ltd.,MUKATPIP,Iron & Steel,Steel & Iron Products,19.48,sectors\ironsteel.csv
Modern Steels Ltd.,MDRNSTL,Iron & Steel,Steel & Iron Products,18.58,sectors\ironsteel.csv
Quality Foils (India) Ltd.,QFIL,Iron & Steel,Steel & Iron Products,17.92,sectors\ironsteel.csv
Crimson Metal Engineering Company Ltd.,CRIMSON,Iron & Steel,Steel & Iron Products,17.42,sectors\ironsteel.csv
Earthstahl & Alloys Ltd.,EARTH,Iron & Steel,Steel & Iron Products,17.38,sectors\ironsteel.csv
Taparia Tools Ltd.,TAPARIA,Iron & Steel,Steel & Iron Products,16.73,sectors\ironsteel.csv
Ashiana Ispat Ltd.,ASHIS,Iron & Steel,Steel & Iron Products,13.94,sectors\ironsteel.csv
Tamilnadu Steel Tubes Ltd.,TNSTLTU,Iron & Steel,Steel & Iron Products,13.71,sectors\ironsteel.csv
Eastcoast Steel Ltd.,ECSTSTL,Iron & Steel,Steel & Iron Products,10.69,sectors\ironsteel.csv
Shree Steel Wire Ropes Ltd.,SSWRL,Iron & Steel,Steel & Iron Products,8.91,sectors\ironsteel.csv
Monind Ltd.,MONIND,Iron & Steel,Steel & Iron Products,8.4,sectors\ironsteel.csv
MFS Intercorp Ltd.,MFSINTRCRP,Iron & Steel,Metal - Ferrous,6.05,sectors\ironsteel.csv
Mahalaxmi Seamless Ltd.,MAHALXSE,Iron & Steel,Steel & Iron Products,5.91,sectors\ironsteel.csv
Aditya Ispat Ltd.,ADITYA,Iron & Steel,Steel & Iron Products,4.6,sectors\ironsteel.csv
Elango Industries Ltd.,ELANGO,Iron & Steel,Steel/Sponge Iron/Pig Iron,4.0,sectors\ironsteel.csv
Vallabh Steels Ltd.,VALLABHSQ,Iron & Steel,Steel & Iron Products,3.8,sectors\ironsteel.csv
Heera Ispat Ltd.,HEERAISP,Iron & Steel,Steel & Iron Products,3.42,sectors\ironsteel.csv
Welspun Specialty Solutions Ltd. - (Rights Entitlements (REs)),WELSPL-RE,Iron & Steel,Steel & Iron Products,0.0,sectors\ironsteel.csv
Unison Metals Ltd. - (Rights Entitlements (REs)),UNISON-RE,Iron & Steel,Steel & Iron Products,0.0,sectors\ironsteel.csv
Shah Metacorp Ltd. - (Rights Entitlements (REs)),SHAH-RE1,Iron & Steel,Steel & Iron Products,0.0,sectors\ironsteel.csv
Adani Ports and Special Economic Zone Ltd.,ADANIPORTS,Logistics,Port,390521.07,sectors\logistics.csv
JSW Infrastructure Ltd.,JSWINFRA,Logistics,Port,79033.65,sectors\logistics.csv
Container Corporation Of India Ltd.,CONCOR,Logistics,Logistics,40137.27,sectors\logistics.csv
Delhivery Ltd.,DELHIVERY,Logistics,Logistics,34386.76,sectors\logistics.csv
The Great Eastern Shipping Company Ltd.,GESHIP,Logistics,Shipping,18327.02,sectors\logistics.csv
Shadowfax Technologies Ltd.,SHADOWFAX,Logistics,Logistics,14769.61,sectors\logistics.csv
Shipping Corporation Of India Ltd.,SCI,Logistics,Shipping,13610.65,sectors\logistics.csv
Blue Dart Express Ltd.,BLUEDART,Logistics,Courier  Services,12208.62,sectors\logistics.csv
Shreeji Shipping Global Ltd.,SHREEJISPG,Logistics,Shipping,10552.22,sectors\logistics.csv
BlackBuck Ltd.,BLACKBUCK,Logistics,Logistics,10390.75,sectors\logistics.csv
Gujarat Pipavav Port Ltd.,GPPL,Logistics,Port,7664.94,sectors\logistics.csv
Transport Corporation Of India Ltd.,TCI,Logistics,Logistics,7013.15,sectors\logistics.csv
TVS Supply Chain Solutions Ltd.,TVSSCS,Logistics,Logistics,5444.7,sectors\logistics.csv
VRL Logistics Ltd.,VRLLOG,Logistics,Logistics,5181.63,sectors\logistics.csv
Afcom Holdings Ltd.,AFCOM,Logistics,Logistics,4310.68,sectors\logistics.csv
Mahindra Logistics Ltd.,MAHLOG,Logistics,Logistics,4018.01,sectors\logistics.csv
Seamec Ltd.,SEAMECLTD,Logistics,Shipping,3907.06,sectors\logistics.csv
Sindhu Trade Links Ltd.,SINDHUTRAD,Logistics,Logistics,3628.16,sectors\logistics.csv
Dredging Corporation Of India Ltd.,DREDGECORP,Logistics,Shipping,3269.42,sectors\logistics.csv
Gateway Distriparks Ltd.,GATEWAY,Logistics,Logistics,2743.04,sectors\logistics.csv
TCI Express Ltd.,TCIEXP,Logistics,Logistics,2155.95,sectors\logistics.csv
Desi Farms India Ltd.,DESIFARMS,Logistics,Logistics,2073.86,sectors\logistics.csv
Shipping Corporation of India Land and Assets Ltd.,SCILAL,Logistics,Shipping,1876.24,sectors\logistics.csv
Allcargo Logistics Ltd.,ALLCARGO,Logistics,Logistics,1497.78,sectors\logistics.csv
Navkar Corporation Ltd.,NAVKARCORP,Logistics,Logistics,1496.91,sectors\logistics.csv
Allcargo Global Ltd.,AGL,Logistics,Logistics,1463.36,sectors\logistics.csv
Reliance Industrial Infrastructure Ltd.,RIIL,Logistics,Logistics,1120.95,sectors\logistics.csv
Tejas Cargo India Ltd.,TEJASCARGO,Logistics,Logistics,1004.1,sectors\logistics.csv
Sical Logistics Ltd.,SICALLOG,Logistics,Logistics,921.52,sectors\logistics.csv
Western Carriers (India) Ltd.,WCIL,Logistics,Logistics,886.6,sectors\logistics.csv
Shree Vasu Logistics Ltd.,SVLL,Logistics,Logistics,869.15,sectors\logistics.csv
Ritco Logistics Ltd.,RITCO,Logistics,Logistics,849.81,sectors\logistics.csv
Allcargo Terminals Ltd.,ATL,Logistics,Logistics,692.87,sectors\logistics.csv
Transindia Real Estate Ltd.,TREL,Logistics,Logistics,638.56,sectors\logistics.csv
Snowman Logistics Ltd.,SNOWMAN,Logistics,Logistics,633.93,sectors\logistics.csv
Glottis Ltd.,GLOTTIS,Logistics,Logistics,601.27,sectors\logistics.csv
ABS Marine Services Ltd.,ABSMARINE,Logistics,Shipping,575.57,sectors\logistics.csv
SJ Logistics (India) Ltd.,SJLOGISTIC,Logistics,Logistics,500.41,sectors\logistics.csv
Iware Supplychain Services Ltd.,IWARE,Logistics,Logistics,498.24,sectors\logistics.csv
Blue Water Logistics Ltd.,BLUEWATER,Logistics,Logistics,454.8,sectors\logistics.csv
Paradeep Parivahan Ltd.,PPARIVAH,Logistics,Port,426.6,sectors\logistics.csv
Lancer Container Lines Ltd.,LANCER,Logistics,Logistics,408.22,sectors\logistics.csv
Committed Cargo Care Ltd.,COMMITTED,Logistics,Logistics,406.1,sectors\logistics.csv
AVG Logistics Ltd.,AVG,Logistics,Logistics,386.42,sectors\logistics.csv
Tara Chand Infralogistic Solutions Ltd.,TARACHAND,Logistics,Logistics,377.49,sectors\logistics.csv
Essar Shipping Ltd.,ESSARSHPNG,Logistics,Shipping,362.62,sectors\logistics.csv
Transworld Shipping Lines Ltd.,TRANSWORLD,Logistics,Shipping,342.54,sectors\logistics.csv
Om Freight Forwarders Ltd.,OMFREIGHT,Logistics,Logistics,323.32,sectors\logistics.csv
Ashwini Container Movers Ltd.,ASHWINI,Logistics,Logistics,292.5,sectors\logistics.csv
Oneclick Logistics India Ltd.,OLIL,Logistics,Logistics,289.12,sectors\logistics.csv
Tiger Logistics (India) Ltd.,TIGERLOGS,Logistics,Logistics,270.66,sectors\logistics.csv
Prime Fresh Ltd.,PRIMEFRESH,Logistics,Logistics,263.09,sectors\logistics.csv
Globe International Carriers Ltd.,GICL,Logistics,Logistics,258.06,sectors\logistics.csv
Destiny Logistics & Infra Ltd.,DESTINY,Logistics,Logistics,225.69,sectors\logistics.csv
Maheshwari Logistics Ltd.,MAHESHWARI,Logistics,Logistics,214.58,sectors\logistics.csv
Sadhav Shipping Ltd.,SADHAV,Logistics,Shipping,189.16,sectors\logistics.csv
Aspinwall And Company Ltd.,ASPINWALL,Logistics,Logistics,184.51,sectors\logistics.csv
DRS Dilip Roadlines Ltd.,DRSDILIP,Logistics,Logistics,165.54,sectors\logistics.csv
Global Ocean Logistics India Ltd.,GLOBALLOG,Logistics,Logistics,155.91,sectors\logistics.csv
North Eastern Carrying Corporation Ltd.,NECCLTD,Logistics,Logistics,155.71,sectors\logistics.csv
Garware Offshore Services Ltd.,GARWAOFFS,Logistics,Shipping,149.11,sectors\logistics.csv
Lakshmi Engineering And Warehousing Ltd.,LAKSHMIEW,Logistics,Logistics,139.57,sectors\logistics.csv
Ruchi Infrastructure Ltd.,RUCHINFRA,Logistics,Logistics,139.25,sectors\logistics.csv
Sanco Trans Ltd.,SANCTRN,Logistics,Logistics,126.98,sectors\logistics.csv
Jayesh Logistics Ltd.,JAYESH,Logistics,Logistics,125.94,sectors\logistics.csv
Rapid Fleet Management Services Ltd.,RAPIDFLEET,Logistics,Logistics,121.93,sectors\logistics.csv
Chartered Logistics Ltd.,CHLOGIST,Logistics,Logistics,120.15,sectors\logistics.csv
OBCL Ltd.,OBCL,Logistics,Logistics,115.77,sectors\logistics.csv
VL E-Governance & IT Solutions Ltd.,VLEGOV,Logistics,Courier  Services,107.58,sectors\logistics.csv
Sampark India Logistics Ltd.,SILL,Logistics,Logistics,106.65,sectors\logistics.csv
Total Transport Systems Ltd.,TOTAL,Logistics,Logistics,103.49,sectors\logistics.csv
Jet Freight Logistics Ltd.,JETFREIGHT,Logistics,Logistics,103.2,sectors\logistics.csv
Premier Roadlines Ltd.,PRLIND,Logistics,Logistics,98.65,sectors\logistics.csv
Patel Integrated Logistics Ltd.,PATINTLOG,Logistics,Logistics,88.26,sectors\logistics.csv
Repono Ltd.,REPONO,Logistics,Logistics,85.32,sectors\logistics.csv
Zeal Global Services Ltd.,ZEAL,Logistics,Logistics,84.52,sectors\logistics.csv
Chowgule Steamships Ltd.,CHOWGULSTM,Logistics,Shipping,82.57,sectors\logistics.csv
Ashapura Logistics Ltd.,ASHALOG,Logistics,Logistics,81.27,sectors\logistics.csv
Flomic Global Logistics Ltd.,FLOMIC,Logistics,Logistics,77.45,sectors\logistics.csv
Brace Port Logistics Ltd.,BRACEPORT,Logistics,Logistics,73.46,sectors\logistics.csv
Accuracy Shipping Ltd.,ACCURACY,Logistics,Logistics,72.72,sectors\logistics.csv
Kesar Terminals & Infrastructure Ltd.,KTIL,Logistics,Logistics,66.11,sectors\logistics.csv
Hariyana Ship Breakers Ltd.,HRYNSHP,Logistics,Shipping,62.56,sectors\logistics.csv
Shreeji Translogistics Ltd.,STL,Logistics,Logistics,57.37,sectors\logistics.csv
Arvind Port and Infra Ltd.,ARVINDPORT,Logistics,Shipping,56.69,sectors\logistics.csv
Rapid Multimodal Logistics Ltd.,RAPID,Logistics,Logistics,50.69,sectors\logistics.csv
Deccan Transcon Leasing Ltd.,DECCANTRAN,Logistics,Shipping,49.99,sectors\logistics.csv
Seacoast Shipping Services Ltd.,SEACOAST,Logistics,Shipping,49.56,sectors\logistics.csv
Cargotrans Maritime Ltd.,CARGOTRANS,Logistics,Logistics,49.45,sectors\logistics.csv
Sunsky Logistics Ltd.,SUNSKY,Logistics,Logistics,48.47,sectors\logistics.csv
Pranik Logistics Ltd.,PRANIK,Logistics,Logistics,45.14,sectors\logistics.csv
Neptune Logitek Ltd.,NEPLOG,Logistics,Logistics,44.95,sectors\logistics.csv
Kaushalya Logistics Ltd.,KLL,Logistics,Logistics,41.04,sectors\logistics.csv
Shipwaves Online Ltd.,SHIPWAVES,Logistics,Logistics,37.64,sectors\logistics.csv
ABC India Ltd.,ABCINDQ,Logistics,Logistics,33.89,sectors\logistics.csv
East West Freight Carriers Ltd.,EASTWEST,Logistics,Logistics,31.38,sectors\logistics.csv
Timescan Logistics (India) Ltd.,TIMESCAN,Logistics,Logistics,28.65,sectors\logistics.csv
Cargosol Logistics Ltd.,CARGOSOL,Logistics,Logistics,26.42,sectors\logistics.csv
Arshiya Ltd.,ARSHIYA,Logistics,Logistics,24.5,sectors\logistics.csv
Transvoy Logistics India Ltd.,TRANSVOY,Logistics,Logistics,23.97,sectors\logistics.csv
Marinetrans India Ltd.,MARINETRAN,Logistics,Logistics,22.91,sectors\logistics.csv
Balurghat Technologies Ltd.,BALTE,Logistics,Logistics,22.26,sectors\logistics.csv
Lynx Machinery & Commercials Ltd.,LYNMC,Logistics,Logistics,21.1,sectors\logistics.csv
Inter State Oil Carrier Ltd.,INTSTOIL,Logistics,Logistics,19.84,sectors\logistics.csv
GB Logistics Commerce Ltd.,GBLOGISTIC,Logistics,Logistics,19.67,sectors\logistics.csv
Shahi Shipping Ltd.,SHAHISHIP,Logistics,Shipping,17.38,sectors\logistics.csv
PDP Shipping & Projects Ltd.,PSPL,Logistics,Logistics,17.25,sectors\logistics.csv
DRS Cargo Movers Ltd.,DRSCARGO,Logistics,Logistics,16.42,sectors\logistics.csv
Frontline Corporation Ltd.,FRONTCORP,Logistics,Logistics,16.0,sectors\logistics.csv
MFL India Ltd.,MFLINDIA,Logistics,Logistics,13.33,sectors\logistics.csv
BLT Logistics Ltd.,BLT,Logistics,Logistics,12.95,sectors\logistics.csv
Rajvi Logitrade Ltd.,RAJVI,Logistics,Logistics,12.78,sectors\logistics.csv
Dhillon Freight Carrier Ltd.,DHILLON,Logistics,Logistics,11.76,sectors\logistics.csv
Amiable Logistics (India) Ltd.,AMIABLE,Logistics,Logistics,11.36,sectors\logistics.csv
Coastal Roadways Ltd.,COARO,Logistics,Logistics,10.49,sectors\logistics.csv
Sahara Maritime Ltd.,SMARITIME,Logistics,Logistics,7.06,sectors\logistics.csv
Gconnect Logitech And Supply Chain Ltd.,GCONNECT,Logistics,Logistics,4.46,sectors\logistics.csv
Karnimata Cold Storage Ltd.,KCSL,Logistics,Logistics,3.89,sectors\logistics.csv
Jalan Transolutions (India) Ltd.,JALAN,Logistics,Logistics,2.4,sectors\logistics.csv
Mahindra Logistics Ltd. - (Rights Entitlements (REs)),MAHLOG-RE,Logistics,Logistics,0.0,sectors\logistics.csv
Allcargo Terminals Ltd. - (Rights Entitlements (REs)),ATL-RE,Logistics,Logistics,0.0,sectors\logistics.csv
Allcargo Terminals Ltd. - (Rights Entitlements (REs)),ATLPP,Logistics,Logistics,0.0,sectors\logistics.csv
Sical Logistics Ltd. - (Rights Entitlements (REs)),SICAL-RE,Logistics,Logistics,0.0,sectors\logistics.csv
AVG Logistics Ltd. - (Rights Entitlements (REs)),AVG-RE,Logistics,Logistics,0.0,sectors\logistics.csv
Sun TV Network Ltd.,SUNTV,Media & Entertainment,TV Broadcasting & Software Production,19097.34,sectors\mediaentertainment.csv
PVR Inox Ltd.,PVRINOX,Media & Entertainment,"Film Production, Distribution & Entertainment",11523.27,sectors\mediaentertainment.csv
Saregama India Ltd.,SAREGAMA,Media & Entertainment,"Film Production, Distribution & Entertainment",10161.06,sectors\mediaentertainment.csv
Zee Entertainment Enterprises Ltd.,ZEEL,Media & Entertainment,TV Broadcasting & Software Production,9816.51,sectors\mediaentertainment.csv
Tips Music Ltd.,TIPSMUSIC,Media & Entertainment,"Film Production, Distribution & Entertainment",8567.91,sectors\mediaentertainment.csv
MPS Ltd.,MPSLTD,Media & Entertainment,Printing And Publishing,4808.44,sectors\mediaentertainment.csv
Network 18 Media & Investments Ltd.,NETWORK18,Media & Entertainment,TV Broadcasting & Software Production,4471.8,sectors\mediaentertainment.csv
D.B. Corp Ltd.,DBCORP,Media & Entertainment,Printing And Publishing,3782.56,sectors\mediaentertainment.csv
Navneet Education Ltd.,NAVNETEDUL,Media & Entertainment,Printing And Publishing,2972.0,sectors\mediaentertainment.csv
Signpost India Ltd.,SIGNPOST,Media & Entertainment,Advertising & Media,1427.12,sectors\mediaentertainment.csv
Jagran Prakashan Ltd.,JAGRAN,Media & Entertainment,Printing And Publishing,1360.77,sectors\mediaentertainment.csv
Den Networks Ltd.,DEN,Media & Entertainment,TV Broadcasting & Software Production,1310.46,sectors\mediaentertainment.csv
Panorama Studios International Ltd.,PANORAMA,Media & Entertainment,"Film Production, Distribution & Entertainment",1236.5,sectors\mediaentertainment.csv
JOJO Ltd.,JOJO,Media & Entertainment,"Film Production, Distribution & Entertainment",1122.0,sectors\mediaentertainment.csv
Balaji Telefilms Ltd.,BALAJITELE,Media & Entertainment,"Film Production, Distribution & Entertainment",1120.65,sectors\mediaentertainment.csv
New Delhi Television Ltd.,NDTV,Media & Entertainment,TV Broadcasting & Software Production,865.37,sectors\mediaentertainment.csv
The Sandesh Ltd.,SANDESH,Media & Entertainment,Printing And Publishing,821.36,sectors\mediaentertainment.csv
Bright Outdoor Media Ltd.,BRIGHT,Media & Entertainment,Advertising & Media,792.94,sectors\mediaentertainment.csv
TV Today Network Ltd.,TVTODAY,Media & Entertainment,TV Broadcasting & Software Production,688.58,sectors\mediaentertainment.csv
Zee Media Corporation Ltd.,ZEEMEDIA,Media & Entertainment,TV Broadcasting & Software Production,634.45,sectors\mediaentertainment.csv
Hindustan Media Ventures Ltd.,HMVL,Media & Entertainment,Printing And Publishing,633.58,sectors\mediaentertainment.csv
HT Media Ltd.,HTMEDIA,Media & Entertainment,Printing And Publishing,620.11,sectors\mediaentertainment.csv
GTPL Hathway Ltd.,GTPL,Media & Entertainment,TV Broadcasting & Software Production,595.15,sectors\mediaentertainment.csv
Aqylon Nexus Ltd.,AQYLON,Media & Entertainment,"Film Production, Distribution & Entertainment",583.58,sectors\mediaentertainment.csv
Maagh Advertising And Marketing Services Ltd.,MAAGHADV,Media & Entertainment,Advertising & Media,571.98,sectors\mediaentertainment.csv
Dish TV India Ltd.,DISHTV,Media & Entertainment,TV Broadcasting & Software Production,519.23,sectors\mediaentertainment.csv
Basilic Fly Studio Ltd.,BASILIC,Media & Entertainment,"Film Production, Distribution & Entertainment",507.7,sectors\mediaentertainment.csv
S Chand And Company Ltd.,SCHAND,Media & Entertainment,Printing And Publishing,486.76,sectors\mediaentertainment.csv
Entertainment Network (India) Ltd.,ENIL,Media & Entertainment,TV Broadcasting & Software Production,481.47,sectors\mediaentertainment.csv
RK Swamy Ltd.,RKSWAMY,Media & Entertainment,Advertising & Media,479.53,sectors\mediaentertainment.csv
Repro India Ltd.,REPRO,Media & Entertainment,Printing And Publishing,469.38,sectors\mediaentertainment.csv
Vashu Bhagnani Industries Ltd.,POOJAENT,Media & Entertainment,"Film Production, Distribution & Entertainment",460.47,sectors\mediaentertainment.csv
Optimystix Entertainment India Ltd.,OPTIMYSTIX,Media & Entertainment,"Film Production, Distribution & Entertainment",439.78,sectors\mediaentertainment.csv
NDL Ventures Ltd.,NDLVENTURE,Media & Entertainment,TV Broadcasting & Software Production,429.14,sectors\mediaentertainment.csv
Connplex Cinemas Ltd.,CONNPLEX,Media & Entertainment,"Film Production, Distribution & Entertainment",392.98,sectors\mediaentertainment.csv
DJ Mediaprint & Logistics Ltd.,DJML,Media & Entertainment,Printing And Publishing,386.42,sectors\mediaentertainment.csv
City Pulse Multiventures Ltd.,CPML,Media & Entertainment,"Film Production, Distribution & Entertainment",380.22,sectors\mediaentertainment.csv
Shemaroo Entertainment Ltd.,SHEMAROO,Media & Entertainment,"Film Production, Distribution & Entertainment",367.75,sectors\mediaentertainment.csv
Cineline India Ltd.,CINELINE,Media & Entertainment,"Film Production, Distribution & Entertainment",341.91,sectors\mediaentertainment.csv
Yaap Digital Ltd.,YAAP,Media & Entertainment,Advertising & Media,305.14,sectors\mediaentertainment.csv
Vertoz Ltd.,VERTOZ,Media & Entertainment,Advertising & Media,303.25,sectors\mediaentertainment.csv
Simca Advertising Ltd.,SIMCA,Media & Entertainment,Advertising & Media,292.77,sectors\mediaentertainment.csv
UFO Moviez India Ltd.,UFO,Media & Entertainment,"Film Production, Distribution & Entertainment",261.76,sectors\mediaentertainment.csv
E Factor Experiences Ltd.,EFACTOR,Media & Entertainment,TV Broadcasting & Software Production,258.03,sectors\mediaentertainment.csv
B.A.G. Convergence Ltd.,BAGDIGITAL,Media & Entertainment,"Film Production, Distribution & Entertainment",237.44,sectors\mediaentertainment.csv
Music Broadcast Ltd.,RADIOCITY,Media & Entertainment,TV Broadcasting & Software Production,234.72,sectors\mediaentertainment.csv
Phantom Digital Effects Ltd.,PHANTOMFX,Media & Entertainment,"Film Production, Distribution & Entertainment",228.17,sectors\mediaentertainment.csv
Diksat Transworld Ltd.,DIKSAT,Media & Entertainment,TV Broadcasting & Software Production,219.46,sectors\mediaentertainment.csv
GTT Data Solutions Ltd.,GTTDATA,Media & Entertainment,"Film Production, Distribution & Entertainment",212.06,sectors\mediaentertainment.csv
Landmarc Leisure Corporation Ltd.,LANDMARC,Media & Entertainment,"Film Production, Distribution & Entertainment",202.86,sectors\mediaentertainment.csv
Cash UR Drive Marketing Ltd.,CUDML,Media & Entertainment,Advertising & Media,197.63,sectors\mediaentertainment.csv
Adcounty Media India Ltd.,ADCOUNTY,Media & Entertainment,Advertising & Media,181.7,sectors\mediaentertainment.csv
Bodhi Tree Multimedia Ltd.,BTML,Media & Entertainment,TV Broadcasting & Software Production,159.35,sectors\mediaentertainment.csv
Tips Films Ltd.,TIPSFILMS,Media & Entertainment,"Film Production, Distribution & Entertainment",151.52,sectors\mediaentertainment.csv
Digicontent Ltd.,DGCONTENT,Media & Entertainment,Printing And Publishing,138.14,sectors\mediaentertainment.csv
Mukta Arts Ltd.,MUKTAARTS,Media & Entertainment,"Film Production, Distribution & Entertainment",127.61,sectors\mediaentertainment.csv
Dachepalli Publishers Ltd.,DACHEPALLI,Media & Entertainment,Printing And Publishing,124.36,sectors\mediaentertainment.csv
Sambhaav Media Ltd.,SAMBHAAV,Media & Entertainment,Printing And Publishing,122.5,sectors\mediaentertainment.csv
B.A.G. Films and Media Ltd.,BAGFILMS,Media & Entertainment,"Film Production, Distribution & Entertainment",100.46,sectors\mediaentertainment.csv
Chetana Education Ltd.,CHETANA,Media & Entertainment,Printing And Publishing,96.9,sectors\mediaentertainment.csv
Vels Film International Ltd.,VELS,Media & Entertainment,"Film Production, Distribution & Entertainment",94.23,sectors\mediaentertainment.csv
WOL 3D India Ltd.,WOL3D,Media & Entertainment,Printing And Publishing,93.23,sectors\mediaentertainment.csv
Cinevista Ltd.,CINEVISTA,Media & Entertainment,"Film Production, Distribution & Entertainment",86.79,sectors\mediaentertainment.csv
Baba Arts Ltd.,BABA,Media & Entertainment,"Film Production, Distribution & Entertainment",77.7,sectors\mediaentertainment.csv
Eros International Media Ltd.,EROSMEDIA,Media & Entertainment,"Film Production, Distribution & Entertainment",75.68,sectors\mediaentertainment.csv
Maxposure Ltd.,MAXPOSURE,Media & Entertainment,Advertising & Media,74.93,sectors\mediaentertainment.csv
GV Films Ltd.,GVFILM,Media & Entertainment,"Film Production, Distribution & Entertainment",67.13,sectors\mediaentertainment.csv
Crayons Advertising Ltd.,CRAYONS,Media & Entertainment,Advertising & Media,65.96,sectors\mediaentertainment.csv
Digikore Studios Ltd.,DIGIKORE,Media & Entertainment,"Film Production, Distribution & Entertainment",58.86,sectors\mediaentertainment.csv
Raj Television Network Ltd.,RAJTV,Media & Entertainment,TV Broadcasting & Software Production,52.38,sectors\mediaentertainment.csv
Graphisads Ltd.,GRAPHISAD,Media & Entertainment,Advertising & Media,48.43,sectors\mediaentertainment.csv
Studio LSD Ltd.,STUDIOLSD,Media & Entertainment,"Film Production, Distribution & Entertainment",44.89,sectors\mediaentertainment.csv
Baweja Studios Ltd.,BAWEJA,Media & Entertainment,"Film Production, Distribution & Entertainment",43.3,sectors\mediaentertainment.csv
Picturehouse Media Ltd.,PICTUREHS,Media & Entertainment,"Film Production, Distribution & Entertainment",43.16,sectors\mediaentertainment.csv
Siti Networks Ltd.,SITINET,Media & Entertainment,TV Broadcasting & Software Production,42.73,sectors\mediaentertainment.csv
Esha Media Research Ltd.,ESHAMEDIA,Media & Entertainment,TV Broadcasting & Software Production,39.71,sectors\mediaentertainment.csv
Shakti Press Ltd.,SHAKTIPR,Media & Entertainment,Printing And Publishing,37.74,sectors\mediaentertainment.csv
Cyber Media (India) Ltd.,CYBERMEDIA,Media & Entertainment,Printing And Publishing,34.09,sectors\mediaentertainment.csv
Inland Printers Ltd.,INLANPR,Media & Entertainment,Printing And Publishing,33.17,sectors\mediaentertainment.csv
Diligent Media Corporation Ltd.,DNAMEDIA,Media & Entertainment,Printing And Publishing,31.31,sectors\mediaentertainment.csv
DSJ Keep Learning Ltd.,KEEPLEARN,Media & Entertainment,Printing And Publishing,30.36,sectors\mediaentertainment.csv
Sharpline Broadcast Ltd.,SHARPLINE,Media & Entertainment,TV Broadcasting & Software Production,29.29,sectors\mediaentertainment.csv
Infomedia Press Ltd.,INFOMEDIA,Media & Entertainment,Printing And Publishing,27.1,sectors\mediaentertainment.csv
Thinkink Picturez Ltd.,THINKINK,Media & Entertainment,"Film Production, Distribution & Entertainment",27.02,sectors\mediaentertainment.csv
Pritish Nandy Communications Ltd.,PNC,Media & Entertainment,"Film Production, Distribution & Entertainment",26.74,sectors\mediaentertainment.csv
Shalimar Productions Ltd.,SHALPRO,Media & Entertainment,"Film Production, Distribution & Entertainment",26.58,sectors\mediaentertainment.csv
Next Mediaworks Ltd.,NEXTMEDIA,Media & Entertainment,Printing And Publishing,26.56,sectors\mediaentertainment.csv
JMD Ventures Ltd.,JMDVL,Media & Entertainment,"Film Production, Distribution & Entertainment",23.03,sectors\mediaentertainment.csv
Thinking Hats Entertainment Solutions Ltd.,THESL,Media & Entertainment,"Film Production, Distribution & Entertainment",22.85,sectors\mediaentertainment.csv
Identical Brains Studios Ltd.,IDENTICAL,Media & Entertainment,"Film Production, Distribution & Entertainment",22.37,sectors\mediaentertainment.csv
Silly Monks Entertainment Ltd.,SILLYMONKS,Media & Entertainment,"Film Production, Distribution & Entertainment",21.63,sectors\mediaentertainment.csv
Mediaone Global Entertainment Ltd.,MEDIAONE,Media & Entertainment,"Film Production, Distribution & Entertainment",21.49,sectors\mediaentertainment.csv
Madhya Pradesh Today Media Ltd.,MPTODAY,Media & Entertainment,Printing And Publishing,21.01,sectors\mediaentertainment.csv
Crystal Business System Ltd.,CRYSTAL,Media & Entertainment,TV Broadcasting & Software Production,20.15,sectors\mediaentertainment.csv
Orient Tradelink Ltd.,ORIENTTR,Media & Entertainment,"Film Production, Distribution & Entertainment",19.69,sectors\mediaentertainment.csv
Cyber Media Research & Services Ltd.,CMRSL,Media & Entertainment,Printing And Publishing,19.49,sectors\mediaentertainment.csv
Colorchips New Media Ltd.,COLORCHIPS,Media & Entertainment,TV Broadcasting & Software Production,19.17,sectors\mediaentertainment.csv
Radaan Mediaworks India Ltd.,RADAAN,Media & Entertainment,"Film Production, Distribution & Entertainment",16.57,sectors\mediaentertainment.csv
TV Vision Ltd.,TVVISION,Media & Entertainment,TV Broadcasting & Software Production,16.08,sectors\mediaentertainment.csv
Sungold Media And Entertainment Ltd.,SMEL,Media & Entertainment,"Film Production, Distribution & Entertainment",15.64,sectors\mediaentertainment.csv
VR Films & Studios Ltd.,VRFILMS,Media & Entertainment,"Film Production, Distribution & Entertainment",14.8,sectors\mediaentertainment.csv
Creative Eye Ltd.,CREATIVEYE,Media & Entertainment,TV Broadcasting & Software Production,12.76,sectors\mediaentertainment.csv
DAPS Advertising Ltd.,DAPS,Media & Entertainment,Advertising & Media,12.66,sectors\mediaentertainment.csv
Innokaiz India Ltd.,INNOKAIZ,Media & Entertainment,Advertising & Media,12.63,sectors\mediaentertainment.csv
Inspire Films Ltd.,INSPIRE,Media & Entertainment,TV Broadcasting & Software Production,12.32,sectors\mediaentertainment.csv
Raconteur Global Resources Ltd.,RACONTEUR,Media & Entertainment,"Film Production, Distribution & Entertainment",12.09,sectors\mediaentertainment.csv
Perfect-Octave Media Projects Ltd.,OCTAVE,Media & Entertainment,TV Broadcasting & Software Production,11.94,sectors\mediaentertainment.csv
SDC Techmedia Ltd.,SDC,Media & Entertainment,"Film Production, Distribution & Entertainment",11.72,sectors\mediaentertainment.csv
Brandbucket Media & Technology Ltd.,BRANDBUCKT,Media & Entertainment,Advertising & Media,11.39,sectors\mediaentertainment.csv
Net Pix Shorts Digital Media Ltd.,NETPIX,Media & Entertainment,"Film Production, Distribution & Entertainment",10.75,sectors\mediaentertainment.csv
Gradiente Infotainment Ltd.,GRADIENTE,Media & Entertainment,TV Broadcasting & Software Production,10.72,sectors\mediaentertainment.csv
Quantum Digital Vision (India) Ltd.,QUANTDIA,Media & Entertainment,"Film Production, Distribution & Entertainment",10.55,sectors\mediaentertainment.csv
Encash Entertainment Ltd.,ENCASH,Media & Entertainment,"Film Production, Distribution & Entertainment",10.2,sectors\mediaentertainment.csv
Interworld Digital Ltd.,INTERDIGI,Media & Entertainment,"Film Production, Distribution & Entertainment",9.57,sectors\mediaentertainment.csv
Veritaas Advertising Ltd.,VERITAAS,Media & Entertainment,Advertising & Media,9.4,sectors\mediaentertainment.csv
Hathway Bhawani Cabletel & Datacom Ltd.,HATHWAYB,Media & Entertainment,TV Broadcasting & Software Production,9.31,sectors\mediaentertainment.csv
Picturepost Studios Ltd.,PPSL,Media & Entertainment,TV Broadcasting & Software Production,8.79,sectors\mediaentertainment.csv
Vision Cinemas Ltd.,VISIONCINE,Media & Entertainment,"Film Production, Distribution & Entertainment",8.5,sectors\mediaentertainment.csv
Unistar Multimedia Ltd.,UNISTRMU,Media & Entertainment,"Film Production, Distribution & Entertainment",8.33,sectors\mediaentertainment.csv
Ortel Communications Ltd.,ORTEL,Media & Entertainment,TV Broadcasting & Software Production,7.95,sectors\mediaentertainment.csv
BGIL Films & Technologies Ltd.,BGIL,Media & Entertainment,"Film Production, Distribution & Entertainment",7.73,sectors\mediaentertainment.csv
SAB Events & Governance Now Media Ltd.,SABEVENTS,Media & Entertainment,Printing And Publishing,7.28,sectors\mediaentertainment.csv
Padmalaya Telefilms Ltd.,PADMALAYAT,Media & Entertainment,TV Broadcasting & Software Production,6.88,sectors\mediaentertainment.csv
Vision Corporation Ltd.,VISIONCO,Media & Entertainment,"Film Production, Distribution & Entertainment",5.43,sectors\mediaentertainment.csv
Universal Arts Ltd.,UNIVARTS,Media & Entertainment,"Film Production, Distribution & Entertainment",5.27,sectors\mediaentertainment.csv
Nouveau Global Ventures Ltd.,NOUVEAU,Media & Entertainment,"Film Production, Distribution & Entertainment",5.01,sectors\mediaentertainment.csv
Olympic Cards Ltd.,OLPCL,Media & Entertainment,Printing And Publishing,4.73,sectors\mediaentertainment.csv
Purple Agrotech Industries Ltd.,PURPLE,Media & Entertainment,"Film Production, Distribution & Entertainment",4.54,sectors\mediaentertainment.csv
52 Weeks Entertainment Ltd.,SHAQUAK,Media & Entertainment,"Film Production, Distribution & Entertainment",4.5,sectors\mediaentertainment.csv
Navoday Enterprises Ltd.,NAVODAYENT,Media & Entertainment,Advertising & Media,4.39,sectors\mediaentertainment.csv
BMB Music & Magnetics Ltd.,BMBMUMG,Media & Entertainment,"Film Production, Distribution & Entertainment",4.24,sectors\mediaentertainment.csv
Filmcity Media Ltd.,FILME,Media & Entertainment,"Film Production, Distribution & Entertainment",3.58,sectors\mediaentertainment.csv
Encode Packaging India Ltd,ENCODE,Media & Entertainment,Printing And Publishing,3.45,sectors\mediaentertainment.csv
Sea TV Network Ltd.,SEATV,Media & Entertainment,TV Broadcasting & Software Production,3.43,sectors\mediaentertainment.csv
Khyati Multimedia Entertainment Ltd.,KHYATI,Media & Entertainment,"Film Production, Distribution & Entertainment",3.29,sectors\mediaentertainment.csv
Kome-On Communication Ltd.,KOCL,Media & Entertainment,"Film Production, Distribution & Entertainment",2.39,sectors\mediaentertainment.csv
GTT Data Solutions Ltd. - (Rights Entitlements (REs)),GTTDA-RE,Media & Entertainment,"Film Production, Distribution & Entertainment",0.0,sectors\mediaentertainment.csv
GTT Data Solutions Ltd. - (Rights Entitlements (REs)),GTTDATAPP,Media & Entertainment,"Film Production, Distribution & Entertainment",0.0,sectors\mediaentertainment.csv
Bodhi Tree Multimedia Ltd. - (Rights Entitlements (REs)),BTML-RE1,Media & Entertainment,TV Broadcasting & Software Production,0.0,sectors\mediaentertainment.csv
Cyber Media (India) Ltd. - (Rights Entitlements (REs)),CYBER-RE,Media & Entertainment,Printing And Publishing,0.0,sectors\mediaentertainment.csv
New Delhi Television Ltd. - (Rights Entitlements (REs)),NDTV-RE,Media & Entertainment,TV Broadcasting & Software Production,0.0,sectors\mediaentertainment.csv
Shakti Press Ltd. - (Rights Entitlements (REs)),SHAKTI-RE,Media & Entertainment,Printing And Publishing,0.0,sectors\mediaentertainment.csv
Coal India Ltd.,COALINDIA,Mining,Mining & Minerals,251624.2,sectors\mining.csv
NMDC Ltd.,NMDC,Mining,Mining & Minerals,74185.36,sectors\mining.csv
KIOCL Ltd.,KIOCL,Mining,Mining & Minerals,23650.63,sectors\mining.csv
Gujarat Mineral Development Corporation Ltd.,GMDCLTD,Mining,Mining & Minerals,18474.21,sectors\mining.csv
Sandur Manganese & Iron Ores Ltd.,SANDUMA,Mining,Mining & Minerals,9632.17,sectors\mining.csv
Ashapura Minechem Ltd.,ASHAPURMIN,Mining,Mining & Minerals,5764.04,sectors\mining.csv
MOIL Ltd.,MOIL,Mining,Mining & Minerals,5583.63,sectors\mining.csv
Deccan Gold Mines Ltd.,DECNGOLD,Mining,Mining & Minerals,4477.74,sectors\mining.csv
The Orissa Minerals Development Company Ltd.,ORISSAMINE,Mining,Mining & Minerals,2918.52,sectors\mining.csv
20 Microns Ltd.,20MICRONS,Mining,Mining & Minerals,671.33,sectors\mining.csv
ASI Industries Ltd.,ASIIL,Mining,Mining & Minerals,225.19,sectors\mining.csv
RAW Edge Industrial Solutions Ltd.,RAWEDGE,Mining,Mining & Minerals,15.98,sectors\mining.csv
Kachchh Minerals Ltd.,KACHCHH,Mining,Mining & Minerals,14.44,sectors\mining.csv
Rajdarshan Industries Ltd.,ARENTERP,Mining,Mining & Minerals,12.17,sectors\mining.csv
Deccan Gold Mines Ltd. - (Rights Entitlements (REs)),DECNGO-RE,Mining,Mining & Minerals,0.0,sectors\mining.csv
Aegis Vopak Terminals Ltd.,AEGISVOPAK,Miscellaneous,Miscellaneous,29832.67,sectors\miscellaneous.csv
Rubicon Research Ltd.,RUBICON,Miscellaneous,Miscellaneous,26782.24,sectors\miscellaneous.csv
Wework India Management Ltd.,WEWORK,Miscellaneous,Miscellaneous,9809.42,sectors\miscellaneous.csv
Prabha Energy Ltd,PRABHA,Miscellaneous,Miscellaneous,2285.8,sectors\miscellaneous.csv
Qualitek Labs Ltd.,QLL,Miscellaneous,Miscellaneous,498.71,sectors\miscellaneous.csv
Modi Rubber Ltd.,MODIRUBBER,Miscellaneous,Miscellaneous,298.81,sectors\miscellaneous.csv
Vaarad Ventures Ltd.,VAARAD,Miscellaneous,Miscellaneous,220.16,sectors\miscellaneous.csv
Shubhshree Biofuels Energy Ltd.,SHUBHSHREE,Miscellaneous,Miscellaneous,171.94,sectors\miscellaneous.csv
Rajputana Biodiesel Ltd.,RAJPUTANA,Miscellaneous,Miscellaneous,151.22,sectors\miscellaneous.csv
3rd Rock Multimedia Ltd.,3RDROCK,Miscellaneous,Miscellaneous,145.5,sectors\miscellaneous.csv
Value 360 Communications Ltd.,VALUE360,Miscellaneous,Miscellaneous,129.44,sectors\miscellaneous.csv
Shree OSFM E-Mobility Ltd.,SHREEOSFM,Miscellaneous,Miscellaneous,91.5,sectors\miscellaneous.csv
Adtech Systems Ltd.,ADTECH,Miscellaneous,Miscellaneous,62.64,sectors\miscellaneous.csv
Kontor Space Ltd.,KONTOR,Miscellaneous,Miscellaneous,47.98,sectors\miscellaneous.csv
Modipon Ltd.,MODIPON,Miscellaneous,Miscellaneous,39.42,sectors\miscellaneous.csv
Triliance Polymers Ltd.,TRILIANCE,Miscellaneous,Miscellaneous,22.42,sectors\miscellaneous.csv
Square Four Projects India Ltd.,SFPIL,Miscellaneous,Miscellaneous,16.01,sectors\miscellaneous.csv
Associated Coaters Ltd.,ASSOCIATED,Miscellaneous,Miscellaneous,13.59,sectors\miscellaneous.csv
Aarcon Facilities Ltd.,AARCON,Miscellaneous,Miscellaneous,7.22,sectors\miscellaneous.csv
Manor Estates & Industries Ltd.,KARANWO,Miscellaneous,Miscellaneous,6.26,sectors\miscellaneous.csv
Multipurpose Trading & Agencies Ltd.,ZMULTIPU,Miscellaneous,Miscellaneous,4.25,sectors\miscellaneous.csv
Technojet Consultants Ltd.,TECHCON,Miscellaneous,Miscellaneous,1.99,sectors\miscellaneous.csv
Prabha Energy Ltd. - (Rights Entitlements (REs)),PRABHA-RE,Miscellaneous,Miscellaneous,0.0,sectors\miscellaneous.csv
Prabha Energy Ltd. - (Partly Paid-up),PRABHAPP1,Miscellaneous,Miscellaneous,0.0,sectors\miscellaneous.csv
Prabha Energy Ltd. - (Partly Paid-up1),PRABHAPP1,Miscellaneous,Miscellaneous,0.0,sectors\miscellaneous.csv
Hindustan Zinc Ltd.,HINDZINC,Non - Ferrous Metals,Metal - Non Ferrous,237420.67,sectors\nonferrousmetals.csv
Hindalco Industries Ltd.,HINDALCO,Non - Ferrous Metals,Metal - Non Ferrous,232430.64,sectors\nonferrousmetals.csv
Vedanta Aluminium Metal Ltd.,VAML,Non - Ferrous Metals,Aluminium & Aluminium Products,173562.57,sectors\nonferrousmetals.csv
Vedanta Ltd.,VEDL,Non - Ferrous Metals,Metal - Non Ferrous,105384.96,sectors\nonferrousmetals.csv
National Aluminium Company Ltd.,NATIONALUM,Non - Ferrous Metals,Aluminium & Aluminium Products,69057.36,sectors\nonferrousmetals.csv
Hindustan Copper Ltd.,HINDCOPPER,Non - Ferrous Metals,Metal - Non Ferrous,51141.07,sectors\nonferrousmetals.csv
Vedanta Oil and Gas Ltd.,VOGL,Non - Ferrous Metals,Metal - Non Ferrous,14527.09,sectors\nonferrousmetals.csv
Gravita India Ltd.,GRAVITA,Non - Ferrous Metals,Metal - Non Ferrous,13238.28,sectors\nonferrousmetals.csv
Jain Resource Recycling Ltd.,JAINREC,Non - Ferrous Metals,Metal - Non Ferrous,10135.17,sectors\nonferrousmetals.csv
CMR Green Technologies Ltd.,CMRGREEN,Non - Ferrous Metals,Metal - Non Ferrous,4674.64,sectors\nonferrousmetals.csv
Pondy Oxides & Chemicals Ltd.,POCL,Non - Ferrous Metals,Metal - Non Ferrous,3749.07,sectors\nonferrousmetals.csv
Ardee Industries Ltd.,ARDEE,Non - Ferrous Metals,Metal - Non Ferrous,1865.04,sectors\nonferrousmetals.csv
Onix Solar Energy Ltd.,ONIXSOLAR,Non - Ferrous Metals,Metal - Non Ferrous,1456.84,sectors\nonferrousmetals.csv
Arfin India Ltd.,ARFIN,Non - Ferrous Metals,Aluminium & Aluminium Products,1416.43,sectors\nonferrousmetals.csv
Bhagyanagar India Ltd.,BHAGYANGR,Non - Ferrous Metals,Metal - Non Ferrous,1219.94,sectors\nonferrousmetals.csv
MMP Industries Ltd.,MMP,Non - Ferrous Metals,Aluminium & Aluminium Products,857.34,sectors\nonferrousmetals.csv
Baheti Recycling Industries Ltd.,BAHETI,Non - Ferrous Metals,Aluminium & Aluminium Products,821.13,sectors\nonferrousmetals.csv
Maan Aluminium Ltd.,MAANALU,Non - Ferrous Metals,Aluminium & Aluminium Products,724.02,sectors\nonferrousmetals.csv
Sunlite Recycling Industries Ltd.,SUNLITE,Non - Ferrous Metals,Metal - Non Ferrous,640.94,sectors\nonferrousmetals.csv
JTL Defence Ltd.,JTLDEFENCE,Non - Ferrous Metals,Metal - Non Ferrous,543.47,sectors\nonferrousmetals.csv
Pocl Enterprises Ltd.,POEL,Non - Ferrous Metals,Metal - Non Ferrous,500.26,sectors\nonferrousmetals.csv
HRS Aluglaze Ltd.,HRS,Non - Ferrous Metals,Aluminium & Aluminium Products,483.02,sectors\nonferrousmetals.csv
ANB Metal Cast Ltd.,AMCL,Non - Ferrous Metals,Metal - Non Ferrous,463.92,sectors\nonferrousmetals.csv
Mardia Samyoung Capillary Tubes Co Ltd.,MSCTC,Non - Ferrous Metals,Metal - Non Ferrous,460.08,sectors\nonferrousmetals.csv
Nile Ltd.,NILE,Non - Ferrous Metals,Metal - Non Ferrous,446.98,sectors\nonferrousmetals.csv
Msafe Equipments Ltd.,MSAFE,Non - Ferrous Metals,Aluminium & Aluminium Products,432.48,sectors\nonferrousmetals.csv
Shera Energy Ltd.,SHERA,Non - Ferrous Metals,Metal - Non Ferrous,416.81,sectors\nonferrousmetals.csv
Euro Panel Products Ltd.,EUROBOND,Non - Ferrous Metals,Aluminium & Aluminium Products,391.88,sectors\nonferrousmetals.csv
Jainik Power Cables Ltd.,JAINIK,Non - Ferrous Metals,Aluminium & Aluminium Products,297.0,sectors\nonferrousmetals.csv
Parmeshwar Metal Ltd.,PARMESHWAR,Non - Ferrous Metals,Metal - Non Ferrous,292.34,sectors\nonferrousmetals.csv
Manaksia Aluminium Company Ltd.,MANAKALUCO,Non - Ferrous Metals,Aluminium & Aluminium Products,259.38,sectors\nonferrousmetals.csv
PG Foils Ltd.,PGFOILQ,Non - Ferrous Metals,Aluminium & Aluminium Products,254.24,sectors\nonferrousmetals.csv
Century Extrusions Ltd.,CENTEXT,Non - Ferrous Metals,Aluminium & Aluminium Products,171.04,sectors\nonferrousmetals.csv
Baroda Extrusion Ltd.,BAROEXT,Non - Ferrous Metals,Metal - Non Ferrous,165.61,sectors\nonferrousmetals.csv
M Tek Copper Ltd.,MCL,Non - Ferrous Metals,Metal - Non Ferrous,155.26,sectors\nonferrousmetals.csv
Rajputana Industries Ltd.,RAJINDLTD,Non - Ferrous Metals,Metal - Non Ferrous,151.06,sectors\nonferrousmetals.csv
Sharvaya Metals Ltd.,SHARVAYA,Non - Ferrous Metals,Aluminium & Aluminium Products,146.34,sectors\nonferrousmetals.csv
Cubex Tubings Ltd.,CUBEXTUB,Non - Ferrous Metals,Metal - Non Ferrous,118.76,sectors\nonferrousmetals.csv
Narmadesh Brass Industries Ltd.,NARMADESH,Non - Ferrous Metals,Metal - Non Ferrous,96.12,sectors\nonferrousmetals.csv
Rajnandini Metal Ltd.,RAJMET,Non - Ferrous Metals,Metal - Non Ferrous,88.75,sectors\nonferrousmetals.csv
Siyaram Recycling Industries Ltd.,SIYARAM,Non - Ferrous Metals,Metal - Non Ferrous,81.71,sectors\nonferrousmetals.csv
Shalimar Wires Industries Ltd.,SHALIWIR,Non - Ferrous Metals,Metal - Non Ferrous,81.28,sectors\nonferrousmetals.csv
Bonlon Industries Ltd.,BONLON,Non - Ferrous Metals,Metal - Non Ferrous,69.63,sectors\nonferrousmetals.csv
Hind Aluminium Industries Ltd.,HINDALUMI,Non - Ferrous Metals,Aluminium & Aluminium Products,62.09,sectors\nonferrousmetals.csv
Palco Metals Ltd.,PALCO,Non - Ferrous Metals,Aluminium & Aluminium Products,60.82,sectors\nonferrousmetals.csv
Sacheta Metals Ltd.,SACHEMT,Non - Ferrous Metals,Aluminium & Aluminium Products,47.25,sectors\nonferrousmetals.csv
Sagardeep Alloys Ltd.,SAGARDEEP,Non - Ferrous Metals,Metal - Non Ferrous,40.44,sectors\nonferrousmetals.csv
Jivial Industries Ltd.,JIVIAL,Non - Ferrous Metals,Aluminium & Aluminium Products,37.65,sectors\nonferrousmetals.csv
Kanishk Aluminium India Ltd.,KANISHK,Non - Ferrous Metals,Aluminium & Aluminium Products,33.6,sectors\nonferrousmetals.csv
Sampat Aluminium Ltd.,SAMPAT,Non - Ferrous Metals,Aluminium & Aluminium Products,32.23,sectors\nonferrousmetals.csv
Nirav Commercials Ltd.,NIRAVCOM,Non - Ferrous Metals,Aluminium & Aluminium Products,26.81,sectors\nonferrousmetals.csv
Om Metallogic Ltd.,OML,Non - Ferrous Metals,Aluminium & Aluminium Products,25.05,sectors\nonferrousmetals.csv
Sudal Industries Ltd.,SUDAI,Non - Ferrous Metals,Aluminium & Aluminium Products,24.79,sectors\nonferrousmetals.csv
Southern Magnesium & Chemicals Ltd.,SOUTHMG,Non - Ferrous Metals,Metal - Non Ferrous,21.14,sectors\nonferrousmetals.csv
MSR Copper Ltd.,MSRINDIA,Non - Ferrous Metals,Metal - Non Ferrous,19.05,sectors\nonferrousmetals.csv
ND Metal Industries Ltd.,NDMETAL,Non - Ferrous Metals,Metal - Non Ferrous,18.72,sectors\nonferrousmetals.csv
Poojawestern Metaliks Ltd.,POOJA,Non - Ferrous Metals,Metal - Non Ferrous,17.63,sectors\nonferrousmetals.csv
Krupalu Metals Ltd.,KRUPALU,Non - Ferrous Metals,Metal - Non Ferrous,16.24,sectors\nonferrousmetals.csv
Galada Power & Telecommunication Ltd.,GALADA,Non - Ferrous Metals,Aluminium & Aluminium Products,14.05,sectors\nonferrousmetals.csv
B.C. Power Controls Ltd.,BCP,Non - Ferrous Metals,Metal - Non Ferrous,13.61,sectors\nonferrousmetals.csv
Starlit Power Systems Ltd.,STARLIT,Non - Ferrous Metals,Metal - Non Ferrous,3.61,sectors\nonferrousmetals.csv
Onix Solar Energy Ltd. - (Rights Entitlements (REs)),ONIX-RE,Non - Ferrous Metals,Metal - Non Ferrous,0.0,sectors\nonferrousmetals.csv
Physicswallah Ltd.,PWL,Other,Educational Institutions,33998.39,sectors\other.csv
NBCC (India) Ltd.,NBCC,Other,Engineering Consultancy,24097.5,sectors\other.csv
Urban Company Ltd.,URBANCO,Other,Professional Services,22261.38,sectors\other.csv
Prime Focus Ltd.,PFOCUS,Other,Business Support,20929.55,sectors\other.csv
Sagility Ltd.,SAGILITY,Other,Business Support,19778.61,sectors\other.csv
Central Mine Planning & Design Institute Ltd.,CMPDI,Other,Engineering Consultancy,16943.22,sectors\other.csv
International Gemological Institute Ltd.,IGIL,Other,Business Support,14952.73,sectors\other.csv
Indegene Ltd.,INDGN,Other,Business Support,13364.0,sectors\other.csv
VA Tech Wabag Ltd.,WABAG,Other,Environmental Services,11882.41,sectors\other.csv
Rites Ltd.,RITES,Other,Engineering Consultancy,10630.96,sectors\other.csv
Nesco Ltd.,NESCO,Other,Business Support,7320.09,sectors\other.csv
Leap India Ltd.,LEAPIND,Other,Business Support,6392.18,sectors\other.csv
SIS Ltd.,SIS,Other,Professional Services,6079.35,sectors\other.csv
Latent View Analytics Ltd.,LATENTVIEW,Other,Business Support,5891.15,sectors\other.csv
Smartworks Coworking Spaces Ltd.,SMARTWORKS,Other,Business Support,5585.23,sectors\other.csv
Ion Exchange (India) Ltd.,IONEXCHANG,Other,Environmental Services,5475.06,sectors\other.csv
CMS Info Systems Ltd.,CMSINFO,Other,Business Support,4219.27,sectors\other.csv
Indiqube Spaces Ltd.,INDIQUBE,Other,Business Support,3823.38,sectors\other.csv
Shanti Educational Initiatives Ltd.,SEIL,Other,Educational Institutions,3422.86,sectors\other.csv
Crizac Ltd.,CRIZAC,Other,Educational Institutions,3135.69,sectors\other.csv
BLS E-Services Ltd.,BLSE,Other,Professional Services,2863.8,sectors\other.csv
EFC (I) Ltd.,EFCIL,Other,Business Support,2659.33,sectors\other.csv
Medi Assist Healthcare Services Ltd.,MEDIASSIST,Other,Business Support,2607.84,sectors\other.csv
Veranda Learning Solutions Ltd.,VERANDA,Other,Educational Institutions,2366.86,sectors\other.csv
TeamLease Services Ltd.,TEAMLEASE,Other,Professional Services,1910.86,sectors\other.csv
Awfis Space Solutions Ltd.,AWFIS,Other,Business Support,1909.31,sectors\other.csv
Kapston Services Ltd.,KAPSTON,Other,Professional Services,1790.63,sectors\other.csv
Media Matrix Worldwide Ltd,MMWL,Other,Business Support,1788.6,sectors\other.csv
Bluspring Enterprises Ltd.,BLUSPRING,Other,Professional Services,1658.73,sectors\other.csv
Updater Services Ltd.,UDS,Other,Professional Services,1415.06,sectors\other.csv
Gretex Corporate Services Ltd.,GCSL,Other,Professional Services,1254.96,sectors\other.csv
Antony Waste Handling Cell Ltd.,AWHCL,Other,Environmental Services,1108.46,sectors\other.csv
Jaro Institute of Technology Management and Research Ltd.,JARO,Other,Educational Institutions,1007.4,sectors\other.csv
TAC Infosec Ltd.,TAC,Other,Business Support,972.78,sectors\other.csv
Eco Recycling Ltd.,ECORECO,Other,Environmental Services,962.79,sectors\other.csv
Krystal Integrated Services Ltd,KRYSTAL,Other,Professional Services,866.26,sectors\other.csv
JITF Infralogistics Ltd.,JITFINFRA,Other,Business Support,814.04,sectors\other.csv
Exhicon Events Media Solutions Ltd.,EXHICON,Other,Professional Services,799.94,sectors\other.csv
Ecos (India) Mobility & Hospitality Ltd.,ECOSMOBLTY,Other,Business Support,720.3,sectors\other.csv
Innovision Ltd.,INNOVISION,Other,Professional Services,675.11,sectors\other.csv
Namo Ewaste Management Ltd.,NAMOEWASTE,Other,Environmental Services,626.57,sectors\other.csv
Concord Enviro Systems Ltd.,CEWATER,Other,Environmental Services,547.42,sectors\other.csv
Global Education Ltd.,GLOBAL,Other,Educational Institutions,541.69,sectors\other.csv
Mold-Tek Technologies Ltd.,MOLDTECH,Other,Engineering Consultancy,539.09,sectors\other.csv
PTL Enterprises Ltd.,PTL,Other,Business Support,513.36,sectors\other.csv
Majestic Auto Ltd.,MAJESAUT,Other,Business Support,394.38,sectors\other.csv
Radiant Cash Management Services Ltd.,RADIANTCMS,Other,Business Support,386.39,sectors\other.csv
Apex Ecotech Ltd.,APEXECO,Other,Environmental Services,382.37,sectors\other.csv
Trishakti Industries Ltd.,TRISHAKT,Other,Business Support,375.42,sectors\other.csv
Career Point Edutech Ltd.,CPEDU,Other,Educational Institutions,369.59,sectors\other.csv
Teja Engineering Industries Ltd.,TEJA,Other,Professional Services,347.72,sectors\other.csv
Felix Industries Ltd.,FELIX,Other,Environmental Services,327.95,sectors\other.csv
Monarch Surveyors and Engineering Consultants Ltd.,MSECL,Other,Engineering Consultancy,322.4,sectors\other.csv
CL Educate Ltd.,CLEDUCATE,Other,Educational Institutions,319.41,sectors\other.csv
Arihant Academy Ltd.,ARIHANTACA,Other,Educational Institutions,302.49,sectors\other.csv
Likhami Consulting Ltd.,LIKHAMI,Other,Engineering Consultancy,297.5,sectors\other.csv
ITCONS E-Solutions Ltd.,ITCONS,Other,Professional Services,293.99,sectors\other.csv
Mercantile Ventures Ltd.,MERCANTILE,Other,Business Support,269.76,sectors\other.csv
Zee Learn Ltd.,ZEELEARN,Other,Educational Institutions,265.46,sectors\other.csv
Voler Car Ltd.,VOLERCAR,Other,Business Support,246.83,sectors\other.csv
PE Analytics Ltd.,PROPEQUITY,Other,Professional Services,239.36,sectors\other.csv
Clear Secured Services Ltd.,CSSL,Other,Professional Services,239.27,sectors\other.csv
CP Capital Ltd.,CPCAP,Other,Educational Institutions,230.87,sectors\other.csv
Aarvi Encon Ltd.,AARVI,Other,Professional Services,228.82,sectors\other.csv
Bharatrohan Airborne Innovations Ltd.,BHARATROHAN,Other,Business Support,227.12,sectors\other.csv
EKI Energy Services Ltd.,EKI,Other,Business Support,225.23,sectors\other.csv
Marc Technocrats Ltd.,MARC,Other,Professional Services,225.07,sectors\other.csv
Integrated Personnel Services Ltd.,IPSL,Other,Professional Services,219.58,sectors\other.csv
Dhara Rail Projects Ltd.,DHARARAIL,Other,Business Support,213.14,sectors\other.csv
Maruti Interior Products Ltd.,SPITZE,Other,Professional Services,208.83,sectors\other.csv
Flywings Simulator Training Centre Ltd.,FWSTC,Other,Educational Institutions,201.25,sectors\other.csv
Bilcare Ltd.,BI,Other,Professional Services,181.58,sectors\other.csv
DU Digital Global Ltd.,DUGLOBAL,Other,Professional Services,179.85,sectors\other.csv
EMA Partners India Ltd.,EMAPARTNER,Other,Professional Services,178.14,sectors\other.csv
Quint Digital Ltd.,QUINT,Other,Business Support,173.58,sectors\other.csv
Race Eco Chain Ltd.,RACE,Other,Environmental Services,172.05,sectors\other.csv
GV Electricals Ltd.,GVELECTRIC,Other,Business Support,168.96,sectors\other.csv
HVAX Technologies Ltd.,HVAX,Other,Engineering Consultancy,168.0,sectors\other.csv
Justo Realfintech Ltd.,JUSTO,Other,Business Support,167.3,sectors\other.csv
Telge Projects Ltd.,TELGE,Other,Engineering Consultancy,164.92,sectors\other.csv
Golden Crest Education & Services Ltd.,GOLDENCREST,Other,Educational Institutions,163.72,sectors\other.csv
Infollion Research Services Ltd.,INFOLLION,Other,Business Support,155.26,sectors\other.csv
Fusion Klassroom Edutech Ltd.,KLASSROOM,Other,Educational Institutions,151.87,sectors\other.csv
Lloyds Luxuries Ltd.,LLOYDS,Other,Professional Services,151.81,sectors\other.csv
Focus Business Solution Ltd.,FOCUS,Other,Business Support,145.74,sectors\other.csv
Spectrum Talent Management Ltd.,SPECTSTM,Other,Professional Services,144.33,sectors\other.csv
Swadeshi Polytex Ltd.,SWADPOL,Other,Business Support,141.69,sectors\other.csv
Mitcon Consultancy & Engineering Services Ltd.,MITCON,Other,Business Support,138.63,sectors\other.csv
Winsol Engineers Ltd.,WINSOL,Other,Engineering Consultancy,127.81,sectors\other.csv
Urban Enviro Waste Management Ltd.,URBAN,Other,Environmental Services,127.3,sectors\other.csv
Crown Lifters Ltd.,CROWN,Other,Business Support,125.1,sectors\other.csv
Rudrabhishek Enterprises Ltd.,REPL,Other,Professional Services,115.98,sectors\other.csv
Matrix Geo Solutions Ltd.,MGSL,Other,Professional Services,113.59,sectors\other.csv
KHFM Hospitality and Facility Management Services Ltd.,KHFM,Other,Professional Services,112.43,sectors\other.csv
Moxsh Overseas Educon Ltd.,MOXSH,Other,Educational Institutions,103.56,sectors\other.csv
RESGEN Ltd.,RESGEN,Other,Environmental Services,101.08,sectors\other.csv
Party Cruisers Ltd.,PARTYCRUS,Other,Professional Services,99.52,sectors\other.csv
Techknowgreen Solutions Ltd.,TECHKGREEN,Other,Business Support,98.19,sectors\other.csv
Propshop Events And Exhibitions Ltd.,PROPSHOP,Other,Professional Services,97.37,sectors\other.csv
Nis Management Ltd.,NISMGMT,Other,Professional Services,96.03,sectors\other.csv
Drone Destination Ltd.,DRONE,Other,Professional Services,93.82,sectors\other.csv
Banka Bioloo Ltd.,BANKA,Other,Environmental Services,89.34,sectors\other.csv
Silicon Rental Solutions Ltd.,SRSOLTD,Other,Business Support,89.07,sectors\other.csv
Choksi Laboratories Ltd.,CHOKSILA,Other,Business Support,86.23,sectors\other.csv
Droneacharya Aerial Innovations Ltd.,DRONACHRYA,Other,Professional Services,85.71,sectors\other.csv
Ascensive Educare Ltd.,ASCENSIVE,Other,Educational Institutions,84.82,sectors\other.csv
Nukleus Office Solutions Ltd.,NUKLEUS,Other,Business Support,84.55,sectors\other.csv
Service Care Ltd.,SERVICE,Other,Professional Services,83.97,sectors\other.csv
Sodhani Academy Of Fintech Enablers Ltd.,SAFE,Other,Educational Institutions,83.15,sectors\other.csv
Ironwood Education Ltd.,IRONWOOD,Other,Educational Institutions,82.23,sectors\other.csv
Dynavision Ltd.,DYNAVSN,Other,Business Support,80.66,sectors\other.csv
GEM Enviro Management Ltd.,GEMENVIRO,Other,Environmental Services,75.95,sectors\other.csv
AMPVOLTS Ltd.,AMPVOLTS,Other,Business Support,74.64,sectors\other.csv
Greenleaf Envirotech Ltd.,GREENLEAF,Other,Environmental Services,74.23,sectors\other.csv
Touchwood Entertainment Ltd.,TOUCHWOOD,Other,Professional Services,71.74,sectors\other.csv
Chatterbox Technologies Ltd.,CHTR,Other,Professional Services,69.3,sectors\other.csv
Addictive Learning Technology Ltd.,ADDICTIVE,Other,Educational Institutions,67.06,sectors\other.csv
Future Market Networks Ltd.,FMNL,Other,Business Support,62.56,sectors\other.csv
Icon Facilitators Ltd.,ICON,Other,Business Support,61.25,sectors\other.csv
Sagarsoft (India) Ltd.,SAGARSOFT,Other,Professional Services,59.45,sectors\other.csv
Starlog Enterprises Ltd.,STARLOG,Other,Business Support,58.43,sectors\other.csv
Share Samadhan Ltd.,SSL,Other,Professional Services,56.6,sectors\other.csv
Supreme Facility Management Ltd.,SFML,Other,Professional Services,54.5,sectors\other.csv
Cella Space Ltd.,CELLA,Other,Business Support,52.68,sectors\other.csv
Yash Innoventures Ltd.,YASHINNO,Other,Business Support,50.68,sectors\other.csv
Rithwik Facility Management Services Ltd.,RITHWIKFMS,Other,Professional Services,47.74,sectors\other.csv
Moving Media Entertainment Ltd.,MMEL,Other,Business Support,46.45,sectors\other.csv
Dhruv Consultancy Services Ltd.,DHRUV,Other,Engineering Consultancy,44.95,sectors\other.csv
PAN HR Solution Ltd.,PANHR,Other,Professional Services,42.0,sectors\other.csv
Nirmitee Robotics India Ltd.,NIRMITEE,Other,Professional Services,41.41,sectors\other.csv
Happy Square Outsourcing Services Ltd.,WHITEFORCE,Other,Professional Services,40.2,sectors\other.csv
Toyam Sports Ltd.,TOYAMSL,Other,Professional Services,39.29,sectors\other.csv
Artefact Projects Ltd.,ARTEFACT,Other,Engineering Consultancy,38.56,sectors\other.csv
Evans Electric Ltd.,EVANS,Other,Business Support,38.42,sectors\other.csv
Toss the Coin Ltd.,TTC,Other,Business Support,37.78,sectors\other.csv
Innovatus Entertainment Networks Ltd.,INNOVATUS,Other,Professional Services,34.25,sectors\other.csv
Swasti Vinayaka Art & Heritage Corporation Ltd.,SVARTCORP,Other,Business Support,32.49,sectors\other.csv
Vantage Knowledge Academy Ltd.,VKAL,Other,Educational Institutions,32.44,sectors\other.csv
Armour Security (India) Ltd.,ARMOUR,Other,Professional Services,31.38,sectors\other.csv
Blue Pebble Ltd.,BLUEPEBBLE,Other,Engineering Consultancy,29.58,sectors\other.csv
Chordia Food Products Ltd.,CHORDIA,Other,Business Support,29.0,sectors\other.csv
Seemax Resources Ltd.,SEEMAX,Other,Business Support,27.72,sectors\other.csv
Gulf Lloyds (India) Ltd.,GULF,Other,Professional Services,27.49,sectors\other.csv
AGS Transact Technologies Ltd.,AGSTRA,Other,Business Support,26.33,sectors\other.csv
Tree House Education & Accessories Ltd.,TREEHOUSE,Other,Educational Institutions,26.02,sectors\other.csv
DMR Engineering Ltd.,DMR,Other,Engineering Consultancy,25.99,sectors\other.csv
Virtual Global Education Ltd.,VIRTUALG,Other,Educational Institutions,23.78,sectors\other.csv
Manglam Infra & Engineering Ltd.,MIEL,Other,Engineering Consultancy,22.88,sectors\other.csv
Abhishek Integrations Ltd.,AILIMITED,Other,Business Support,22.72,sectors\other.csv
Landmark Global Learning Ltd.,LGLL,Other,Professional Services,22.61,sectors\other.csv
Safecure Services Ltd.,SAFECURE,Other,Professional Services,21.76,sectors\other.csv
Transgene Biotek Ltd.,TRABI,Other,Business Support,21.14,sectors\other.csv
DRA Consultants Ltd.,DRA,Other,Engineering Consultancy,20.24,sectors\other.csv
IMEC Services Ltd.,IMEC,Other,Professional Services,19.23,sectors\other.csv
Rajasthan Petro Synthetics Ltd.,RAJSPTR,Other,Professional Services,15.78,sectors\other.csv
Omkar Pharmachem Ltd.,OMKARPH,Other,Business Support,15.13,sectors\other.csv
Vanta Bioscience Ltd.,VANTABIO,Other,Business Support,13.97,sectors\other.csv
MT Educare Ltd.,MTEDUCARE,Other,Educational Institutions,13.51,sectors\other.csv
Suvidha Infraestate Corporation Ltd.,SICL,Other,Business Support,11.77,sectors\other.csv
Shangar Decor Ltd.,SHANGAR,Other,Business Support,11.75,sectors\other.csv
Sanghvi Brands Ltd.,SBRANDS,Other,Professional Services,11.38,sectors\other.csv
Humming Bird Education Ltd.,HBEL,Other,Educational Institutions,11.16,sectors\other.csv
Kaarya Facilities And Services Ltd.,KAARYAFSL,Other,Professional Services,10.84,sectors\other.csv
Tarini International Ltd.,TARINI,Other,Engineering Consultancy,10.79,sectors\other.csv
Docmode Health Technologies Ltd.,DHTL,Other,Educational Institutions,10.42,sectors\other.csv
Western Overseas Study Abroad Ltd.,WOSAL,Other,Educational Institutions,9.8,sectors\other.csv
Jayatma Enterprises Ltd.,JAYATMA,Other,Business Support,8.56,sectors\other.csv
Winny Immigration & Education Services Ltd.,WINNY,Other,Professional Services,6.97,sectors\other.csv
Kuberan Global Edu Solutions Ltd.,KGES,Other,Educational Institutions,6.74,sectors\other.csv
Falcon Technoprojects India Ltd.,FALCONTECH,Other,Engineering Consultancy,6.62,sectors\other.csv
Swagtam Trading & Services Ltd.,SWAGTAM,Other,Business Support,6.33,sectors\other.csv
Automobile Products Of India Ltd.,AUTOPRD,Other,Business Support,4.44,sectors\other.csv
ACE EduTrend Ltd.,ACEEDU,Other,Educational Institutions,4.31,sectors\other.csv
Shyama Computronics And Services Ltd.,SHYAMACOMP,Other,Business Support,3.65,sectors\other.csv
Sundaram Finance Holdings Ltd. - Rights Entitlement,SFHL-RE,Other,Other,0.0,sectors\other.csv
Aurum PropTech Ltd.- Partly Paid up Equity Shares (Rights Issue),AURUMPP1,Other,Other,0.0,sectors\other.csv
Tembo Global Industries Ltd. - (Rights Entitlement ),TEMBO-RE,Other,Other,0.0,sectors\other.csv
Libas Consumer Products Ltd. (Rights Entitlement),LIBAS-RE,Other,Other,0.0,sectors\other.csv
Ajooni Biotech Ltd. - (Rights Entitlements (REs)),AJOONI-RE,Other,Other,0.0,sectors\other.csv
Akg Exim Ltd. - (AKG-RE),AKG-RE,Other,Other,0.0,sectors\other.csv
Destiny Logistics & Infra Ltd. - RE,DESTIN-RE,Other,Other,0.0,sectors\other.csv
Mittal Life Style Ltd. - RE,MITTAL-RE,Other,Other,0.0,sectors\other.csv
Khfm Hospitality And Facility Management Services Ltd. - RE,KHFM-RE,Other,Other,0.0,sectors\other.csv
Bright Solar Ltd. - (BRIGHT-RE),BRIGHT-RE,Other,Other,0.0,sectors\other.csv
Godha Cabcon & Insulation Ltd. - (Rights Entitlements),GODHA-RE,Other,Unspecified,0.0,sectors\other.csv
Debock Industries Ltd. - RE,DIL-RE,Other,Other,0.0,sectors\other.csv
Shree Ram Proteins Ltd. - (SRPL-RE),SRPL-RE,Other,Other,0.0,sectors\other.csv
Vaxtex Cotfab Ltd. - (VCL-RE),VCL-RE,Other,Other,0.0,sectors\other.csv
Perfect infraengineers Ltd. - (Rights Entitlement),PERF-RE,Other,Other,0.0,sectors\other.csv
Perfect Infraengineers Ltd. - (Partly Paidup),PERFECTPP,Other,Unspecified,0.0,sectors\other.csv
Varanium Cloud Ltd. - (Rights Entitlement),CLOUD-RE,Other,Other,0.0,sectors\other.csv
Dudigital Global Ltd. - (Dudigital Global Ltd-RE),DUDIG-RE,Other,Other,0.0,sectors\other.csv
Globe International Carriers Ltd. - (Rights Entitlements),GICL-RE,Other,Other,0.0,sectors\other.csv
Marshall Machines Ltd. - (Marshall Machines Ltd-RE),MARSHAL-RE,Other,Other,0.0,sectors\other.csv
Grasim Industries Ltd. - (Rights Issue Partly Paidup),GRASIMPP1,Other,Other,0.0,sectors\other.csv
Nagreeka Exports Ltd. - (Rights Entitlements pursuant),NAGREE-RE,Other,Other,0.0,sectors\other.csv
Silgo Retail Ltd. - (Rights Entitlements (REs)),SILGO-RE,Other,Other,0.0,sectors\other.csv
Globe Textiles (India) Ltd. - (Rights Entitlement),Globe-RE,Other,Other,0.0,sectors\other.csv
Adroit Infotech Ltd. - (Rights Entitlements (REs)),ADROITPP,Other,Other,0.0,sectors\other.csv
Yarn Syndicate Ltd. - (Rights Entitlements (REs)),YARNPP,Other,Other,0.0,sectors\other.csv
Sanginita Chemicals Ltd. - (Rights Entitlement,SANG-RE,Other,Other,0.0,sectors\other.csv
Ajooni Biotech Ltd. - (Rights Entitlements (REs)),AJOONI-RE1,Other,Other,0.0,sectors\other.csv
Iykot Hitech Toolroom Ltd. - (Partly Paid-up Equity Shares (Rights Issue),IYKOTPP,Other,Other,0.0,sectors\other.csv
Kshitij Polyline Ltd. - (Rights Entitlements),KSHITI-RE,Other,Other,0.0,sectors\other.csv
Mitcon Consultancy & Engineering Services Ltd. - (Rights Entitlements),MITCON-RE,Other,Other,0.0,sectors\other.csv
Nandani Creation Ltd. (Rights Entitlement),NANDANI-RE,Other,Other,0.0,sectors\other.csv
Sar Televenture Ltd. - (Rights Entitlements),SARTE-RE,Other,Other,0.0,sectors\other.csv
Nakoda Group of Industries Ltd. - (NGILPP),NGILPP,Other,Other,0.0,sectors\other.csv
Sobha Ltd. - Partly Paid-up Equity Shares (Rights Issue),SOBHAPP,Other,Other,0.0,sectors\other.csv
Globesecure Technologies Ltd. - (Rights Entitlements),GSTL-RE,Other,Other,0.0,sectors\other.csv
Adroit Infotech Ltd. - Partly Paid Up,ADROITPP1,Other,Unspecified,0.0,sectors\other.csv
Nirman Agri Genetics Ltd. - (Rights Entitlements),NIRMAN-RE,Other,Other,0.0,sectors\other.csv
MITCON Consultancy & Engineering Services Ltd. - (Parly Paidup),MITCONPP,Other,Other,0.0,sectors\other.csv
Sharat Industries Ltd - Partly Paid-up Equity Shares (Rights Issue),890207,Other,Other,0.0,sectors\other.csv
Sahana System Ltd. - (Right Entitlements),SAHANA-RE,Other,Other,0.0,sectors\other.csv
Mittal Life Style Ltd. - (Rights Entitlements),MITTAL-RE1,Other,Other,0.0,sectors\other.csv
Mercury Trade Links Ltd. - (Rights Entitlements (REs)),MERTRA-RE,Other,Other,0.0,sectors\other.csv
Shangar Decor Ltd. - (Rights Entitlements (REs)),SHADEC-RE,Other,Business Support,0.0,sectors\other.csv
Dmr Hydroengineering And Infrastructures Ltd. - (Rights Entitlements (REs)),DMRHYD-RE,Other,Engineering Consultancy,0.0,sectors\other.csv
Nakoda Group Of Industries Ltd. - (Partly Paidup),NGILPP1,Other,Other,0.0,sectors\other.csv
Scanpoint Geomatics Ltd. - (Rights Entitlements (REs)),SCANPG-RE3,Other,Unspecified,0.0,sectors\other.csv
UPL Ltd.- (Rights Entitlements (REs)),UPL-RE,Other,Unspecified,0.0,sectors\other.csv
Viceroy Hotels Ltd. - (Rights Entitlements (REs)),VHLTD-RE,Other,Other,0.0,sectors\other.csv
Globe Textiles (India) Ltd. - (Rights Entitlements),GLOBE-RE1,Other,Other,0.0,sectors\other.csv
Iris Clothings Ltd. - (Rights Entitlement),IRIS-RE,Other,Other,0.0,sectors\other.csv
A B Infrabuild Ltd. - (ABIN-RE1),ABIN-RE1,Other,Other,0.0,sectors\other.csv
Lloyds Engineering Works Ltd. - (Rights Entitlements (REs)),LLOYDS-RE1,Other,Other,0.0,sectors\other.csv
Growington Ventures India Ltd. - (Rights Entitlements (REs)),GROWIN-RE,Other,Other,0.0,sectors\other.csv
Avantel Ltd. - (Rights Entitlements (REs)),AVANTEL-RE,Other,Other,0.0,sectors\other.csv
Alan Scott Industries Ltd. - (Rights Entitlements (REs)),ALAN-RE1,Other,Other,0.0,sectors\other.csv
Solara Active Pharma Sciences Ltd. - (Partly Paidup),SOLARAPP1,Other,Other,0.0,sectors\other.csv
Sattva Sukun Lifecare Ltd. - (Rights Entitlements (REs)),SATTVA-RE,Other,Other,0.0,sectors\other.csv
Accent Microcell Ltd. - (Rights Entitlements),ACCENT-RE,Other,Other,0.0,sectors\other.csv
IFL Enterprises Ltd. - (Rights Entitlements (REs)),IFL-RE1,Other,Other,0.0,sectors\other.csv
7NR Retail Ltd. - (Rights Entitlements (REs),7NR-RE1,Other,Other,0.0,sectors\other.csv
Knowledge Realty Trust,KRT,Other,Business Support,0.0,sectors\other.csv
Infibeam Avenues Ltd. - (Rights Entitlements (REs)),INFIBE-RE,Other,Other,0.0,sectors\other.csv
Aplab Ltd. -  Partly Paid-up Equity Shares (Rights Issue),APLABPP,Other,Other,0.0,sectors\other.csv
GVP Infotech Ltd. - (Rights Entitlement (RE)),GVPTECH-RE,Other,Other,0.0,sectors\other.csv
Gsm Foils Ltd. - (Rights Entitlements),GSM-RE,Other,Other,0.0,sectors\other.csv
QMS Medical Allied Services Ltd. - (Rights Entitlements),QMSMEDI-RE,Other,Other,0.0,sectors\other.csv
Lloyds Enterprises Ltd- Partly Paid-up Equity Shares (Rights Issue),LLOYDPP,Other,Other,0.0,sectors\other.csv
Mehai Technology Ltd. - (Rights Entitlements (REs)),MEHAI-RE,Other,Other,0.0,sectors\other.csv
Wardwizard Innovations & Mobility Ltd. - (Rights Entitlements (REs)),WARWIZ-RE,Other,Other,0.0,sectors\other.csv
Eco Hotels and Resorts Ltd- (Partly Paid-up Equity Shares (Rights Issue)),ECOPP,Other,Other,0.0,sectors\other.csv
Indian Emulsifiers Ltd. - RE,IEML-RE,Other,Other,0.0,sectors\other.csv
Silgo Retail Ltd. - (Rights Entitlements),SILGO-RE1,Other,Unspecified,0.0,sectors\other.csv
Durlax Top Surface Ltd. - RE,DURLAX-RE,Other,Other,0.0,sectors\other.csv
Oneclick Logistics Ltd. - RE,OLIL-RE,Other,Other,0.0,sectors\other.csv
JFL Life Sciences Ltd. - (Rights Entitlement),JFL-RE,Other,Other,0.0,sectors\other.csv
Maruti Interior Products Ltd. - (Rights Entitlements (REs)),SPITZE-RE,Other,Professional Services,0.0,sectors\other.csv
Property Share Investment Trust - PropShare Celestia,PSCELESTIA,Other,Unspecified,0.0,sectors\other.csv
Falcon Technoprojects India Ltd. - (Rights Entitlements (REs)),FALTECH-RE,Other,Engineering Consultancy,0.0,sectors\other.csv
Citius Transnet Investment Trust,CITIUSINVT,Other,Unspecified,0.0,sectors\other.csv
Automobile Products Of India Ltd. - (Rights Entitlements (REs)),AUTOPRD-RE,Other,Business Support,0.0,sectors\other.csv
Bagmane Prime Office REIT,BAGMANE,Other,Unspecified,0.0,sectors\other.csv
EFC (I) Ltd. - (Rights Entitlements (REs)),EFCIL-RE,Other,Business Support,0.0,sectors\other.csv
Steelco Gujarat Ltd. - (Rights Entitlements (REs)),STEEL-RE,Other,Other,0.0,sectors\other.csv
Onix Solar Energy Ltd. - (Rights Entitlements (REs)),ONIX-RE1,Other,Other,0.0,sectors\other.csv
JK Paper Ltd.,JKPAPER,Paper,Paper & Paper Products,6884.67,sectors\paper.csv
West Coast Paper Mills Ltd.,WSTCSTPAPR,Paper,Paper & Paper Products,4027.0,sectors\paper.csv
KS Smart Technologies Ltd.,KSSMART,Paper,Paper & Paper Products,1807.41,sectors\paper.csv
Seshasayee Paper and Boards Ltd.,SESHAPAPER,Paper,Paper & Paper Products,1461.6,sectors\paper.csv
Andhra Paper Ltd.,ANDHRAPAP,Paper,Paper & Paper Products,1182.96,sectors\paper.csv
Tamil Nadu Newsprint & Papers Ltd.,TNPL,Paper,Paper & Paper Products,976.22,sectors\paper.csv
String Metaverse Ltd.,META,Paper,Paper & Paper Products,962.51,sectors\paper.csv
NR Agarwal Industries Ltd.,NRAIL,Paper,Paper & Paper Products,891.72,sectors\paper.csv
Pudumjee Paper Products Ltd.,PDMJEPAPER,Paper,Paper & Paper Products,838.69,sectors\paper.csv
Kuantum Papers Ltd.,KUANTUM,Paper,Paper & Paper Products,703.78,sectors\paper.csv
Emami Paper Mills Ltd.,EMAMIPAP,Paper,Paper & Paper Products,665.49,sectors\paper.csv
Subam Papers Ltd.,SUBAM,Paper,Paper & Paper Products,604.27,sectors\paper.csv
Satia Industries Ltd.,SATIA,Paper,Paper & Paper Products,597.2,sectors\paper.csv
Prabhatam Infra Venture Ltd.,PRABHATAM,Paper,Paper & Paper Products,584.64,sectors\paper.csv
B&B Triplewall Containers Ltd.,BBTCL,Paper,Paper & Paper Products,502.53,sectors\paper.csv
Shree Rama Newsprint Ltd.,RAMANEWS,Paper,Paper & Paper Products,461.01,sectors\paper.csv
Orient Paper & Industries Ltd.,ORIENTPPR,Paper,Paper & Paper Products,359.65,sectors\paper.csv
Pakka Ltd.,PAKKA,Paper,Paper & Paper Products,353.36,sectors\paper.csv
Ruchira Papers Ltd.,RUCHIRA,Paper,Paper & Paper Products,310.24,sectors\paper.csv
Genus Paper & Boards Ltd.,GENUSPAPER,Paper,Paper & Paper Products,290.55,sectors\paper.csv
Shree Ajit Pulp & Paper Ltd.,SAPPL,Paper,Paper & Paper Products,249.56,sectors\paper.csv
Worth Peripherals Ltd.,WORTHPERI,Paper,Paper & Paper Products,238.39,sectors\paper.csv
Star Paper Mills Ltd.,STARPAPER,Paper,Paper & Paper Products,232.17,sectors\paper.csv
South India Paper Mills Ltd.,STHINPA,Paper,Paper & Paper Products,197.72,sectors\paper.csv
Shreyans Industries Ltd.,SHREYANIND,Paper,Paper & Paper Products,179.93,sectors\paper.csv
Nikita Greentech Recycling Ltd.,NIKITA,Paper,Paper & Paper Products,179.58,sectors\paper.csv
Shree Krishna Paper Mills & Industries Ltd.,SKPMIL,Paper,Paper & Paper Products,141.3,sectors\paper.csv
Magnum Ventures Ltd.,MAGNUM,Paper,Paper & Paper Products,130.87,sectors\paper.csv
Ganga Papers India Ltd.,GANGAPA,Paper,Paper & Paper Products,105.73,sectors\paper.csv
Utkal Speciality Industries India Ltd.,UTKAL,Paper,Paper & Paper Products,104.12,sectors\paper.csv
Aaradhya Disposal Industries Ltd.,AARADHYA,Paper,Paper & Paper Products,98.05,sectors\paper.csv
Nath Industries Ltd.,NATHIND,Paper,Paper & Paper Products,92.93,sectors\paper.csv
Balkrishna Paper Mills Ltd.,BALKRISHNA,Paper,Paper & Paper Products,56.26,sectors\paper.csv
Perfectpac Ltd.,PERFEPA,Paper,Paper & Paper Products,55.21,sectors\paper.csv
Malu Paper Mills Ltd.,MALUPAPER,Paper,Paper & Paper Products,53.31,sectors\paper.csv
Three M Paper Boards Ltd.,THREEMPAPE,Paper,Paper & Paper Products,46.17,sectors\paper.csv
Superior Industrial Enterprises Ltd.,SIEL,Paper,Paper & Paper Products,44.17,sectors\paper.csv
Mohit Paper Mills Ltd.,MOHITPPR,Paper,Paper & Paper Products,39.19,sectors\paper.csv
Vapi Enterprise Ltd.,VAPIENTER,Paper,Paper & Paper Products,35.35,sectors\paper.csv
Mahip Industries Ltd.,MAHIP,Paper,Paper & Paper Products,34.94,sectors\paper.csv
Kay Power and Paper Ltd.,KAYPOWR,Paper,Paper & Paper Products,32.84,sectors\paper.csv
Abril Paper Tech Ltd.,ABRIL,Paper,Paper & Paper Products,27.54,sectors\paper.csv
Shreenath Paper Products Ltd.,SHREENATH,Paper,Paper & Paper Products,25.55,sectors\paper.csv
Sangal Papers Ltd.,SANPA,Paper,Paper & Paper Products,25.22,sectors\paper.csv
Aten Papers & Foam Ltd.,ATENPAPERS,Paper,Paper & Paper Products,21.89,sectors\paper.csv
Saffron Industries Ltd.,SAFFRON,Paper,Paper & Paper Products,18.58,sectors\paper.csv
Astron Paper & Board Mill Ltd.,ASTRON,Paper,Paper & Paper Products,15.9,sectors\paper.csv
Shree Karthik Papers Ltd.,SHKARTP,Paper,Paper & Paper Products,14.14,sectors\paper.csv
Rama Paper Mills Ltd.,RAMAPPR-B,Paper,Paper & Paper Products,11.6,sectors\paper.csv
Gratex Industries Ltd.,GRATEXI,Paper,Paper & Paper Products,7.47,sectors\paper.csv
Agio Paper & Industries Ltd.,AGIOPAPER,Paper,Paper & Paper Products,5.72,sectors\paper.csv
Coral Newsprints Ltd.,CORNE,Paper,Paper & Paper Products,4.48,sectors\paper.csv
Tridev InfraEstates Ltd.,ASHUTPM,Paper,Paper & Paper Products,4.17,sectors\paper.csv
Gujarat Winding Systems Ltd.,GUJWIND,Paper,Paper & Paper Products,3.48,sectors\paper.csv
Bio Green Papers Ltd. - (Rights Entitlements (REs)),BGPL-RE,Paper,Paper & Paper Products,0.0,sectors\paper.csv
Universus Photo Imagings Ltd.,UNIVPHOTO,Photographic Product,Photographic Products,523.25,sectors\photographicproduct.csv
Choksi Asia Ltd.,CHOKSI,Photographic Product,Photographic Products,126.25,sectors\photographicproduct.csv
SGL Resources Ltd.,SGLRES,Photographic Product,Photographic Products,65.63,sectors\photographicproduct.csv
Supreme Industries Ltd.,SUPREMEIND,Plastic Products,Plastic Products,45107.24,sectors\plasticproducts.csv
Astral Ltd.,ASTRAL,Plastic Products,Plastic Products,41775.1,sectors\plasticproducts.csv
Garware Hi-Tech Films Ltd.,GRWRHITECH,Plastic Products,Plastic Products,16456.2,sectors\plasticproducts.csv
Shaily Engineering Plastics Ltd.,SHAILY,Plastic Products,Plastic Products,15489.82,sectors\plasticproducts.csv
Finolex Industries Ltd.,FINPIPE,Plastic Products,Plastic Products,9881.09,sectors\plasticproducts.csv
Time Technoplast Ltd.,TIMETECHNO,Plastic Products,Plastic Products,9551.84,sectors\plasticproducts.csv
Kingfa Science & Technology (India) Ltd.,KINGFA,Plastic Products,Plastic Products,7906.89,sectors\plasticproducts.csv
Responsive Industries Ltd.,RESPONIND,Plastic Products,Plastic Products,4429.7,sectors\plasticproducts.csv
Polyplex Corporation Ltd.,POLYPLEX,Plastic Products,Plastic Products,3708.23,sectors\plasticproducts.csv
Uflex Ltd.,UFLEX,Plastic Products,Plastic Products,3533.31,sectors\plasticproducts.csv
Prince Pipes and Fittings Ltd.,PRINCEPIPE,Plastic Products,Plastic Products,3143.8,sectors\plasticproducts.csv
Ddev Plastiks Industries Ltd.,DDEVPLSTIK,Plastic Products,Plastic Products,2866.3,sectors\plasticproducts.csv
Nilkamal Ltd.,NILKAMAL,Plastic Products,Plastic Products,2766.49,sectors\plasticproducts.csv
Xpro India Ltd.,XPROINDIA,Plastic Products,Plastic Products,2575.41,sectors\plasticproducts.csv
Cosmo First Ltd.,COSMOFIRST,Plastic Products,Plastic Products,2460.26,sectors\plasticproducts.csv
EPack Prefab Technologies Ltd.,EPACKPEB,Plastic Products,Plastic Products,2310.94,sectors\plasticproducts.csv
Apollo Pipes Ltd.,APOLLOPIPE,Plastic Products,Plastic Products,2260.77,sectors\plasticproducts.csv
Tarsons Products Ltd.,TARSONS,Plastic Products,Plastic Products,1937.24,sectors\plasticproducts.csv
Jain Irrigation Systems Ltd.,JISLJALEQS,Plastic Products,Plastic Products,1896.57,sectors\plasticproducts.csv
Jai Corp Ltd.,JAICORPLTD,Plastic Products,Plastic Products,1765.58,sectors\plasticproducts.csv
All Time Plastics Ltd.,ALLTIME,Plastic Products,Plastic Products,1414.97,sectors\plasticproducts.csv
Commercial Syn Bags Ltd.,COMSYN,Plastic Products,Plastic Products,1162.17,sectors\plasticproducts.csv
Ester Industries Ltd.,ESTER,Plastic Products,Plastic Products,1056.4,sectors\plasticproducts.csv
IIRM Holdings India Ltd.,IIRM,Plastic Products,Plastic Products,914.84,sectors\plasticproducts.csv
Premier Polyfilm Ltd.,PREMIERPOL,Plastic Products,Plastic Products,770.9,sectors\plasticproducts.csv
Shri Jagdamba Polymers Ltd.,SHRJAGP,Plastic Products,Plastic Products,666.92,sectors\plasticproducts.csv
Prakash Pipes Ltd.,PPL,Plastic Products,Plastic Products,654.76,sectors\plasticproducts.csv
Kanpur Plastipack Ltd.,KANPRPLA,Plastic Products,Plastic Products,615.66,sectors\plasticproducts.csv
TPL Plastech Ltd.,TPLPLASTEH,Plastic Products,Plastic Products,600.86,sectors\plasticproducts.csv
Nahar Poly Films Ltd.,NAHARPOLY,Plastic Products,Plastic Products,596.26,sectors\plasticproducts.csv
Shree Rama Multi-Tech Ltd.,SHREERAMA,Plastic Products,Plastic Products,587.14,sectors\plasticproducts.csv
Hitech Corporation Ltd.,HITECHCORP,Plastic Products,Plastic Products,566.97,sectors\plasticproducts.csv
Dhabriya Polywood Ltd.,DHABRIYA,Plastic Products,Plastic Products,543.7,sectors\plasticproducts.csv
Bai-Kakaji Polymers Ltd.,BAIKAKAJI,Plastic Products,Plastic Products,504.18,sectors\plasticproducts.csv
Cropster Agro Ltd.,CROPSTER,Plastic Products,Plastic Products,491.4,sectors\plasticproducts.csv
Shish Industries Ltd.,SHISHIND,Plastic Products,Plastic Products,428.7,sectors\plasticproducts.csv
Captain Polyplast Ltd.,CPL,Plastic Products,Plastic Products,410.42,sectors\plasticproducts.csv
Kriti Industries (India) Ltd.,KRITI,Plastic Products,Plastic Products,361.28,sectors\plasticproducts.csv
Shree Tirupati Balajee FIBC Ltd.,TIRUPATI,Plastic Products,Plastic Products,344.42,sectors\plasticproducts.csv
Essen Speciality Films Ltd.,ESFL,Plastic Products,Plastic Products,332.84,sectors\plasticproducts.csv
Kaka Industries Ltd.,KAKA,Plastic Products,Plastic Products,321.83,sectors\plasticproducts.csv
RDB Rasayans Ltd.,RDBRL,Plastic Products,Plastic Products,300.97,sectors\plasticproducts.csv
CCME Global Ltd.,CCME,Plastic Products,Plastic Products,298.65,sectors\plasticproducts.csv
Bhavik Enterprises Ltd.,BHAVIK,Plastic Products,Plastic Products,287.05,sectors\plasticproducts.csv
Kisan Mouldings Ltd.,KISAN,Plastic Products,Plastic Products,274.77,sectors\plasticproducts.csv
Jujhar Logistics Ltd.,CDG,Plastic Products,Plastic Products,261.87,sectors\plasticproducts.csv
HCP Plastene Bulkpack Ltd.,HPBL,Plastic Products,Plastic Products,238.0,sectors\plasticproducts.csv
Cool Caps Industries Ltd.,COOLCAPS,Plastic Products,Plastic Products,235.25,sectors\plasticproducts.csv
Shree Tirupati Balajee Agro Trading Company Ltd,BALAJEE,Plastic Products,Plastic Products,226.36,sectors\plasticproducts.csv
Mitsu Chem Plast Ltd.,MITSU,Plastic Products,Plastic Products,224.72,sectors\plasticproducts.csv
Aeroflex Neu Ltd.,AERONEU,Plastic Products,Plastic Products,223.14,sectors\plasticproducts.csv
Ecoplast Ltd.,ECOPLAST,Plastic Products,Plastic Products,213.74,sectors\plasticproducts.csv
PIL ITALICA Lifestyle Ltd.,PILITA,Plastic Products,Plastic Products,199.51,sectors\plasticproducts.csv
Master Components Ltd.,MASTER,Plastic Products,Plastic Products,195.2,sectors\plasticproducts.csv
Tainwala Chemicals & Plastics (India) Ltd.,TAINWALCHM,Plastic Products,Plastic Products,192.71,sectors\plasticproducts.csv
Polysil Irrigation Systems Ltd.,POLYSIL,Plastic Products,Plastic Products,188.05,sectors\plasticproducts.csv
Caprihans India Ltd.,CAPRIHANS,Plastic Products,Plastic Products,184.28,sectors\plasticproducts.csv
Rajshree Polypack Ltd.,RPPL,Plastic Products,Plastic Products,173.21,sectors\plasticproducts.csv
KV Toys India Ltd.,KVTOYS,Plastic Products,Plastic Products,171.54,sectors\plasticproducts.csv
Emmbi Industries Ltd.,EMMBI,Plastic Products,Plastic Products,168.78,sectors\plasticproducts.csv
REX Pipes and Cables Industries Ltd.,REXPIPES,Plastic Products,Plastic Products,159.8,sectors\plasticproducts.csv
Pramara Promotions Ltd.,PRAMARA,Plastic Products,Plastic Products,150.25,sectors\plasticproducts.csv
BD Industries (Pune) Ltd.,BDI,Plastic Products,Plastic Products,148.57,sectors\plasticproducts.csv
Hindustan Adhesives Ltd.,HINDADH,Plastic Products,Plastic Products,143.08,sectors\plasticproducts.csv
Barflex Polyfilms Ltd.,BARFLEX,Plastic Products,Plastic Products,140.82,sectors\plasticproducts.csv
National Plastic Technologies Ltd.,NATPLASTI,Plastic Products,Plastic Products,140.59,sectors\plasticproducts.csv
OK Play India Ltd.,OKPLA,Plastic Products,Plastic Products,140.09,sectors\plasticproducts.csv
Captain Pipes Ltd.,CAPPIPES,Plastic Products,Plastic Products,137.82,sectors\plasticproducts.csv
Prima Plastics Ltd.,PRIMAPLA,Plastic Products,Plastic Products,137.45,sectors\plasticproducts.csv
Harshdeep Hortico Ltd.,HARSHDEEP,Plastic Products,Plastic Products,137.2,sectors\plasticproducts.csv
Bright Brothers Ltd.,BRIGHTBR,Plastic Products,Plastic Products,136.72,sectors\plasticproducts.csv
Texmo Pipes And Products Ltd.,TEXMOPIPES,Plastic Products,Plastic Products,134.44,sectors\plasticproducts.csv
Aeron Composite Ltd.,AERON,Plastic Products,Plastic Products,129.44,sectors\plasticproducts.csv
Atharva Poly-Plast Ltd.,ATHARVA,Plastic Products,Plastic Products,123.34,sectors\plasticproducts.csv
Mega Flex Plastics Ltd.,MEGAFLEX,Plastic Products,Plastic Products,121.31,sectors\plasticproducts.csv
Avro India Ltd.,AVROIND,Plastic Products,Plastic Products,115.25,sectors\plasticproducts.csv
Srivasavi Adhesive Tapes Ltd.,SRIVASAVI,Plastic Products,Plastic Products,113.39,sectors\plasticproducts.csv
AMD Industries Ltd.,AMDIND,Plastic Products,Plastic Products,104.82,sectors\plasticproducts.csv
Anka India Ltd.,ANKIN,Plastic Products,Plastic Products,104.38,sectors\plasticproducts.csv
Beardsell Ltd.,BEARDSELL,Plastic Products,Plastic Products,97.49,sectors\plasticproducts.csv
GM Polyplast Ltd.,GMPL,Plastic Products,Plastic Products,96.91,sectors\plasticproducts.csv
Rungta Irrigation Ltd.,RUNGTAIR,Plastic Products,Plastic Products,96.08,sectors\plasticproducts.csv
Vigor Plast India Ltd.,VIGOR,Plastic Products,Plastic Products,94.15,sectors\plasticproducts.csv
Narmada Macplast Drip Irrigation Systems Ltd.,NARMP,Plastic Products,Plastic Products,81.3,sectors\plasticproducts.csv
APT Packaging Ltd.,APTPACK,Plastic Products,Plastic Products,79.58,sectors\plasticproducts.csv
Jyoti Global Plast Ltd.,JYOTIGLOBL,Plastic Products,Plastic Products,77.5,sectors\plasticproducts.csv
Clara Industries Ltd.,CLARA,Plastic Products,Plastic Products,77.4,sectors\plasticproducts.csv
Jumbo Bag Ltd.,JUMBO,Plastic Products,Plastic Products,77.16,sectors\plasticproducts.csv
Tokyo Plast International Ltd.,TOKYOPLAST,Plastic Products,Plastic Products,76.49,sectors\plasticproducts.csv
Orient Press Ltd.,ORIENTLTD,Plastic Products,Plastic Products,73.13,sectors\plasticproducts.csv
Diksha Polymers Ltd.,DIKSHA,Plastic Products,Plastic Products,72.75,sectors\plasticproducts.csv
TPI India Ltd.,TPINDIA,Plastic Products,Plastic Products,72.74,sectors\plasticproducts.csv
Malpani Pipes And Fittings Ltd.,MALPANI,Plastic Products,Plastic Products,72.21,sectors\plasticproducts.csv
Kkalpana lndustries (India) Ltd.,KKALPANAIND,Plastic Products,Plastic Products,65.47,sectors\plasticproducts.csv
Dutron Polymers Ltd.,DUTRON,Plastic Products,Plastic Products,61.77,sectors\plasticproducts.csv
Axel Polymers Ltd.,AXELPOLY,Plastic Products,Plastic Products,53.63,sectors\plasticproducts.csv
Pankaj Polymers Ltd.,PANKAJPO,Plastic Products,Plastic Products,52.81,sectors\plasticproducts.csv
Bulkcorp International Ltd.,BULKCORP,Plastic Products,Plastic Products,48.84,sectors\plasticproducts.csv
Swashthik Plascon Ltd.,SPL,Plastic Products,Plastic Products,46.72,sectors\plasticproducts.csv
Royal Cushion Vinyl Products Ltd.,ROYALCU,Plastic Products,Plastic Products,46.25,sectors\plasticproducts.csv
Srigee DLM Ltd.,SRIGEE,Plastic Products,Plastic Products,45.4,sectors\plasticproducts.csv
Gujarat Craft Industries Ltd.,GUJCRAFT,Plastic Products,Plastic Products,44.97,sectors\plasticproducts.csv
Jain Irrigation Systems Ltd. (DVR),JISLDVREQS,Plastic Products,Plastic Products,41.33,sectors\plasticproducts.csv
ARC Insulation & Insulators Ltd.,ARCIIL,Plastic Products,Plastic Products,38.92,sectors\plasticproducts.csv
Prima Innovation Ltd.,PRIMAINNO,Plastic Products,Plastic Products,37.4,sectors\plasticproducts.csv
National Plastic Industries Ltd.,NATPLAS,Plastic Products,Plastic Products,36.77,sectors\plasticproducts.csv
Duropack Ltd.,DUROPACK,Plastic Products,Plastic Products,34.27,sectors\plasticproducts.csv
Innovative Tech Pack Ltd.,INNOVTEC,Plastic Products,Plastic Products,33.94,sectors\plasticproducts.csv
Kaiser Corporation Ltd.,KACL,Plastic Products,Plastic Products,32.57,sectors\plasticproducts.csv
Gujarat Petrosynthese Ltd.,GUJPETR,Plastic Products,Plastic Products,32.1,sectors\plasticproducts.csv
Rishi Techtex Ltd.,RISHITECH,Plastic Products,Plastic Products,30.3,sectors\plasticproducts.csv
Polyspin Exports Ltd.,POLYSPIN,Plastic Products,Plastic Products,28.16,sectors\plasticproducts.csv
Sonal Adhesives Ltd.,SONALAD,Plastic Products,Plastic Products,27.4,sectors\plasticproducts.csv
Pearl Polymers Ltd.,PEARLPOLY,Plastic Products,Plastic Products,27.36,sectors\plasticproducts.csv
Manas Polymers And Energies Ltd.,MPEL,Plastic Products,Plastic Products,27.1,sectors\plasticproducts.csv
Amco India Ltd.,AMCOIND,Plastic Products,Plastic Products,26.81,sectors\plasticproducts.csv
Gujarat Raffia Industries Ltd.,GUJRAFFIA,Plastic Products,Plastic Products,23.29,sectors\plasticproducts.csv
Vinyoflex Ltd.,VINYOFL,Plastic Products,Plastic Products,23.11,sectors\plasticproducts.csv
Command Polymers Ltd.,COMMAND,Plastic Products,Plastic Products,20.49,sectors\plasticproducts.csv
Aik Pipes & Polymers Ltd.,AIKPIPES,Plastic Products,Plastic Products,17.38,sectors\plasticproducts.csv
Tijaria Polypipes Ltd.,TIJARIA,Plastic Products,Plastic Products,17.35,sectors\plasticproducts.csv
EP Biocomposites Ltd.,EPBIO,Plastic Products,Plastic Products,16.15,sectors\plasticproducts.csv
SMVD Poly Pack Ltd.,SMVD,Plastic Products,Plastic Products,15.35,sectors\plasticproducts.csv
Ahimsa Industries Ltd.,AHIMSA,Plastic Products,Plastic Products,14.86,sectors\plasticproducts.csv
LK Mehta Polymers Ltd.,LKMEHTA,Plastic Products,Plastic Products,14.71,sectors\plasticproducts.csv
Raj Packaging Industries Ltd.,RAJPACK,Plastic Products,Plastic Products,14.14,sectors\plasticproducts.csv
Technopack Polymers Ltd.,TECHNOPACK,Plastic Products,Plastic Products,14.07,sectors\plasticproducts.csv
Kunststoffe Industries Ltd.,KUNSTOFF,Plastic Products,Plastic Products,13.33,sectors\plasticproducts.csv
Niraj Ispat Industries Ltd.,NIRAJISPAT,Plastic Products,Plastic Products,12.66,sectors\plasticproducts.csv
Jauss Polymers Ltd.,JAUSPOL,Plastic Products,Plastic Products,11.56,sectors\plasticproducts.csv
Quality RO Industries Ltd.,QRIL,Plastic Products,Plastic Products,10.17,sectors\plasticproducts.csv
Ashish Polyplast Ltd.,ASHISHPO,Plastic Products,Plastic Products,10.06,sectors\plasticproducts.csv
Polycon International Ltd.,POLYCON,Plastic Products,Plastic Products,9.8,sectors\plasticproducts.csv
Kuwer Industries Ltd.,KUWERIN,Plastic Products,Plastic Products,9.09,sectors\plasticproducts.csv
Tirth Plastic Ltd.,TIRTPLS,Plastic Products,Plastic Products,8.89,sectors\plasticproducts.csv
Aadi Industries Ltd.,AADIIND,Plastic Products,Plastic Products,8.1,sectors\plasticproducts.csv
MPL Plastics Ltd.,MPL,Plastic Products,Plastic Products,8.0,sectors\plasticproducts.csv
Solve Plastic Products Ltd.,BALCO,Plastic Products,Plastic Products,7.86,sectors\plasticproducts.csv
Arcee Industries Ltd.,ARCEEIN,Plastic Products,Plastic Products,7.71,sectors\plasticproducts.csv
Vinayak Polycon International Ltd.,VINAYAKPOL,Plastic Products,Plastic Products,7.42,sectors\plasticproducts.csv
Union Quality Plastics Ltd.,UNQTYMI,Plastic Products,Plastic Products,7.38,sectors\plasticproducts.csv
Padmanabh Alloys & Polymers Ltd.,PADALPO,Plastic Products,Plastic Products,7.02,sectors\plasticproducts.csv
Promact Plastics Ltd.,PROMACT,Plastic Products,Plastic Products,6.51,sectors\plasticproducts.csv
Stanpacks (India) Ltd.,STANPACK,Plastic Products,Plastic Products,6.4,sectors\plasticproducts.csv
Noble Polymers Ltd.,NOBPOL,Plastic Products,Plastic Products,6.02,sectors\plasticproducts.csv
Deccan Polypacks Ltd.,DECPO,Plastic Products,Plastic Products,5.34,sectors\plasticproducts.csv
Integrated Thermoplastics Ltd.,INTETHR,Plastic Products,Plastic Products,5.33,sectors\plasticproducts.csv
Pithampur Poly Products Ltd.,PITHP,Plastic Products,Plastic Products,4.76,sectors\plasticproducts.csv
Polymac Thermoformers Ltd.,POLYMAC,Plastic Products,Plastic Products,4.42,sectors\plasticproducts.csv
Krishna Filament Industries Ltd.,KRIFILIND,Plastic Products,Plastic Products,3.96,sectors\plasticproducts.csv
Sturdy Industries Ltd.,STURDY,Plastic Products,Plastic Products,3.63,sectors\plasticproducts.csv
Innocorp Ltd.,INNOCORP,Plastic Products,Plastic Products,3.35,sectors\plasticproducts.csv
Bisil Plast Ltd. - (Rights Entitlements (REs)),BISIL-RE,Plastic Products,Plastic Products,0.0,sectors\plasticproducts.csv
Cool Caps Industries Ltd. - (Rights Entitlements (REs)),COOLCAP-RE,Plastic Products,Plastic Products,0.0,sectors\plasticproducts.csv
Adani Power Ltd.,ADANIPOWER,Power,Power Generation/Distribution,395818.36,sectors\power.csv
NTPC Ltd.,NTPC,Power,Power Generation/Distribution,330656.32,sectors\power.csv
Power Grid Corporation Of India Ltd.,POWERGRID,Power,Power Generation/Distribution,247861.09,sectors\power.csv
Adani Green Energy Ltd.,ADANIGREEN,Power,Power Generation/Distribution,221545.19,sectors\power.csv
Adani Energy Solutions Ltd.,ADANIENSOL,Power,Power Generation/Distribution,197751.74,sectors\power.csv
Tata Power Company Ltd.,TATAPOWER,Power,Power Generation/Distribution,122445.41,sectors\power.csv
JSW Energy Ltd.,JSWENERGY,Power,Power Generation/Distribution,102253.33,sectors\power.csv
NTPC Green Energy Ltd.,NTPCGREEN,Power,Power Generation/Distribution,77547.51,sectors\power.csv
NHPC Ltd.,NHPC,Power,Power Generation/Distribution,77246.32,sectors\power.csv
Torrent Power Ltd.,TORNTPOWER,Power,Power Generation/Distribution,66003.81,sectors\power.csv
NLC India Ltd.,NLCINDIA,Power,Power Generation/Distribution,38181.04,sectors\power.csv
Acme Solar Holdings Ltd.,ACMESOLAR,Power,Power Generation/Distribution,26458.31,sectors\power.csv
SJVN Ltd.,SJVN,Power,Power Generation/Distribution,26408.22,sectors\power.csv
CESC Ltd.,CESC,Power,Power Generation/Distribution,22256.33,sectors\power.csv
Clean Max Enviro Energy Solutions Ltd.,CLEANMAX,Power,Power Generation/Distribution,14673.91,sectors\power.csv
Juniper Green Energy Ltd.,JNPR,Power,Power Generation/Distribution,14310.31,sectors\power.csv
Vedanta Power Ltd.,VEDPOWER,Power,Power Generation/Distribution,14280.74,sectors\power.csv
Jaiprakash Power Ventures Ltd.,JPPOWER,Power,Power Generation/Distribution,11911.31,sectors\power.csv
Indian Energy Exchange Ltd.,IEX,Power,Power Generation/Distribution,11079.28,sectors\power.csv
Reliance Power Ltd.,RPOWER,Power,Power Generation/Distribution,9508.14,sectors\power.csv
GMR Power and Urban Infra Ltd.,GMRP&UI,Power,Power Generation/Distribution,7585.24,sectors\power.csv
KPI Green Energy Ltd.,KPIGREEN,Power,Power Generation/Distribution,6299.81,sectors\power.csv
PTC India Ltd.,PTC,Power,Power Generation/Distribution,4779.05,sectors\power.csv
RattanIndia Power Ltd.,RTNPOWER,Power,Power Generation/Distribution,4537.74,sectors\power.csv
Ravindra Energy Ltd.,RELTD,Power,Power Generation/Distribution,3283.01,sectors\power.csv
Reliance Infrastructure Ltd.,RELINFRA,Power,Power Generation/Distribution,2731.7,sectors\power.csv
Gujarat Industries Power Company Ltd.,GIPCL,Power,Power Generation/Distribution,2727.14,sectors\power.csv
BF Utilities Ltd.,BFUTILITIE,Power,Power Generation/Distribution,2011.07,sectors\power.csv
Orient Green Power Company Ltd.,GREENPOWER,Power,Power Generation/Distribution,1140.02,sectors\power.csv
India Power Corporation Ltd.,DPSCLTD,Power,Power Generation/Distribution,712.81,sectors\power.csv
GVK Power & Infrastructure Ltd.,GVKPIL,Power,Power Generation/Distribution,372.69,sectors\power.csv
Surana Telecom And Power Ltd.,SURANAT&P,Power,Power Generation/Distribution,225.23,sectors\power.csv
Indowind Energy Ltd.,INDOWIND,Power,Power Generation/Distribution,142.0,sectors\power.csv
Globus Power Generation Ltd.,GLOBUSCON,Power,Power Generation/Distribution,121.71,sectors\power.csv
Energy Development Company Ltd.,ENERGYDEV,Power,Power Generation/Distribution,79.7,sectors\power.csv
Sungarner Energies Ltd.,SEL,Power,Power Generation/Distribution,72.99,sectors\power.csv
WAA Solar Ltd.,WAA,Power,Power Generation/Distribution,59.97,sectors\power.csv
Karma Energy Ltd.,KARMAENG,Power,Power Generation/Distribution,46.99,sectors\power.csv
Sri KPR Industries Ltd.,SRIKPRIND,Power,Power Generation/Distribution,40.71,sectors\power.csv
Amalgamated Electricity Company Ltd.,AMALGAM,Power,Power Generation/Distribution,40.01,sectors\power.csv
Gita Renewable Energy Ltd.,GITARENEW,Power,Power Generation/Distribution,29.86,sectors\power.csv
Veer Energy & Infrastructure Ltd.,VEERENRGY,Power,Power Generation/Distribution,19.42,sectors\power.csv
Indowind Energy Ltd. - (Rights Entitlements (REs)),INDO-RE2,Power,Power Generation/Distribution,0.0,sectors\power.csv
Ravindra Energy Ltd. - (Rights Entitlements (REs)),RELTD-RE,Power,Power Generation/Distribution,0.0,sectors\power.csv
CRISIL Ltd.,CRISIL,Ratings,Ratings,32758.59,sectors\ratings.csv
Care Ratings Ltd.,CARERATING,Ratings,Ratings,5170.89,sectors\ratings.csv
ICRA Ltd.,ICRA,Ratings,Ratings,5085.72,sectors\ratings.csv
DLF Ltd.,DLF,Realty,Construction - Real Estate,164113.17,sectors\realty.csv
Lodha Developers Ltd.,LODHA,Realty,Construction - Real Estate,123898.14,sectors\realty.csv
The Phoenix Mills Ltd.,PHOENIXLTD,Realty,Construction - Real Estate,68528.37,sectors\realty.csv
Prestige Estates Projects Ltd.,PRESTIGE,Realty,Construction - Real Estate,68382.73,sectors\realty.csv
Oberoi Realty Ltd.,OBEROIRLTY,Realty,Construction - Real Estate,67019.16,sectors\realty.csv
Godrej Properties Ltd.,GODREJPROP,Realty,Construction - Real Estate,59986.24,sectors\realty.csv
Anant Raj Ltd.,ANANTRAJ,Realty,Construction - Real Estate,22663.25,sectors\realty.csv
Brigade Enterprises Ltd.,BRIGADE,Realty,Construction - Real Estate,19317.81,sectors\realty.csv
Aditya Birla Real Estate Ltd.,ABREL,Realty,Construction - Real Estate,15651.36,sectors\realty.csv
Sobha Ltd.,SOBHA,Realty,Construction - Real Estate,14210.96,sectors\realty.csv
Signatureglobal (India) Ltd.,SIGNATURE,Realty,Construction - Real Estate,11407.53,sectors\realty.csv
Embassy Developments Ltd.,EMBDL,Realty,Construction - Real Estate,8581.6,sectors\realty.csv
Sri Lotus Developers And Realty Ltd.,LOTUSDEV,Realty,Construction - Real Estate,8420.71,sectors\realty.csv
Mahindra Lifespace Developers Ltd.,MAHLIFE,Realty,Construction - Real Estate,8211.69,sectors\realty.csv
Max Estates Ltd.,MAXESTATES,Realty,Construction - Real Estate,7241.02,sectors\realty.csv
Ganesh Housing Ltd.,GANESHHOU,Realty,Construction - Real Estate,6907.37,sectors\realty.csv
Indiabulls Ltd.,IBULLSLTD,Realty,Construction - Real Estate,6299.09,sectors\realty.csv
Valor Estate Ltd.,DBREALTY,Realty,Construction - Real Estate,6077.67,sectors\realty.csv
Kalpataru Ltd.,KALPATARU,Realty,Construction - Real Estate,5861.57,sectors\realty.csv
Ahluwalia Contracts (India) Ltd.,AHLUCONT,Realty,Construction - Real Estate,5619.59,sectors\realty.csv
Puravankara Ltd.,PURVA,Realty,Construction - Real Estate,5193.58,sectors\realty.csv
Keystone Realtors Ltd,RUSTOMJEE,Realty,Construction - Real Estate,4690.85,sectors\realty.csv
Sunteck Realty Ltd.,SUNTECK,Realty,Construction - Real Estate,4397.18,sectors\realty.csv
Kolte-Patil Developers Ltd.,KOLTEPATIL,Realty,Construction - Real Estate,4240.68,sectors\realty.csv
Kesar India Ltd.,KESAR,Realty,Construction - Real Estate,3956.37,sectors\realty.csv
Raymond Realty Ltd.,RAYMONDREL,Realty,Construction - Real Estate,3845.3,sectors\realty.csv
Hemisphere Properties India Ltd.,HEMIPROP,Realty,Construction - Real Estate,3769.13,sectors\realty.csv
AGI Infra Ltd.,AGIIL,Realty,Construction - Real Estate,3767.42,sectors\realty.csv
TARC Ltd.,TARC,Realty,Construction - Real Estate,3690.18,sectors\realty.csv
PSP Projects Ltd.,PSPPROJECT,Realty,Construction - Real Estate,3657.55,sectors\realty.csv
Ashiana Housing Ltd.,ASHIANA,Realty,Construction - Real Estate,3644.03,sectors\realty.csv
Arvind Smartspaces Ltd.,ARVSMART,Realty,Construction - Real Estate,3011.99,sectors\realty.csv
Elpro International Ltd.,ELPROINTL,Realty,Construction - Real Estate,2963.34,sectors\realty.csv
Hubtown Ltd.,HUBTOWN,Realty,Construction - Real Estate,2645.91,sectors\realty.csv
Arkade Developers Ltd.,ARKADE,Realty,Construction - Real Estate,2481.39,sectors\realty.csv
Marathon Nextgen Realty Ltd.,MARATHON,Realty,Construction - Real Estate,2462.4,sectors\realty.csv
Ajmera Realty & Infra India Ltd.,AJMERA,Realty,Construction - Real Estate,2326.12,sectors\realty.csv
Alembic Ltd.,ALEMBICLTD,Realty,Construction - Real Estate,2227.07,sectors\realty.csv
Grand Oak Canyons Distillery Ltd.,GRANDOAK,Realty,Construction - Real Estate,2019.49,sectors\realty.csv
Omaxe Ltd.,OMAXE,Realty,Construction - Real Estate,1814.19,sectors\realty.csv
Capacit'e Infraprojects Ltd.,CAPACITE,Realty,Construction - Real Estate,1810.1,sectors\realty.csv
Garuda Construction & Engineering Ltd.,GARUDA,Realty,Construction - Real Estate,1701.73,sectors\realty.csv
Texmaco Infrastructure & Holdings Ltd.,TEXINFRA,Realty,Construction - Real Estate,1380.03,sectors\realty.csv
Shriram Properties Ltd.,SHRIRAMPPS,Realty,Construction - Real Estate,1331.62,sectors\realty.csv
Avishkar Infra Realty Ltd.,AIRLTD,Realty,Construction - Real Estate,1296.37,sectors\realty.csv
B.L. Kashyap and Sons Ltd.,BLKASHYAP,Realty,Construction - Real Estate,1165.52,sectors\realty.csv
Arihant Foundations & Housing Ltd.,ARIHANT,Realty,Construction - Real Estate,1158.54,sectors\realty.csv
Arihant Superstructures Ltd.,ARIHANTSUP,Realty,Construction - Real Estate,1068.92,sectors\realty.csv
Unitech Ltd.,UNITECH,Realty,Construction - Real Estate,1036.06,sectors\realty.csv
Suraj Estate Developers Ltd.,SURAJEST,Realty,Construction - Real Estate,1027.37,sectors\realty.csv
B-Right Real Estate Ltd.,BRRL,Realty,Construction - Real Estate,967.52,sectors\realty.csv
PVP Ventures Ltd.,PVP,Realty,Construction - Real Estate,921.83,sectors\realty.csv
Modi's Navnirman Ltd.,MODIS,Realty,Construction - Real Estate,782.18,sectors\realty.csv
GeeCee Ventures Ltd.,GEECEE,Realty,Construction - Real Estate,773.94,sectors\realty.csv
Eldeco Housing & Industries Ltd.,ELDEHSG,Realty,Construction - Real Estate,750.41,sectors\realty.csv
Yogi Ltd.,YOGI,Realty,Construction - Real Estate,724.05,sectors\realty.csv
BEML Land Assets Ltd.,BLAL,Realty,Construction - Real Estate,706.29,sectors\realty.csv
Prozone Realty Ltd.,PROZONER,Realty,Construction - Real Estate,643.83,sectors\realty.csv
Shraddha Prime Projects Ltd.,SHRADDHA,Realty,Construction - Real Estate,633.08,sectors\realty.csv
Axentra Corp Ltd.,AXENTRA,Realty,Construction - Real Estate,606.07,sectors\realty.csv
Hazoor Multi Projects Ltd.,HAZOOR,Realty,Construction - Real Estate,600.76,sectors\realty.csv
Pansari Developers Ltd.,PANSARI,Realty,Construction - Real Estate,543.82,sectors\realty.csv
Peninsula Land Ltd.,PENINLAND,Realty,Construction - Real Estate,514.18,sectors\realty.csv
Nila Spaces Ltd.,NILASPACES,Realty,Construction - Real Estate,484.88,sectors\realty.csv
Suratwwala Business Group Ltd.,SBGLP,Realty,Construction - Real Estate,447.41,sectors\realty.csv
Atal Realtech Ltd.,ATALREAL,Realty,Construction - Real Estate,446.89,sectors\realty.csv
Chavda Infra Ltd.,CHAVDA,Realty,Construction - Real Estate,442.82,sectors\realty.csv
Emami Realty Ltd.,EMAMIREAL,Realty,Construction - Real Estate,390.51,sectors\realty.csv
Vishnusurya Projects and Infra Ltd.,VISHNUINFR,Realty,Construction - Real Estate,388.36,sectors\realty.csv
RDB Real Estate Constructions Ltd.,RRECL,Realty,Construction - Real Estate,369.11,sectors\realty.csv
RDB Infrastructure And Power Ltd.,RDBIPL,Realty,Construction - Real Estate,364.34,sectors\realty.csv
Nimbus Projects Ltd.,NIMBSPROJ,Realty,Construction - Real Estate,345.13,sectors\realty.csv
Deepak Builders & Engineers India Ltd.,DBEIL,Realty,Construction - Real Estate,330.26,sectors\realty.csv
Ashima Ltd.,ASHIMASYN,Realty,Construction - Real Estate,329.66,sectors\realty.csv
National Standard (India) Ltd.,NATIONSTD,Realty,Construction - Real Estate,299.6,sectors\realty.csv
Mason Infratech Ltd.,MASON,Realty,Construction - Real Estate,298.89,sectors\realty.csv
Baroda Rayon Corporation Ltd.,BARODARY,Realty,Construction - Real Estate,284.67,sectors\realty.csv
Nila Infrastructures Ltd.,NILAINFRA,Realty,Construction - Real Estate,281.63,sectors\realty.csv
Madala Holdings Ltd.,MADALA,Realty,Construction - Real Estate,279.62,sectors\realty.csv
Shradha Realty Ltd.,SHRADHA,Realty,Construction - Real Estate,279.04,sectors\realty.csv
Ravinder Heights Ltd.,RVHL,Realty,Construction - Real Estate,259.41,sectors\realty.csv
SAB Industries Ltd.,SAB,Realty,Construction - Real Estate,258.57,sectors\realty.csv
Sumit Woods Ltd.,SUMIT,Realty,Construction - Real Estate,244.37,sectors\realty.csv
Espire Hospitality Ltd.,ESPIRE,Realty,Construction - Real Estate,243.91,sectors\realty.csv
SV Global Mill Ltd.,SVGLOBAL,Realty,Construction - Real Estate,238.51,sectors\realty.csv
Ratnabhumi Developers Ltd.,RATNABHUMI,Realty,Construction - Real Estate,238.38,sectors\realty.csv
Alpine Housing Development Corporation Ltd.,ALPINEHOU,Realty,Construction - Real Estate,232.11,sectors\realty.csv
Hampton Sky Realty Ltd.,HAMPTON,Realty,Construction - Real Estate,221.3,sectors\realty.csv
Lancor Holdings Ltd.,LANCORHOL,Realty,Construction - Real Estate,213.52,sectors\realty.csv
Veer Global Infraconstruction Ltd.,VGIL,Realty,Construction - Real Estate,212.96,sectors\realty.csv
Samor Reality Ltd.,SAMOR,Realty,Construction - Real Estate,208.01,sectors\realty.csv
Vipul Ltd.,VIPULLTD,Realty,Construction - Real Estate,201.71,sectors\realty.csv
Rainbow Foundations Ltd.,RAINBOWF,Realty,Construction - Real Estate,197.33,sectors\realty.csv
HB Estate Developers Ltd.,HBESD,Realty,Construction - Real Estate,172.2,sectors\realty.csv
Supreme Holdings & Hospitality (India) Ltd.,SUPREME,Realty,Construction - Real Estate,160.81,sectors\realty.csv
AMJ Land Holdings Ltd.,AMJLAND,Realty,Construction - Real Estate,159.9,sectors\realty.csv
Thakkers Developers Ltd.,THAKDEV,Realty,Construction - Real Estate,148.46,sectors\realty.csv
Mahendra Realtors & Infrastructure Ltd.,MRIL,Realty,Construction - Real Estate,144.01,sectors\realty.csv
Prajay Engineers Syndicate Ltd.,PRAENG,Realty,Construction - Real Estate,143.86,sectors\realty.csv
VR Infraspace Ltd.,VR,Realty,Construction - Real Estate,134.35,sectors\realty.csv
Raja Bahadur International Ltd.,RAJABAH,Realty,Construction - Real Estate,125.75,sectors\realty.csv
Shri Krishna Devcon Ltd.,SHRIKRISH,Realty,Construction - Real Estate,112.0,sectors\realty.csv
Landmark Property Development Company Ltd.,LPDC,Realty,Construction - Real Estate,109.06,sectors\realty.csv
Shantidoot Infra Services Ltd.,SISL,Realty,Construction - Real Estate,106.08,sectors\realty.csv
Art Nirman Ltd.,ARTNIRMAN,Realty,Construction - Real Estate,102.49,sectors\realty.csv
Maruti Infrastructure Ltd.,MAINFRA,Realty,Construction - Real Estate,100.78,sectors\realty.csv
Dharan Infra-EPC Ltd.,DHARAN,Realty,Construction - Real Estate,99.35,sectors\realty.csv
Grovy India Ltd.,GROVY,Realty,Construction - Real Estate,95.07,sectors\realty.csv
Prerna Infrabuild Ltd.,PRERINFRA,Realty,Construction - Real Estate,92.13,sectors\realty.csv
Garnet Construction Ltd.,GARNET,Realty,Construction - Real Estate,80.27,sectors\realty.csv
Radhe Developers (India) Ltd.,RADHEDE,Realty,Construction - Real Estate,79.04,sectors\realty.csv
Mega Nirman & Industries Ltd.,MNIL,Realty,Construction - Real Estate,78.87,sectors\realty.csv
Shervani Industrial Syndicate Ltd.,SHERVANI,Realty,Construction - Real Estate,75.65,sectors\realty.csv
PVV Infra Ltd.,PVVINFRA,Realty,Construction - Real Estate,75.03,sectors\realty.csv
Housing Development And Infrastructure Ltd.,HDIL,Realty,Construction - Real Estate,73.0,sectors\realty.csv
Shristi Infrastructure Development Corporation Ltd,SHRISTI,Realty,Construction - Real Estate,65.27,sectors\realty.csv
Parsvnath Developers Ltd.,PARSVNATH,Realty,Construction - Real Estate,64.84,sectors\realty.csv
Skyline Millars Ltd.,SKYLMILAR,Realty,Construction - Real Estate,61.91,sectors\realty.csv
Satchmo Holdings Ltd.,SATCH,Realty,Construction - Real Estate,61.4,sectors\realty.csv
BDR Buildcon Ltd.,BDR,Realty,Construction - Real Estate,58.24,sectors\realty.csv
Ansal Properties & Infrastructure Ltd.,ANSALAPI,Realty,Construction - Real Estate,54.46,sectors\realty.csv
Ansal Buildwell Ltd.,ANSALBU,Realty,Construction - Real Estate,53.75,sectors\realty.csv
Victoria Mills Ltd.,VICTMILL,Realty,Construction - Real Estate,52.14,sectors\realty.csv
Rodium Realty Ltd.,RODIUM,Realty,Construction - Real Estate,51.54,sectors\realty.csv
Vivid Mercantile Ltd.,VIVIDM,Realty,Construction - Real Estate,50.73,sectors\realty.csv
Country Condo's Ltd.,COUNCODOS,Realty,Construction - Real Estate,50.21,sectors\realty.csv
Prime Property Development Corporation Ltd.,PRIMEPRO,Realty,Construction - Real Estate,47.09,sectors\realty.csv
Real Eco-Energy Ltd.,REALECO,Realty,Construction - Real Estate,47.0,sectors\realty.csv
Manjeera Constructions Ltd.,MANJEERA,Realty,Construction - Real Estate,45.03,sectors\realty.csv
Simplex Realty Ltd.,SIMPLXREA,Realty,Construction - Real Estate,40.94,sectors\realty.csv
Ansal Housing Ltd.,ANSALHSG,Realty,Construction - Real Estate,39.14,sectors\realty.csv
Gothi Plascon (India) Ltd.,GOTHIPL,Realty,Construction - Real Estate,38.92,sectors\realty.csv
Homesfy Realty Ltd.,HOMESFY,Realty,Construction - Real Estate,38.41,sectors\realty.csv
Shaival Reality Ltd.,SHAIVAL,Realty,Construction - Real Estate,38.19,sectors\realty.csv
Bhanderi Infracon Ltd.,BHANDERI,Realty,Construction - Real Estate,36.35,sectors\realty.csv
Poddar Housing and Development Ltd.,PODDARHOUS,Realty,Construction - Real Estate,35.76,sectors\realty.csv
BSEL Algo Ltd.,BSELALGO,Realty,Construction - Real Estate,34.91,sectors\realty.csv
Parle Industries Ltd.,PARLEIND,Realty,Construction - Real Estate,33.21,sectors\realty.csv
Citadel Realty & Developers Ltd.,CITADEL,Realty,Construction - Real Estate,31.52,sectors\realty.csv
Tirupati Sarjan Ltd.,TIRSARJ,Realty,Construction - Real Estate,29.91,sectors\realty.csv
Premier Energy & Infrastructure Ltd.,PEIL,Realty,Construction - Real Estate,29.4,sectors\realty.csv
Narendra Properties Ltd.,NARPROP,Realty,Construction - Real Estate,27.68,sectors\realty.csv
Popular Estate Management Ltd.,POPULARES,Realty,Construction - Real Estate,25.16,sectors\realty.csv
Rap Corp Ltd.,RAP,Realty,Construction - Real Estate,23.46,sectors\realty.csv
Kamanwala Housing Construction Ltd.,KAMANWALA,Realty,Construction - Real Estate,23.25,sectors\realty.csv
Martin Burn Ltd.,MARBU,Realty,Construction - Real Estate,23.19,sectors\realty.csv
IITL Projects Ltd.,IITLPROJ,Realty,Construction - Real Estate,22.56,sectors\realty.csv
Shashijit Infraprojects Ltd.,SHASHIJIT,Realty,Construction - Real Estate,22.09,sectors\realty.csv
Neo Infracon Ltd.,NEOINFRA,Realty,Construction - Real Estate,20.73,sectors\realty.csv
MPDL Ltd.,MPDL,Realty,Construction - Real Estate,19.74,sectors\realty.csv
SSPDL Ltd.,SSPDL,Realty,Construction - Real Estate,17.8,sectors\realty.csv
KCL Infra Projects Ltd.,KCLINFRA,Realty,Construction - Real Estate,17.57,sectors\realty.csv
RTCL Ltd.,RAGHUTOB,Realty,Construction - Real Estate,16.44,sectors\realty.csv
Steel Strips Infrastructures Ltd.,STLSTRINF,Realty,Construction - Real Estate,16.41,sectors\realty.csv
S&T Corporation Ltd.,STCORP,Realty,Construction - Real Estate,16.33,sectors\realty.csv
Max Heights Infrastructure Ltd.,MAXHEIGHTS,Realty,Construction - Real Estate,16.33,sectors\realty.csv
Gyan Developers & Builders Ltd.,GYANDEV,Realty,Construction - Real Estate,15.19,sectors\realty.csv
Rander Corporation Ltd.,RANDER,Realty,Construction - Real Estate,14.8,sectors\realty.csv
DS Kulkarni Developers Ltd.,DSKULKARNI,Realty,Construction - Real Estate,13.3,sectors\realty.csv
SVS Ventures Ltd.,SVS,Realty,Construction - Real Estate,12.87,sectors\realty.csv
Cemantic Infra-Tech Ltd.,CEMAINFRA,Realty,Construction - Real Estate,11.71,sectors\realty.csv
Vas Infrastructure Ltd.,VASINFRA,Realty,Construction - Real Estate,11.5,sectors\realty.csv
Sanathnagar Enterprises Ltd.,SEL,Realty,Construction - Real Estate,11.11,sectors\realty.csv
Yogi Infra Projects Ltd.,YOGISUNG,Realty,Construction - Real Estate,10.66,sectors\realty.csv
Anna Infrastructures Ltd.,ANNAINFRA,Realty,Construction - Real Estate,10.64,sectors\realty.csv
KMF Builders & Developers Ltd.,KMFBLDR,Realty,Construction - Real Estate,10.35,sectors\realty.csv
East Buildtech Ltd.,EASTBUILD,Realty,Construction - Real Estate,9.94,sectors\realty.csv
Sterling Green Woods Ltd.,STRGRENWO,Realty,Construction - Real Estate,9.66,sectors\realty.csv
Mount Housing & Infrastructure Ltd.,MOUNT,Realty,Construction - Real Estate,9.53,sectors\realty.csv
Dhanuka Infra Realty Ltd.,DIRL,Realty,Construction - Real Estate,9.16,sectors\realty.csv
Jet Solar Ltd.,JETSOLAR,Realty,Construction - Real Estate,8.98,sectors\realty.csv
Shree Krishna Infrastructure Ltd.,SKIFL,Realty,Construction - Real Estate,8.55,sectors\realty.csv
Croissance Ltd.,CROISSANCE,Realty,Construction - Real Estate,8.23,sectors\realty.csv
Mahesh Developers Ltd.,MAHESH,Realty,Construction - Real Estate,8.05,sectors\realty.csv
Laddu Gopal Online Services Ltd.,LADDU,Realty,Construction - Real Estate,6.6,sectors\realty.csv
Ishaan Infrastructures & Shelters Ltd.,IISL,Realty,Construction - Real Estate,6.35,sectors\realty.csv
Epsom Properties Ltd.,EPSOMPRO,Realty,Construction - Real Estate,6.04,sectors\realty.csv
Purohit Construction Ltd.,PUROHITCON,Realty,Construction - Real Estate,5.62,sectors\realty.csv
Jainco Projects (India) Ltd.,JAINCO,Realty,Construction - Real Estate,5.3,sectors\realty.csv
Raghunath International Ltd.,RAGHUNAT,Realty,Construction - Real Estate,5.1,sectors\realty.csv
UTL Industries Ltd.,UTLINDS,Realty,Construction - Real Estate,4.94,sectors\realty.csv
Abhishek Infraventures Ltd.,ABHIINFRA,Realty,Construction - Real Estate,4.53,sectors\realty.csv
SBL Infratech Ltd.,SBLI,Realty,Construction - Real Estate,4.14,sectors\realty.csv
Decorous Investment & Trading Co Ltd.,DITCO,Realty,Construction - Real Estate,3.74,sectors\realty.csv
Unishire Urban Infra Ltd.,UNISHIRE,Realty,Construction - Real Estate,3.07,sectors\realty.csv
CMM Infraprojects Ltd.,CMMIPL,Realty,Construction - Real Estate,3.06,sectors\realty.csv
Athena Constructions Ltd.,ATHCON,Realty,Construction - Real Estate,3.01,sectors\realty.csv
Patidar Buildcon Ltd.,PATIDAR,Realty,Construction - Real Estate,2.75,sectors\realty.csv
Rajeswari Infrastructure Ltd.,RAJINFRA,Realty,Construction - Real Estate,2.21,sectors\realty.csv
Sikozy Realtors Ltd.,SIKOZY,Realty,Construction - Real Estate,0.81,sectors\realty.csv
Mahindra Lifespace Developers Ltd. - (Rights Entitlements (REs)),MAHLIFE-RE,Realty,Construction - Real Estate,0.0,sectors\realty.csv
Shradha Infraprojects Ltd. - (Rights Entitlements),SHRADHA-RE,Realty,Construction - Real Estate,0.0,sectors\realty.csv
PVV Infra Ltd. -  Rights Entitlements (REs),751084,Realty,Construction - Real Estate,0.0,sectors\realty.csv
PVV Infra Ltd. - (Partly Paid-up),PVVIPP,Realty,Construction - Real Estate,0.0,sectors\realty.csv
Avenue Supermarts Ltd.,DMART,Retailing,Retailing,264427.04,sectors\retailing.csv
Trent Ltd.,TRENT,Retailing,Retailing,159436.24,sectors\retailing.csv
Vishal Mega Mart Ltd.,VMM,Retailing,Retailing,49424.73,sectors\retailing.csv
Metro Brands Ltd.,METROBRAND,Retailing,Footwear,25750.61,sectors\retailing.csv
Aditya Birla Lifestyle Brands Ltd.,ABLBL,Retailing,Retailing,10838.23,sectors\retailing.csv
Relaxo Footwears Ltd.,RELAXO,Retailing,Footwear,9866.68,sectors\retailing.csv
Bata India Ltd.,BATAINDIA,Retailing,Footwear,9709.61,sectors\retailing.csv
Aditya Vision Ltd.,AVL,Retailing,Retailing,8056.92,sectors\retailing.csv
Medplus Health Services Ltd.,MEDPLUS,Retailing,Retailing,8034.17,sectors\retailing.csv
V2 Retail Ltd.,V2RETAIL,Retailing,Retailing,7890.76,sectors\retailing.csv
Ethos Ltd.,ETHOSLTD,Retailing,Retailing,7359.03,sectors\retailing.csv
Electronics Mart India Ltd.,EMIL,Retailing,Retailing,7300.61,sectors\retailing.csv
Aditya Birla Fashion and Retail Ltd.,ABFRL,Retailing,Retailing,6833.79,sectors\retailing.csv
Redtape Ltd.,REDTAPE,Retailing,Footwear,6755.31,sectors\retailing.csv
Campus Activewear Ltd.,CAMPUS,Retailing,Footwear,6676.05,sectors\retailing.csv
V-Mart Retail Ltd.,VMART,Retailing,Retailing,6426.51,sectors\retailing.csv
Arvind Fashions Ltd.,ARVINDFASN,Retailing,Retailing,5978.92,sectors\retailing.csv
Shoppers Stop Ltd.,SHOPERSTOP,Retailing,Retailing,4657.84,sectors\retailing.csv
VIP Industries Ltd.,VIPIND,Retailing,Retailing,4256.64,sectors\retailing.csv
Shankara Buildpro Ltd.,BUILDPRO,Retailing,Retailing,3026.68,sectors\retailing.csv
Baazar Style Retail Ltd.,STYLEBAAZA,Retailing,Retailing,2787.04,sectors\retailing.csv
PNGS Reva Diamond Jewellery Ltd.,PNGSREVA,Retailing,Retailing,1815.53,sectors\retailing.csv
Go Fashion (India) Ltd.,GOCOLORS,Retailing,Retailing,1721.99,sectors\retailing.csv
Keto Motors Ltd.,KETOMOTORS,Retailing,Retailing,1671.41,sectors\retailing.csv
Sai Silks (Kalamandir) Ltd.,KALAMANDIR,Retailing,Retailing,1335.51,sectors\retailing.csv
Patel Retail Ltd.,PATELRMART,Retailing,Retailing,734.48,sectors\retailing.csv
PNGS Gargi Fashion Jewellery Ltd.,GARGI,Retailing,Retailing,602.72,sectors\retailing.csv
Sreeleathers Ltd.,SREEL,Retailing,Footwear,558.85,sectors\retailing.csv
Mirza International Ltd.,MIRZAINT,Retailing,Footwear,438.38,sectors\retailing.csv
Liberty Shoes Ltd.,LIBERTSHOE,Retailing,Footwear,406.66,sectors\retailing.csv
Lehar Footwears Ltd.,LEHAR,Retailing,Footwear,389.11,sectors\retailing.csv
Bhatia Communications & Retail (India) Ltd.,BHATIA,Retailing,Retailing,382.57,sectors\retailing.csv
Shankara Building Products Ltd.,SHANKARA,Retailing,Retailing,341.55,sectors\retailing.csv
Purple United Sales Ltd.,PURPLEUTED,Retailing,Retailing,339.08,sectors\retailing.csv
Brandman Retail Ltd.,BRANDMAN,Retailing,Retailing,335.18,sectors\retailing.csv
Logica Infoway Ltd.,LOGICA,Retailing,Retailing,302.56,sectors\retailing.csv
CKK Retail Mart Ltd.,CKKRETAIL,Retailing,Retailing,283.74,sectors\retailing.csv
Spencer's Retail Ltd.,SPENCERS,Retailing,Retailing,278.15,sectors\retailing.csv
Magson Retail & Distribution Ltd.,MAGSON,Retailing,Retailing,262.18,sectors\retailing.csv
Jay Jalaram Technologies Ltd.,KORE,Retailing,Retailing,214.61,sectors\retailing.csv
Brand Concepts Ltd.,BCONCEPTS,Retailing,Retailing,198.02,sectors\retailing.csv
Superhouse Ltd.,SUPERHOUSE,Retailing,Footwear,186.32,sectors\retailing.csv
Khadim India Ltd.,KHADIM,Retailing,Retailing,181.6,sectors\retailing.csv
On Door Concepts Ltd.,ONDOOR,Retailing,Retailing,171.41,sectors\retailing.csv
DSM Fresh Foods Ltd.,ZAPPFRESH,Retailing,Retailing,160.49,sectors\retailing.csv
Indian Terrain Fashions Ltd.,INDTERRAIN,Retailing,Retailing,158.39,sectors\retailing.csv
Rockingdeals Circular Economy Ltd.,ROCKINGDCE,Retailing,Retailing,149.92,sectors\retailing.csv
Pro FX Tech Ltd.,PROFX,Retailing,Retailing,140.03,sectors\retailing.csv
Future Retail Ltd.,FRETAIL,Retailing,Retailing,130.69,sectors\retailing.csv
Praxis Home Retail Ltd.,PRAXIS,Retailing,Retailing,117.99,sectors\retailing.csv
Fonebox Retail Ltd.,FONEBOX,Retailing,Retailing,101.06,sectors\retailing.csv
Galaxy Supermarket Ltd.,GSLTD,Retailing,Retailing,101.0,sectors\retailing.csv
Jay Ambe Supermarkets Ltd.,CITYSQUARE,Retailing,Retailing,97.68,sectors\retailing.csv
Mehul Telecom Ltd.,MTL,Retailing,Retailing,94.05,sectors\retailing.csv
Umiya Mobile Ltd.,UML,Retailing,Retailing,85.32,sectors\retailing.csv
Womancart Ltd.,WOMANCART,Retailing,Retailing,83.61,sectors\retailing.csv
Binny Mills Ltd.,BINNYMILLS,Retailing,Retailing,78.82,sectors\retailing.csv
Chandni Machines Ltd.,CHANDNIMACH,Retailing,Retailing,75.42,sectors\retailing.csv
Digidrive Distributors Ltd.,DIGIDRIVE,Retailing,Retailing,66.71,sectors\retailing.csv
Grill Splendour Services Ltd.,BIRDYS,Retailing,Retailing,61.26,sectors\retailing.csv
Kiaasa Retail Ltd.,KIAASA,Retailing,Retailing,56.68,sectors\retailing.csv
Aditya Consumer Marketing Ltd.,ACML,Retailing,Retailing,55.24,sectors\retailing.csv
KSR Footwear Ltd.,KSR,Retailing,Footwear,53.81,sectors\retailing.csv
Future Consumer Ltd.,FCONSUMER,Retailing,Retailing,51.92,sectors\retailing.csv
Archies Ltd.,ARCHIES,Retailing,Retailing,46.79,sectors\retailing.csv
Bombay Metrics Supply Chain Ltd.,BMETRICS,Retailing,Retailing,45.19,sectors\retailing.csv
OSIA Hyper Retail Ltd.,OSIAHYPER,Retailing,Retailing,43.53,sectors\retailing.csv
Vinit Mobile Ltd.,VMOBILE,Retailing,Retailing,41.65,sectors\retailing.csv
Sarup Industries Ltd.,SARUPINDUS,Retailing,Footwear,40.96,sectors\retailing.csv
Manoj Jewellers Ltd.,MANOJJEWEL,Retailing,Retailing,37.74,sectors\retailing.csv
Future Lifestyle Fashions Ltd.,FLFL,Retailing,Retailing,25.22,sectors\retailing.csv
Benchmark Computer Solutions Ltd.,BENCHMARK,Retailing,Retailing,24.88,sectors\retailing.csv
Diva Organic Living Ltd.,WORL,Retailing,Retailing,23.56,sectors\retailing.csv
Future Enterprises Ltd.,FEL,Retailing,Retailing,22.29,sectors\retailing.csv
Olympia Industries Ltd.,OLYMPTX,Retailing,Retailing,17.47,sectors\retailing.csv
Davin Sons Retail Ltd.,DAVIN,Retailing,Retailing,17.19,sectors\retailing.csv
Heads UP Ventures Ltd.,HEADSUP,Retailing,Retailing,15.68,sectors\retailing.csv
JHS Svendgaard Retail Ventures Ltd.,RETAIL,Retailing,Retailing,14.69,sectors\retailing.csv
Sabrimala Industries India Ltd.,SIIL,Retailing,Retailing,13.33,sectors\retailing.csv
Shantiguru Industries Ltd.,SHANTIGURU,Retailing,Retailing,11.65,sectors\retailing.csv
Mayur Leather Products Ltd.,MAYUR,Retailing,Footwear,10.55,sectors\retailing.csv
Future Enterprises Ltd.-B-DVR,FELDVR,Retailing,Retailing,9.49,sectors\retailing.csv
3C IT Solutions & Telecom (India) Ltd.,3CIT,Retailing,Retailing,9.18,sectors\retailing.csv
Kalpa Commercial Ltd.,KALPACOMME,Retailing,Retailing,8.24,sectors\retailing.csv
NB Footwear Ltd.,NBFOOT,Retailing,Footwear,8.13,sectors\retailing.csv
Nivaka Fashions Ltd.,NIVAKA,Retailing,Retailing,5.55,sectors\retailing.csv
Mafia Trends Ltd.,MAFIA,Retailing,Retailing,2.0,sectors\retailing.csv
JLA Infraville Shoppers Ltd.,JSHL,Retailing,Retailing,1.54,sectors\retailing.csv
Ethos Ltd. - (Rights Entitlements (REs)),ETHOS-RE,Retailing,Retailing,0.0,sectors\retailing.csv
Praxis Home Retail Ltd. - (Rights Entitlements (REs)),PRAXIS-RE2,Retailing,Retailing,0.0,sectors\retailing.csv
Rockingdeals Circular Economy Ltd. - (Rights Entitlements),ROCK-RE,Retailing,Retailing,0.0,sectors\retailing.csv
Rockingdeals Circular Economy Ltd. - (Partly Paid-up Equity Shares on Rights),ROCKPP,Retailing,Retailing,0.0,sectors\retailing.csv
Mazagon Dock Shipbuilders Ltd.,MAZDOCK,Ship Building,Ship Building,104072.04,sectors\shipbuilding.csv
Cochin Shipyard Ltd.,COCHINSHIP,Ship Building,Ship Building,39330.58,sectors\shipbuilding.csv
Garden Reach Shipbuilders & Engineers Ltd.,GRSE,Ship Building,Ship Building,30001.74,sectors\shipbuilding.csv
Swan Defence and Heavy Industries Ltd.,SWANDEF,Ship Building,Ship Building,12846.28,sectors\shipbuilding.csv
Knowledge Marine & Engineering Works Ltd.,KMEW,Ship Building,Ship Building,6928.26,sectors\shipbuilding.csv
Laxmipati Engineering Works Ltd.,LAXMIPATI,Ship Building,Ship Building,272.07,sectors\shipbuilding.csv
VMS Industries Ltd.,VMS,Ship Building,Ship Building,50.51,sectors\shipbuilding.csv
Bharti Airtel Ltd.,BHARTIARTL,Telecom,Telecommunication - Service  Provider,1243237.94,sectors\telecom.csv
Vodafone Idea Ltd.,IDEA,Telecom,Telecommunication - Service  Provider,152763.68,sectors\telecom.csv
Indus Towers Ltd.,INDUSTOWER,Telecom,Telecommunication - Service  Provider,101450.55,sectors\telecom.csv
Bharti Hexacom Ltd.,BHARTIHEXA,Telecom,Telecommunication - Service  Provider,81055.0,sectors\telecom.csv
Tata Communications Ltd.,TATACOMM,Telecom,Telecommunication - Service  Provider,48967.3,sectors\telecom.csv
HFCL Ltd.,HFCL,Telecom,Telecom-Infrastructure,34163.05,sectors\telecom.csv
ITI Ltd.,ITI,Telecom,Telecommunication - Equipment,26582.94,sectors\telecom.csv
Black Box Ltd.,BBOX,Telecom,Telecommunication - Equipment,14151.99,sectors\telecom.csv
Sedemac Mechatronics Ltd.,SEDEMAC,Telecom,Telecommunication - Equipment,13972.68,sectors\telecom.csv
Tejas Networks Ltd.,TEJASNET,Telecom,Telecommunication - Equipment,9567.88,sectors\telecom.csv
Railtel Corporation Of India Ltd.,RAILTEL,Telecom,Telecommunication - Service  Provider,9053.67,sectors\telecom.csv
Tata Teleservices (Maharashtra) Ltd.,TTML,Telecom,Telecommunication - Service  Provider,7546.02,sectors\telecom.csv
Pace Digitek Ltd.,PACEDIGITK,Telecom,Telecom-Infrastructure,3906.91,sectors\telecom.csv
Bondada Engineering Ltd.,BONDADA,Telecom,Telecom-Infrastructure,3120.66,sectors\telecom.csv
Vindhya Telelinks Ltd.,VINDHYATEL,Telecom,Telecom-Infrastructure,2843.44,sectors\telecom.csv
Hathway Cable & Datacom Ltd.,HATHWAY,Telecom,Telecommunication - Service  Provider,1876.31,sectors\telecom.csv
Mahanagar Telephone Nigam Ltd.,MTNL,Telecom,Telecommunication - Service  Provider,1658.16,sectors\telecom.csv
GTL Infrastructure Ltd.,GTLINFRA,Telecom,Telecom-Infrastructure,1562.75,sectors\telecom.csv
Valiant Communications Ltd.,VALIANT,Telecom,Telecommunication - Equipment,1385.45,sectors\telecom.csv
STL Networks Ltd.,STLNETWORK,Telecom,Telecom-Infrastructure,1260.29,sectors\telecom.csv
ADC India Communications Ltd.,ADCINDIA,Telecom,Telecommunication - Equipment,1139.51,sectors\telecom.csv
Suyog Telematics Ltd.,SUYOG,Telecom,Telecommunication - Equipment,973.63,sectors\telecom.csv
Sar Televenture Ltd.,SARTELE,Telecom,Telecom-Infrastructure,542.85,sectors\telecom.csv
Kavveri Defence & Wireless Technologies Ltd.,KAVDEFENCE,Telecom,Telecommunication - Equipment,343.31,sectors\telecom.csv
Frog Innovations Ltd.,FROG,Telecom,Telecommunication - Equipment,335.2,sectors\telecom.csv
Precision Electronics Ltd.,PRECISIO,Telecom,Telecommunication - Equipment,254.6,sectors\telecom.csv
Reliance Communications Ltd.,RCOM,Telecom,Telecommunication - Service  Provider,226.77,sectors\telecom.csv
GTL Ltd.,GTL,Telecom,Telecommunication - Service  Provider,120.17,sectors\telecom.csv
Kore Digital Ltd.,KDL,Telecom,Telecom-Infrastructure,115.85,sectors\telecom.csv
Rama Telecom Ltd.,RTL,Telecom,Telecommunication - Service  Provider,109.62,sectors\telecom.csv
Maestros Electronics & Telecommunications Systems Ltd.,METSL,Telecom,Telecommunication - Equipment,76.84,sectors\telecom.csv
Accord Synergy Ltd.,ACCORD,Telecom,Telecommunication - Service  Provider,76.8,sectors\telecom.csv
Steelman Telecom Ltd.,STML,Telecom,Telecommunication - Service  Provider,65.8,sectors\telecom.csv
Punjab Communications Ltd.,PUNJCOMMU,Telecom,Telecommunication - Equipment,63.72,sectors\telecom.csv
Telogica Ltd.,TELOGICA,Telecom,Telecommunication - Equipment,60.42,sectors\telecom.csv
Quadrant Televentures Ltd.,QUADRANT,Telecom,Telecommunication - Equipment,33.67,sectors\telecom.csv
Shyam Telecom Ltd.,SHYAMTEL,Telecom,Telecommunication - Equipment,15.99,sectors\telecom.csv
Uniinfo Telecom Services Ltd.,UNIINFO,Telecom,Telecommunication - Equipment,12.51,sectors\telecom.csv
Cistro Telelink Ltd.,CISTRO,Telecom,Telecommunication - Equipment,5.49,sectors\telecom.csv
City Online Services Ltd.,CITYONLINE,Telecom,Telecommunication - Service  Provider,3.98,sectors\telecom.csv
Page Industries Ltd.,PAGEIND,Textile,Textile,41124.33,sectors\textile.csv
K.P.R. Mill Ltd.,KPRMILL,Textile,Textile,37912.3,sectors\textile.csv
LMW Ltd.,LMW,Textile,Textile - Machinery,20164.8,sectors\textile.csv
Vardhman Textiles Ltd.,VTL,Textile,Textile,17105.13,sectors\textile.csv
Arvind Ltd.,ARVIND,Textile,Textile,15553.92,sectors\textile.csv
Welspun Living Ltd.,WELSPUNLIV,Textile,Textile,15503.39,sectors\textile.csv
Vedant Fashions Ltd.,MANYAVAR,Textile,Textile,12821.96,sectors\textile.csv
Trident Ltd.,TRIDENT,Textile,Textile - Spinning,12398.46,sectors\textile.csv
Pearl Global Industries Ltd.,PGIL,Textile,Textile,11442.09,sectors\textile.csv
Swan Corp Ltd.,SWANCORP,Textile,Textile,9535.36,sectors\textile.csv
Indo Count Industries Ltd.,ICIL,Textile,Textile,7523.09,sectors\textile.csv
Garware Technical Fibres Ltd.,GARFIBRES,Textile,Textile,7348.53,sectors\textile.csv
Kusumgar Ltd.,KUSUMGAR,Textile,Textile,6327.31,sectors\textile.csv
Alok Industries Ltd.,ALOKINDS,Textile,Textile,5774.57,sectors\textile.csv
Gokaldas Exports Ltd.,GOKEX,Textile,Textile,5738.0,sectors\textile.csv
Lohia Corp Ltd.,LCL,Textile,Textile - Machinery,5599.45,sectors\textile.csv
Raymond Lifestyle Ltd.,RAYMONDLSL,Textile,Textile,4513.83,sectors\textile.csv
Sanathan Textiles Ltd.,SANATHAN,Textile,Textile - Spinning,3973.32,sectors\textile.csv
Filatex India Ltd.,FILATEX,Textile,Textile - Spinning,3619.52,sectors\textile.csv
Lux Industries Ltd.,LUXIND,Textile,Textile,3577.48,sectors\textile.csv
Jindal Worldwide Ltd.,JINDWORLD,Textile,Textile,3540.19,sectors\textile.csv
Kewal Kiran Clothing Ltd.,KKCL,Textile,Textile,3149.05,sectors\textile.csv
Nitin Spinners Ltd.,NITINSPIN,Textile,Textile - Spinning,3112.06,sectors\textile.csv
Sangam (India) Ltd.,SANGAMIND,Textile,Textile,3012.28,sectors\textile.csv
Siyaram Silk Mills Ltd.,SIYSIL,Textile,Textile - Weaving,2895.52,sectors\textile.csv
Ganesha Ecosphere Ltd.,GANECOS,Textile,Textile - Manmade  Fibres,2838.9,sectors\textile.csv
Jindal Poly Films Ltd.,JINDALPOLY,Textile,Textile,2788.98,sectors\textile.csv
Kitex Garments Ltd.,KITEX,Textile,Textile,2677.29,sectors\textile.csv
Sportking India Ltd.,SPORTKING,Textile,Textile,2530.0,sectors\textile.csv
Bombay Dyeing And Manufacturing Company Ltd.,BOMDYEING,Textile,Textile,2362.76,sectors\textile.csv
S.P. Apparels Ltd.,SPAL,Textile,Textile,2359.54,sectors\textile.csv
Cantabil Retail India Ltd.,CANTABIL,Textile,Textile,1985.15,sectors\textile.csv
SBC Exports Ltd.,SBC,Textile,Textile,1841.9,sectors\textile.csv
AYM Syntex Ltd.,AYMSYNTEX,Textile,Textile,1570.81,sectors\textile.csv
Dollar Industries Ltd.,DOLLAR,Textile,Textile,1548.63,sectors\textile.csv
Indo Rama Synthetics (India) Ltd.,INDORAMA,Textile,Textile - Manmade  Fibres,1466.67,sectors\textile.csv
Pashupati Cotspin Ltd.,PASHUPATI,Textile,Textile - Spinning,1339.43,sectors\textile.csv
The Ruby Mills Ltd.,RUBYMILLS,Textile,Textile,1250.15,sectors\textile.csv
Century Enka Ltd.,CENTENKA,Textile,Textile,1245.16,sectors\textile.csv
Raj Rayon Industries Ltd.,RAJRILTD,Textile,Textile - Manmade  Fibres,1205.03,sectors\textile.csv
Rupa & Company Ltd.,RUPA,Textile,Textile,1200.03,sectors\textile.csv
Faze Three Ltd.,FAZE3Q,Textile,Textile,1189.44,sectors\textile.csv
Sunrakshakk Industries India Ltd.,SUNRAKSHAK,Textile,Textile - Manmade  Fibres,1169.42,sectors\textile.csv
One Global Service Provider Ltd.,ONEGLOBAL,Textile,Textile,1162.91,sectors\textile.csv
GHCL Textiles Ltd.,GHCLTEXTIL,Textile,Textile - Spinning,1131.26,sectors\textile.csv
Iris Clothings Ltd.,IRISDOREME,Textile,Textile,1102.59,sectors\textile.csv
Nahar Spinning Mills Ltd.,NAHARSPING,Textile,Textile - Spinning,1088.27,sectors\textile.csv
Monte Carlo Fashions Ltd.,MONTECARLO,Textile,Textile,1058.27,sectors\textile.csv
Sumeet Industries Ltd.,SUMEETINDS,Textile,Textile - Spinning,1029.62,sectors\textile.csv
Swaraj Suiting Ltd.,SWARAJ,Textile,Textile,978.14,sectors\textile.csv
RSWM Ltd.,RSWM,Textile,Textile,933.08,sectors\textile.csv
Himatsingka Seide Ltd.,HIMATSEIDE,Textile,Textile,915.53,sectors\textile.csv
Ambika Cotton Mills Ltd.,AMBIKCO,Textile,Textile - Spinning,914.31,sectors\textile.csv
Mafatlal Industries Ltd.,MAFATIND,Textile,Textile,886.36,sectors\textile.csv
Precot Ltd.,PRECOT,Textile,Textile - Spinning,860.58,sectors\textile.csv
Borana Weaves Ltd.,BORANA,Textile,Textile,857.05,sectors\textile.csv
Jaybharat Textiles & Real Estate Ltd.,JAYTEX,Textile,Textile - Spinning,850.28,sectors\textile.csv
Sarla Performance Fibers Ltd.,SARLAPOLY,Textile,Textile - Manmade  Fibres,804.25,sectors\textile.csv
Rajapalayam Mills Ltd.,RAJPALAYAM,Textile,Textile - Spinning,770.03,sectors\textile.csv
United Polyfab Gujarat Ltd.,UNITEDPOLY,Textile,Textile - Weaving,757.4,sectors\textile.csv
Karnika Industries Ltd.,KARNIKA,Textile,Textile,737.46,sectors\textile.csv
DCM Shriram International Ltd.,DCMSIL,Textile,Textile,708.99,sectors\textile.csv
Gloster Ltd.,GLOSTERLTD,Textile,Textile,696.76,sectors\textile.csv
Cheviot Company Ltd.,CHEVIOT,Textile,Textile,670.65,sectors\textile.csv
True Green Bio Energy Ltd.,TRUEGREEN,Textile,Textile - Spinning,658.98,sectors\textile.csv
Voith Paper Fabrics India Ltd.,VOITHPAPR,Textile,Textile,639.47,sectors\textile.csv
Sutlej Textiles And Industries Ltd.,SUTLEJTEX,Textile,Textile - Spinning,624.02,sectors\textile.csv
Orbit Exports Ltd.,ORBTEXP,Textile,Textile,612.84,sectors\textile.csv
Lakshmi Mills Company Ltd.,LAKSHMIMIL,Textile,Textile,561.09,sectors\textile.csv
Nahar Industrial Enterprises Ltd.,NAHARINDUS,Textile,Textile - Spinning,531.43,sectors\textile.csv
Birla Cotsyn (India) Ltd.,BIRLACOT,Textile,Textile - Spinning,527.09,sectors\textile.csv
Pasupati Acrylon Ltd.,PASUPTAC,Textile,Textile - Manmade  Fibres,522.94,sectors\textile.csv
Thomas Scott (India) Ltd.,THOMASCOTT,Textile,Textile,508.48,sectors\textile.csv
Virat Industries Ltd.,VIRAT,Textile,Textile,479.78,sectors\textile.csv
VTM Ltd.,VTMLTD,Textile,Textile - Weaving,470.46,sectors\textile.csv
Donear Industries Ltd.,DONEAR,Textile,Textile,458.69,sectors\textile.csv
Vishal Fabrics Ltd.,VISHAL,Textile,Textile,449.91,sectors\textile.csv
Meenakshi India Ltd.,MEEIND,Textile,Textile,446.91,sectors\textile.csv
AB Cotspin India Ltd.,ABCOTS,Textile,Textile,437.52,sectors\textile.csv
Suditi Industries Ltd.,SUDTIND-B,Textile,Textile,414.74,sectors\textile.csv
Atvo Enterprises Ltd.,ATVOENT,Textile,Textile,399.91,sectors\textile.csv
Banswara Syntex Ltd.,BANSWRAS,Textile,Textile - Manmade  Fibres,395.55,sectors\textile.csv
Manomay Tex India Ltd.,MANOMAY,Textile,Textile - Weaving,388.5,sectors\textile.csv
Ginni Filaments Ltd.,GINNIFILA,Textile,Textile - Spinning,383.2,sectors\textile.csv
Ecoline Exim Ltd.,ECOLINE,Textile,Textile,382.92,sectors\textile.csv
Raghuvir Synthetics Ltd.,RAGHUSYN,Textile,Textile,377.43,sectors\textile.csv
Ludlow Jute & Specialities Ltd.,LUDLOWJUT,Textile,Textile - Weaving,366.29,sectors\textile.csv
Vardhman Acrylics Ltd.,VARDHACRLC,Textile,Textile - Manmade  Fibres,358.5,sectors\textile.csv
Forcas Studio Ltd.,FORCAS,Textile,Textile,356.61,sectors\textile.csv
Super Sales India Ltd.,SUPER,Textile,Textile - Spinning,351.56,sectors\textile.csv
Stovec Industries Ltd.,STOVACQ,Textile,Textile - Machinery,344.9,sectors\textile.csv
Nandan Denim Ltd.,NDL,Textile,Textile,335.86,sectors\textile.csv
DCM Nouvelle Ltd.,DCMNVL,Textile,Textile,329.1,sectors\textile.csv
Aastha Spintex Ltd.,AASTHA,Textile,Textile,328.29,sectors\textile.csv
Binny Ltd.,BINNY,Textile,Textile,314.59,sectors\textile.csv
Spice Islands Industries Ltd.,SPICEISLIN,Textile,Textile,306.03,sectors\textile.csv
Vardhman Polytex Ltd.,VARDMNPOLY,Textile,Textile,305.27,sectors\textile.csv
Varvee Global Ltd.,VGL,Textile,Textile - Weaving,302.37,sectors\textile.csv
Bella Casa Fashion & Retail Ltd.,BELLACASA,Textile,Textile,297.94,sectors\textile.csv
Axita Cotton Ltd.,AXITA,Textile,Textile,278.97,sectors\textile.csv
Nutricircle Ltd.,NUTRICIRCLE,Textile,Textile,271.95,sectors\textile.csv
Shree Karni Fabcom Ltd.,SHREEKARNI,Textile,Textile,258.1,sectors\textile.csv
Shreedhar Spinners Ltd.,SHREEDHAR,Textile,Textile - Spinning,251.79,sectors\textile.csv
CPS Shapers Ltd.,CPS,Textile,Textile,246.27,sectors\textile.csv
Bhilwara Technical Textiles Ltd.,BTTL,Textile,Textile,242.83,sectors\textile.csv
R&B Denims Ltd.,RNBDENIMS,Textile,Textile,239.69,sectors\textile.csv
Spunweb Nonwoven Ltd.,SPUNWEB,Textile,Textile,238.62,sectors\textile.csv
MK Exim (India) Ltd.,MKEXIM,Textile,Textile,226.54,sectors\textile.csv
Alpine Texworld Ltd.,ALPINETEX,Textile,Textile,224.13,sectors\textile.csv
Shahlon Silk Industries Ltd.,SHAHLON,Textile,Textile,221.29,sectors\textile.csv
Maral Overseas Ltd.,MARALOVER,Textile,Textile - Spinning,220.41,sectors\textile.csv
Jattashankar Industries Ltd.,JATTAINDUS,Textile,Textile - Manmade  Fibres,220.17,sectors\textile.csv
Shri Dinesh Mills Ltd.,SHRIDINE,Textile,Textile,212.79,sectors\textile.csv
Alan Scott Enterprises Ltd.,ALANSCOTT,Textile,Textile,208.03,sectors\textile.csv
Shiva Texyarn Ltd.,SHIVATEX,Textile,Textile - Spinning,207.66,sectors\textile.csv
Zodiac Clothing Company Ltd.,ZODIACLOTH,Textile,Textile,207.31,sectors\textile.csv
Rudra Ecovation Ltd.,RUDRAECO,Textile,Textile,206.8,sectors\textile.csv
Game Changers Texfab Ltd.,TRADEUNO,Textile,Textile,201.56,sectors\textile.csv
RRIL Ltd.,RRIL,Textile,Textile,201.46,sectors\textile.csv
Mahalaxmi Rubtech Ltd.,MHLXMIRU,Textile,Textile,200.25,sectors\textile.csv
Jasch Industries Ltd.,JASCH,Textile,Textile - Weaving,197.99,sectors\textile.csv
Bannari Amman Spinning Mills Ltd.,BASML,Textile,Textile - Spinning,197.41,sectors\textile.csv
VIP Clothing Ltd.,VIPCLOTHNG,Textile,Textile,185.04,sectors\textile.csv
Winsome Textile Industries Ltd.,WINSOMTX,Textile,Textile,171.9,sectors\textile.csv
Candour Techtex Ltd.,CANDOUR,Textile,Textile,170.68,sectors\textile.csv
Modern Threads (India) Ltd.,MODTHREAD,Textile,Textile - Spinning,167.89,sectors\textile.csv
Active Clothing Co Ltd.,ACTIVE,Textile,Textile,165.9,sectors\textile.csv
SD Retail Ltd.,SDREAMS,Textile,Textile,162.88,sectors\textile.csv
NR Vandana Tex Industries Ltd.,NRVANDANA,Textile,Textile,160.73,sectors\textile.csv
Suryalata Spinning Mills Ltd.,SURYALA,Textile,Textile - Spinning,160.4,sectors\textile.csv
T.T. Ltd.,TTL,Textile,Textile,160.15,sectors\textile.csv
Shree Ram Twistex Ltd.,SRTL,Textile,Textile,158.74,sectors\textile.csv
Filatex Fashions Ltd.,FILATFASH,Textile,Textile,158.35,sectors\textile.csv
Fractal Industries Ltd.,FIL,Textile,Textile,156.82,sectors\textile.csv
DCM Ltd.,DCM,Textile,Textile - Spinning,156.52,sectors\textile.csv
Shri Techtex Ltd.,SHRITECH,Textile,Textile,154.44,sectors\textile.csv
Lorenzini Apparels Ltd.,LAL,Textile,Textile,150.97,sectors\textile.csv
Popees Baby Care India Ltd.,POPEES,Textile,Textile,147.06,sectors\textile.csv
Avi Ansh Textile Ltd.,AVIANSH,Textile,Textile,146.41,sectors\textile.csv
Lagnam Spintex Ltd.,LAGNAM,Textile,Textile,139.21,sectors\textile.csv
Salona Cotspin Ltd.,SALONA,Textile,Textile - Spinning,138.32,sectors\textile.csv
Indian Card Clothing Company Ltd.,INDIANCARD,Textile,Textile - Machinery,133.62,sectors\textile.csv
Aarnav Fashions Ltd.,AARNAV,Textile,Textile,133.39,sectors\textile.csv
Premco Global Ltd.,PREMCO,Textile,Textile,126.38,sectors\textile.csv
BSL Ltd.,BSL,Textile,Textile - Weaving,125.56,sectors\textile.csv
APM Industries Ltd.,APMIN,Textile,Textile - Spinning,123.92,sectors\textile.csv
Weizmann Ltd.,WEIZMANIND,Textile,Textile,122.39,sectors\textile.csv
Binayak Tex Processors Ltd.,ZBINTXPP,Textile,Textile,119.5,sectors\textile.csv
Zenith Exports Ltd.,ZENITHEXPO,Textile,Textile,117.99,sectors\textile.csv
Scoobee Day Garments (India) Ltd.,SCOOBEEDAY,Textile,Textile,116.17,sectors\textile.csv
Lambodhara Textiles Ltd.,LAMBODHARA,Textile,Textile - Spinning,115.71,sectors\textile.csv
AI Champdany Industries Ltd.,AICHAMP,Textile,Textile - Weaving,111.08,sectors\textile.csv
Osiajee Texfab Ltd.,OSIAJEE,Textile,Textile,108.22,sectors\textile.csv
Lovable Lingerie Ltd.,LOVABLE,Textile,Textile,107.08,sectors\textile.csv
Suryalakshmi Cotton Mills Ltd.,SURYALAXMI,Textile,Textile,106.81,sectors\textile.csv
Ken Enterprises Ltd.,KEN,Textile,Textile,105.63,sectors\textile.csv
JCT Ltd.,JCTLTD,Textile,Textile,105.07,sectors\textile.csv
Amarjothi Spinning Mills Ltd.,AMARJOTHI,Textile,Textile - Spinning,105.03,sectors\textile.csv
Loyal Textile Mills Ltd.,LOYALTEX,Textile,Textile,104.76,sectors\textile.csv
Vippy Spinpro Ltd.,VIPPYSP,Textile,Textile - Spinning,102.7,sectors\textile.csv
Parmeshwari Silk Mills Ltd.,PARMSILK,Textile,Textile,98.98,sectors\textile.csv
Ceenik Exports (India) Ltd.,CEENIK,Textile,Textile,97.53,sectors\textile.csv
Acknit Industries Ltd.,ACKNIT,Textile,Textile,96.37,sectors\textile.csv
Bhandari Hosiery Exports Ltd.,BHANDARI,Textile,Textile,95.89,sectors\textile.csv
Rachit Prints Ltd.,RACHIT,Textile,Textile,94.59,sectors\textile.csv
SEL Manufacturing Company Ltd.,SELMC,Textile,Textile,93.34,sectors\textile.csv
Addi Industries Ltd.,ADDIND,Textile,Textile,92.85,sectors\textile.csv
Deepak Spinners Ltd.,DEEPAKSP,Textile,Textile - Spinning,92.83,sectors\textile.csv
SPL Industries Ltd.,SPLIL,Textile,Textile,91.99,sectors\textile.csv
KG Petrochem Ltd.,KGPETRO,Textile,Textile,91.76,sectors\textile.csv
Texel Industries Ltd.,TEXELIN,Textile,Textile,91.01,sectors\textile.csv
Globe Enterprises (India) Ltd.,GLOBE,Textile,Textile,89.63,sectors\textile.csv
Reliance Chemotex Industries Ltd.,RELCHEMQ,Textile,Textile - Spinning,89.54,sectors\textile.csv
Sanrhea Technical Textiles Ltd.,SANTETX,Textile,Textile,86.03,sectors\textile.csv
Kaytex Fabrics Ltd.,KAYTEX,Textile,Textile,85.62,sectors\textile.csv
Bhudevi Infra Projects Ltd.,BHUDEVI,Textile,Textile,84.1,sectors\textile.csv
Fiberweb (India) Ltd.,FIBERWEB,Textile,Textile,83.5,sectors\textile.csv
Indian Acrylics Ltd.,INDIANACRY,Textile,Textile - Spinning,79.57,sectors\textile.csv
Paras Petrofils Ltd.,PARASPETRO,Textile,Textile - Manmade  Fibres,79.54,sectors\textile.csv
Veekayem Fashion And Apparels Ltd.,VEEKAYEM,Textile,Textile,79.07,sectors\textile.csv
Riba Textiles Ltd.,RIBATEX,Textile,Textile,78.28,sectors\textile.csv
Anirit Ventures Ltd.,ANIRIT,Textile,Textile - Weaving,77.62,sectors\textile.csv
Signoria Creation Ltd.,SIGNORIA,Textile,Textile,77.56,sectors\textile.csv
Nagreeka Exports Ltd.,NAGREEKEXP,Textile,Textile - Spinning,77.19,sectors\textile.csv
Meera Industries Ltd.,MEERA,Textile,Textile - Machinery,76.93,sectors\textile.csv
Yajur Fibres Ltd.,YAJUR,Textile,Textile,75.99,sectors\textile.csv
Ashnoor Textile Mills Ltd.,ASHNOOR,Textile,Textile,74.67,sectors\textile.csv
Jakharia Fabric Ltd.,JAKHARIA,Textile,Textile,73.76,sectors\textile.csv
Pioneer Embroideries Ltd.,PIONEEREMB,Textile,Textile - Spinning,72.97,sectors\textile.csv
Betex India Ltd.,BETXIND,Textile,Textile - Manmade  Fibres,72.9,sectors\textile.csv
Sky Industries Ltd.,SKYIND,Textile,Textile,72.55,sectors\textile.csv
Harikanta Overseas Ltd.,HARIKANTA,Textile,Textile,68.96,sectors\textile.csv
Kamadgiri Fashion Ltd.,KAMADGIRI,Textile,Textile - Manmade  Fibres,68.67,sectors\textile.csv
Divyadhan Recycling Industries Ltd.,DIVYADHAN,Textile,Textile - Manmade  Fibres,68.67,sectors\textile.csv
Siddhi Cotspin Ltd.,SIDDHICOTS,Textile,Textile - Spinning,68.34,sectors\textile.csv
Damodar Industries Ltd.,DAMODARIND,Textile,Textile - Spinning,67.55,sectors\textile.csv
Garment Mantra Lifestyle Ltd.,GARMNTMNTR,Textile,Textile,67.52,sectors\textile.csv
Shekhawati Industries Ltd.,SHEKHAWATI,Textile,Textile - Spinning,65.91,sectors\textile.csv
Everlon Financials Ltd.,EVERFIN,Textile,Textile - Spinning,65.88,sectors\textile.csv
Shree Balaji (Mala) Textiles Ltd.,MALA,Textile,Textile,64.83,sectors\textile.csv
Mohini Health & Hygiene Ltd.,MHHL,Textile,Textile,64.37,sectors\textile.csv
Shanti Spintex Ltd.,SHANTIDENM,Textile,Textile,61.73,sectors\textile.csv
Lakhotia Polyesters (India) Ltd.,LAKHOTIA,Textile,Textile - Manmade  Fibres,59.6,sectors\textile.csv
Riyaasat Lifestyle Ltd.,RIYAASAT,Textile,Textile,59.09,sectors\textile.csv
E-Land Apparel Ltd.,ELAND,Textile,Textile,57.54,sectors\textile.csv
Mohite Industries Ltd.,MOHITE,Textile,Textile - Spinning,53.87,sectors\textile.csv
Jamshri Realty Ltd.,JAMSHRI,Textile,Textile,53.1,sectors\textile.csv
MKP Mobility Ltd.,MKPMOB,Textile,Textile - Spinning,52.85,sectors\textile.csv
Nandani Creation Ltd.,JAIPURKURT,Textile,Textile,52.48,sectors\textile.csv
CLC Industries Ltd.,CLCIND,Textile,Textile - Spinning,52.42,sectors\textile.csv
Vinny Overseas Ltd.,VINNY,Textile,Textile,50.25,sectors\textile.csv
Shiva Mills Ltd.,SHIVAMILLS,Textile,Textile,49.86,sectors\textile.csv
SVP Global Textiles Ltd.,SVPGLOB,Textile,Textile,48.83,sectors\textile.csv
Arex Industries Ltd.,AREXMIS,Textile,Textile,47.36,sectors\textile.csv
GTN Industries Ltd.,GTNINDS,Textile,Textile - Spinning,47.06,sectors\textile.csv
Spright Agro Ltd.,SPRIGHT,Textile,Textile,46.07,sectors\textile.csv
Silky Overseas Ltd.,SILKY,Textile,Textile,45.85,sectors\textile.csv
Shubham Polyspin Ltd.,SHUBHAM,Textile,Textile,44.48,sectors\textile.csv
Shree Rajasthan Syntex Ltd.,SHRAJSYNQ,Textile,Textile - Manmade  Fibres,44.04,sectors\textile.csv
Sambandam Spinning Mills Ltd.,SAMBANDAM,Textile,Textile - Spinning,43.93,sectors\textile.csv
Tirupati Foam Ltd.,TIRUFOAM,Textile,Textile,43.63,sectors\textile.csv
Celebrity Fashions Ltd.,CELEBRITY,Textile,Textile,43.18,sectors\textile.csv
Dhanlaxmi Fabrics Ltd.,DHANFAB,Textile,Textile,43.15,sectors\textile.csv
PBM Polytex Ltd.,PBMPOLY,Textile,Textile - Spinning,42.75,sectors\textile.csv
Source Industries (India) Ltd.,SOURCEIND,Textile,Textile,41.64,sectors\textile.csv
Wires & Fabriks (S.A.) Ltd.,WIREFABR,Textile,Textile,40.94,sectors\textile.csv
Bang Overseas Ltd.,BANG,Textile,Textile,40.68,sectors\textile.csv
HP Cotton Textile Mills Ltd.,HPCOTTON,Textile,Textile,40.42,sectors\textile.csv
Sri Ramakrishna Mills (Coimbatore) Ltd.,SRMCL,Textile,Textile - Spinning,38.81,sectors\textile.csv
Vera Synthetic Ltd.,VERA,Textile,Textile,38.62,sectors\textile.csv
Gokak Textiles Ltd.,GOKAKTEX,Textile,Textile,38.55,sectors\textile.csv
Felix Global Venture Ltd.,TATIAGLOB,Textile,Textile,37.91,sectors\textile.csv
KG Denim Ltd.,KGDENIM,Textile,Textile - Weaving,37.66,sectors\textile.csv
Rajnandini Fashion India Ltd.,RFIL,Textile,Textile,37.64,sectors\textile.csv
Surbhi Industries Ltd.,SURBHIN,Textile,Textile,37.57,sectors\textile.csv
Morarjee Textiles Ltd.,MORARJEE,Textile,Textile - Weaving,37.1,sectors\textile.csv
Anjani Synthetics Ltd.,ANJANI,Textile,Textile,35.7,sectors\textile.csv
Suryaamba Spinning Mills Ltd.,SURYAAMBA,Textile,Textile - Spinning,35.18,sectors\textile.csv
Sunil Industries Ltd.,SUNILTX,Textile,Textile,34.4,sectors\textile.csv
Valson Industries Ltd.,VALSONQ,Textile,Textile - Spinning,33.71,sectors\textile.csv
Mohit Industries Ltd.,MOHITIND,Textile,Textile,33.61,sectors\textile.csv
Swasti Vinayaka Synthetics Ltd.,SWASTIVI,Textile,Textile,33.3,sectors\textile.csv
Trident Texofab Ltd.,TTFL,Textile,Textile,33.11,sectors\textile.csv
Akshar Spintex Ltd.,AKSHAR,Textile,Textile,33.07,sectors\textile.csv
Spenta International Ltd.,SPENTA,Textile,Textile,32.65,sectors\textile.csv
Sihora Industries Ltd.,SIHORA,Textile,Textile,32.02,sectors\textile.csv
Super Spinning Mills Ltd.,SUPERSPIN,Textile,Textile - Spinning,31.73,sectors\textile.csv
Gini Silk Mills Ltd.,GINISILK,Textile,Textile,31.6,sectors\textile.csv
Pasupati Spinning & Weaving Mills Ltd.,PASUSPG,Textile,Textile - Spinning,31.05,sectors\textile.csv
Subhash Silk Mills Ltd.,SUBSM,Textile,Textile,29.61,sectors\textile.csv
Classic Filaments Ltd.,CFL,Textile,Textile,29.53,sectors\textile.csv
Gem Spinners India Ltd.,GEMSPIN,Textile,Textile - Spinning,29.15,sectors\textile.csv
Eastern Silk Industries Ltd.,EASTSILK,Textile,Textile,28.35,sectors\textile.csv
Skybiotech Healthcare Ltd.,SKYBIOTECH,Textile,Textile,28.34,sectors\textile.csv
Aditya Spinners Ltd.,ADITYASP,Textile,Textile - Spinning,27.61,sectors\textile.csv
Konark Synthetic Ltd.,KONARKSY,Textile,Textile,27.01,sectors\textile.csv
Angel Fibers Ltd.,ANGEL,Textile,Textile,26.57,sectors\textile.csv
Hindoostan Mills Ltd.,HINDMILL,Textile,Textile,26.28,sectors\textile.csv
Jet Knitwears Ltd.,JETKNIT,Textile,Textile,26.16,sectors\textile.csv
STL Global Ltd.,SGL,Textile,Textile,25.86,sectors\textile.csv
Maris Spinners Ltd.,MARIS,Textile,Textile - Spinning,25.83,sectors\textile.csv
Sparkle Gold Rock Ltd.,SPARKLEGR,Textile,Textile - Spinning,25.66,sectors\textile.csv
Libas Consumer Products Ltd.,LIBAS,Textile,Textile,25.61,sectors\textile.csv
Aritas Vinyl Ltd.,ARITAS,Textile,Textile,25.4,sectors\textile.csv
Padam Cotton Yarns Ltd.,PADAMCO,Textile,Textile,25.24,sectors\textile.csv
Salguti Industries Ltd.,SALGUTI,Textile,Textile,24.95,sectors\textile.csv
Impera Worldwide Ltd.,RISHYRN,Textile,Textile - Manmade  Fibres,24.92,sectors\textile.csv
Paramount Dye Tec Ltd.,PARAMOUNT,Textile,Textile,24.51,sectors\textile.csv
United Cotfab Ltd.,COTFAB,Textile,Textile,24.07,sectors\textile.csv
Indo Cotspin Ltd.,ICL,Textile,Textile - Spinning,23.56,sectors\textile.csv
Laxmi Cotspin Ltd.,LAXMICOT,Textile,Textile - Spinning,23.01,sectors\textile.csv
Harish Textile Engineers Ltd.,HARISH,Textile,Textile - Machinery,22.68,sectors\textile.csv
Blue chip Tex Industries Ltd.,BLUECHIPT,Textile,Textile - Manmade  Fibres,22.66,sectors\textile.csv
Prakash Woollen & Synthetic Mills Ltd.,PWASML,Textile,Textile,22.57,sectors\textile.csv
Shree Bhavya Fabrics Ltd,SBFL,Textile,Textile,22.46,sectors\textile.csv
Kotia Enterprises Ltd.,KEL,Textile,Textile,21.76,sectors\textile.csv
Zenith Fibres Ltd.,ZENIFIB,Textile,Textile - Manmade  Fibres,21.74,sectors\textile.csv
Cedaar Textile Ltd.,CEDAAR,Textile,Textile,21.3,sectors\textile.csv
KK Silk Mills Ltd.,KKSILK,Textile,Textile,21.09,sectors\textile.csv
Mahalaxmi Fabric Mills Ltd.,MFML,Textile,Textile,21.08,sectors\textile.csv
Southern Latex Ltd.,SOUTLAT,Textile,Textile,20.95,sectors\textile.csv
Uniroyal Industries Ltd.,UNIROYAL,Textile,Textile,20.72,sectors\textile.csv
Patspin India Ltd.,PATSPINLTD,Textile,Textile - Spinning,20.69,sectors\textile.csv
Prime Urban Development India Ltd.,PRIMEURB,Textile,Textile,20.49,sectors\textile.csv
Veejay Lakshmi Engineering Works Ltd.,VJLAXMIE,Textile,Textile - Machinery,20.15,sectors\textile.csv
York Exports Ltd.,YORKEXP,Textile,Textile,19.91,sectors\textile.csv
SRM Energy Ltd.,SRMENERGY,Textile,Textile,19.79,sectors\textile.csv
K-Lifestyle Industries Ltd.,KLIFESTYL,Textile,Textile,19.43,sectors\textile.csv
Advance Lifestyles Ltd.,ADVLIFE,Textile,Textile,19.14,sectors\textile.csv
Hisar Spinning Mills Ltd.,HISARSP,Textile,Textile - Spinning,18.43,sectors\textile.csv
Bharat Textiles & Proofing Industries Ltd.,BHATEXT,Textile,Textile,17.57,sectors\textile.csv
Kizi Apparels Ltd.,KIZI,Textile,Textile,17.31,sectors\textile.csv
Tacent Projects Ltd.,TACENT,Textile,Textile,17.26,sectors\textile.csv
Cityman Ltd.,CITYMAN,Textile,Textile,17.24,sectors\textile.csv
Neelam Linens and Garments (India) Ltd.,NEELAM,Textile,Textile,16.48,sectors\textile.csv
Visagar Polytex Ltd.,VIVIDHA,Textile,Textile,16.39,sectors\textile.csv
Ventura Textiles Ltd.,VENTURA,Textile,Textile,16.3,sectors\textile.csv
SK International Export Ltd.,SKIEL,Textile,Textile,15.78,sectors\textile.csv
Meyer Apparel Ltd.,MAL,Textile,Textile,15.62,sectors\textile.csv
Gujarat Hy-Spin Ltd.,GUJHYSPIN,Textile,Textile - Spinning,15.44,sectors\textile.csv
Kandagiri Spinning Mills Ltd.,KANDAGIRI,Textile,Textile - Spinning,15.21,sectors\textile.csv
Vashishtha Luxury Fashion Ltd.,VASHISHTHA,Textile,Textile,14.77,sectors\textile.csv
Super Fine Knitters Ltd.,SKL,Textile,Textile,14.57,sectors\textile.csv
Prag Bosimi Synthetics Ltd.,PRAGBOS,Textile,Textile,13.76,sectors\textile.csv
Seasons Textiles Ltd.,SEASONST,Textile,Textile,13.65,sectors\textile.csv
New Light Industries Ltd.,NEWLIGHT,Textile,Textile,13.49,sectors\textile.csv
Titaanium Ten Enterprise Ltd.,TITAANIUM,Textile,Textile,13.32,sectors\textile.csv
Tuni Textile Mills Ltd.,TUNITEX,Textile,Textile - Weaving,13.19,sectors\textile.csv
Bindal Exports Ltd.,BINDALEXPO,Textile,Textile,12.79,sectors\textile.csv
Santosh Fine-Fab Ltd.,SANTOSHF,Textile,Textile - Weaving,12.76,sectors\textile.csv
Gravity (India) Ltd.,GRAVITY,Textile,Textile,12.71,sectors\textile.csv
Eurotex Industries And Exports Ltd.,EUROTEXIND,Textile,Textile - Spinning,12.18,sectors\textile.csv
Kallam Textiles Ltd.,KALLAM,Textile,Textile - Spinning,12.09,sectors\textile.csv
Jiwanram Sheoduttrai Industries Ltd.,JIWANRAM,Textile,Textile,11.88,sectors\textile.csv
Globale Tessile Ltd.,GLOBALE,Textile,Textile,11.82,sectors\textile.csv
Garware Marine Industries Ltd.,GARWAMAR,Textile,Textile,11.67,sectors\textile.csv
Sri Nachammai Cotton Mills Ltd.,SRINACHA,Textile,Textile - Spinning,11.61,sectors\textile.csv
Mish Designs Ltd.,MISHDESIGN,Textile,Textile - Weaving,11.2,sectors\textile.csv
Flexituff Ventures International Ltd.,FLEXITUFF,Textile,Textile,10.67,sectors\textile.csv
Ghushine Fintrrade Ocean Ltd.,GHUSHINE,Textile,Textile,10.63,sectors\textile.csv
Suumaya Industries Ltd.,SUULD,Textile,Textile,10.57,sectors\textile.csv
Garware Synthetics Ltd.,GARWSYN,Textile,Textile - Spinning,10.51,sectors\textile.csv
Adinath Textiles Ltd.,ADINATH,Textile,Textile - Spinning,10.45,sectors\textile.csv
Samtex Fashions Ltd.,SAMTEX,Textile,Textile,10.36,sectors\textile.csv
United Leasing & Industries Ltd.,UNTTEMI,Textile,Textile,10.2,sectors\textile.csv
Sri Lakshmi Saraswathi Textiles (Arni) Ltd.,SLSTLQ,Textile,Textile - Spinning,9.83,sectors\textile.csv
Shree Manufacturing Company Ltd.,SHRMFGC,Textile,Textile - Spinning,9.78,sectors\textile.csv
Kush Industries Ltd.,KUSHIND,Textile,Textile,9.61,sectors\textile.csv
GTN Textiles Ltd.,GTNTEX,Textile,Textile - Spinning,9.44,sectors\textile.csv
RLF Ltd.,RLF,Textile,Textile,9.4,sectors\textile.csv
Pasari Spinning Mills Ltd.,PASARI,Textile,Textile - Spinning,8.87,sectors\textile.csv
Haria Apparels Ltd.,HARIAAPL,Textile,Textile,8.41,sectors\textile.csv
Kalahridhaan Trendz Ltd.,KTL,Textile,Textile,8.34,sectors\textile.csv
Sheshadri Industries Ltd.,SHESHAINDS,Textile,Textile - Spinning,8.31,sectors\textile.csv
Suryavanshi Spinning Mills Ltd.,SURYVANSP,Textile,Textile - Spinning,8.08,sectors\textile.csv
Jagjanani Textiles Ltd.,JAGJANANI,Textile,Textile - Weaving,7.96,sectors\textile.csv
Jayatma Industries Ltd.,JAYIND,Textile,Textile,7.69,sectors\textile.csv
Premier Synthetics Ltd.,PREMSYN,Textile,Textile - Spinning,7.35,sectors\textile.csv
Minaxi Textiles Ltd.,MINAXI,Textile,Textile,7.26,sectors\textile.csv
Vijay Textiles Ltd.,VIJAYTX,Textile,Textile,7.23,sectors\textile.csv
Siddheswari Garments Ltd.,SIDDHEGA,Textile,Textile,7.12,sectors\textile.csv
Golden Carpets Ltd.,GOLCA,Textile,Textile,7.09,sectors\textile.csv
Nutech Global Ltd.,NUTECGLOB,Textile,Textile - Weaving,7.05,sectors\textile.csv
Billwin Industries Ltd.,BILLWIN,Textile,Textile,6.7,sectors\textile.csv
Supertex Industries Ltd.,SUPERTEX,Textile,Textile - Manmade  Fibres,6.43,sectors\textile.csv
Audroc Ltd.,AUDROC,Textile,Textile,6.13,sectors\textile.csv
Prashant India Ltd.,PRSNTIN,Textile,Textile,6.04,sectors\textile.csv
Oswal Yarns Ltd.,OSWAYRN,Textile,Textile,6.0,sectors\textile.csv
Enterprise International Ltd.,ENTRINT,Textile,Textile,5.97,sectors\textile.csv
Kiran Syntex Ltd.,KIRANSY-B,Textile,Textile - Spinning,5.84,sectors\textile.csv
Oxford Industries Ltd.,OXFORDIN,Textile,Textile,5.48,sectors\textile.csv
United Textiles Ltd.,UNITEDTE,Textile,Textile - Spinning,5.36,sectors\textile.csv
Eureka Industries Ltd.,EUREKAI,Textile,Textile - Spinning,5.29,sectors\textile.csv
Amit International Ltd.,AMITINT,Textile,Textile - Spinning,5.23,sectors\textile.csv
Sahaj Fashions Ltd.,SAHAJ,Textile,Textile,5.07,sectors\textile.csv
Kakatiya Textiles Ltd.,KAKTEX,Textile,Textile - Spinning,4.88,sectors\textile.csv
Aananda Lakshmi Spinning Mills Ltd.,AANANDALAK,Textile,Textile - Spinning,4.4,sectors\textile.csv
Suncity Synthetics Ltd.,SUNCITYSY,Textile,Textile - Manmade  Fibres,4.19,sectors\textile.csv
Richa Industries Ltd.,RICHAIND,Textile,Textile,3.87,sectors\textile.csv
Gaekwar Mills Ltd.,ZGAEKWAR,Textile,Textile - Spinning,3.01,sectors\textile.csv
Rajvir Industries Ltd.,RAJVIR,Textile,Textile - Spinning,2.25,sectors\textile.csv
Gangotri Textiles Ltd.,GANGOTRI,Textile,Textile - Spinning,2.02,sectors\textile.csv
Sybly Industries Ltd.,SYBLY,Textile,Textile - Spinning,1.21,sectors\textile.csv
Winsome Yarns Ltd.,WINSOME,Textile,Textile - Spinning,0.03,sectors\textile.csv
LWS Knitwear Ltd. - (Rights Entitlements (REs),KNIT-RE,Textile,Textile,0.0,sectors\textile.csv
Eureka Industries Ltd. - (Rights Entitlements (REs)),EUREKA-RE,Textile,Textile - Spinning,0.0,sectors\textile.csv
Garment Mantra Lifestyle Ltd. - (Rights Entitlements (REs)),GARMNT-RE,Textile,Textile,0.0,sectors\textile.csv
Bannari Amman Spinning Mills Ltd. - (BASML-RE1),BASML-RE1,Textile,Textile,0.0,sectors\textile.csv
Garment Mantra Lifestyle Ltd. - (Partly Paid-up Equity Shares (Rights Issue)),GARMENTPP,Textile,Textile,0.0,sectors\textile.csv
Markobenz Ventures Ltd. - (Rights Entitlements (REs)),MARKOB-RE1,Textile,Textile - Weaving,0.0,sectors\textile.csv
T T Ltd. - (Rights Entitlements (REs)),TTL-RE,Textile,Textile,0.0,sectors\textile.csv
Scoobee Day Garments (India) Ltd. - (Rights Entitlements (REs)),SCOOBEE-RE,Textile,Textile,0.0,sectors\textile.csv
Tuni Textile Mills Ltd. - (Rights Entitlements (REs)),TUNTEX-RE,Textile,Textile - Weaving,0.0,sectors\textile.csv
Anirit Ventures Ltd. - (Rights Entitlements (REs)),ANIRIT-RE,Textile,Textile - Weaving,0.0,sectors\textile.csv
Anirit Ventures Ltd. - (Partly Paid-up),ANIRITPP,Textile,Textile - Weaving,0.0,sectors\textile.csv
Padam Cotton Yarns Ltd. - (Rights Entitlements (REs)),PADAM-RE,Textile,Textile,0.0,sectors\textile.csv
Bhandari Hosiery Exports Ltd. - (Rights Entitlements (REs1)),BHANDA-RE2,Textile,Textile,0.0,sectors\textile.csv
Gravity (India) Ltd. - (Rights Entitlements (REs)),GRAVITY-RE,Textile,Textile,0.0,sectors\textile.csv
Sumeet Industries Ltd. - (Rights Entitlements (REs)),SUMEET-RE,Textile,Textile - Spinning,0.0,sectors\textile.csv
Adani Enterprises Ltd.,ADANIENT,Trading,Trading,411531.67,sectors\trading.csv
Premier Energies Ltd.,PREMIERENE,Trading,Trading,46126.01,sectors\trading.csv
Aegis Logistics Ltd.,AEGISLOG,Trading,Trading,44396.23,sectors\trading.csv
Aditya Infotech Ltd.,CPPLUS,Trading,Trading,41634.66,sectors\trading.csv
Redington Ltd.,REDINGTON,Trading,Trading,26076.09,sectors\trading.csv
Honasa Consumer Ltd.,HONASA,Trading,Trading,16390.87,sectors\trading.csv
RRP Semiconductor Ltd.,RRP,Trading,Trading,11758.19,sectors\trading.csv
Lloyds Enterprises Ltd.,LLOYDSENT,Trading,Trading,11685.76,sectors\trading.csv
MMTC Ltd.,MMTC,Trading,Trading,9648.0,sectors\trading.csv
SG Mart Ltd.,SGMART,Trading,Trading,9288.16,sectors\trading.csv
Cello World Ltd.,CELLO,Trading,Trading,8341.72,sectors\trading.csv
Jeena Sikho Lifecare Ltd.,JSLL,Trading,Trading,6512.74,sectors\trading.csv
GNG Electronics Ltd.,EBGNG,Trading,Trading,6440.51,sectors\trading.csv
Entero Healthcare Solutions Ltd.,ENTERO,Trading,Trading,6168.74,sectors\trading.csv
Rashi Peripherals Ltd.,RPTECH,Trading,Trading,5538.9,sectors\trading.csv
PDS Ltd.,PDSL,Trading,Trading,5253.13,sectors\trading.csv
Optiemus Infracom Ltd.,OPTIEMUS,Trading,Trading,5059.24,sectors\trading.csv
Symphony Ltd.,SYMPHONY,Trading,Trading,4268.61,sectors\trading.csv
Zota Health Care Ltd.,ZOTA,Trading,Trading,3917.98,sectors\trading.csv
Caliber Mining and Logistics Ltd.,CMLL,Trading,Trading,3453.8,sectors\trading.csv
Elitecon International Ltd.,ELITECON,Trading,Trading,2738.23,sectors\trading.csv
Fischer Medical Ventures Ltd.,FISCHER,Trading,Trading,2609.24,sectors\trading.csv
SIRCA Paints India Ltd.,SIRCA,Trading,Trading,2432.15,sectors\trading.csv
Confidence Petroleum India Ltd.,CONFIPET,Trading,Trading,2390.81,sectors\trading.csv
Vintage Coffee & Beverages Ltd.,VINCOFE,Trading,Trading,2172.42,sectors\trading.csv
Aayush Art And Bullion Ltd.,AAYUSHBULL,Trading,Trading,1907.74,sectors\trading.csv
Hindware Home Innovation Ltd.,HINDWAREAP,Trading,Trading,1640.31,sectors\trading.csv
Rajesh Power Services Ltd.,RAJESH,Trading,Trading,1506.32,sectors\trading.csv
Tembo Global Industries Ltd.,TEMBO,Trading,Trading,1425.51,sectors\trading.csv
India Motor Parts & Accessories Ltd.,IMPAL,Trading,Trading,1323.82,sectors\trading.csv
Sobhagya Mercantile Ltd.,SOBME,Trading,Trading,1252.46,sectors\trading.csv
TCC Concept Ltd.,TCC,Trading,Trading,1239.77,sectors\trading.csv
Macfos Ltd.,ROBU,Trading,Trading,1185.01,sectors\trading.csv
Orient Technologies Ltd.,ORIENTTECH,Trading,Trading,1184.54,sectors\trading.csv
Arisinfra Solutions Ltd.,ARIS,Trading,Trading,1096.86,sectors\trading.csv
Asgard Alcobev Ltd.,ASGARD,Trading,Trading,945.19,sectors\trading.csv
Dhunseri Ventures Ltd.,DVL,Trading,Trading,940.41,sectors\trading.csv
The Yamuna Syndicate Ltd.,YSL,Trading,Trading,928.85,sectors\trading.csv
Prizor Viztech Ltd.,PRIZOR,Trading,Trading,918.76,sectors\trading.csv
Laxmi Goldorna House Ltd.,LGHL,Trading,Trading,911.68,sectors\trading.csv
RRP Defense Ltd.,RRPDEFENSE,Trading,Trading,904.55,sectors\trading.csv
Bharat Global Developers Ltd.,BGDL,Trading,Trading,880.35,sectors\trading.csv
Hexa Tradex Ltd.,HEXATRADEX,Trading,Trading,867.89,sectors\trading.csv
Shah Foods Ltd.,SHAHFOOD,Trading,Trading,816.02,sectors\trading.csv
Nupur Recyclers Ltd.,NRL,Trading,Trading,808.11,sectors\trading.csv
Hardwyn India Ltd.,HARDWYN,Trading,Trading,775.42,sectors\trading.csv
Vision Infra Equipment Solutions Ltd.,VIESL,Trading,Trading,772.72,sectors\trading.csv
Manoj Vaibhav Gems 'N' Jewellers Ltd.,MVGJL,Trading,Trading,766.42,sectors\trading.csv
SMT Engineering Ltd.,SMTEL,Trading,Trading,729.03,sectors\trading.csv
Vasa Denticity Ltd.,DENTALKART,Trading,Trading,705.88,sectors\trading.csv
The State Trading Corporation Of India Ltd.,STCINDIA,Trading,Trading,702.9,sectors\trading.csv
Cellecor Gadgets Ltd.,CELLECOR,Trading,Trading,691.44,sectors\trading.csv
Bizotic Commercial Ltd.,BIZOTIC,Trading,Trading,661.3,sectors\trading.csv
Uniphos Enterprises Ltd.,UNIENTER,Trading,Trading,661.03,sectors\trading.csv
Fabtech Technologies Ltd.,FABTECH,Trading,Trading,656.76,sectors\trading.csv
Shiv Aum Steels Ltd.,SHIVAUM,Trading,Trading,608.07,sectors\trading.csv
Blue Pearl Agriventures Ltd.,BPAGRI,Trading,Trading,551.34,sectors\trading.csv
Riddhi Siddhi Gluco Biols Ltd.,RIDDHI,Trading,Trading,546.11,sectors\trading.csv
KD Green Industries Ltd.,MANBRO,Trading,Trading,545.42,sectors\trading.csv
Arvaya Healthcare Ltd.,ARVAYA,Trading,Trading,518.88,sectors\trading.csv
SK Minerals & Additives Ltd.,SKM,Trading,Trading,512.86,sectors\trading.csv
Credo Brands Marketing Ltd.,MUFTI,Trading,Trading,512.3,sectors\trading.csv
Aerpace Industries Ltd.,AERPACE,Trading,Trading,509.58,sectors\trading.csv
Oswal Agro Mills Ltd.,OSWALAGRO,Trading,Trading,506.74,sectors\trading.csv
BMW Ventures Ltd.,BMWVENTLTD,Trading,Trading,495.84,sectors\trading.csv
GP Eco Solutions India Ltd.,GPECO,Trading,Trading,488.51,sectors\trading.csv
Gretex Industries Ltd.,GRETEX,Trading,Trading,465.18,sectors\trading.csv
Balgopal Commercial Ltd.,BALGOPAL,Trading,Trading,453.22,sectors\trading.csv
Veritas (India) Ltd.,VERITAS,Trading,Trading,452.69,sectors\trading.csv
Aptus Pharma Ltd.,APPL,Trading,Trading,451.65,sectors\trading.csv
Fratelli Vineyards Ltd.,FRATELLI,Trading,Trading,451.03,sectors\trading.csv
Vinyl Chemicals (India) Ltd.,VINYLINDIA,Trading,Trading,444.77,sectors\trading.csv
Divine Hira Jewellers Ltd.,DIVINEHIRA,Trading,Trading,430.55,sectors\trading.csv
Kothari Products Ltd.,KOTHARIPRO,Trading,Trading,411.85,sectors\trading.csv
Polo Queen Industrial & Fintech Ltd.,PQIF,Trading,Trading,404.91,sectors\trading.csv
Tejassvi Aaharam Ltd.,TEJASSVI,Trading,Trading,396.96,sectors\trading.csv
Manaksia Ltd.,MANAKSIA,Trading,Trading,392.42,sectors\trading.csv
Transchem Ltd.,TRANSCHEM,Trading,Trading,390.46,sectors\trading.csv
Maxgrow India Ltd.,MAXGROW,Trading,Trading,388.03,sectors\trading.csv
Jinkushal Industries Ltd.,JKIPL,Trading,Trading,384.05,sectors\trading.csv
True Colors Ltd.,TRUECOLORS,Trading,Trading,378.08,sectors\trading.csv
Starlineps Enterprises Ltd.,STARLENT,Trading,Trading,369.34,sectors\trading.csv
HP Telecom India Ltd.,HPTL,Trading,Trading,369.06,sectors\trading.csv
Rotographics (India) Ltd.,RGIL,Trading,Trading,368.24,sectors\trading.csv
Agribio Spirits Ltd.,AGRIBIO,Trading,Trading,347.53,sectors\trading.csv
Swiss Military Consumer Goods Ltd.,SWISSMLTRY,Trading,Trading,338.15,sectors\trading.csv
Encompass Design India Ltd.,ENCOMPAS,Trading,Trading,334.59,sectors\trading.csv
Monika Alcobev Ltd.,MONIKA,Trading,Trading,331.29,sectors\trading.csv
Omnitex Industries (India) Ltd.,OMNITEX,Trading,Trading,326.66,sectors\trading.csv
Pipan Oils Ltd.,PIPAN,Trading,Trading,321.38,sectors\trading.csv
Dynamic Services & Security Ltd.,DYNAMIC,Trading,Trading,319.85,sectors\trading.csv
Vega Jewellers Ltd.,VEGA,Trading,Trading,315.21,sectors\trading.csv
Soma Textiles & Industries Ltd.,SOMATEX,Trading,Trading,301.03,sectors\trading.csv
Gujjubhai Industries Ltd.,GUJJUBHAI,Trading,Trading,294.57,sectors\trading.csv
Tierra Agrotech Ltd.,TIERRA,Trading,Trading,291.1,sectors\trading.csv
Le Merite Exports Ltd.,LEMERITE,Trading,Trading,290.01,sectors\trading.csv
Aelea Commodities Ltd.,ACLD,Trading,Trading,289.95,sectors\trading.csv
Esconet Technologies Ltd.,ESCONET,Trading,Trading,281.48,sectors\trading.csv
Khemani Distributors & Marketing Ltd.,KDML,Trading,Trading,274.77,sectors\trading.csv
Evexia Lifecare Ltd.,EVEXIA,Trading,Trading,270.34,sectors\trading.csv
Wardwizard Foods and Beverages Ltd.,WARDWIZFBL,Trading,Trading,267.68,sectors\trading.csv
Aprameya Engineering Ltd.,APRAMEYA,Trading,Trading,266.27,sectors\trading.csv
Shankar Lal Rampal Dye-Chem Ltd.,SRD,Trading,Trading,259.96,sectors\trading.csv
Shiv Texchem Ltd.,SHIVTEXCHEM,Trading,Trading,259.53,sectors\trading.csv
Saraswati Saree Depot Ltd.,SSDL,Trading,Trading,256.49,sectors\trading.csv
Suraj Industries Ltd.,SURJIND,Trading,Trading,255.91,sectors\trading.csv
Sakuma Exports Ltd.,SAKUMA,Trading,Trading,255.54,sectors\trading.csv
QMS Medical Allied Services Ltd.,QMSMEDI,Trading,Trading,255.1,sectors\trading.csv
Integra Essentia Ltd.,ESSENTIA,Trading,Trading,247.49,sectors\trading.csv
EPW India Ltd.,EPWINDIA,Trading,Trading,246.81,sectors\trading.csv
Silkflex Polymers (India) Ltd.,SILKFLEX,Trading,Trading,240.26,sectors\trading.csv
Sicagen India Ltd.,SICAGEN,Trading,Trading,234.38,sectors\trading.csv
Vikas Lifecare Ltd.,VIKASLIFE,Trading,Trading,232.91,sectors\trading.csv
Chemkart India Ltd.,CHEMKART,Trading,Trading,231.09,sectors\trading.csv
Visaman Global Sales Ltd.,VISAMAN,Trading,Trading,228.88,sectors\trading.csv
Novelix Pharmaceuticals Ltd.,NOVELIX,Trading,Trading,218.93,sectors\trading.csv
ABans Enterprises Ltd.,ABANSENT,Trading,Trading,216.01,sectors\trading.csv
A-1 Ltd.,A1L,Trading,Trading,215.28,sectors\trading.csv
Chandrima Mercantiles Ltd.,CHANDRIMA,Trading,Trading,214.89,sectors\trading.csv
Comfort Intech Ltd.,COMFINTE,Trading,Trading,211.8,sectors\trading.csv
Northern Spirits Ltd.,NSL,Trading,Trading,207.38,sectors\trading.csv
Swadeshi Industries & Leasing Ltd.,SWADEIN,Trading,Trading,205.05,sectors\trading.csv
Spacenet Enterprises India Ltd.,SPCENET,Trading,Trading,204.38,sectors\trading.csv
Ausom Enterprise Ltd.,AUSOMENT,Trading,Trading,201.63,sectors\trading.csv
Exim Routes Ltd.,EXIMROUTES,Trading,Trading,200.83,sectors\trading.csv
Jullundur Motor Agency (Delhi) Ltd.,JMA,Trading,Trading,200.64,sectors\trading.csv
Aviva Industries Ltd.,AVIVA,Trading,Trading,197.92,sectors\trading.csv
Adon Agro Commodities Ltd.,ADON,Trading,Trading,195.42,sectors\trading.csv
DE Neers Tools Ltd.,DENEERS,Trading,Trading,194.3,sectors\trading.csv
Maximus International Ltd.,MAXIMUS,Trading,Trading,193.31,sectors\trading.csv
Signet Industries Ltd.,SIGIND,Trading,Trading,193.2,sectors\trading.csv
Gourmet Gateway India Ltd.,GOURMET,Trading,Trading,192.61,sectors\trading.csv
Amrapali Industries Ltd.,AMRAPLIN,Trading,Trading,188.42,sectors\trading.csv
Metroglobal Ltd.,METROGLOBL,Trading,Trading,179.71,sectors\trading.csv
Stratmont Industries Ltd.,STRATMONT,Trading,Trading,175.58,sectors\trading.csv
Dhoot Industrial Finance Ltd.,DHOOTIN,Trading,Trading,175.55,sectors\trading.csv
Parshva Enterprises Ltd.,PARSHVA,Trading,Trading,173.89,sectors\trading.csv
Dhariwalcorp Ltd.,DHARIWAL,Trading,Trading,171.58,sectors\trading.csv
Rama Vision Ltd.,RAMAVISION,Trading,Trading,170.57,sectors\trading.csv
Achyut Healthcare Ltd.,ACHYUT,Trading,Trading,168.95,sectors\trading.csv
AVI Polymers Ltd.,AVI,Trading,Trading,165.5,sectors\trading.csv
Vaxfab Enterprises Ltd.,VEL,Trading,Trading,163.37,sectors\trading.csv
Nanta Tech Ltd.,NANTA,Trading,Trading,160.96,sectors\trading.csv
Callista Industries Ltd.,CALLISTA,Trading,Trading,160.33,sectors\trading.csv
Emergent Industrial Solutions Ltd.,EMERGENT,Trading,Trading,153.86,sectors\trading.csv
Shradha AI Technologies Ltd.,SHRAAITECH,Trading,Trading,153.05,sectors\trading.csv
ACE Men Engg Works Ltd.,ACEMEN,Trading,Trading,148.78,sectors\trading.csv
Kamdhenu Ventures Ltd.,KAMOPAINTS,Trading,Trading,148.05,sectors\trading.csv
Eyantra Ventures Ltd.,EY,Trading,Trading,144.29,sectors\trading.csv
Speciality Medicines Ltd.,SPML,Trading,Trading,142.77,sectors\trading.csv
Abate AS Industries Ltd.,ABATEAS,Trading,Trading,141.85,sectors\trading.csv
Amba Enterprises Ltd.,AEL,Trading,Trading,139.84,sectors\trading.csv
RRP Electronics India Ltd.,INLCM,Trading,Trading,139.72,sectors\trading.csv
AG Ventures Ltd.,AGVENTURES,Trading,Trading,134.12,sectors\trading.csv
Siddhika Coatings Ltd.,SIDDHIKA,Trading,Trading,132.88,sectors\trading.csv
Apollo Ingredients Ltd.,APOLLOIN,Trading,Trading,132.03,sectors\trading.csv
Nagarjuna Agri Tech Ltd.,NAGTECH,Trading,Trading,129.64,sectors\trading.csv
WH Brady & Company Ltd.,WHBRADY,Trading,Trading,129.27,sectors\trading.csv
Positron Energy Ltd.,POSITRON,Trading,Trading,128.07,sectors\trading.csv
Standard Industries Ltd.,SIL,Trading,Trading,125.38,sectors\trading.csv
Manoj Ceramic Ltd.,MCPL,Trading,Trading,122.88,sectors\trading.csv
Lahoti Overseas Ltd.,LAHOTIOV,Trading,Trading,119.52,sectors\trading.csv
Kemp & Company Ltd.,KEMP,Trading,Trading,118.82,sectors\trading.csv
Anik Industries Ltd.,ANIKINDS,Trading,Trading,118.06,sectors\trading.csv
Bhilwara Spinners Ltd.,BHILSPIN,Trading,Trading,117.7,sectors\trading.csv
Aayush Wellness Ltd.,AAYUSH,Trading,Trading,116.18,sectors\trading.csv
Striders Impex Ltd.,STRIDERS,Trading,Trading,116.17,sectors\trading.csv
Thacker & Company Ltd.,THACKER,Trading,Trading,115.62,sectors\trading.csv
Vaishali Pharma Ltd.,VAISHALI,Trading,Trading,114.88,sectors\trading.csv
Vijaypd Ceutical Ltd.,VIJAYPD,Trading,Trading,114.34,sectors\trading.csv
Variman Global Enterprises Ltd.,VARIMAN,Trading,Trading,111.2,sectors\trading.csv
Purv Flexipack Ltd.,PURVFLEXI,Trading,Trading,109.95,sectors\trading.csv
Kabra Jewels Ltd.,KKJEWELS,Trading,Trading,109.04,sectors\trading.csv
Landsmill Green Ltd.,LANDSMILL,Trading,Trading,107.21,sectors\trading.csv
MRP Agro Ltd.,MRP,Trading,Trading,105.8,sectors\trading.csv
Rishiroop Ltd.,RISHIROOP,Trading,Trading,105.43,sectors\trading.csv
Surat Trade and Mercantile Ltd.,SURATRAML,Trading,Trading,104.8,sectors\trading.csv
MRC Agrotech Ltd.,MRCAGRO,Trading,Trading,103.07,sectors\trading.csv
Digjam Ltd.,DIGJAMLMTD,Trading,Trading,101.0,sectors\trading.csv
Marushika Technology Ltd.,MARUSHIKA,Trading,Trading,99.37,sectors\trading.csv
Ashnisha Industries Ltd.,ASHNI,Trading,Trading,97.57,sectors\trading.csv
Kck Industries Ltd.,KCK,Trading,Trading,95.72,sectors\trading.csv
Krowniq Ltd.,LYKISLTD,Trading,Trading,94.74,sectors\trading.csv
Veerhealth Care Ltd.,VEERHEALTH,Trading,Trading,93.37,sectors\trading.csv
Anand Rayons Ltd.,ARL,Trading,Trading,93.37,sectors\trading.csv
Goyal Aluminiums Ltd.,GOYALALUM,Trading,Trading,92.21,sectors\trading.csv
Sarda Proteins Ltd.,SRDAPRT,Trading,Trading,92.15,sectors\trading.csv
Cravatex Ltd.,CRAVATEX,Trading,Trading,89.93,sectors\trading.csv
Sharika Enterprises Ltd.,SHARIKA,Trading,Trading,81.62,sectors\trading.csv
Cosco (India) Ltd.,COSCO,Trading,Trading,79.48,sectors\trading.csv
Ravelcare Ltd.,RAVEL,Trading,Trading,78.91,sectors\trading.csv
Eforu Entertainment Ltd.,EFORU,Trading,Trading,77.71,sectors\trading.csv
Sanmit Infra Ltd.,SANINFRA,Trading,Trading,77.64,sectors\trading.csv
Fervent Synergies Ltd.,FERVENTSYN,Trading,Trading,77.6,sectors\trading.csv
Uma Exports Ltd.,UMAEXPORTS,Trading,Trading,74.82,sectors\trading.csv
Slone Infosystems Ltd.,SLONE,Trading,Trading,74.66,sectors\trading.csv
Saptarishi Agro Industries Ltd.,SPTRSHI,Trading,Trading,72.9,sectors\trading.csv
Aakaar Medical Technologies Ltd.,AAKAAR,Trading,Trading,71.86,sectors\trading.csv
Consecutive Commodities Ltd.,CCDL,Trading,Trading,71.75,sectors\trading.csv
Mysore Petro Chemicals Ltd.,MYSORPETRO,Trading,Trading,69.96,sectors\trading.csv
Shantai Industries Ltd.,SHANTAI,Trading,Trading,69.89,sectors\trading.csv
Shine Fashion (India) Ltd.,SHINEFASH,Trading,Trading,69.85,sectors\trading.csv
Gautam Exim Ltd.,GEL,Trading,Trading,68.89,sectors\trading.csv
Filtra Consultants and Engineers Ltd.,FILTRA,Trading,Trading,65.78,sectors\trading.csv
Sunrise Efficient Marketing Ltd.,SEML,Trading,Trading,64.49,sectors\trading.csv
Newjaisa Technologies Ltd.,NEWJAISA,Trading,Trading,63.32,sectors\trading.csv
Danube Industries Ltd.,DANUBE,Trading,Trading,62.78,sectors\trading.csv
Mishka Exim Ltd.,MISHKA,Trading,Trading,61.51,sectors\trading.csv
Artemis ADR Marketplace Ltd.,ARTEMISADR,Trading,Trading,60.86,sectors\trading.csv
Arman Holdings Ltd.,ARMAN,Trading,Trading,60.36,sectors\trading.csv
Ganesha Ecoverse Ltd.,GANVERSE,Trading,Trading,60.01,sectors\trading.csv
RR Metalmakers India Ltd.,RRMETAL,Trading,Trading,59.87,sectors\trading.csv
Dhanalaxmi Roto Spinners Ltd.,DHANROTO,Trading,Trading,59.28,sectors\trading.csv
ABM International Ltd.,ABMINTLLTD,Trading,Trading,58.74,sectors\trading.csv
Lamosaic India Ltd.,LAMOSAIC,Trading,Trading,58.41,sectors\trading.csv
Anmol India Ltd.,ANMOL,Trading,Trading,58.05,sectors\trading.csv
Synoptics Technologies Ltd.,SYNOPTICS,Trading,Trading,56.9,sectors\trading.csv
Genpharmasec Ltd.,GENPHARMA,Trading,Trading,56.48,sectors\trading.csv
Fortune International Ltd.,FORINTL,Trading,Trading,56.04,sectors\trading.csv
Panth Infinity Ltd.,PANTH,Trading,Trading,55.21,sectors\trading.csv
Ramgopal Polytex Ltd.,RAMGOPOLY,Trading,Trading,54.75,sectors\trading.csv
SSMD Agrotech India Ltd.,SSMD,Trading,Trading,53.73,sectors\trading.csv
Hira Automobiles Ltd.,HIRAUTO,Trading,Trading,53.14,sectors\trading.csv
Biofil Chemicals & Pharmaceuticals Ltd.,BIOFILCHEM,Trading,Trading,53.12,sectors\trading.csv
Acrow India Ltd.,ACROW,Trading,Trading,53.11,sectors\trading.csv
Kemistar Corporation Ltd.,KEMISTAR,Trading,Trading,52.71,sectors\trading.csv
City Crops Agro Ltd.,CCAL,Trading,Trading,52.54,sectors\trading.csv
Aeonx Digital Technology Ltd.,AEONXDIGI,Trading,Trading,52.35,sectors\trading.csv
Luxury Time Ltd.,LUXURY,Trading,Trading,51.18,sectors\trading.csv
Royal Sense Ltd.,ROYAL,Trading,Trading,50.83,sectors\trading.csv
Safa Systems & Technologies Ltd.,SSTL,Trading,Trading,50.2,sectors\trading.csv
Yash Chemex Ltd.,YASHCHEM,Trading,Trading,49.01,sectors\trading.csv
Ecofinity Atomix Ltd.,ECOFINITY,Trading,Trading,48.66,sectors\trading.csv
Aureate Tradde Ltd.,AUREATE,Trading,Trading,47.01,sectors\trading.csv
Simandhar Impex Ltd.,SIMANDHAR,Trading,Trading,46.66,sectors\trading.csv
Rose Merc. Ltd.,ROSEMER,Trading,Trading,46.2,sectors\trading.csv
IFL Enterprises Ltd.,IFL,Trading,Trading,44.82,sectors\trading.csv
Vivaa Tradecom Ltd.,VIVAA,Trading,Trading,44.53,sectors\trading.csv
Prudential Sugar Corporation Ltd.,PRUDMOULI,Trading,Trading,43.86,sectors\trading.csv
Annvrridhhi Ventures Ltd.,ANVRDHI,Trading,Trading,43.81,sectors\trading.csv
Avax Apparels And Ornaments Ltd.,AVAX,Trading,Trading,42.36,sectors\trading.csv
Rekvina Laboratories Ltd.,VINRKLB,Trading,Trading,41.44,sectors\trading.csv
Atma Industries Ltd.,ATMAIND,Trading,Trading,41.0,sectors\trading.csv
Mittal Life Style Ltd.,MITTAL,Trading,Trading,40.4,sectors\trading.csv
Roni Households Ltd.,RONI,Trading,Trading,40.23,sectors\trading.csv
Guru Krupa Gems And Jewellery Ltd.,GKL,Trading,Trading,39.91,sectors\trading.csv
Minal Industries Ltd.,MINALIND,Trading,Trading,39.72,sectors\trading.csv
Nanavati Ventures Ltd.,NVENTURES,Trading,Trading,38.35,sectors\trading.csv
Krishna Ventures Ltd.,KRISHNA,Trading,Trading,38.23,sectors\trading.csv
Stanbik Agro Ltd.,STANBIK,Trading,Trading,37.18,sectors\trading.csv
Prism Medico and Pharmacy Ltd.,PRISMMEDI,Trading,Trading,37.01,sectors\trading.csv
Kabsons Industries Ltd.,KABSON,Trading,Trading,36.99,sectors\trading.csv
Rajnish Retail Ltd.,RRETAIL,Trading,Trading,36.21,sectors\trading.csv
Khyati Global Ventures Ltd.,KGVL,Trading,Trading,35.98,sectors\trading.csv
Shoora Designs Ltd.,SHOORA,Trading,Trading,35.93,sectors\trading.csv
Yuranus Infrastructure Ltd.,YURANUS,Trading,Trading,35.68,sectors\trading.csv
Ashoka Metcast Ltd.,ASHOKAMET,Trading,Trading,34.62,sectors\trading.csv
Tusaldah Ltd.,TUSALDAH,Trading,Trading,34.61,sectors\trading.csv
Sunrest Lifescience Ltd.,SUNREST,Trading,Trading,34.24,sectors\trading.csv
RSC International Ltd.,RSCINT,Trading,Trading,34.18,sectors\trading.csv
Jaihind Industries Ltd.,JAIHIND,Trading,Trading,33.09,sectors\trading.csv
Chambal Breweries & Distilleries Ltd.,CHMBBRW,Trading,Trading,33.0,sectors\trading.csv
Amit Securities Ltd.,AMITSEC,Trading,Trading,32.59,sectors\trading.csv
Chandra Prabhu International Ltd.,CHANDRAP,Trading,Trading,31.67,sectors\trading.csv
Cell Point (India) Ltd.,CELLPOINT,Trading,Trading,31.2,sectors\trading.csv
Vaxtex Cotfab Ltd.,VCL,Trading,Trading,31.05,sectors\trading.csv
Contil India Ltd.,CONTILI,Trading,Trading,31.01,sectors\trading.csv
Katare Spinning Mills Ltd.,KATRSPG,Trading,Trading,30.73,sectors\trading.csv
UH Zaveri Ltd.,UHZAVERI,Trading,Trading,30.7,sectors\trading.csv
Phoenix Overseas Ltd.,PHOGLOBAL,Trading,Trading,30.57,sectors\trading.csv
Sameera Agro & Infra Ltd.,SAIFL,Trading,Trading,30.37,sectors\trading.csv
Pearl Green Clubs And Resorts Ltd.,PGCRL,Trading,Trading,30.2,sectors\trading.csv
AA Plus Tradelink Ltd.,AAPLUSTRAD,Trading,Trading,29.92,sectors\trading.csv
Welcure Drugs & Pharmaceuticals Ltd.,WELCURE,Trading,Trading,29.66,sectors\trading.csv
Gujarat Cotex Ltd.,GUJCOTEX,Trading,Trading,29.43,sectors\trading.csv
AG Universal Ltd.,AGUL,Trading,Trading,29.42,sectors\trading.csv
Yarn Syndicate Ltd.,YARNSYN,Trading,Trading,29.19,sectors\trading.csv
Chennai Ferrous Industries Ltd.,CHENFERRO,Trading,Trading,29.18,sectors\trading.csv
Sattva Sukun Lifecare Ltd.,SATTVASUKU,Trading,Trading,29.15,sectors\trading.csv
Cerebra Integrated Technologies Ltd.,CEREBRAINT,Trading,Trading,29.0,sectors\trading.csv
Kkalpana Plastick Ltd.,KKPLASTICK,Trading,Trading,28.64,sectors\trading.csv
Medistep Healthcare Ltd.,MEDISTEP,Trading,Trading,28.42,sectors\trading.csv
Medico Intercontinental Ltd.,MIL,Trading,Trading,28.21,sectors\trading.csv
KKV Agro Powers Ltd.,KKVAPOW,Trading,Trading,28.15,sectors\trading.csv
Jay Kailash Namkeen Ltd.,JAYKAILASH,Trading,Trading,27.84,sectors\trading.csv
AKG Exim Ltd.,AKG,Trading,Trading,27.71,sectors\trading.csv
Supha Pharmachem Ltd.,SUPHA,Trading,Trading,27.34,sectors\trading.csv
QVC Exports Ltd.,QVCEL,Trading,Trading,26.02,sectors\trading.csv
Johnson Pharmacare Ltd.,JOHNPHARMA,Trading,Trading,25.85,sectors\trading.csv
Prabhhans Industries Ltd.,PRABHHANS,Trading,Trading,25.62,sectors\trading.csv
Franklin Industries Ltd.,FRANKLININD,Trading,Trading,25.45,sectors\trading.csv
Agarwal Float Glass India Ltd.,AGARWALFT,Trading,Trading,25.32,sectors\trading.csv
Healthy Life Agritec Ltd.,HEALTHYLIFE,Trading,Trading,25.31,sectors\trading.csv
Centuple Global Ltd.,CENTUPLE,Trading,Trading,24.9,sectors\trading.csv
AMS Polymers Ltd.,AMS,Trading,Trading,24.71,sectors\trading.csv
Innovative Ideals And Services (India) Ltd.,INNOVATIVE,Trading,Trading,24.65,sectors\trading.csv
Neeraj Paper Marketing Ltd.,NEERAJ,Trading,Trading,24.25,sectors\trading.csv
Salora International Ltd.,SALORAINTL,Trading,Trading,24.03,sectors\trading.csv
Sarthak Industries Ltd.,SARTHAKIND,Trading,Trading,23.69,sectors\trading.csv
Standard Batteries Ltd.,STDBAT,Trading,Trading,23.6,sectors\trading.csv
Marc Loire Fashions Ltd.,MARCLOIRE,Trading,Trading,23.57,sectors\trading.csv
Pentokey Organy (India) Ltd.,PNTKYOR,Trading,Trading,23.04,sectors\trading.csv
Aspire & Innovative Advertising Ltd.,ASPIRE,Trading,Trading,22.92,sectors\trading.csv
Prospect Consumer Products Ltd.,PCL,Trading,Trading,22.7,sectors\trading.csv
Asian Tea & Exports Ltd.,ASIANTNE,Trading,Trading,22.62,sectors\trading.csv
NAPS Global India Ltd.,NAPSGLOBAL,Trading,Trading,22.15,sectors\trading.csv
Glaam Up Jwel Ltd.,GLAAMUP,Trading,Trading,22.04,sectors\trading.csv
LWS Knitwear Ltd.,LWSKNIT,Trading,Trading,21.99,sectors\trading.csv
Lesha Industries Ltd.,LESHAIND,Trading,Trading,21.91,sectors\trading.csv
Darshan Orna Ltd.,DARSHANORNA,Trading,Trading,21.71,sectors\trading.csv
Laffans Petrochemicals Ltd.,LAFFANSQ,Trading,Trading,21.41,sectors\trading.csv
Hamps Bio Ltd.,HAMPS,Trading,Trading,21.34,sectors\trading.csv
Utique Enterprises Ltd.,UTIQUE,Trading,Trading,21.27,sectors\trading.csv
Ind-Agiv Commerce Ltd.,INDAGIV,Trading,Trading,21.23,sectors\trading.csv
Rama Petrochemicals Ltd.,RAMAPETRO,Trading,Trading,21.05,sectors\trading.csv
Disha Resources Ltd.,DRL,Trading,Trading,20.74,sectors\trading.csv
Containerway International Ltd.,CONTAINER,Trading,Trading,20.47,sectors\trading.csv
OP Chains Ltd.,OPCHAINS,Trading,Trading,20.38,sectors\trading.csv
Rishabh Digha Steel & Allied Products Ltd.,RISHDIGA,Trading,Trading,20.28,sectors\trading.csv
Shree Metalloys Ltd.,SHREMETAL,Trading,Trading,20.08,sectors\trading.csv
Paramount Cosmetics (India) Ltd.,PARMCOS-B,Trading,Trading,20.0,sectors\trading.csv
Trio Mercantile & Trading Ltd.,TRIOMERC,Trading,Trading,19.97,sectors\trading.csv
Dalmia Industrial Development Ltd.,DIDL,Trading,Trading,19.84,sectors\trading.csv
Maitri Enterprises Ltd.,MAITRI,Trading,Trading,19.8,sectors\trading.csv
7NR Retail Ltd.,7NR,Trading,Trading,19.6,sectors\trading.csv
Maharashtra Corporation Ltd.,MAHACORP,Trading,Trading,19.25,sectors\trading.csv
Shrenik Ltd.,SHRENIK,Trading,Trading,18.97,sectors\trading.csv
Add-Shop E-Retail Ltd.,ASRL,Trading,Trading,18.94,sectors\trading.csv
Venlon Enterprises Ltd.,VENLONENT,Trading,Trading,18.76,sectors\trading.csv
Madhusudan Industries Ltd.,MADHUDIN,Trading,Trading,18.62,sectors\trading.csv
Bloom Industries Ltd.,BLOIN,Trading,Trading,18.05,sectors\trading.csv
Regent Enterprises Ltd.,REGENTRP,Trading,Trading,17.46,sectors\trading.csv
Le Lavoir Ltd.,LELAVOIR,Trading,Trading,17.38,sectors\trading.csv
AVI Products India Ltd.,APIL,Trading,Trading,17.33,sectors\trading.csv
Alchemist Corporation Ltd.,ALCHCORP,Trading,Trading,17.3,sectors\trading.csv
Sawaca Enterprises Ltd.,SAWACA,Trading,Trading,17.16,sectors\trading.csv
Hemang Resources Ltd.,HEMANG,Trading,Trading,17.16,sectors\trading.csv
Zenlabs Ethica Ltd.,ZENLABS,Trading,Trading,17.08,sectors\trading.csv
South Asian Enterprises Ltd.,SAENTER,Trading,Trading,16.97,sectors\trading.csv
Equilateral Enterprises Ltd.,EQUILATERA,Trading,Trading,16.28,sectors\trading.csv
Manglam Global Corporations Ltd.,MANGLAM,Trading,Trading,16.23,sectors\trading.csv
Continental Seeds and Chemicals Ltd.,CONTI,Trading,Trading,16.17,sectors\trading.csv
Shree Marutinandan Tubes Ltd.,SHREE,Trading,Trading,16.14,sectors\trading.csv
Piotex Industries Ltd.,PIOTEX,Trading,Trading,16.08,sectors\trading.csv
Neelkanth Ltd.,NEELKANTH,Trading,Trading,15.81,sectors\trading.csv
Getalong Enterprise Ltd.,GETALONG,Trading,Trading,15.76,sectors\trading.csv
Pressure Sensitive Systems (India) Ltd.,PRESSURS,Trading,Trading,15.73,sectors\trading.csv
SM Gold Ltd.,SMGOLD,Trading,Trading,15.32,sectors\trading.csv
Tai Industries Ltd.,TAIIND,Trading,Trading,15.24,sectors\trading.csv
Simplex Mills Company Ltd.,SIMPLXMIL,Trading,Trading,15.24,sectors\trading.csv
Brisk Technovision Ltd.,BRISK,Trading,Trading,15.2,sectors\trading.csv
Gajanand International Ltd.,GAJANAND,Trading,Trading,15.16,sectors\trading.csv
Dipna Pharmachem Ltd.,DPL,Trading,Trading,15.14,sectors\trading.csv
PALM Jewels Ltd.,PALMJEWELS,Trading,Trading,15.11,sectors\trading.csv
Rajkamal Synthetics Ltd.,RAJKSYN,Trading,Trading,15.03,sectors\trading.csv
Tirupati Innovar Ltd.,TIRUPATIIN,Trading,Trading,15.03,sectors\trading.csv
PM Telelinks Ltd.,PMTELELIN,Trading,Trading,14.93,sectors\trading.csv
NMS Global Ltd.,NMSGLOBAL,Trading,Trading,14.87,sectors\trading.csv
Kiran Print-Pack Ltd.,KIRANPR,Trading,Trading,14.51,sectors\trading.csv
Asia Pack Ltd.,ASIAPAK,Trading,Trading,14.51,sectors\trading.csv
Mono Pharmacare Ltd.,MONOPHARMA,Trading,Trading,14.49,sectors\trading.csv
Gautam Gems Ltd.,GGL,Trading,Trading,14.25,sectors\trading.csv
UR Sugar Industries Ltd.,URSUGAR,Trading,Trading,14.18,sectors\trading.csv
Aurus Gem Corporation Ltd.,AURUS,Trading,Trading,14.15,sectors\trading.csv
Samyak International Ltd.,SAMYAKINT,Trading,Trading,14.02,sectors\trading.csv
Sanblue Corporation Ltd.,SANBLUE,Trading,Trading,14.0,sectors\trading.csv
Frontline Financial Services Ltd.,FRONTFN,Trading,Trading,13.89,sectors\trading.csv
Shivamshree Business Ltd.,SBL,Trading,Trading,13.84,sectors\trading.csv
Epuja Spiritech Ltd.,EPUJA,Trading,Trading,13.68,sectors\trading.csv
Muller & Phipps (India) Ltd.,MULLER,Trading,Trading,13.63,sectors\trading.csv
Bothra Metals & Alloys Ltd.,BMAL,Trading,Trading,13.52,sectors\trading.csv
Shukra Jewellery Ltd.,SHUKJEW,Trading,Trading,13.44,sectors\trading.csv
Diggi Multitrade Ltd.,DML,Trading,Trading,13.16,sectors\trading.csv
JMG Corporation Ltd.,JMGCORP,Trading,Trading,13.15,sectors\trading.csv
White Organic Agro Ltd.,WHITEORG,Trading,Trading,12.46,sectors\trading.csv
Panabyte Technologies Ltd.,PANABYTE,Trading,Trading,12.46,sectors\trading.csv
Shanthala FMCG Products Ltd.,SHANTHALA,Trading,Trading,12.19,sectors\trading.csv
Sarthak Global Ltd.,SARTHAKGL,Trading,Trading,11.97,sectors\trading.csv
Asian Warehousing Ltd.,ASIAN,Trading,Trading,11.94,sectors\trading.csv
Elegant Floriculture & Agrotech (India) Ltd.,ELEFLOR,Trading,Trading,11.78,sectors\trading.csv
Parampara Dairy Delights Ltd.,PARAMPARA,Trading,Trading,11.71,sectors\trading.csv
Citichem India Ltd.,CITICHEM,Trading,Trading,11.56,sectors\trading.csv
Scarnose International Ltd.,SCARNOSE,Trading,Trading,11.31,sectors\trading.csv
Mitshi India Ltd.,MITSHI,Trading,Trading,11.22,sectors\trading.csv
Jonjua Overseas Ltd.,JONJUA,Trading,Trading,11.18,sectors\trading.csv
Goblin India Ltd.,GOBLIN,Trading,Trading,11.1,sectors\trading.csv
Dhyaani Tradeventtures Ltd.,DHYAANITR,Trading,Trading,10.93,sectors\trading.csv
Adhata Global Ltd.,ADHHATA,Trading,Trading,10.89,sectors\trading.csv
Globe Commercials Ltd.,GLCL,Trading,Trading,10.82,sectors\trading.csv
Patrona Risk Solutions Ltd.,CRPRISK,Trading,Trading,10.81,sectors\trading.csv
Nexus Surgical And Medicare Ltd.,NEXUSSURGL,Trading,Trading,10.69,sectors\trading.csv
Dolphin Kitchen Utensils And Appliances Ltd.,DKUAL,Trading,Trading,10.61,sectors\trading.csv
Shashank Traders Ltd.,SHASHANK,Trading,Trading,10.53,sectors\trading.csv
Mid India Industries Ltd.,MIDINDIA,Trading,Trading,10.38,sectors\trading.csv
Mihika Industries Ltd.,MIHIKA,Trading,Trading,10.34,sectors\trading.csv
Natural Biocon (India) Ltd.,NATURAL,Trading,Trading,9.82,sectors\trading.csv
Shree Ganesh Elastoplast Ltd.,SHGANEL,Trading,Trading,9.35,sectors\trading.csv
Scan Projects Ltd.,SCANPRO,Trading,Trading,9.34,sectors\trading.csv
SRU Steels Ltd.,SRUSteels,Trading,Trading,8.93,sectors\trading.csv
VK Global Industries Ltd.,VKGLOBAL,Trading,Trading,8.9,sectors\trading.csv
Shivansh Finserve Ltd.,SHIVA,Trading,Trading,8.74,sectors\trading.csv
KCD Industries India Ltd.,KCDGROUP,Trading,Trading,8.6,sectors\trading.csv
Afloat Enterprises Ltd.,ADISHAKTI,Trading,Trading,8.59,sectors\trading.csv
Devine Impex Ltd.,DEVINE,Trading,Trading,8.58,sectors\trading.csv
Photoquip (India) Ltd.,PHOTOQUP,Trading,Trading,8.58,sectors\trading.csv
Standard Shoe Sole & Mould (India) Ltd.,STDSHOE,Trading,Trading,8.58,sectors\trading.csv
Haria Exports Ltd.,HARIAEXPO,Trading,Trading,8.3,sectors\trading.csv
Ambassador Intra Holdings Ltd.,AIHL,Trading,Trading,7.98,sectors\trading.csv
RO Jewels Ltd.,ROJL,Trading,Trading,7.97,sectors\trading.csv
Konndor Industries Ltd.,KONNDOR,Trading,Trading,7.84,sectors\trading.csv
Shiva Suitings Ltd.,SHVSUIT,Trading,Trading,7.67,sectors\trading.csv
Vivanza Biosciences Ltd.,VIVANZA,Trading,Trading,7.6,sectors\trading.csv
Peeti Securities Ltd.,PEETISEC,Trading,Trading,7.48,sectors\trading.csv
Sirohia & Sons Ltd.,SIROHIA,Trading,Trading,7.42,sectors\trading.csv
Fraser and Co Ltd.,FRASER,Trading,Trading,7.4,sectors\trading.csv
IGC Industries Ltd.,IGCIL,Trading,Trading,7.36,sectors\trading.csv
Hemo Organic Ltd.,HEMORGANIC,Trading,Trading,7.26,sectors\trading.csv
Parker Agrochem Exports Ltd.,PARKERAC,Trading,Trading,7.26,sectors\trading.csv
Karnawati Innovation Ltd.,KARNAWATI,Trading,Trading,7.24,sectors\trading.csv
Ganon Products Ltd.,GANONPRO,Trading,Trading,7.18,sectors\trading.csv
Mystic Electronics Ltd.,MYSTICELE,Trading,Trading,7.08,sectors\trading.csv
Sunraj Diamond Exports Ltd.,SUNRAJDI,Trading,Trading,7.05,sectors\trading.csv
Olympic Oil Industries Ltd.,OLYOI,Trading,Trading,6.91,sectors\trading.csv
Nyssa Corporation Ltd.,NYSSACORP,Trading,Trading,6.84,sectors\trading.csv
RISA International Ltd.,RISAINTL,Trading,Trading,6.7,sectors\trading.csv
Newtrac Foods & Beverages Ltd.,NEWTRAC,Trading,Trading,6.7,sectors\trading.csv
Flora Corporation Ltd.,FLORACORP,Trading,Trading,6.64,sectors\trading.csv
Amraworld Agrico Ltd.,AMRAAGRI,Trading,Trading,6.62,sectors\trading.csv
Priya Ltd.,PRIYALT,Trading,Trading,6.56,sectors\trading.csv
Worldwide Aluminium Ltd.,WWALUM,Trading,Trading,6.54,sectors\trading.csv
Ambitious Plastomac Company Ltd.,AMBIT,Trading,Trading,6.51,sectors\trading.csv
Lexoraa Industries Ltd.,LEXORAA,Trading,Trading,6.5,sectors\trading.csv
Reetech International Ltd.,REETECH,Trading,Trading,6.34,sectors\trading.csv
Veerkrupa Jewellers Ltd.,VEERKRUPA,Trading,Trading,6.29,sectors\trading.csv
Symbiox Investment & Trading Co Ltd.,SYMBIOX,Trading,Trading,6.26,sectors\trading.csv
Modella Woollens Ltd.,MODWOOL,Trading,Trading,6.09,sectors\trading.csv
Padmanabh Industries Ltd.,PADMAIND,Trading,Trading,5.99,sectors\trading.csv
Delta Industrial Resources Ltd.,DELTA,Trading,Trading,5.72,sectors\trading.csv
Mukta Agriculture Ltd.,MUKTA,Trading,Trading,5.66,sectors\trading.csv
Triveni Enterprises Ltd.,TRIVENIENT,Trading,Trading,5.61,sectors\trading.csv
Amanaya Ventures Ltd.,AMANAYA,Trading,Trading,5.44,sectors\trading.csv
Ashiana Agro Industries Ltd.,ASHAI,Trading,Trading,5.41,sectors\trading.csv
Omkar Overseas Ltd.,OMKAR,Trading,Trading,5.34,sectors\trading.csv
Grandma Trading & Agencies Ltd.,GRANDMA,Trading,Trading,5.22,sectors\trading.csv
Castora Agri Commodities Ltd.,CASTORA,Trading,Trading,5.11,sectors\trading.csv
Sword-Edge Commercials Ltd.,SWORDEDGE,Trading,Trading,5.0,sectors\trading.csv
Naturo Agrotech India Ltd.,NATURO,Trading,Trading,4.92,sectors\trading.csv
Goldcoin Health Foods Ltd.,GOLDCOINHF,Trading,Trading,4.88,sectors\trading.csv
CHD Chemicals Ltd.,CHDCHEM,Trading,Trading,4.85,sectors\trading.csv
Dhruv Wellness Ltd.,DWL,Trading,Trading,4.83,sectors\trading.csv
Munoth Communication Ltd.,MCLTD,Trading,Trading,4.79,sectors\trading.csv
Patron Exim Ltd.,PATRON,Trading,Trading,4.64,sectors\trading.csv
EVOQ Remedies Ltd.,EVOQ,Trading,Trading,4.53,sectors\trading.csv
Longview Tea Company Ltd.,LONTE,Trading,Trading,4.44,sectors\trading.csv
Sun Retail Ltd.,SUNRETAIL,Trading,Trading,4.34,sectors\trading.csv
Fabino Enterprises Ltd.,FABINO,Trading,Trading,4.27,sectors\trading.csv
Vasudhagama Enterprises Ltd.,VASUDHAGAM,Trading,Trading,3.95,sectors\trading.csv
Simplex Papers Ltd.,SIMPLXPAP,Trading,Trading,3.93,sectors\trading.csv
Naksh Precious Metals Ltd.,NAKSH,Trading,Trading,3.79,sectors\trading.csv
Unitech International Ltd.,UNITINT,Trading,Trading,3.33,sectors\trading.csv
Radhagobind Commercial Ltd.,RCL,Trading,Trading,2.88,sectors\trading.csv
Ramasigns Industries Ltd.,RAMASIGNS,Trading,Trading,2.77,sectors\trading.csv
Svarnim Trade Udyog Ltd.,SNIM,Trading,Trading,2.74,sectors\trading.csv
Suumaya Corporation Ltd.,SUUMAYA,Trading,Trading,2.5,sectors\trading.csv
Aurique Ltd.,AURIQUE,Trading,Trading,1.48,sectors\trading.csv
Omnipotent Industries Ltd.,OMNIPOTENT,Trading,Trading,1.4,sectors\trading.csv
Wardwizard Healthcare Ltd.,WARDHEALTH,Trading,Trading,1.11,sectors\trading.csv
Diksha Greens Ltd.,DGL,Trading,Trading,0.96,sectors\trading.csv
Antariksh Industries Ltd.,ANTARIKSH,Trading,Trading,0.25,sectors\trading.csv
Pradhin Ltd. - (Rights Entitlements (REs)),PRADH-RE,Trading,Trading,0.0,sectors\trading.csv
Sharanam Infraproject And Trading Ltd. - (Rights Entitlements (REs)),SIPTL-RE2,Trading,Trading,0.0,sectors\trading.csv
Annvrridhhi Ventures Ltd. - (Rights Entitlements (REs)),ANVRDH-RE,Trading,Trading,0.0,sectors\trading.csv
Tirupati Tyres Ltd. - (Rights Entitlements (REs)),TTIL-RE,Trading,Trading,0.0,sectors\trading.csv
Remedium Lifecare Ltd. - (Rights Entitlements (REs)),REMLIF-RE,Trading,Trading,0.0,sectors\trading.csv
Franklin Industries Ltd. - (Rights Entitlements (REs)),FRANKI-RE1,Trading,Trading,0.0,sectors\trading.csv
Lloyds Enterprises Ltd. - (Rights Entitlements (REs)),LLOYDSE-RE,Trading,Trading,0.0,sectors\trading.csv
Healthy Life Agritec Ltd. (Rights Entitlements (REs),751040,Trading,Trading,0.0,sectors\trading.csv
Ashnisha Industries Ltd. - (Rights Entitlements (REs)),ASHNI-RE,Trading,Trading,0.0,sectors\trading.csv
Suraj Industries Ltd. - (Rights Entitlements (REs)),SURAJ-RE,Trading,Trading,0.0,sectors\trading.csv
Suraj Industries Ltd.- Partly Paid-up Equity Shares (Rights Issue),SURAJINDPP,Trading,Trading,0.0,sectors\trading.csv
Annvrridhhi Ventures Ltd. - (Rights Entitlements (REs)),751056,Trading,Trading,0.0,sectors\trading.csv
Adani Enterprises Ltd. - (Rights Entitlements (REs)),ADANI-RE,Trading,Trading,0.0,sectors\trading.csv
Annvrridhhi Ventures Ltd. - (partly paid-up),ANNVRPP,Trading,Trading,0.0,sectors\trading.csv
AVI Polymers Ltd. - (Rights Entitlements (REs)),AVI-RE,Trading,Trading,0.0,sectors\trading.csv
Dhariwalcorp Ltd. - (Rights Entitlements (REs)),DHARI-RE,Trading,Trading,0.0,sectors\trading.csv
Sunrest Lifescience Ltd. - (Rights Entitlements),SUNREST-RE,Trading,Trading,0.0,sectors\trading.csv
Gujarat Cotex Ltd. - (Rights Entitlements (REs)),GUJCOT-RE,Trading,Trading,0.0,sectors\trading.csv
Tirupati Innovar Ltd. - (Rights Entitlements (REs)),TIRUIN-RE,Trading,Trading,0.0,sectors\trading.csv
Integra Essentia Ltd. - (Rights Entitlements (REs1)),ESSEN-RE3,Trading,Trading,0.0,sectors\trading.csv
Consecutive Commodities Ltd. - (Rights Entitlements (REs)),CCDL-RE,Trading,Trading,0.0,sectors\trading.csv
