Rank,Stock_Name,Symbol,Sector,Industry,Market_Cap_Cr,open,high,low,volume,last_price,prev_close,change,pct_change
1,Reliance Industries Ltd.,RELIANCE,Crude Oil,Refineries,1770056.06,1314.0,1316.0,1308.0,0.0,1316.0,1313.2,2.8,0.21
2,Bharti Airtel Ltd.,BHARTIARTL,Telecom,Telecommunication - Service  Provider,1243237.94,1950.0,1954.9,1940.5,0.0,1946.0,1941.7,4.3,0.22
3,HDFC Bank Ltd.,HDFCBANK,Banking,Bank - Private,1120927.88,728.3,732.8,726.6,0.0,726.95,725.05,1.9,0.26
4,ICICI Bank Ltd.,ICICIBANK,Banking,Bank - Private,1017618.24,1417.0,1420.0,1411.2,0.0,1420.0,1411.9,8.1,0.57
5,State Bank Of India,SBIN,Banking,Bank - Public,985829.96,1052.7,1054.7,1040.1,0.0,1048.7,1048.0,0.7,0.07
6,Tata Consultancy Services Ltd.,TCS,Information Technology,IT - Software,853506.85,2290.1,2307.2,2263.3,0.0,2302.0,2298.0,4.0,0.17
7,Bajaj Finance Ltd.,BAJFINANCE,Finance,Finance - NBFC,677197.05,1105.4,1105.5,1090.6,0.0,1095.0,1095.0,0.0,0.0
8,Larsen & Toubro Ltd.,LT,Infrastructure,Engineering - Construction,558973.11,4081.0,4100.0,4061.4,0.0,4093.0,4081.0,12.0,0.29
9,Life Insurance Corporation of India,LICI,Finance,Insurance,523330.31,421.7,425.9,419.55,0.0,422.25,419.0,3.25,0.78
10,Hindustan Unilever Ltd.,HINDUNILVR,Fast Moving Consumer Goods,Household & Personal Products,490888.35,2028.0,2034.7,2012.0,0.0,2015.0,2028.0,-13.0,-0.64
11,Infosys Ltd.,INFY,Information Technology,IT - Software,474407.11,1133.0,1133.5,1118.0,0.0,1121.0,1130.0,-9.0,-0.8
12,Sun Pharmaceutical Industries Ltd.,SUNPHARMA,Healthcare,Pharmaceuticals & Drugs,461847.99,1916.0,1917.4,1882.8,0.0,1902.4,1904.0,-1.6,-0.08
13,Titan Company Ltd.,TITAN,Diamond & Jewellery,Diamond  &  Jewellery,450906.59,5068.0,5090.4,5011.0,0.0,5086.1,5068.0,18.1,0.36
14,Maruti Suzuki India Ltd.,MARUTI,Automobile & Ancillaries,Automobiles - Passenger Cars,435919.17,13809.0,13809.0,13565.0,0.0,13565.0,13809.0,-244.0,-1.77
15,Mahindra & Mahindra Ltd.,M&M,Automobile & Ancillaries,Automobiles - Passenger Cars,427649.56,3431.2,3453.9,3412.2,0.0,3412.2,3424.8,-12.6,-0.37
16,Adani Enterprises Ltd.,ADANIENT,Trading,Trading,411531.67,2995.0,3007.5,2981.0,0.0,2997.0,2994.9,2.1,0.07
17,Adani Power Ltd.,ADANIPOWER,Power,Power Generation/Distribution,395818.36,203.99,205.5,202.83,0.0,205.5,204.0,1.5,0.74
18,Kotak Mahindra Bank Ltd.,KOTAKBANK,Banking,Bank - Private,390931.67,398.9,406.0,398.3,0.0,402.8,397.35,5.45,1.37
19,Adani Ports and Special Economic Zone Ltd.,ADANIPORTS,Logistics,Port,390521.07,1697.2,1702.0,1684.9,0.0,1700.0,1696.0,4.0,0.24
20,Axis Bank Ltd.,AXISBANK,Banking,Bank - Private,378950.11,1250.6,1256.4,1240.4,0.0,1245.8,1251.0,-5.2,-0.42
21,HCL Technologies Ltd.,HCLTECH,Information Technology,IT - Software,369058.45,1319.9,1321.7,1302.5,0.0,1302.5,1318.4,-15.9,-1.21
22,ITC Ltd.,ITC,Fast Moving Consumer Goods,Cigarettes/Tobacco,347826.75,271.6,271.6,269.0,0.0,269.4,271.65,-2.25,-0.83
23,Ultratech Cement Ltd.,ULTRACEMCO,Construction Materials,Cement & Construction Materials,345216.65,11549.0,11620.0,11526.0,0.0,11570.0,11575.0,-5.0,-0.04
24,Hindustan Aeronautics Ltd.,HAL,Capital Goods,Aerospace & Defense,335424.1,4985.2,5092.0,4972.0,0.0,5000.0,4998.0,2.0,0.04
25,NTPC Ltd.,NTPC,Power,Power Generation/Distribution,330656.32,337.0,342.85,337.0,0.0,340.0,337.5,2.5,0.74
26,Bajaj Finserv Ltd.,BAJAJFINSV,Finance,Finance - Investment,325218.45,2009.0,2032.5,2005.0,0.0,2032.5,2016.0,16.5,0.82
27,Bajaj Auto Ltd.,BAJAJ-AUTO,Automobile & Ancillaries,Automobile Two & Three Wheelers,321520.49,11790.0,11790.0,11660.0,0.0,11700.0,11793.0,-93.0,-0.79
28,JSW Steel Ltd.,JSWSTEEL,Iron & Steel,Steel & Iron Products,309839.02,1298.0,1298.8,1280.5,0.0,1293.7,1299.7,-6.0,-0.46
29,Eternal Ltd.,ETERNAL,Information Technology,e-Commerce,306881.15,330.0,331.7,324.1,0.0,328.0,327.95,0.05,0.02
30,Bharat Electronics Ltd.,BEL,Capital Goods,Aerospace & Defense,299993.32,413.45,415.95,408.65,0.0,414.0,409.4,4.6,1.12
31,Oil & Natural Gas Corporation Ltd.,ONGC,Crude Oil,Oil Exploration,297397.8,238.7,239.22,236.4,0.0,236.4,238.5,-2.1,-0.88
32,Nestle India Ltd.,NESTLEIND,Fast Moving Consumer Goods,Consumer Food,289285.71,1465.0,1485.4,1449.0,0.0,1477.1,1458.0,19.1,1.31
33,Shriram Finance Ltd.,SHRIRAMFIN,Finance,Finance - NBFC,264498.88,1140.0,1140.0,1127.3,0.0,1130.0,1128.2,1.8,0.16
34,Avenue Supermarts Ltd.,DMART,Retailing,Retailing,264427.04,3979.8,3990.0,3866.4,0.0,3906.0,3960.0,-54.0,-1.36
35,Asian Paints Ltd.,ASIANPAINT,Chemicals,Paints,259942.6,2620.2,2644.0,2615.5,0.0,2640.0,2625.2,14.8,0.56
36,Coal India Ltd.,COALINDIA,Mining,Mining & Minerals,251624.2,402.55,405.9,401.7,0.0,405.2,402.5,2.7,0.67
37,Power Grid Corporation Of India Ltd.,POWERGRID,Power,Power Generation/Distribution,247861.09,264.6,275.95,264.2,0.0,272.4,264.8,7.6,2.87
38,Hindustan Zinc Ltd.,HINDZINC,Non - Ferrous Metals,Metal - Non Ferrous,237420.67,582.0,598.5,579.6,0.0,594.9,573.9,21.0,3.66
39,Hindalco Industries Ltd.,HINDALCO,Non - Ferrous Metals,Metal - Non Ferrous,232430.64,1029.8,1040.45,1024.6,0.0,1034.0,1029.85,4.15,0.4
40,Tata Steel Ltd.,TATASTEEL,Iron & Steel,Steel & Iron Products,228946.58,184.4,184.94,182.0,0.0,183.0,183.5,-0.5,-0.27
41,Divi's Laboratories Ltd.,DIVISLAB,Healthcare,Pharmaceuticals & Drugs,225648.29,8600.0,8610.0,8505.5,0.0,8597.0,8570.0,27.0,0.32
42,Eicher Motors Ltd.,EICHERMOT,Automobile & Ancillaries,Automobile Two & Three Wheelers,223046.14,8095.0,8112.5,7980.0,0.0,8010.0,8042.0,-32.0,-0.4
43,Adani Green Energy Ltd.,ADANIGREEN,Power,Power Generation/Distribution,221545.19,1310.2,1324.9,1310.1,0.0,1320.0,1301.8,18.2,1.4
44,Grasim Industries Ltd.,GRASIM,Construction Materials,Cement & Construction Materials,221120.63,3280.0,3343.1,3258.0,0.0,3308.0,3300.0,8.0,0.24
45,Interglobe Aviation Ltd.,INDIGO,Aviation,Airlines,205513.3,5155.0,5172.5,5055.5,0.0,5110.0,5165.0,-55.0,-1.06
46,TVS Motor Company Ltd.,TVSMOTOR,Automobile & Ancillaries,Automobile Two & Three Wheelers,205513.18,4389.5,4390.0,4337.6,0.0,4390.0,4390.0,0.0,0.0
47,Adani Energy Solutions Ltd.,ADANIENSOL,Power,Power Generation/Distribution,197751.74,1556.9,1559.5,1527.3,0.0,1541.9,1548.5,-6.6,-0.43
48,Indian Oil Corporation Ltd.,IOC,Crude Oil,Refineries,196850.06,135.5,136.58,135.27,0.0,135.9,135.9,0.0,0.0
49,Torrent Pharmaceuticals Ltd.,TORNTPHARM,Healthcare,Pharmaceuticals & Drugs,184109.45,5005.5,5031.0,4882.5,0.0,4896.5,5005.0,-108.5,-2.17
50,Wipro Ltd.,WIPRO,Information Technology,IT - Software,182039.6,180.6,181.76,180.0,0.0,180.79,181.0,-0.21,-0.12
51,SBI Life Insurance Company Ltd.,SBILIFE,Finance,Insurance,181289.27,1780.0,1795.3,1766.2,0.0,1792.9,1782.0,10.9,0.61
52,Solar Industries India Ltd.,SOLARINDS,Chemicals,Chemicals,180799.13,19850.0,20093.0,19651.0,0.0,19900.0,19760.0,140.0,0.71
53,Hyundai Motor India Ltd.,HYUNDAI,Automobile & Ancillaries,Automobiles - Passenger Cars,178759.04,2222.0,2251.7,2211.1,0.0,2218.8,2227.0,-8.2,-0.37
54,Samvardhana Motherson International Ltd.,MOTHERSON,Automobile & Ancillaries,Auto Ancillary,177631.27,170.41,170.41,167.66,0.0,169.38,169.58,-0.2,-0.12
55,Tata Motors Ltd.,TMCV,Automobile & Ancillaries,Automobiles-Trucks/Lcv,174504.75,477.7,480.6,468.55,0.0,472.55,477.6,-5.05,-1.06
56,Vedanta Aluminium Metal Ltd.,VAML,Non - Ferrous Metals,Aluminium & Aluminium Products,173562.57,438.4,444.95,437.85,0.0,440.3,435.75,4.55,1.04
57,Pidilite Industries Ltd.,PIDILITIND,Chemicals,Chemicals,172006.57,1648.5,1664.4,1644.1,0.0,1649.0,1660.0,-11.0,-0.66
58,JIO Financial Services Ltd.,JIOFIN,Finance,Finance - NBFC,165078.54,244.3,245.8,243.5,0.0,244.0,244.6,-0.6,-0.25
59,DLF Ltd.,DLF,Realty,Construction - Real Estate,164113.17,677.2,684.45,675.25,0.0,678.1,676.15,1.95,0.29
60,Cholamandalam Investment and Finance Company Ltd.,CHOLAFIN,Finance,Finance - NBFC,162699.57,1888.9,1890.1,1855.0,0.0,1862.9,1888.9,-26.0,-1.38
61,ABB India Ltd.,ABB,Capital Goods,Electric Equipment,162003.95,7474.0,7545.0,7405.0,0.0,7424.0,7479.0,-55.0,-0.74
62,Tech Mahindra Ltd.,TECHM,Information Technology,IT - Software,160214.46,1592.1,1602.0,1576.5,0.0,1584.0,1592.1,-8.1,-0.51
63,Trent Ltd.,TRENT,Retailing,Retailing,159436.24,2970.0,2976.6,2914.0,0.0,2924.0,2970.0,-46.0,-1.55
64,Hitachi Energy India Ltd.,POWERINDIA,Capital Goods,Electric Equipment,159034.19,33515.0,34750.0,33250.0,0.0,34190.0,33510.0,680.0,2.03
65,Tata Capital Ltd.,TATACAP,Finance,Finance - NBFC,154640.58,366.0,366.95,361.0,0.0,365.05,366.15,-1.1,-0.3
66,ICICI Prudential Asset Management Company Ltd.,ICICIAMC,Finance,Finance - Asset Management,153269.57,3217.9,3285.0,3212.2,0.0,3269.7,3228.9,40.8,1.26
67,Vodafone Idea Ltd.,IDEA,Telecom,Telecommunication - Service  Provider,152763.68,14.03,14.09,13.92,0.0,13.94,14.03,-0.09,-0.64
68,Cummins India Ltd.,CUMMINSIND,Automobile & Ancillaries,Diesel Engines,149800.27,5116.0,5218.0,5092.0,0.0,5107.5,5205.0,-97.5,-1.87
69,Varun Beverages Ltd.,VBL,Fast Moving Consumer Goods,Consumer Food,147509.29,438.3,441.6,430.1,0.0,430.1,438.3,-8.2,-1.87
70,Bharat Heavy Electricals Ltd.,BHEL,Capital Goods,Engineering - Industrial Equipments,146977.89,416.05,416.65,409.1,0.0,413.0,413.5,-0.5,-0.12
71,Union Bank Of India,UNIONBANK,Banking,Bank - Public,142748.42,185.3,185.3,182.5,0.0,183.45,184.68,-1.23,-0.67
72,CG Power and Industrial Solutions Ltd.,CGPOWER,Capital Goods,Electric Equipment,140687.69,876.3,880.95,865.0,0.0,867.0,876.3,-9.3,-1.06
73,BSE Ltd.,BSE,Finance,Finance - Others,140597.64,3252.0,3285.0,3223.0,0.0,3241.0,3291.1,-50.1,-1.52
74,LTM Ltd.,LTM,Information Technology,IT - Software,140301.88,4500.0,4500.0,4414.8,0.0,4487.8,4553.0,-65.2,-1.43
75,Siemens Ltd.,SIEMENS,Capital Goods,Electric Equipment,139958.92,3880.0,3960.0,3879.9,0.0,3920.0,3880.0,40.0,1.03
76,Polycab India Ltd.,POLYCAB,Electricals,Cable,139812.83,9145.0,9175.0,8956.0,0.0,8966.0,9125.0,-159.0,-1.74
77,Bosch Ltd.,BOSCHLTD,Automobile & Ancillaries,Auto Ancillary,138811.6,48635.0,48635.0,48060.0,0.0,48200.0,48750.0,-550.0,-1.13
78,Bharat Petroleum Corporation Ltd.,BPCL,Crude Oil,Refineries,138072.94,308.7,314.2,307.2,0.0,311.0,308.7,2.3,0.75
79,Punjab National Bank,PNB,Banking,Bank - Public,135042.08,117.45,117.52,115.41,0.0,116.55,118.0,-1.45,-1.23
80,Britannia Industries Ltd.,BRITANNIA,Fast Moving Consumer Goods,Consumer Food,133681.9,5527.5,5533.0,5342.0,0.0,5365.0,5548.0,-183.0,-3.3
81,Bank Of Baroda,BANKBARODA,Banking,Bank - Public,128353.21,244.0,247.0,243.5,0.0,247.0,244.5,2.5,1.02
82,Apollo Hospitals Enterprise Ltd.,APOLLOHOSP,Healthcare,Hospital & Healthcare Services,128327.81,8727.0,8746.0,8638.0,0.0,8693.0,8735.0,-42.0,-0.48
83,Bajaj Holdings & Investment Ltd.,BAJAJHLDNG,Finance,Finance - NBFC,126953.06,11360.0,11410.0,11280.0,0.0,11320.0,11368.0,-48.0,-0.42
84,Siemens Energy India Ltd.,ENRIN,Capital Goods,Electric Equipment,126120.08,3435.3,3462.5,3411.0,0.0,3435.6,3435.3,0.3,0.01
85,Power Finance Corporation Ltd.,PFC,Finance,Finance Term Lending,124430.34,363.8,364.95,361.6,0.0,363.0,363.8,-0.8,-0.22
86,Lodha Developers Ltd.,LODHA,Realty,Construction - Real Estate,123898.14,1254.0,1262.0,1232.2,0.0,1242.0,1240.0,2.0,0.16
87,Tata Motors Passenger Vehicles Ltd.,TMPV,Automobile & Ancillaries,Automobiles - Passenger Cars,123082.24,321.5,322.4,316.9,0.0,317.9,320.25,-2.35,-0.73
88,Billionbrains Garage Ventures Ltd.,GROWW,Finance,Finance - Stock Broking,123056.6,201.0,201.64,195.0,0.0,197.01,200.72,-3.71,-1.85
89,Tata Power Company Ltd.,TATAPOWER,Power,Power Generation/Distribution,122445.41,375.7,377.75,373.05,0.0,374.3,375.25,-0.95,-0.25
90,Indian Bank,INDIANB,Banking,Bank - Public,121226.76,876.0,880.9,870.5,0.0,876.9,871.0,5.9,0.68
91,Canara Bank,CANBK,Banking,Bank - Public,118961.59,129.6,129.96,128.5,0.0,129.96,129.6,0.36,0.28
92,LG Electronics India Ltd.,LGEINDIA,Consumer Durables,Consumer Durables - Electronics,117556.59,1632.8,1645.0,1620.0,0.0,1623.3,1632.8,-9.5,-0.58
93,Cipla Ltd.,CIPLA,Healthcare,Pharmaceuticals & Drugs,117138.71,1433.4,1443.6,1408.6,0.0,1432.2,1438.0,-5.8,-0.4
94,HDFC Life Insurance Company Ltd.,HDFCLIFE,Finance,Insurance,116770.53,542.0,554.8,537.2,0.0,554.8,542.0,12.8,2.36
95,Hero MotoCorp Ltd.,HEROMOTOCO,Automobile & Ancillaries,Automobile Two & Three Wheelers,115981.83,5724.5,5735.0,5642.0,0.0,5735.0,5740.5,-5.5,-0.1
96,Indian Railway Finance Corporation Ltd.,IRFC,Finance,Finance Term Lending,114480.11,86.48,86.98,86.3,0.0,86.4,86.47,-0.07,-0.08
97,GAIL (India) Ltd.,GAIL,Gas Transmission,Gas Transmission/Marketing,114439.61,172.26,173.24,171.61,0.0,172.0,172.5,-0.5,-0.29
98,Muthoot Finance Ltd.,MUTHOOTFIN,Finance,Finance - NBFC,114217.78,3009.6,3055.1,2995.0,0.0,3022.0,2970.0,52.0,1.75
99,SBI Funds Management Ltd.,SBIFUNDS,Finance,Finance - Asset Management,113919.77,555.5,556.55,548.05,0.0,549.55,555.5,-5.95,-1.07
100,Zydus Lifesciences Ltd.,ZYDUSLIFE,Healthcare,Pharmaceuticals & Drugs,113715.44,1109.6,1120.0,1099.4,0.0,1120.0,1107.7,12.3,1.11
101,Marico Ltd.,MARICO,Fast Moving Consumer Goods,Edible Oil,112440.39,862.15,862.15,844.15,0.0,849.25,858.35,-9.1,-1.06
102,Jindal Steel Ltd.,JINDALSTEL,Iron & Steel,Steel/Sponge Iron/Pig Iron,112209.69,1120.0,1135.0,1118.9,0.0,1127.8,1118.9,8.9,0.8
103,GE Vernova T&D India Ltd.,GVT&D,Capital Goods,Electric Equipment,111421.21,4062.8,4217.3,4025.0,0.0,4127.2,4050.1,77.1,1.9
104,United Spirits Ltd.,UNITDSPR,Alcohol,Breweries & Distilleries,110557.33,1550.0,1563.4,1527.0,0.0,1556.0,1544.0,12.0,0.78
105,Aditya Birla Capital Ltd.,ABCAPITAL,Finance,Finance - NBFC,109828.02,410.0,413.0,407.7,0.0,413.0,409.0,4.0,0.98
106,Lloyds Metals & Energy Ltd.,LLOYDSME,Iron & Steel,Steel/Sponge Iron/Pig Iron,107974.0,1891.4,1899.9,1849.5,0.0,1865.9,1891.4,-25.5,-1.35
107,GMR Airports Ltd.,GMRAIRPORT,Aviation,Airport Management Services,107543.17,101.3,101.4,99.5,0.0,99.63,100.41,-0.78,-0.78
108,HDFC Asset Management Company Ltd.,HDFCAMC,Finance,Finance - Asset Management,107196.7,2615.0,2623.9,2596.0,0.0,2610.0,2624.0,-14.0,-0.53
109,Tata Consumer Products Ltd.,TATACONSUM,Agriculture,Tea/Coffee,106985.49,1060.0,1062.0,1044.7,0.0,1049.0,1056.3,-7.3,-0.69
110,Lenskart Solutions Ltd.,LENSKART,Healthcare,Medical Equipment/Supplies/Accessories,106480.32,657.8,663.8,635.0,0.0,661.4,654.8,6.6,1.01
111,Vedanta Ltd.,VEDL,Non - Ferrous Metals,Metal - Non Ferrous,105384.96,270.3,279.7,269.0,0.0,279.0,268.0,11.0,4.1
112,Mazagon Dock Shipbuilders Ltd.,MAZDOCK,Ship Building,Ship Building,104072.04,2570.0,2596.0,2542.0,0.0,2552.0,2570.0,-18.0,-0.7
113,Ambuja Cements Ltd.,AMBUJACEM,Construction Materials,Cement & Construction Materials,103741.12,410.0,420.25,407.9,0.0,414.5,411.0,3.5,0.85
114,One97 Communications Ltd.,PAYTM,Information Technology,Fintech,102837.75,1603.3,1638.4,1598.0,0.0,1632.0,1603.6,28.4,1.77
115,The Indian Hotels Company Ltd.,INDHOTEL,Hospitality,"Hotel, Resort & Restaurants",102686.4,735.0,735.5,724.3,0.0,730.0,735.85,-5.85,-0.79
116,Oracle Financial Services Software Ltd.,OFSS,Information Technology,IT - Software,102322.43,11850.0,11870.0,11650.0,0.0,11724.0,11826.0,-102.0,-0.86
117,JSW Energy Ltd.,JSWENERGY,Power,Power Generation/Distribution,102253.33,542.4,552.0,540.2,0.0,544.95,542.0,2.95,0.54
118,Lupin Ltd.,LUPIN,Healthcare,Pharmaceuticals & Drugs,102192.0,2203.3,2217.0,2187.7,0.0,2201.8,2201.5,0.3,0.01
119,Indus Towers Ltd.,INDUSTOWER,Telecom,Telecommunication - Service  Provider,101450.55,369.7,377.75,369.55,0.0,375.75,368.8,6.95,1.88
120,Ashok Leyland Ltd.,ASHOKLEY,Automobile & Ancillaries,Automobiles-Trucks/Lcv,100971.56,173.16,173.69,172.3,0.0,173.0,173.8,-0.8,-0.46
121,Dr. Reddy's Laboratories Ltd.,DRREDDY,Healthcare,Pharmaceuticals & Drugs,100328.03,1179.0,1185.1,1174.0,0.0,1174.7,1180.0,-5.3,-0.45
122,Mankind Pharma Ltd.,MANKIND,Healthcare,Pharmaceuticals & Drugs,99945.03,2385.0,2407.2,2365.6,0.0,2384.0,2385.0,-1.0,-0.04
123,Bharat Forge Ltd.,BHARATFORG,Automobile & Ancillaries,Forgings,99203.39,2054.0,2072.0,2021.3,0.0,2063.0,2062.0,1.0,0.05
124,Max Healthcare Institute Ltd.,MAXHEALTH,Healthcare,Hospital & Healthcare Services,98300.93,1000.0,1003.6,986.5,0.0,1000.0,997.9,2.1,0.21
125,Laurus Labs Ltd.,LAURUSLABS,Healthcare,Pharmaceuticals & Drugs,98063.97,1825.0,1836.4,1790.3,0.0,1802.0,1825.0,-23.0,-1.26
126,Godrej Consumer Products Ltd.,GODREJCP,Fast Moving Consumer Goods,Household & Personal Products,95781.34,944.4,945.8,928.0,0.0,933.0,947.0,-14.0,-1.48
127,Aurobindo Pharma Ltd.,AUROPHARMA,Healthcare,Pharmaceuticals & Drugs,95397.65,1609.1,1624.0,1600.0,0.0,1621.3,1608.0,13.3,0.83
128,FSN E-Commerce Ventures Ltd.,NYKAA,Information Technology,e-Commerce,94802.17,331.0,335.15,328.0,0.0,334.0,330.35,3.65,1.1
129,Manipal Health Enterprises Ltd.,MANIPALHOS,Healthcare,Hospital & Healthcare Services,93043.21,708.05,728.0,699.0,0.0,715.3,724.35,-9.05,-1.25
130,Shree Cement Ltd.,SHREECEM,Construction Materials,Cement & Construction Materials,89179.88,24295.0,24355.0,24070.0,0.0,24280.0,24300.0,-20.0,-0.08
131,IDBI Bank Ltd.,IDBI,Banking,Bank - Private,88599.79,81.75,82.8,81.27,0.0,82.24,81.74,0.5,0.61
132,REC Ltd.,RECLTD,Finance,Finance Term Lending,88449.99,328.5,330.45,325.3,0.0,326.65,328.1,-1.45,-0.44
133,Meesho Ltd.,MEESHO,Information Technology,e-Commerce,88425.77,210.99,210.99,204.33,0.0,205.69,209.51,-3.82,-1.82
134,Persistent Systems Ltd.,PERSISTENT,Information Technology,IT - Software,88024.5,5685.0,5722.0,5602.0,0.0,5667.5,5674.0,-6.5,-0.11
135,The Federal Bank Ltd.,FEDERALBNK,Banking,Bank - Private,87249.89,356.3,361.0,355.15,0.0,361.0,355.3,5.7,1.6
136,Info Edge (India) Ltd.,NAUKRI,Information Technology,BPO/ITeS,86959.69,1367.8,1367.8,1345.2,0.0,1350.1,1360.9,-10.8,-0.79
137,Dixon Technologies (India) Ltd.,DIXON,Consumer Durables,Consumer Durables - Electronics,86448.86,14864.0,14924.0,14620.0,0.0,14850.0,14850.0,0.0,0.0
138,AU Small Finance Bank Ltd.,AUBANK,Banking,Bank - Private,81569.98,1088.0,1108.2,1083.9,0.0,1108.2,1088.0,20.2,1.86
139,Havells India Ltd.,HAVELLS,Capital Goods,Electric Equipment,81457.5,1275.0,1279.5,1259.1,0.0,1268.0,1278.0,-10.0,-0.78
140,ICICI Lombard General Insurance Company Ltd.,ICICIGI,Finance,Insurance,81273.09,1627.3,1634.8,1613.5,0.0,1617.0,1625.0,-8.0,-0.49
141,Bharti Hexacom Ltd.,BHARTIHEXA,Telecom,Telecommunication - Service  Provider,81055.0,1615.0,1615.0,1584.0,0.0,1591.2,1615.6,-24.4,-1.51
142,Coforge Ltd.,COFORGE,Information Technology,IT - Software,80611.53,1890.0,1891.7,1851.0,0.0,1891.7,1882.0,9.7,0.52
143,PB Fintech Ltd.,POLICYBZR,Information Technology,Fintech,80462.64,1782.0,1799.0,1757.0,0.0,1795.2,1779.6,15.6,0.88
144,IndusInd Bank Ltd.,INDUSINDBK,Banking,Bank - Private,80407.3,1007.8,1007.8,997.0,0.0,1005.6,1008.0,-2.4,-0.24
145,Hindustan Petroleum Corporation Ltd.,HINDPETRO,Crude Oil,Refineries,79367.78,364.0,367.0,362.25,0.0,363.25,363.2,0.05,0.01
146,JSW Infrastructure Ltd.,JSWINFRA,Logistics,Port,79033.65,331.15,337.7,331.0,0.0,335.7,329.85,5.85,1.77
147,NTPC Green Energy Ltd.,NTPCGREEN,Power,Power Generation/Distribution,77547.51,91.8,92.58,91.21,0.0,91.43,91.88,-0.45,-0.49
148,SRF Ltd.,SRF,Chemicals,Chemicals,77340.2,2576.4,2589.3,2568.2,0.0,2571.9,2574.5,-2.6,-0.1
149,NHPC Ltd.,NHPC,Power,Power Generation/Distribution,77246.32,76.3,77.1,75.95,0.0,76.15,76.35,-0.2,-0.26
150,Waaree Energies Ltd.,WAAREEENER,Capital Goods,Electric Equipment,76975.5,2672.9,2727.0,2672.8,0.0,2678.2,2675.0,3.2,0.12
151,L&T Finance Ltd.,LTF,Finance,Finance - NBFC,76797.77,315.0,319.95,314.15,0.0,317.15,314.75,2.4,0.76
152,Oil India Ltd.,OIL,Crude Oil,Oil Exploration,76434.3,480.9,482.0,475.0,0.0,475.0,480.9,-5.9,-1.23
153,Swiggy Ltd.,SWIGGY,Information Technology,e-Commerce,76405.48,280.75,285.35,276.3,0.0,282.5,279.0,3.5,1.25
154,Multi Commodity Exchange Of India Ltd.,MCX,Finance,Finance - Stock Broking,74521.37,3145.1,3211.4,3132.0,0.0,3185.0,3126.0,59.0,1.89
155,Nippon Life India Asset Management Ltd.,NAM-INDIA,Finance,Finance - Asset Management,74495.17,1233.0,1262.3,1226.1,0.0,1251.0,1232.5,18.5,1.5
156,NMDC Ltd.,NMDC,Mining,Mining & Minerals,74185.36,84.19,85.43,83.49,0.0,84.61,83.95,0.66,0.79
157,IDFC First Bank Ltd.,IDFCFIRSTB,Banking,Bank - Private,73797.64,85.6,86.75,85.59,0.0,86.75,85.84,0.91,1.06
158,ICICI Prudential Life Insurance Company Ltd.,ICICIPRULI,Finance,Insurance,73411.07,502.0,520.6,501.05,0.0,515.0,502.0,13.0,2.59
159,Dabur India Ltd.,DABUR,Fast Moving Consumer Goods,Household & Personal Products,72306.49,400.05,400.75,397.65,0.0,400.5,400.0,0.5,0.12
160,Adani Total Gas Ltd.,ATGL,Gas Transmission,Gas Transmission/Marketing,71872.59,658.0,659.8,644.0,0.0,646.1,657.65,-11.55,-1.76
161,Aster DM Quality Care Ltd.,ASTERDM,Healthcare,Hospital & Healthcare Services,71743.0,765.95,766.35,751.6,0.0,761.55,765.65,-4.1,-0.54
162,UNO Minda Ltd.,UNOMINDA,Automobile & Ancillaries,Auto Ancillary,71605.93,1261.0,1267.0,1252.0,0.0,1265.0,1260.5,4.5,0.36
163,Yes Bank Ltd.,YESBANK,Banking,Bank - Private,71250.28,22.74,22.87,22.63,0.0,22.8,22.74,0.06,0.26
164,Fortis Healthcare Ltd.,FORTIS,Healthcare,Hospital & Healthcare Services,70588.59,915.15,919.7,904.45,0.0,907.1,916.8,-9.7,-1.06
165,Bajaj Housing Finance Ltd.,BAJAJHFL,Finance,Finance - Housing,70258.25,85.99,85.99,84.8,0.0,84.85,85.59,-0.74,-0.86
166,Steel Authority Of India Ltd.,SAIL,Iron & Steel,Steel & Iron Products,70012.4,174.9,177.0,173.02,0.0,173.46,174.9,-1.44,-0.82
167,Apar Industries Ltd.,APARINDS,Capital Goods,Electric Equipment,69927.22,16700.0,17049.0,16621.0,0.0,16856.0,16784.0,72.0,0.43
168,National Aluminium Company Ltd.,NATIONALUM,Non - Ferrous Metals,Aluminium & Aluminium Products,69057.36,388.0,397.5,384.6,0.0,394.45,385.6,8.85,2.3
169,The Phoenix Mills Ltd.,PHOENIXLTD,Realty,Construction - Real Estate,68528.37,1925.2,1943.8,1914.1,0.0,1930.0,1925.0,5.0,0.26
170,Prestige Estates Projects Ltd.,PRESTIGE,Realty,Construction - Real Estate,68382.73,1592.0,1651.3,1590.0,0.0,1631.0,1585.5,45.5,2.87
171,Biocon Ltd.,BIOCON,Healthcare,Pharmaceuticals & Drugs,67616.01,412.5,416.0,411.0,0.0,415.55,412.5,3.05,0.74
172,Oberoi Realty Ltd.,OBEROIRLTY,Realty,Construction - Real Estate,67019.16,1904.8,1918.1,1883.4,0.0,1886.0,1904.7,-18.7,-0.98
173,Glenmark Pharmaceuticals Ltd.,GLENMARK,Healthcare,Pharmaceuticals & Drugs,66040.57,2334.6,2348.6,2303.0,0.0,2317.9,2332.9,-15.0,-0.64
174,Torrent Power Ltd.,TORNTPOWER,Power,Power Generation/Distribution,66003.81,1256.4,1256.4,1241.0,0.0,1247.7,1248.7,-1.0,-0.08
175,Bank Of India,BANKINDIA,Banking,Bank - Public,65490.13,142.8,143.9,141.93,0.0,142.79,142.8,-0.01,-0.01
176,Suzlon Energy Ltd.,SUZLON,Capital Goods,Electric Equipment,64755.69,47.1,47.34,46.6,0.0,46.71,47.0,-0.29,-0.62
177,Indian Overseas Bank,IOB,Banking,Bank - Public,64682.89,33.39,33.39,32.94,0.0,33.01,33.16,-0.15,-0.45
178,Alkem Laboratories Ltd.,ALKEM,Healthcare,Pharmaceuticals & Drugs,64553.14,5400.0,5454.0,5340.0,0.0,5400.0,5400.0,0.0,0.0
179,Berger Paints India Ltd.,BERGEPAINT,Chemicals,Paints,63628.77,530.2,530.2,522.0,0.0,524.4,528.55,-4.15,-0.79
180,Schaeffler India Ltd.,SCHAEFFLER,Automobile & Ancillaries,Bearings,63211.55,4050.5,4080.5,3990.0,0.0,4017.9,4049.3,-31.4,-0.78
181,Kalyan Jewellers India Ltd.,KALYANKJIL,Diamond & Jewellery,Diamond  &  Jewellery,62817.08,596.0,607.9,591.5,0.0,603.55,596.0,7.55,1.27
182,Radico Khaitan Ltd.,RADICO,Alcohol,Breweries & Distilleries,62368.81,4705.0,4724.0,4615.0,0.0,4639.8,4696.0,-56.2,-1.2
183,General Insurance Corporation of India,GICRE,Finance,Insurance,61807.51,361.75,362.0,355.35,0.0,355.75,359.8,-4.05,-1.13
184,Bank Of Maharashtra,MAHABANK,Banking,Bank - Public,61709.35,80.36,81.37,79.85,0.0,80.26,80.28,-0.02,-0.02
185,Coromandel International Ltd.,COROMANDEL,Chemicals,Fertilizers,61704.16,2004.7,2028.8,1992.0,0.0,1996.1,2004.8,-8.7,-0.43
186,Jindal Stainless Ltd.,JSL,Iron & Steel,Steel & Iron Products,60772.09,718.4,720.0,700.0,0.0,701.35,718.4,-17.05,-2.37
187,SBI Cards And Payment Services Ltd.,SBICARD,Finance,Finance - NBFC,60162.84,638.0,649.0,636.4,0.0,649.0,647.05,1.95,0.3
188,Godrej Properties Ltd.,GODREJPROP,Realty,Construction - Real Estate,59986.24,2020.0,2039.8,2013.2,0.0,2035.0,2020.0,15.0,0.74
189,RBL Bank Ltd.,RBLBANK,Banking,Bank - Private,59756.67,392.3,392.75,387.7,0.0,392.5,392.3,0.2,0.05
190,Ather Energy Ltd.,ATHERENERG,Automobile & Ancillaries,Automobile Two & Three Wheelers,59609.89,1457.0,1471.3,1433.3,0.0,1462.0,1449.6,12.4,0.86
191,APL Apollo Tubes Ltd.,APLAPOLLO,Iron & Steel,Steel & Iron Products,58141.67,2140.9,2162.2,2126.3,0.0,2139.0,2140.0,-1.0,-0.05
192,Abbott India Ltd.,ABBOTINDIA,Healthcare,Pharmaceuticals & Drugs,57536.52,26120.0,26315.0,25905.0,0.0,26230.0,26120.0,110.0,0.42
193,Linde India Ltd.,LINDEINDIA,Industrials Gases & Fuels,Industrial  Gases & Fuels,57093.1,6702.0,6729.0,6656.0,0.0,6672.0,6695.0,-23.0,-0.34
194,HDB Financial Services Ltd.,HDBFS,Finance,Finance - NBFC,57044.47,692.4,699.95,690.45,0.0,695.85,692.35,3.5,0.51
195,MRF Ltd.,MRF,Automobile & Ancillaries,Tyres & Allied,56579.56,134100.0,134195.0,132420.0,0.0,132665.0,134000.0,-1335.0,-1.0
196,KEI Industries Ltd.,KEI,Electricals,Cable,54492.34,5700.0,5744.0,5492.6,0.0,5527.6,5675.0,-147.4,-2.6
197,Mahindra & Mahindra Financial Services Ltd.,M&MFIN,Finance,Finance - NBFC,54188.03,384.9,386.85,379.4,0.0,381.6,382.45,-0.85,-0.22
198,Motilal Oswal Financial Services Ltd.,MOTILALOFS,Finance,Finance - Stock Broking,53992.25,974.0,1004.0,968.55,0.0,990.0,973.4,16.6,1.71
199,Colgate-Palmolive (India) Ltd.,COLPAL,Fast Moving Consumer Goods,Household & Personal Products,53883.07,1907.9,1907.9,1880.1,0.0,1889.0,1910.0,-21.0,-1.1
200,Max Financial Services Ltd.,MFSL,Finance,Finance - Others,53320.23,1572.5,1590.0,1561.3,0.0,1585.0,1575.0,10.0,0.63
201,Tube Investments of India Ltd.,TIINDIA,Automobile & Ancillaries,Auto Ancillary,53077.53,2949.0,2949.0,2843.9,0.0,2885.8,2930.0,-44.2,-1.51
202,The Fertilisers And Chemicals Travancore Ltd.,FACT,Chemicals,Fertilizers,52341.65,776.5,812.2,771.2,0.0,783.3,772.95,10.35,1.34
203,Gujarat Fluorochemicals Ltd.,FLUOROCHEM,Chemicals,Chemicals,52060.11,4695.0,4713.8,4602.5,0.0,4621.9,4682.7,-60.8,-1.3
204,Bharat Dynamics Ltd.,BDL,Capital Goods,Aerospace & Defense,51282.09,1317.0,1364.7,1317.0,0.0,1359.0,1317.0,42.0,3.19
205,Hindustan Copper Ltd.,HINDCOPPER,Non - Ferrous Metals,Metal - Non Ferrous,51141.07,562.95,581.5,561.2,0.0,572.7,560.1,12.6,2.25
206,Anthem Biosciences Ltd.,ANTHEM,Healthcare,Pharmaceuticals & Drugs,50157.4,893.0,894.9,868.9,0.0,871.45,874.5,-3.05,-0.35
207,Sundaram Finance Ltd.,SUNDARMFIN,Finance,Finance - NBFC,49611.76,4485.8,4558.4,4485.8,0.0,4534.5,4503.4,31.1,0.69
208,Vishal Mega Mart Ltd.,VMM,Retailing,Retailing,49424.73,102.6,105.99,102.34,0.0,103.43,102.6,0.83,0.81
209,Sona BLW Precision Forgings Ltd.,SONACOMS,Automobile & Ancillaries,Auto Ancillary,49412.14,820.05,822.05,802.2,0.0,817.6,821.9,-4.3,-0.52
210,Welspun Corp Ltd.,WELCORP,Iron & Steel,Steel & Iron Products,49405.35,2175.0,2348.9,2133.0,0.0,2311.9,2005.2,306.7,15.3
211,Mphasis Ltd.,MPHASIS,Information Technology,IT - Software,49036.24,2432.0,2436.7,2386.4,0.0,2430.0,2430.0,0.0,0.0
212,Gland Pharma Ltd.,GLAND,Healthcare,Pharmaceuticals & Drugs,48975.3,2844.8,2877.9,2792.0,0.0,2819.3,2820.0,-0.7,-0.02
213,Tata Communications Ltd.,TATACOMM,Telecom,Telecommunication - Service  Provider,48967.3,1677.1,1683.6,1650.0,0.0,1655.4,1677.5,-22.1,-1.32
214,Thermax Ltd.,THERMAX,Capital Goods,Engineering - Industrial Equipments,48270.22,4045.0,4063.4,3955.1,0.0,3967.8,4034.0,-66.2,-1.64
215,Authum Investment & Infrastructure Ltd.,AIIL,Finance,Finance - Investment,47989.73,532.2,565.4,532.2,0.0,552.25,532.3,19.95,3.75
216,UPL Ltd.,UPL,Chemicals,Pesticides & Agrochemicals,47678.68,571.0,573.7,566.0,0.0,569.0,571.9,-2.9,-0.51
217,360 One Wam Ltd.,360ONE,Finance,Finance - Stock Broking,47443.28,1208.0,1214.0,1190.1,0.0,1199.0,1203.0,-4.0,-0.33
218,Rail Vikas Nigam Ltd.,RVNL,Infrastructure,Engineering - Construction,47225.71,227.9,231.38,225.3,0.0,225.3,227.9,-2.6,-1.14
219,Piramal Finance Ltd.,PIRAMALFIN,Finance,Finance - Housing,46602.67,2143.7,2218.0,2143.5,0.0,2180.8,2128.1,52.7,2.48
220,Premier Energies Ltd.,PREMIERENE,Trading,Trading,46126.01,1050.0,1072.4,1045.7,0.0,1053.0,1040.0,13.0,1.25
221,Ajanta Pharma Ltd.,AJANTPHARM,Healthcare,Pharmaceuticals & Drugs,45924.32,3695.0,3717.5,3625.0,0.0,3639.8,3658.6,-18.8,-0.51
222,Balkrishna Industries Ltd.,BALKRISIND,Automobile & Ancillaries,Tyres & Allied,45739.81,2379.0,2379.1,2342.0,0.0,2350.8,2378.0,-27.2,-1.14
223,Glaxosmithkline Pharmaceuticals Ltd.,GLAXO,Healthcare,Pharmaceuticals & Drugs,45554.98,2985.0,2989.4,2880.0,0.0,2902.2,2999.7,-97.5,-3.25
224,Supreme Industries Ltd.,SUPREMEIND,Plastic Products,Plastic Products,45107.24,3658.7,3674.8,3606.0,0.0,3642.0,3650.0,-8.0,-0.22
225,Aegis Logistics Ltd.,AEGISLOG,Trading,Trading,44396.23,1336.5,1449.0,1330.0,0.0,1417.9,1336.2,81.7,6.11
226,Ipca Laboratories Ltd.,IPCALAB,Healthcare,Pharmaceuticals & Drugs,43983.43,1900.1,1922.0,1889.1,0.0,1911.2,1900.1,11.1,0.58
227,Voltas Ltd.,VOLTAS,Consumer Durables,Air Conditioners,43842.23,1223.6,1236.3,1220.0,0.0,1235.0,1219.5,15.5,1.27
228,Poonawalla Fincorp Ltd.,POONAWALLA,Finance,Finance - NBFC,43836.3,495.0,499.55,488.75,0.0,490.05,494.05,-4.0,-0.81
229,Petronet LNG Ltd.,PETRONET,Industrials Gases & Fuels,Industrial  Gases & Fuels,42352.5,289.95,293.5,289.75,0.0,293.0,291.4,1.6,0.55
230,Navin Fluorine International Ltd.,NAVINFLUOR,Chemicals,Chemicals,42237.36,8301.5,8425.0,8140.5,0.0,8206.5,8256.0,-49.5,-0.6
231,Godrej Industries Ltd.,GODREJIND,Chemicals,Chemicals,42118.17,1223.4,1234.3,1220.1,0.0,1230.0,1223.4,6.6,0.54
232,INDO-MIM Ltd.,INDOMIM,Capital Goods,Engineering - Industrial Equipments,41996.26,919.0,919.0,877.0,0.0,882.1,919.55,-37.45,-4.07
233,AIA Engineering Ltd.,AIAENG,Automobile & Ancillaries,Castings/Forgings,41912.04,4357.6,4425.5,4315.0,0.0,4348.9,4357.6,-8.7,-0.2
234,Astral Ltd.,ASTRAL,Plastic Products,Plastic Products,41775.1,1532.0,1546.0,1521.0,0.0,1528.5,1532.0,-3.5,-0.23
235,Aditya Infotech Ltd.,CPPLUS,Trading,Trading,41634.66,3490.0,3566.0,3410.0,0.0,3475.5,3468.6,6.9,0.2
236,Page Industries Ltd.,PAGEIND,Textile,Textile,41124.33,35600.0,35750.0,35210.0,0.0,35480.0,35505.0,-25.0,-0.07
237,JK Cement Ltd.,JKCEMENT,Construction Materials,Cement & Construction Materials,40985.4,5266.0,5293.0,5230.0,0.0,5250.0,5266.0,-16.0,-0.3
238,Endurance Technologies Ltd.,ENDURANCE,Automobile & Ancillaries,Auto Ancillary,40757.06,3001.7,3072.0,2971.0,0.0,3029.5,3001.7,27.8,0.93
239,Exide Industries Ltd.,EXIDEIND,Automobile & Ancillaries,Batteries,40426.0,464.05,466.5,456.4,0.0,459.6,464.1,-4.5,-0.97
240,Container Corporation Of India Ltd.,CONCOR,Logistics,Logistics,40137.27,523.0,523.0,512.15,0.0,515.05,519.0,-3.95,-0.76
241,Indian Railway Catering And Tourism Corporation Ltd.,IRCTC,Hospitality,Travel Services,39796.0,488.0,491.1,483.05,0.0,484.2,485.9,-1.7,-0.35
242,3M India Ltd.,3MINDIA,Diversified,Diversified,39746.72,33550.0,33885.0,33290.0,0.0,33640.0,33550.0,90.0,0.27
243,Cupid Ltd.,CUPID,Fast Moving Consumer Goods,Household & Personal Products,39492.68,281.99,288.0,281.9,0.0,284.58,282.43,2.15,0.76
244,Himadri Speciality Chemical Ltd.,HSCL,Chemicals,Carbon Black,39409.77,705.1,711.0,650.0,0.0,654.4,704.2,-49.8,-7.07
245,Cochin Shipyard Ltd.,COCHINSHIP,Ship Building,Ship Building,39330.58,1485.0,1496.6,1461.7,0.0,1480.5,1489.0,-8.5,-0.57
246,Patanjali Foods Ltd.,PATANJALI,Fast Moving Consumer Goods,Edible Oil,38410.23,352.3,352.45,345.4,0.0,348.0,352.3,-4.3,-1.22
247,Global Health Ltd.,MEDANTA,Healthcare,Hospital & Healthcare Services,38237.6,1408.2,1414.7,1401.0,0.0,1409.7,1408.2,1.5,0.11
248,NLC India Ltd.,NLCINDIA,Power,Power Generation/Distribution,38181.04,272.8,274.8,269.0,0.0,269.8,272.05,-2.25,-0.83
249,Housing & Urban Development Corporation Ltd.,HUDCO,Finance,Finance - Housing,38016.08,186.0,188.2,185.67,0.0,186.09,186.05,0.04,0.02
250,PI Industries Ltd.,PIIND,Chemicals,Pesticides & Agrochemicals,37929.53,2500.0,2511.0,2482.5,0.0,2496.8,2482.5,14.3,0.58
251,K.P.R. Mill Ltd.,KPRMILL,Textile,Textile,37912.3,1158.0,1167.5,1137.7,0.0,1151.6,1153.2,-1.6,-0.14
252,Narayana Hrudayalaya Ltd.,NH,Healthcare,Hospital & Healthcare Services,37459.34,1809.0,1825.0,1803.4,0.0,1815.8,1799.3,16.5,0.92
253,Gujarat Energy Ltd.,GUJENERGY,Gas Transmission,Gas Transmission/Marketing,37117.38,267.95,268.6,263.0,0.0,263.35,267.2,-3.85,-1.44
254,L&T Technology Services Ltd.,LTTS,Information Technology,IT - Software,36894.83,3579.1,3629.7,3574.3,0.0,3604.6,3579.1,25.5,0.71
255,Emcure Pharmaceuticals Ltd.,EMCURE,Healthcare,Pharmaceuticals & Drugs,36679.4,1881.0,1897.9,1846.1,0.0,1863.0,1881.4,-18.4,-0.98
256,United Breweries Ltd.,UBL,Alcohol,Breweries & Distilleries,36384.79,1339.0,1355.0,1325.4,0.0,1348.9,1338.5,10.4,0.78
257,Anand Rathi Wealth Ltd.,ANANDRATHI,Finance,Finance - Others,36103.18,2171.1,2198.0,2167.0,0.0,2188.0,2171.1,16.9,0.78
258,Tata Technologies Ltd.,TATATECH,Information Technology,IT - Software,35212.81,823.9,824.7,813.0,0.0,820.75,823.95,-3.2,-0.39
259,Hexaware Technologies Ltd.,HEXT,Information Technology,IT - Software,34815.69,545.0,549.85,530.2,0.0,532.45,544.2,-11.75,-2.16
260,Escorts Kubota Ltd.,ESCORTS,Automobile & Ancillaries,Automobiles-Tractors,34806.85,3108.0,3112.9,3052.0,0.0,3086.6,3092.1,-5.5,-0.18
261,Dalmia Bharat Ltd.,DALBHARAT,Construction Materials,Cement & Construction Materials,34555.28,1897.0,1912.5,1871.9,0.0,1880.0,1897.0,-17.0,-0.9
262,Star Health and Allied Insurance Company Ltd.,STARHEALTH,Finance,Insurance,34408.21,575.5,579.7,571.1,0.0,578.5,575.5,3.0,0.52
263,Delhivery Ltd.,DELHIVERY,Logistics,Logistics,34386.76,450.1,454.2,448.35,0.0,450.7,450.1,0.6,0.13
264,ITC Hotels Ltd.,ITCHOTELS,Hospitality,"Hotel, Resort & Restaurants",34358.69,166.12,166.35,164.0,0.0,164.98,166.12,-1.14,-0.69
265,HFCL Ltd.,HFCL,Telecom,Telecom-Infrastructure,34163.05,225.0,228.8,223.03,0.0,228.01,223.9,4.11,1.84
266,Physicswallah Ltd.,PWL,Other,Educational Institutions,33998.39,122.89,123.14,120.06,0.0,120.83,121.95,-1.12,-0.92
267,Krishna Institute of Medical Sciences Ltd,KIMS,Healthcare,Hospital & Healthcare Services,33982.72,794.6,794.6,775.0,0.0,782.5,790.0,-7.5,-0.95
268,Tata Investment Corporation Ltd.,TATAINVEST,Finance,Finance - NBFC,33757.18,648.0,651.4,645.45,0.0,647.95,649.35,-1.4,-0.22
269,Godfrey Phillips India Ltd.,GODFRYPHLP,Fast Moving Consumer Goods,Cigarettes/Tobacco,33490.84,2113.6,2120.8,2099.8,0.0,2117.0,2103.1,13.9,0.66
270,Sterlite Technologies Ltd.,STLTECH,Electricals,Cable,33273.18,,,,,,,,
271,Jubilant FoodWorks Ltd.,JUBLFOOD,Fast Moving Consumer Goods,Consumer Food,33137.43,512.15,512.15,500.5,0.0,506.75,507.3,-0.55,-0.11
272,Honeywell Automation India Ltd.,HONAUT,Consumer Durables,Consumer Durables - Electronics,32915.75,36715.0,37000.0,36440.0,0.0,36700.0,36715.0,-15.0,-0.04
273,CRISIL Ltd.,CRISIL,Ratings,Ratings,32758.59,4479.5,4534.3,4469.6,0.0,4514.5,4478.6,35.9,0.8
274,Manappuram Finance Ltd.,MANAPPURAM,Finance,Finance - NBFC,32735.86,354.5,358.5,351.35,0.0,357.5,349.25,8.25,2.36
275,Indian Renewable Energy Development Agency Ltd.,IREDA,Finance,Finance - NBFC,32727.54,115.04,115.75,114.71,0.0,115.0,114.9,0.1,0.09
276,Schneider Electric Infrastructure Ltd.,SCHNEIDER,Capital Goods,Electric Equipment,32719.0,1246.0,1262.9,1212.0,0.0,1217.3,1242.6,-25.3,-2.04
277,UCO Bank,UCOBANK,Banking,Bank - Public,32590.31,25.75,25.93,25.68,0.0,25.72,25.81,-0.09,-0.35
278,Dr. Lal Pathlabs Ltd.,LALPATHLAB,Healthcare,Hospital & Healthcare Services,32174.1,1894.0,1914.8,1880.0,0.0,1894.2,1889.4,4.8,0.25
279,Karur Vysya Bank Ltd.,KARURVYSYA,Banking,Bank - Private,32061.05,336.9,336.9,333.15,0.0,335.5,334.1,1.4,0.42
280,Inventurus Knowledge Solutions Ltd.,IKS,Information Technology,IT - Software,31542.01,1788.2,1806.8,1769.6,0.0,1786.2,1791.6,-5.4,-0.3
281,RR Kabel Ltd.,RRKABEL,Electricals,Cable,31493.1,2890.0,2931.4,2850.0,0.0,2919.3,2894.2,25.1,0.87
282,Wockhardt Ltd.,WOCKPHARMA,Healthcare,Pharmaceuticals & Drugs,31398.36,1831.1,1898.8,1830.0,0.0,1886.3,1830.6,55.7,3.04
283,Blue Star Ltd.,BLUESTARCO,Consumer Durables,Air Conditioners,30978.95,1525.2,1525.2,1504.1,0.0,1511.9,1510.0,1.9,0.13
284,Sai Life Sciences Ltd.,SAILIFE,Healthcare,Pharmaceuticals & Drugs,30793.97,1483.0,1485.0,1448.4,0.0,1457.4,1471.6,-14.2,-0.96
285,Nuvama Wealth Management Ltd.,NUVAMA,Finance,Finance - Stock Broking,30598.61,1720.0,1753.2,1702.1,0.0,1743.6,1727.9,15.7,0.91
286,Kirloskar Oil Engines Ltd.,KIRLOSENG,Capital Goods,Engineering - Industrial Equipments,30558.44,2168.0,2168.0,2076.1,0.0,2100.8,2150.1,-49.3,-2.29
287,Garden Reach Shipbuilders & Engineers Ltd.,GRSE,Ship Building,Ship Building,30001.74,2614.0,2659.9,2592.9,0.0,2601.5,2617.8,-16.3,-0.62
288,Cholamandalam Financial Holdings Ltd.,CHOLAHLDNG,Finance,Finance - Investment,29999.33,1580.0,1580.0,1551.1,0.0,1561.8,1574.2,-12.4,-0.79
289,PNB Housing Finance Ltd.,PNBHOUSING,Finance,Finance - Housing,29970.45,1178.5,1189.0,1166.0,0.0,1170.3,1175.5,-5.2,-0.44
290,ZF Commercial Vehicle Control Systems India Ltd.,ZFCVINDIA,Automobile & Ancillaries,Auto Ancillary,29942.8,2646.0,2674.0,2595.9,0.0,2662.0,2621.5,40.5,1.54
291,Neuland Laboratories Ltd.,NEULANDLAB,Healthcare,Pharmaceuticals & Drugs,29908.4,23669.0,23669.0,23180.0,0.0,23301.0,23568.0,-267.0,-1.13
292,Mangalore Refinery And Petrochemicals Ltd.,MRPL,Crude Oil,Refineries,29890.57,174.5,177.18,173.75,0.0,176.81,173.98,2.83,1.63
293,Aegis Vopak Terminals Ltd.,AEGISVOPAK,Miscellaneous,Miscellaneous,29832.67,268.7,277.85,266.75,0.0,276.3,266.6,9.7,3.64
294,The New India Assurance Company Ltd.,NIACL,Finance,Insurance,29507.44,183.0,186.3,182.11,0.0,184.13,183.08,1.05,0.57
295,Aditya Birla Sun Life AMC Ltd.,ABSLAMC,Finance,Finance - Asset Management,29256.14,995.4,1016.5,992.7,0.0,1008.4,995.4,13.0,1.31
296,PTC Industries Ltd.,PTCIL,Automobile & Ancillaries,Castings/Forgings,28559.91,19670.0,20789.0,19501.0,0.0,20629.0,19623.0,1006.0,5.13
297,Netweb Technologies India Ltd.,NETWEB,Consumer Durables,IT - Hardware,28503.08,5400.0,5674.8,5360.0,0.0,5601.0,5419.8,181.2,3.34
298,Central Bank Of India,CENTRALBK,Banking,Bank - Public,28412.35,31.2,31.34,31.01,0.0,31.29,31.07,0.22,0.71
299,TVS Holdings Ltd.,TVSHLTD,Finance,Finance - Investment,28293.69,13970.0,14052.0,13875.0,0.0,13899.0,13968.0,-69.0,-0.49
300,Apollo Tyres Ltd.,APOLLOTYRE,Automobile & Ancillaries,Tyres & Allied,28198.48,428.75,442.9,427.75,0.0,439.7,429.3,10.4,2.42
301,Sumitomo Chemical India Ltd.,SUMICHEM,Chemicals,Pesticides & Agrochemicals,28184.26,553.4,556.7,531.1,0.0,534.65,551.8,-17.15,-3.11
302,Syrma SGS Technology Ltd.,SYRMA,Electricals,Electronics - Components,28182.18,1445.0,1449.0,1421.1,0.0,1439.3,1443.7,-4.4,-0.3
303,Bandhan Bank Ltd.,BANDHANBNK,Banking,Bank - Private,28146.12,174.78,177.09,174.16,0.0,175.1,174.16,0.94,0.54
304,Central Depository Services (India) Ltd.,CDSL,Finance,Depository Services,28097.96,1345.9,1401.8,1345.9,0.0,1388.9,1345.9,43.0,3.19
305,Shyam Metalics And Energy Ltd.,SHYAMMETL,Iron & Steel,Steel & Iron Products,27897.83,995.7,996.8,983.1,0.0,984.9,996.8,-11.9,-1.19
306,LIC Housing Finance Ltd.,LICHSGFIN,Finance,Finance - Housing,27508.65,500.0,500.8,491.0,0.0,497.0,508.05,-11.05,-2.17
307,Piramal Pharma Ltd.,PPLPHARMA,Healthcare,Pharmaceuticals & Drugs,27452.4,217.31,220.36,212.92,0.0,213.67,216.66,-2.99,-1.38
308,Procter & Gamble Hygiene and Health Care Ltd.,PGHH,Fast Moving Consumer Goods,Household & Personal Products,27368.46,8249.0,8267.0,8177.5,0.0,8189.0,8248.0,-59.0,-0.72
309,IIFL Finance Ltd.,IIFL,Finance,Finance - NBFC,26873.45,645.35,687.1,645.1,0.0,679.8,636.7,43.1,6.77
310,Craftsman Automation Ltd.,CRAFTSMAN,Automobile & Ancillaries,Auto Ancillary,26803.46,10740.0,10748.0,10510.0,0.0,10644.5,10690.5,-46.0,-0.43
311,Rubicon Research Ltd.,RUBICON,Miscellaneous,Miscellaneous,26782.24,1774.7,1776.0,1701.0,0.0,1724.7,1760.6,-35.9,-2.04
312,Motherson Sumi Wiring India Ltd.,MSUMI,Automobile & Ancillaries,Auto Ancillary,26758.76,39.18,39.27,38.15,0.0,38.36,39.18,-0.82,-2.09
313,ITI Ltd.,ITI,Telecom,Telecommunication - Equipment,26582.94,279.4,281.25,278.0,0.0,279.25,279.5,-0.25,-0.09
314,Acutaas Chemicals Ltd.,ACUTAAS,Healthcare,Pharmaceuticals & Drugs,26472.62,3212.6,3259.0,3160.0,0.0,3169.0,3210.5,-41.5,-1.29
315,Acme Solar Holdings Ltd.,ACMESOLAR,Power,Power Generation/Distribution,26458.31,400.0,411.3,392.9,0.0,401.6,397.4,4.2,1.06
316,SJVN Ltd.,SJVN,Power,Power Generation/Distribution,26408.22,66.03,66.65,65.92,0.0,66.06,65.91,0.15,0.23
317,Angel One Ltd.,ANGELONE,Finance,Finance - Stock Broking,26222.83,289.5,292.35,287.15,0.0,287.8,289.5,-1.7,-0.59
318,Redington Ltd.,REDINGTON,Trading,Trading,26076.09,348.45,357.75,340.5,0.0,350.55,348.1,2.45,0.7
319,Gabriel India Ltd.,GABRIEL,Automobile & Ancillaries,Auto Ancillary,25897.74,1429.1,1435.0,1406.1,0.0,1420.6,1436.8,-16.2,-1.13
320,Metro Brands Ltd.,METROBRAND,Retailing,Footwear,25750.61,914.3,922.3,903.6,0.0,912.5,914.3,-1.8,-0.2
321,Sundram Fasteners Ltd.,SUNDRMFAST,Automobile & Ancillaries,Auto Ancillary,25578.93,1240.3,1240.3,1212.1,0.0,1228.0,1228.4,-0.4,-0.03
322,Amber Enterprises India Ltd.,AMBER,Consumer Durables,Air Conditioners,25470.38,7275.0,7385.0,7261.0,0.0,7350.0,7275.0,75.0,1.03
323,AWL Agri Business Ltd.,AWL,Fast Moving Consumer Goods,Edible Oil,24986.32,192.0,192.69,187.33,0.0,188.12,188.64,-0.52,-0.28
324,Data Patterns (India) Ltd.,DATAPATTNS,Capital Goods,Aerospace & Defense,24931.06,4730.1,5000.0,4730.1,0.0,4829.9,4700.2,129.7,2.76
325,CreditAccess Grameen Ltd.,CREDITACC,Finance,Finance - NBFC,24873.38,1534.0,1534.0,1478.1,0.0,1496.1,1534.5,-38.4,-2.5
326,ACC Ltd.,ACC,Construction Materials,Cement & Construction Materials,24802.0,1304.6,1322.7,1299.0,0.0,1307.4,1301.1,6.3,0.48
327,Gillette India Ltd.,GILLETTE,Fast Moving Consumer Goods,Household & Personal Products,24761.51,7515.0,7555.0,7490.0,0.0,7498.5,7512.0,-13.5,-0.18
328,Belrise Industries Ltd.,BELRISE,Automobile & Ancillaries,Auto Ancillary,24701.06,234.99,234.99,230.95,0.0,231.77,234.08,-2.31,-0.99
329,Timken India Ltd.,TIMKEN,Automobile & Ancillaries,Bearings,24616.46,3176.3,3176.5,3069.5,0.0,3134.1,3176.3,-42.2,-1.33
330,Kaynes Technology India Ltd.,KAYNES,Electricals,Electronics - Components,24534.68,3822.0,3913.3,3798.0,0.0,3890.0,3815.0,75.0,1.97
331,Sansera Engineering Ltd.,SANSERA,Automobile & Ancillaries,Auto Ancillary,24481.23,3897.0,3929.5,3860.0,0.0,3876.9,3900.2,-23.3,-0.6
332,Force Motors Ltd.,FORCEMOT,Automobile & Ancillaries,Automobiles-Trucks/Lcv,24205.39,17885.0,18011.0,17730.0,0.0,17770.0,17885.0,-115.0,-0.64
333,NBCC (India) Ltd.,NBCC,Other,Engineering Consultancy,24097.5,88.79,89.63,88.42,0.0,88.88,88.25,0.63,0.71
334,Go Digit General Insurance Ltd.,GODIGIT,Finance,Insurance,24080.17,256.7,263.7,255.8,0.0,262.9,256.7,6.2,2.42
335,Grindwell Norton Ltd.,GRINDWELL,Abrasives,Abrasives,23957.59,2055.0,2089.3,2050.6,0.0,2059.8,2059.3,0.5,0.02
336,Asahi India Glass Ltd.,ASAHIINDIA,Construction Materials,Glass,23935.11,954.0,968.0,936.45,0.0,965.75,951.55,14.2,1.49
337,KIOCL Ltd.,KIOCL,Mining,Mining & Minerals,23650.63,384.8,392.3,384.75,0.0,388.1,385.4,2.7,0.7
338,Affle 3i Ltd.,AFFLE,Information Technology,BPO/ITeS,23526.35,1729.5,1732.0,1705.0,0.0,1718.7,1729.5,-10.8,-0.62
339,Deepak Nitrite Ltd.,DEEPAKNTR,Chemicals,Chemicals,23503.25,1760.0,1760.0,1725.1,0.0,1747.1,1750.4,-3.3,-0.19
340,Tata Elxsi Ltd.,TATAELXSI,Information Technology,IT - Software,23480.7,3665.1,3734.0,3636.6,0.0,3708.0,3660.0,48.0,1.31
341,IRB Infrastructure Developers Ltd.,IRB,Infrastructure,Engineering - Construction,23262.23,18.96,19.03,18.91,0.0,18.95,18.95,0.0,0.0
342,TD Power Systems Ltd.,TDPOWERSYS,Capital Goods,Electric Equipment,23213.2,1511.0,1540.8,1490.0,0.0,1534.8,1507.5,27.3,1.81
343,Kalpataru Projects International Ltd.,KPIL,Infrastructure,Engineering - Construction,23090.16,1390.0,1412.0,1386.9,0.0,1404.5,1387.6,16.9,1.22
344,Anant Raj Ltd.,ANANTRAJ,Realty,Construction - Real Estate,22663.25,637.05,642.95,623.0,0.0,625.0,633.85,-8.85,-1.4
345,Pfizer Ltd.,PFIZER,Healthcare,Pharmaceuticals & Drugs,22321.46,4980.0,5030.0,4930.0,0.0,4978.2,4920.0,58.2,1.18
346,Cemindia Projects Ltd.,CEMPRO,Infrastructure,Engineering - Construction,22317.78,1284.7,1292.3,1263.4,0.0,1276.4,1273.9,2.5,0.2
347,Emmvee Photovoltaic Power Ltd.,EMMVEE,Capital Goods,Electric Equipment,22269.28,326.1,328.95,322.6,0.0,324.0,325.6,-1.6,-0.49
348,Urban Company Ltd.,URBANCO,Other,Professional Services,22261.38,151.94,160.0,151.0,0.0,158.6,145.49,13.11,9.01
349,CESC Ltd.,CESC,Power,Power Generation/Distribution,22256.33,156.49,156.61,154.7,0.0,155.09,156.61,-1.52,-0.97
350,Diamond Power Infrastructure Ltd.,DIACABS,Electricals,Cable,22056.86,,,,,,,,
351,Carborundum Universal Ltd.,CARBORUNIV,Abrasives,Abrasives,21943.36,1137.9,1207.0,1126.6,0.0,1169.8,1137.6,32.2,2.83
352,Hatsun Agro Product Ltd.,HATSUN,Fast Moving Consumer Goods,Consumer Food,21883.9,959.0,994.75,947.15,0.0,984.7,963.7,21.0,2.18
353,Aadhar Housing Finance Ltd.,AADHARHFC,Finance,Finance - Housing,21843.1,473.85,473.85,459.75,0.0,462.55,474.95,-12.4,-2.61
354,Capri Global Capital Ltd.,CGCL,Finance,Finance - Investment,21797.6,225.11,227.53,217.0,0.0,224.03,225.11,-1.08,-0.48
355,Tenneco Clean Air India Ltd.,TENNIND,Automobile & Ancillaries,Auto Ancillary,21748.22,571.1,578.9,563.2,0.0,576.15,568.6,7.55,1.33
356,MTAR Technologies Ltd.,MTARTECH,Capital Goods,Engineering,21713.2,,,,,,,,
357,Aether Industries Ltd.,AETHER,Chemicals,Chemicals,21617.38,1634.8,1641.3,1584.2,0.0,1626.6,1634.4,-7.8,-0.48
358,The Ramco Cements Ltd.,RAMCOCEM,Construction Materials,Cement & Construction Materials,21428.17,907.0,913.5,895.0,0.0,899.05,906.95,-7.9,-0.87
359,Granules India Ltd.,GRANULES,Healthcare,Pharmaceuticals & Drugs,21263.45,843.6,864.8,843.6,0.0,858.15,841.6,16.55,1.97
360,Indraprastha Gas Ltd.,IGL,Gas Transmission,Gas Transmission/Marketing,21245.02,150.55,151.31,147.66,0.0,147.87,150.55,-2.68,-1.78
361,Prime Focus Ltd.,PFOCUS,Other,Business Support,20929.55,282.65,305.0,282.25,0.0,296.95,282.6,14.35,5.08
362,IFCI Ltd.,IFCI,Finance,Finance Term Lending,20735.44,81.7,82.31,80.57,0.0,80.91,81.76,-0.85,-1.04
363,City Union Bank Ltd.,CUB,Banking,Bank - Private,20677.73,219.35,220.94,216.5,0.0,217.3,219.35,-2.05,-0.93
364,LMW Ltd.,LMW,Textile,Textile - Machinery,20164.8,19571.0,20030.0,19500.0,0.0,19849.0,19570.0,279.0,1.43
365,Atul Ltd.,ATUL,Chemicals,Chemicals,19824.31,6501.5,6559.5,6460.0,0.0,6509.5,6510.5,-1.0,-0.02
366,SPR Auto Technologies Ltd.,SHRIPISTON,Automobile & Ancillaries,Auto Ancillary,19783.0,4550.0,4645.8,4453.0,0.0,4600.1,4513.8,86.3,1.91
367,Sagility Ltd.,SAGILITY,Other,Business Support,19778.61,42.64,43.85,42.64,0.0,43.35,42.64,0.71,1.67
368,Happy Forgings Ltd.,HAPPYFORGE,Automobile & Ancillaries,Forgings,19724.21,2318.1,2318.1,2211.8,0.0,2211.8,2328.2,-116.4,-5.0
369,Chennai Petroleum Corporation Ltd.,CHENNPETRO,Crude Oil,Refineries,19691.3,1394.1,1408.0,1380.0,0.0,1393.5,1390.5,3.0,0.22
370,Kajaria Ceramics Ltd.,KAJARIACER,Construction Materials,Ceramics/Marble/Granite/Sanitaryware,19688.45,1200.0,1224.4,1200.0,0.0,1208.5,1220.7,-12.2,-1.0
371,Astrazeneca Pharma India Ltd.,ASTRAZEN,Healthcare,Pharmaceuticals & Drugs,19384.25,7500.0,7580.0,7371.5,0.0,7415.5,7507.0,-91.5,-1.22
372,Aarti Industries Ltd.,AARTIIND,Chemicals,Chemicals,19358.72,519.0,533.7,516.4,0.0,527.2,520.05,7.15,1.37
373,Brigade Enterprises Ltd.,BRIGADE,Realty,Construction - Real Estate,19317.81,625.75,642.5,619.15,0.0,639.3,625.75,13.55,2.17
374,Elgi Equipments Ltd.,ELGIEQUIP,Capital Goods,Compressors / Pumps,19301.34,632.55,641.0,622.05,0.0,634.35,632.45,1.9,0.3
375,Sun TV Network Ltd.,SUNTV,Media & Entertainment,TV Broadcasting & Software Production,19097.34,478.0,478.6,470.7,0.0,472.05,477.55,-5.5,-1.15
376,Finolex Cables Ltd.,FINCABLES,Electricals,Cable,19031.01,1293.0,1297.85,1255.15,0.0,1260.5,1291.2,-30.7,-2.38
377,Pine Labs Ltd.,PINELABS,Information Technology,Fintech,19021.35,161.0,162.39,156.22,0.0,156.91,159.73,-2.82,-1.77
378,Deepak Fertilisers And Petrochemicals Corporation Ltd.,DEEPAKFERT,Chemicals,Chemicals,18969.67,1464.2,1465.0,1437.0,0.0,1449.2,1464.2,-15.0,-1.02
379,Computer Age Management Services Ltd.,CAMS,Finance,Depository Services,18945.1,752.9,759.5,747.0,0.0,753.0,749.25,3.75,0.5
380,Firstsource Solutions Ltd.,FSL,Information Technology,BPO/ITeS,18933.13,272.2,276.45,270.0,0.0,276.05,272.25,3.8,1.4
381,Caplin Point Laboratories Ltd.,CAPLIPOINT,Healthcare,Pharmaceuticals & Drugs,18855.46,2542.0,2569.7,2524.9,0.0,2560.8,2529.7,31.1,1.23
382,Triveni Turbine Ltd.,TRITURBINE,Capital Goods,Engineering - Industrial Equipments,18828.92,581.2,585.9,573.2,0.0,574.85,580.05,-5.2,-0.9
383,Eris Lifesciences Ltd.,ERIS,Healthcare,Pharmaceuticals & Drugs,18827.93,1330.1,1336.8,1304.0,0.0,1328.2,1326.0,2.2,0.17
384,HBL Engineering Ltd.,HBLENGINE,Automobile & Ancillaries,Batteries,18811.84,712.95,722.0,700.0,0.0,702.55,712.9,-10.35,-1.45
385,Jyoti CNC Automation Ltd.,JYOTICNC,Capital Goods,Engineering - Industrial Equipments,18780.6,948.0,992.0,947.95,0.0,988.8,949.75,39.05,4.11
386,EIH Ltd.,EIHOTEL,Hospitality,"Hotel, Resort & Restaurants",18773.43,303.5,303.65,299.0,0.0,302.75,299.9,2.85,0.95
387,Sarda Energy & Minerals Ltd.,SARDAEN,Iron & Steel,Steel & Iron Products,18700.87,509.35,521.9,508.5,0.0,510.6,509.35,1.25,0.25
388,Gujarat Mineral Development Corporation Ltd.,GMDCLTD,Mining,Mining & Minerals,18474.21,562.05,586.55,562.05,0.0,570.0,561.95,8.05,1.43
389,Castrol India Ltd.,CASTROLIND,Automobile & Ancillaries,Lubricants,18457.02,188.57,189.11,187.2,0.0,187.77,188.57,-0.8,-0.42
390,The Great Eastern Shipping Company Ltd.,GESHIP,Logistics,Shipping,18327.02,1298.9,1329.8,1291.5,0.0,1311.3,1299.0,12.3,0.95
391,Bayer CropScience Ltd.,BAYERCROP,Chemicals,Pesticides & Agrochemicals,18193.23,4078.5,4101.9,4046.2,0.0,4071.5,4066.8,4.7,0.12
392,Poly Medicure Ltd.,POLYMED,Healthcare,Medical Equipment/Supplies/Accessories,18125.96,1771.0,1783.8,1710.0,0.0,1719.4,1769.6,-50.2,-2.84
393,Chalet Hotels Ltd.,CHALET,Hospitality,"Hotel, Resort & Restaurants",18092.2,852.6,867.2,846.05,0.0,861.95,852.9,9.05,1.06
394,Travel Food Services Ltd.,TRAVELFOOD,Hospitality,Restaurants,17993.34,1316.0,1323.7,1302.5,0.0,1307.2,1316.2,-9.0,-0.68
395,OLA Electric Mobility Ltd.,OLAELEC,Automobile & Ancillaries,Automobile Two & Three Wheelers,17921.2,37.82,38.15,37.51,0.0,37.73,37.82,-0.09,-0.24
396,Choice International Ltd.,CHOICEIN,Finance,Finance - Stock Broking,17909.0,809.95,815.8,806.95,0.0,808.6,809.7,-1.1,-0.14
397,eClerx Services Ltd.,ECLERX,Information Technology,BPO/ITeS,17834.37,1812.1,1831.7,1785.2,0.0,1815.7,1804.8,10.9,0.6
398,Onesource Specialty Pharma Ltd.,ONESOURCE,Healthcare,Pharmaceuticals & Drugs,17793.79,1539.5,1548.7,1525.9,0.0,1535.0,1534.5,0.5,0.03
399,Devyani International Ltd.,DEVYANI,Fast Moving Consumer Goods,Consumer Food,17766.66,147.1,149.0,143.5,0.0,144.4,147.79,-3.39,-2.29
400,Sammaan Capital Ltd.,SAMMAANCAP,Finance,Finance - Housing,17753.67,150.05,152.15,149.8,0.0,150.52,150.23,0.29,0.19
401,Chambal Fertilisers and Chemicals Ltd.,CHAMBLFERT,Chemicals,Fertilizers,17742.89,438.0,438.0,429.6,0.0,431.15,433.95,-2.8,-0.65
402,JSW Cement Ltd.,JSWCEMENT,Construction Materials,Cement & Construction Materials,17730.56,125.99,126.9,124.81,0.0,126.04,125.13,0.91,0.73
403,TBO Tek Ltd.,TBOTEK,Hospitality,Travel Services,17706.32,1714.0,1714.0,1684.1,0.0,1696.5,1702.6,-6.1,-0.36
404,BASF India Ltd.,BASF,Chemicals,Chemicals,17677.21,3861.2,3919.9,3855.0,0.0,3902.7,3856.2,46.5,1.21
405,Inox India Ltd.,INOXINDIA,Capital Goods,Engineering - Industrial Equipments,17635.35,1923.6,1958.8,1900.0,0.0,1930.2,1923.6,6.6,0.34
406,Emami Ltd.,EMAMILTD,Fast Moving Consumer Goods,Household & Personal Products,17588.77,407.4,407.9,401.2,0.0,402.6,407.4,-4.8,-1.18
407,Azad Engineering Ltd.,AZAD,Capital Goods,Engineering - Industrial Equipments,17550.73,2765.1,2851.5,2721.0,0.0,2837.8,2766.6,71.2,2.57
408,Amara Raja Energy & Mobility Ltd.,ARE&M,Automobile & Ancillaries,Batteries,17320.61,930.85,934.7,918.05,0.0,919.75,930.85,-11.1,-1.19
409,PG Electroplast Ltd.,PGEL,Consumer Durables,Consumer Durables - Domestic Appliances,17234.1,603.0,610.0,600.1,0.0,600.55,602.05,-1.5,-0.25
410,Minda Corporation Ltd.,MINDACORP,Automobile & Ancillaries,Auto Ancillary,17207.74,740.95,747.95,725.35,0.0,727.85,743.3,-15.45,-2.08
411,The Jammu & Kashmir Bank Ltd.,J&KBANK,Banking,Bank - Private,17145.41,148.19,149.5,147.25,0.0,149.01,148.19,0.82,0.55
412,Vardhman Textiles Ltd.,VTL,Textile,Textile,17105.13,599.35,608.0,589.35,0.0,602.9,600.5,2.4,0.4
413,Tata Chemicals Ltd.,TATACHEM,Chemicals,Chemicals,17078.86,635.0,637.2,624.0,0.0,626.75,634.5,-7.75,-1.22
414,Jindal Saw Ltd.,JINDALSAW,Iron & Steel,Steel & Iron Products,17039.7,272.0,298.4,271.2,0.0,291.65,269.75,21.9,8.12
415,Leela Palaces Hotels & Resorts Ltd.,THELEELA,Hospitality,"Hotel, Resort & Restaurants",17031.85,539.5,564.0,532.45,0.0,561.7,539.7,22.0,4.08
416,Alivus Life Sciences Ltd.,ALIVUS,Healthcare,Pharmaceuticals & Drugs,16995.25,1365.6,1384.7,1331.1,0.0,1350.9,1370.0,-19.1,-1.39
417,Central Mine Planning & Design Institute Ltd.,CMPDI,Other,Engineering Consultancy,16943.22,235.5,239.0,232.95,0.0,233.66,234.49,-0.83,-0.35
418,Cohance Lifesciences Ltd.,COHANCE,Healthcare,Pharmaceuticals & Drugs,16872.54,477.9,481.05,457.0,0.0,463.0,475.55,-12.55,-2.64
419,Thangamayil Jewellery Ltd.,THANGAMAYL,Diamond & Jewellery,Diamond  &  Jewellery,16872.1,5473.0,5575.0,5420.0,0.0,5487.5,5457.0,30.5,0.56
420,Century Plyboards (India) Ltd.,CENTURYPLY,Construction Materials,Wood & Wood Products,16809.61,774.95,778.85,760.2,0.0,762.4,772.75,-10.35,-1.34
421,KPIT Technologies Ltd.,KPITTECH,Information Technology,IT - Software,16805.02,592.9,594.85,586.05,0.0,589.3,592.9,-3.6,-0.61
422,Zen Technologies Ltd.,ZENTEC,Capital Goods,Aerospace & Defense,16780.04,1900.0,1960.6,1885.6,0.0,1926.3,1909.1,17.2,0.9
423,Allied Blenders And Distillers Ltd.,ABDL,Alcohol,Breweries & Distilleries,16779.81,590.8,599.9,584.3,0.0,595.0,595.45,-0.45,-0.08
424,Aequs Ltd.,AEQUS,Capital Goods,Aerospace & Defense,16743.17,261.4,265.0,257.5,0.0,259.22,260.09,-0.87,-0.33
425,Punjab & Sind Bank,PSB,Banking,Bank - Public,16738.49,23.4,23.65,23.32,0.0,23.46,23.38,0.08,0.34
426,Kansai Nerolac Paints Ltd.,KANSAINER,Chemicals,Paints,16551.66,202.51,207.19,200.1,0.0,205.85,201.51,4.34,2.15
427,Astra Microwave Products Ltd.,ASTRAMICRO,Capital Goods,Aerospace & Defense,16518.53,1680.0,1694.0,1658.3,0.0,1662.2,1684.2,-22.0,-1.31
428,Ratnamani Metals & Tubes Ltd.,RATNAMANI,Iron & Steel,Steel & Iron Products,16467.76,2289.6,2360.0,2278.6,0.0,2354.4,2289.6,64.8,2.83
429,Garware Hi-Tech Films Ltd.,GRWRHITECH,Plastic Products,Plastic Products,16456.2,7110.0,7171.5,7060.0,0.0,7123.5,7109.5,14.0,0.2
430,Honasa Consumer Ltd.,HONASA,Trading,Trading,16390.87,484.3,493.5,479.1,0.0,481.9,483.8,-1.9,-0.39
431,Alembic Pharmaceuticals Ltd.,APLLTD,Healthcare,Pharmaceuticals & Drugs,16338.33,815.0,826.8,815.0,0.0,821.75,814.1,7.65,0.94
432,KFin Technologies Ltd.,KFINTECH,Finance,Depository Services,16267.26,963.0,992.4,953.05,0.0,980.0,961.0,19.0,1.98
433,Five-Star Business Finance Ltd.,FIVESTAR,Finance,Finance - NBFC,16263.42,527.95,529.9,518.6,0.0,520.95,527.45,-6.5,-1.23
434,Nava Ltd.,NAVA,Ferro Manganese,Ferro & Silica Manganese,16258.84,556.8,566.0,553.0,0.0,558.95,556.75,2.2,0.4
435,National Securities Depository Ltd.,NSDL,Finance,Depository Services,16248.0,,,,,,,,
436,IDream Film Infrastructure Company Ltd.,IDREAM,Information Technology,IT - Software,16246.72,,,,,,,,
437,Zydus Wellness Ltd.,ZYDUSWELL,Fast Moving Consumer Goods,Consumer Food,16235.74,501.3,504.3,490.05,0.0,490.8,501.3,-10.5,-2.09
438,Syngene International Ltd.,SYNGENE,Healthcare,Pharmaceuticals & Drugs,16201.26,395.7,411.75,395.7,0.0,407.25,395.5,11.75,2.97
439,Natco Pharma Ltd.,NATCOPHARM,Healthcare,Pharmaceuticals & Drugs,16162.87,879.3,900.0,879.0,0.0,882.4,877.5,4.9,0.56
440,Shilpa Medicare Ltd.,SHILPAMED,Healthcare,Pharmaceuticals & Drugs,16074.87,825.0,825.0,810.3,0.0,814.95,820.95,-6.0,-0.73
441,Dr. Agarwal's Health Care Ltd.,AGARWALEYE,Healthcare,Hospital & Healthcare Services,16044.7,501.1,502.5,495.05,0.0,500.2,503.1,-2.9,-0.58
442,DCM Shriram Ltd.,DCMSHRIRAM,Diversified,Diversified,15949.78,1085.0,1099.9,1074.7,0.0,1082.1,1079.7,2.4,0.22
443,Godawari Power And Ispat Ltd.,GPIL,Iron & Steel,Steel & Iron Products,15858.18,248.0,251.89,244.2,0.0,245.09,247.88,-2.79,-1.13
444,Crompton Greaves Consumer Electricals Ltd.,CROMPTON,Consumer Durables,Consumer Durables - Domestic Appliances,15840.31,256.0,259.0,247.85,0.0,252.0,252.0,0.0,0.0
445,Fine Organic Industries Ltd.,FINEORG,Chemicals,Chemicals,15795.1,5070.0,5184.0,4985.5,0.0,5159.9,5066.2,93.7,1.85
446,Bharat Coking Coal Ltd.,BHARATCOAL,Industrials Gases & Fuels,Industrial  Gases & Fuels,15689.43,33.3,35.7,33.3,0.0,34.81,33.27,1.54,4.63
447,Aditya Birla Real Estate Ltd.,ABREL,Realty,Construction - Real Estate,15651.36,1459.9,1465.0,1386.5,0.0,1406.3,1445.5,-39.2,-2.71
448,BEML Ltd.,BEML,Capital Goods,Construction Vehicles,15596.7,1950.0,1969.7,1930.2,0.0,1935.4,1962.8,-27.4,-1.4
449,Arvind Ltd.,ARVIND,Textile,Textile,15553.92,540.95,540.95,528.15,0.0,536.95,539.0,-2.05,-0.38
450,Welspun Living Ltd.,WELSPUNLIV,Textile,Textile,15503.39,189.0,190.35,185.68,0.0,189.22,188.69,0.53,0.28
451,Shaily Engineering Plastics Ltd.,SHAILY,Plastic Products,Plastic Products,15489.82,3348.9,3385.1,3301.0,0.0,3321.0,3350.0,-29.0,-0.87
452,CIE Automotive India Ltd.,CIEINDIA,Automobile & Ancillaries,Auto Ancillary,15470.4,404.15,405.5,400.0,0.0,401.05,403.8,-2.75,-0.68
453,Bikaji Foods International Ltd.,BIKAJI,Fast Moving Consumer Goods,Consumer Food,15376.41,607.05,610.7,603.4,0.0,605.75,607.0,-1.25,-0.21
454,Paradeep Phosphates Ltd.,PARADEEP,Chemicals,Fertilizers,15349.35,148.45,150.8,147.71,0.0,148.48,148.64,-0.16,-0.11
455,Niva Bupa Health Insurance Company Ltd.,NIVABUPA,Finance,Insurance,15309.81,80.08,83.1,80.08,0.0,82.62,82.88,-0.26,-0.31
456,Maharashtra Scooters Ltd.,MAHSCOOTER,Finance,Finance - Investment,15247.31,13138.0,13258.0,13102.0,0.0,13131.0,13138.0,-7.0,-0.05
457,Vijaya Diagnostic Centre Ltd.,VIJAYA,Healthcare,Hospital & Healthcare Services,15190.62,1505.0,1510.0,1470.6,0.0,1504.4,1498.4,6.0,0.4
458,CCL Products (India) Ltd.,CCL,Agriculture,Tea/Coffee,15164.1,1114.0,1118.6,1075.1,0.0,1082.3,1112.4,-30.1,-2.71
459,Kirloskar Brothers Ltd.,KIRLOSBROS,Capital Goods,Compressors / Pumps,15157.18,1915.0,1934.2,1901.2,0.0,1906.2,1918.2,-12.0,-0.63
460,Concord Biotech Ltd.,CONCORDBIO,Healthcare,Pharmaceuticals & Drugs,15128.55,1578.0,1589.0,1550.0,0.0,1571.3,1576.7,-5.4,-0.34
461,Marksans Pharma Ltd.,MARKSANS,Healthcare,Pharmaceuticals & Drugs,15090.35,320.85,327.0,313.85,0.0,321.3,320.85,0.45,0.14
462,International Gemological Institute Ltd.,IGIL,Other,Business Support,14952.73,338.0,342.75,334.15,0.0,340.6,335.8,4.8,1.43
463,Ceat Ltd.,CEATLTD,Automobile & Ancillaries,Tyres & Allied,14919.01,3589.9,3599.7,3547.6,0.0,3563.4,3588.2,-24.8,-0.69
464,Usha Martin Ltd.,USHAMART,Iron & Steel,Steel & Iron Products,14872.93,495.65,499.6,477.8,0.0,481.3,495.65,-14.35,-2.9
465,Rainbow Children's Medicare Ltd.,RAINBOW,Healthcare,Hospital & Healthcare Services,14871.39,1458.0,1469.9,1424.6,0.0,1433.2,1453.5,-20.3,-1.4
466,Shadowfax Technologies Ltd.,SHADOWFAX,Logistics,Logistics,14769.61,258.0,259.79,244.6,0.0,255.39,258.0,-2.61,-1.01
467,JBM Auto Ltd.,JBMA,Automobile & Ancillaries,Auto Ancillary,14738.32,644.35,685.0,644.35,0.0,673.95,623.35,50.6,8.12
468,Clean Max Enviro Energy Solutions Ltd.,CLEANMAX,Power,Power Generation/Distribution,14673.91,1220.6,1275.0,1209.1,0.0,1266.9,1220.1,46.8,3.84
469,Apollo Micro Systems Ltd.,APOLLO,Capital Goods,Aerospace & Defense,14587.14,387.3,394.5,380.3,0.0,384.55,386.75,-2.2,-0.57
470,LT Foods Ltd.,LTFOODS,Fast Moving Consumer Goods,Consumer Food,14570.73,433.0,436.35,426.15,0.0,427.6,431.0,-3.4,-0.79
471,Ingersoll-Rand (India) Ltd.,INGERRAND,Capital Goods,Compressors / Pumps,14544.48,4700.0,4700.0,4615.6,0.0,4660.6,4705.6,-45.0,-0.96
472,Vedanta Oil and Gas Ltd.,VOGL,Non - Ferrous Metals,Metal - Non Ferrous,14527.09,36.69,38.99,36.51,0.0,38.39,36.69,1.7,4.63
473,JSW Dulux Ltd.,JSWDULUX,Chemicals,Paints,14430.36,3107.4,3141.8,3072.9,0.0,3118.8,3086.1,32.7,1.06
474,Vedanta Iron And Steel Ltd.,VISL,Iron & Steel,Steel & Iron Products,14421.51,36.21,37.8,36.21,0.0,36.74,36.2,0.54,1.49
475,Fractal Analytics Ltd.,FRACTAL,Information Technology,IT - Software,14341.89,854.95,861.9,838.0,0.0,846.7,855.25,-8.55,-1.0
476,Juniper Green Energy Ltd.,JNPR,Power,Power Generation/Distribution,14310.31,274.0,281.89,264.1,0.0,265.8,273.76,-7.96,-2.91
477,Vedanta Power Ltd.,VEDPOWER,Power,Power Generation/Distribution,14280.74,36.1,36.72,35.85,0.0,36.3,36.04,0.26,0.72
478,V-Guard Industries Ltd.,VGUARD,Capital Goods,Electric Equipment,14276.2,337.05,343.1,331.0,0.0,332.0,336.85,-4.85,-1.44
479,Sobha Ltd.,SOBHA,Realty,Construction - Real Estate,14210.96,1314.3,1314.3,1288.0,0.0,1294.6,1303.6,-9.0,-0.69
480,Black Box Ltd.,BBOX,Telecom,Telecommunication - Equipment,14151.99,756.0,805.9,756.0,0.0,775.65,751.55,24.1,3.21
481,Ujjivan Small Finance Bank Ltd.,UJJIVANSFB,Banking,Bank - Private,14113.28,71.86,72.67,71.81,0.0,72.07,71.93,0.14,0.19
482,Canara HSBC Life Insurance Company Ltd.,CANHLIFE,Finance,Insurance,14112.25,151.25,155.7,150.28,0.0,155.24,151.69,3.55,2.34
483,Graphite India Ltd.,GRAPHITE,Capital Goods,Electrodes & Welding Equipment,14100.26,715.0,728.85,706.1,0.0,710.75,717.05,-6.3,-0.88
484,Tilaknagar Industries Ltd.,TI,Alcohol,Breweries & Distilleries,14070.13,581.8,584.0,572.7,0.0,575.65,582.45,-6.8,-1.17
485,Gallantt Ispat Ltd.,GALLANTT,Iron & Steel,Steel & Iron Products,14005.15,584.2,599.0,582.0,0.0,584.4,582.4,2.0,0.34
486,Sedemac Mechatronics Ltd.,SEDEMAC,Telecom,Telecommunication - Equipment,13972.68,3283.9,3368.9,3232.5,0.0,3253.1,3261.4,-8.3,-0.25
487,KSB Ltd.,KSB,Capital Goods,Compressors / Pumps,13941.41,806.5,808.9,790.0,0.0,801.85,802.5,-0.65,-0.08
488,Lloyds Engineering Works Ltd.,LLOYDSENGG,Capital Goods,Engineering - Industrial Equipments,13848.17,92.29,92.99,89.5,0.0,90.05,92.25,-2.2,-2.38
489,Vinati Organics Ltd.,VINATIORGA,Chemicals,Chemicals,13837.29,1335.1,1340.0,1308.0,0.0,1329.4,1330.5,-1.1,-0.08
490,Lumax Auto Technologies Ltd.,LUMAXTECH,Automobile & Ancillaries,Auto Ancillary,13800.57,2053.8,2065.6,1980.1,0.0,1988.8,2043.7,-54.9,-2.69
491,E.I.D. - Parry (India) Ltd.,EIDPARRY,Agriculture,Sugar,13794.24,810.0,810.0,786.75,0.0,797.3,810.25,-12.95,-1.6
492,Jubilant Pharmova Ltd.,JUBLPHARMA,Healthcare,Pharmaceuticals & Drugs,13769.06,868.0,891.0,867.2,0.0,880.35,871.05,9.3,1.07
493,Anupam Rasayan India Ltd.,ANURAS,Chemicals,Chemicals,13763.88,1240.0,1251.0,1233.5,0.0,1243.7,1239.4,4.3,0.35
494,Engineers India Ltd.,ENGINERSIN,Infrastructure,Engineering - Construction,13699.78,236.2,246.49,236.2,0.0,244.91,237.21,7.7,3.25
495,Nazara Technologies Ltd.,NAZARA,Information Technology,IT - Software,13685.56,358.95,359.0,353.0,0.0,354.35,357.5,-3.15,-0.88
496,Supreme Petrochem Ltd.,SPLPETRO,Crude Oil,Petrochemicals,13660.26,700.7,704.25,694.1,0.0,697.8,700.7,-2.9,-0.41
497,E2E Networks Ltd.,E2E,Information Technology,IT - Software,13646.43,,,,,,,,
498,Shipping Corporation Of India Ltd.,SCI,Logistics,Shipping,13610.65,292.45,294.7,290.0,0.0,290.55,291.15,-0.6,-0.21
499,Privi Speciality Chemicals Ltd.,PRIVISCL,Chemicals,Chemicals,13607.69,3455.0,3497.5,3442.1,0.0,3479.7,3450.3,29.4,0.85
500,HEG Ltd.,HEG,Capital Goods,Electrodes & Welding Equipment,13521.94,712.0,722.0,705.0,0.0,710.75,711.95,-1.2,-0.17
501,Ventive Hospitality Ltd.,VENTIVE,Hospitality,"Hotel, Resort & Restaurants",13519.72,570.0,577.6,556.6,0.0,564.15,574.5,-10.35,-1.8
502,CarTrade Tech Ltd.,CARTRADE,Information Technology,e-Commerce,13517.16,2893.0,3165.0,2890.0,0.0,3072.9,2895.2,177.7,6.14
503,Prudent Corporate Advisory Services Ltd.,PRUDENT,Finance,Finance - Others,13479.32,3389.2,3389.2,3320.0,0.0,3353.5,3363.5,-10.0,-0.3
504,DOMS Industries Ltd.,DOMS,Fast Moving Consumer Goods,Printing & Stationery,13444.59,2210.4,2227.4,2192.3,0.0,2206.3,2209.9,-3.6,-0.16
505,Tamilnad Mercantile Bank Ltd.,TMB,Banking,Bank - Private,13435.33,875.0,894.9,868.5,0.0,878.55,869.7,8.85,1.02
506,Amagi Media Labs Ltd.,AMAGI,Information Technology,IT - Software,13383.0,606.0,627.6,586.15,0.0,599.85,576.45,23.4,4.06
507,Indegene Ltd.,INDGN,Other,Business Support,13364.0,565.55,570.55,557.25,0.0,567.8,566.7,1.1,0.19
508,Ramkrishna Forgings Ltd.,RKFORGE,Automobile & Ancillaries,Forgings,13341.22,745.6,748.7,734.1,0.0,737.05,745.4,-8.35,-1.12
509,SKF India (Industrial) Ltd.,SKFINDUS,Automobile & Ancillaries,Bearings,13281.01,2760.0,2777.2,2725.6,0.0,2758.3,2753.7,4.6,0.17
510,Gravita India Ltd.,GRAVITA,Non - Ferrous Metals,Metal - Non Ferrous,13238.28,1792.8,1842.4,1789.1,0.0,1821.7,1792.8,28.9,1.61
511,Balrampur Chini Mills Ltd.,BALRAMCHIN,Agriculture,Sugar,13214.58,747.35,765.0,714.0,0.0,729.35,767.1,-37.75,-4.92
512,JSW Holdings Ltd.,JSWHL,Finance,Finance - Investment,13142.62,11537.0,11537.0,11201.0,0.0,11289.0,11465.0,-176.0,-1.54
513,CORONA Remedies Ltd.,CORONA,Healthcare,Pharmaceuticals & Drugs,13113.03,2166.0,2179.9,2121.1,0.0,2142.6,2165.8,-23.2,-1.07
514,NMDC Steel Ltd.,NSLNISP,Iron & Steel,Steel & Iron Products,13038.27,39.6,40.28,39.45,0.0,39.79,39.52,0.27,0.68
515,Fujiyama Power Systems Ltd.,UTLSOLAR,Electricals,Electronics - Components,13008.03,483.0,488.95,468.1,0.0,477.4,477.5,-0.1,-0.02
516,Avalon Technologies Ltd.,AVALON,Electricals,Electronics - Components,12984.2,2235.1,2235.1,2154.0,0.0,2183.8,2245.5,-61.7,-2.75
517,Varroc Engineering Ltd.,VARROC,Automobile & Ancillaries,Auto Ancillary,12963.93,820.0,825.35,810.15,0.0,814.95,824.25,-9.3,-1.13
518,Action Construction Equipment Ltd.,ACE,Capital Goods,Construction Vehicles,12930.05,1155.0,1189.0,1145.1,0.0,1182.2,1164.4,17.8,1.53
519,Bluestone Jewellery And Lifestyle Ltd.,BLUESTONE,Diamond & Jewellery,Diamond  &  Jewellery,12918.02,825.6,850.0,816.0,0.0,846.4,821.5,24.9,3.03
520,Atlanta Electricals Ltd.,ATLANTAELE,Capital Goods,Electric Equipment,12902.1,1712.9,1857.4,1700.0,0.0,1846.9,1688.6,158.3,9.37
521,Swan Defence and Heavy Industries Ltd.,SWANDEF,Ship Building,Ship Building,12846.28,,,,,,,,
522,Vedant Fashions Ltd.,MANYAVAR,Textile,Textile,12821.96,547.0,554.0,537.1,0.0,544.15,547.35,-3.2,-0.58
523,Tega Industries Ltd.,TEGA,Capital Goods,Engineering - Industrial Equipments,12804.39,1776.5,1789.7,1736.7,0.0,1743.2,1776.5,-33.3,-1.87
524,Inox Wind Ltd.,INOXWIND,Capital Goods,Electric Equipment,12737.11,74.24,74.82,73.45,0.0,73.6,73.9,-0.3,-0.41
525,ASK Automotive Ltd.,ASKAUTOLTD,Automobile & Ancillaries,Auto Ancillary,12711.75,645.0,649.95,617.5,0.0,621.15,643.85,-22.7,-3.53
526,Aptus Value Housing Finance India Ltd.,APTUS,Finance,Finance - Housing,12540.48,254.0,258.8,253.6,0.0,257.75,253.3,4.45,1.76
527,Sigma Advanced Systems Ltd.,SIGMAADV,Capital Goods,Aerospace & Defense,12531.51,664.95,697.65,657.5,0.0,688.2,664.45,23.75,3.57
528,Sudeep Pharma Ltd.,SUDEEPPHRM,Healthcare,Pharmaceuticals & Drugs,12509.06,1117.8,1163.15,1102.5,0.0,1111.8,1107.8,4.0,0.36
529,Trident Ltd.,TRIDENT,Textile,Textile - Spinning,12398.46,24.6,24.7,24.36,0.0,24.39,24.63,-0.24,-0.97
530,Home First Finance Company India Ltd.,HOMEFIRST,Finance,Finance - Housing,12286.9,1187.7,1227.9,1178.1,0.0,1193.7,1187.4,6.3,0.53
531,Blue Dart Express Ltd.,BLUEDART,Logistics,Courier  Services,12208.62,5077.0,5100.0,5061.0,0.0,5083.0,5077.0,6.0,0.12
532,PCBL Chemical Ltd.,PCBL,Chemicals,Carbon Black,12193.41,320.8,322.95,316.65,0.0,317.55,319.85,-2.3,-0.72
533,Park Medi World Ltd.,PARKHOSPS,Healthcare,Hospital & Healthcare Services,12148.06,273.8,275.5,269.25,0.0,274.55,272.6,1.95,0.72
534,JM Financial Ltd.,JMFINANCIL,Finance,Finance - Investment,12100.76,129.3,131.19,128.0,0.0,128.24,129.16,-0.92,-0.71
535,The South Indian Bank Ltd.,SOUTHBANK,Banking,Bank - Private,11986.06,45.35,45.4,44.91,0.0,44.97,45.16,-0.19,-0.42
536,Sky Gold and Diamonds Ltd.,SKYGOLD,Diamond & Jewellery,Diamond  &  Jewellery,11972.53,780.8,809.95,778.55,0.0,803.5,778.55,24.95,3.2
537,Jaiprakash Power Ventures Ltd.,JPPOWER,Power,Power Generation/Distribution,11911.31,17.1,17.39,17.06,0.0,17.1,17.1,0.0,0.0
538,VA Tech Wabag Ltd.,WABAG,Other,Environmental Services,11882.41,2070.0,2070.0,1986.1,0.0,2003.3,2057.9,-54.6,-2.65
539,Nuvoco Vistas Corporation Ltd.,NUVOCO,Construction Materials,Cement & Construction Materials,11834.37,320.2,324.9,319.3,0.0,322.05,321.7,0.35,0.11
540,RRP Semiconductor Ltd.,RRP,Trading,Trading,11758.19,,,,,,,,
541,Jubilant Ingrevia Ltd.,JUBLINGREA,Chemicals,Chemicals,11754.95,724.6,724.6,705.4,0.0,718.35,720.4,-2.05,-0.28
542,Ircon International Ltd.,IRCON,Infrastructure,Engineering - Construction,11742.34,126.25,127.05,124.39,0.0,124.72,126.54,-1.82,-1.44
543,Avanti Feeds Ltd.,AVANTIFEED,Fast Moving Consumer Goods,Animal Feed,11725.3,856.8,867.4,844.3,0.0,847.5,857.15,-9.65,-1.13
544,KEC International Ltd.,KEC,Infrastructure,Engineering - Construction,11710.14,425.1,437.5,423.55,0.0,435.95,424.1,11.85,2.79
545,The Karnataka Bank Ltd.,KTKBANK,Banking,Bank - Private,11710.06,335.05,338.25,326.7,0.0,328.3,335.05,-6.75,-2.01
546,Lloyds Enterprises Ltd.,LLOYDSENT,Trading,Trading,11685.76,78.5,79.44,77.17,0.0,77.59,78.55,-0.96,-1.22
547,UTI Asset Management Company Ltd.,UTIAMC,Finance,Finance - Asset Management,11671.33,896.0,900.0,892.2,0.0,893.05,896.5,-3.45,-0.38
548,The India Cements Ltd.,INDIACEM,Construction Materials,Cement & Construction Materials,11627.34,370.65,372.85,369.9,0.0,370.9,370.65,0.25,0.07
549,Edelweiss Financial Services Ltd.,EDELWEISS,Finance,Finance - NBFC,11547.69,127.0,132.4,126.5,0.0,128.68,126.62,2.06,1.63
550,PVR Inox Ltd.,PVRINOX,Media & Entertainment,"Film Production, Distribution & Entertainment",11523.27,1219.6,1238.7,1207.3,0.0,1216.8,1219.5,-2.7,-0.22
551,BLS International Services Ltd.,BLS,Hospitality,Travel Services,11450.51,275.0,275.92,270.0,0.0,271.29,273.92,-2.63,-0.96
552,Akums Drugs & Pharmaceuticals Ltd.,AKUMS,Healthcare,Pharmaceuticals & Drugs,11446.48,755.0,763.9,747.7,0.0,750.0,752.9,-2.9,-0.39
553,Pearl Global Industries Ltd.,PGIL,Textile,Textile,11442.09,2410.0,2431.6,2355.4,0.0,2386.1,2377.6,8.5,0.36
554,Signatureglobal (India) Ltd.,SIGNATURE,Realty,Construction - Real Estate,11407.53,798.0,809.4,792.3,0.0,795.3,801.0,-5.7,-0.71
555,Metropolis Healthcare Ltd.,METROPOLIS,Healthcare,Hospital & Healthcare Services,11311.95,544.85,560.95,539.05,0.0,556.95,540.8,16.15,2.99
556,Techno Electric & Engineering Company Ltd.,TECHNOE,Infrastructure,Engineering - Construction,11270.01,990.0,1003.2,986.4,0.0,987.45,985.45,2.0,0.2
557,Mahanagar Gas Ltd.,MGL,Gas Transmission,Gas Transmission/Marketing,11260.67,1137.8,1145.4,1110.6,0.0,1114.2,1137.8,-23.6,-2.07
558,Viyash Scientific Ltd.,VIYASH,Healthcare,Pharmaceuticals & Drugs,11244.04,266.0,278.8,265.85,0.0,275.95,265.85,10.1,3.8
559,Titagarh Rail Systems Ltd.,TITAGARH,Automobile & Ancillaries,Railways Wagons/Coaches,11210.92,853.1,864.5,840.0,0.0,843.55,849.3,-5.75,-0.68
560,Zensar Technologies Ltd.,ZENSARTECH,Information Technology,IT - Software,11171.81,486.6,487.4,480.5,0.0,483.55,484.95,-1.4,-0.29
561,RateGain Travel Technologies Ltd.,RATEGAIN,Information Technology,IT - Software,11158.62,943.0,1003.0,932.4,0.0,990.05,943.75,46.3,4.91
562,Godrej Agrovet Ltd.,GODREJAGRO,Fast Moving Consumer Goods,Animal Feed,11138.6,581.1,585.7,573.0,0.0,574.55,581.65,-7.1,-1.22
563,Paras Defence And Space Technologies Ltd.,PARAS,Capital Goods,Aerospace & Defense,11105.74,1505.4,1585.0,1482.2,0.0,1499.6,1502.0,-2.4,-0.16
564,Indian Energy Exchange Ltd.,IEX,Power,Power Generation/Distribution,11079.28,123.35,124.41,123.34,0.0,123.7,123.35,0.35,0.28
565,JK Tyre & Industries Ltd.,JKTYRE,Automobile & Ancillaries,Tyres & Allied,11077.52,374.0,378.0,371.7,0.0,374.7,373.4,1.3,0.35
566,Aavas Financiers Ltd.,AAVAS,Finance,Finance - Housing,11067.7,1364.8,1374.6,1351.0,0.0,1355.3,1364.9,-9.6,-0.7
567,Blue Jet Healthcare Ltd.,BLUEJET,Healthcare,Pharmaceuticals & Drugs,11055.59,595.4,601.45,591.0,0.0,596.15,595.3,0.85,0.14
568,Manorama Industries Ltd.,MANORAMA,Fast Moving Consumer Goods,Consumer Food,10976.98,1968.2,1988.7,1920.2,0.0,1927.3,1958.7,-31.4,-1.6
569,Jupiter Wagons Ltd.,JWL,Automobile & Ancillaries,Railways Wagons/Coaches,10959.91,248.8,250.75,246.5,0.0,247.0,248.1,-1.1,-0.44
570,Can Fin Homes Ltd.,CANFINHOME,Finance,Finance - Housing,10910.69,852.0,852.35,823.0,0.0,830.45,842.9,-12.45,-1.48
571,Aditya Birla Lifestyle Brands Ltd.,ABLBL,Retailing,Retailing,10838.23,86.5,87.1,86.0,0.0,86.12,86.5,-0.38,-0.44
572,Olectra Greentech Ltd.,OLECTRA,Automobile & Ancillaries,Automobiles-Trucks/Lcv,10817.83,1297.9,1353.0,1297.6,0.0,1318.4,1291.2,27.2,2.11
573,Indiamart Intermesh Ltd.,INDIAMART,Information Technology,e-Commerce,10760.81,1762.0,1767.1,1740.0,0.0,1742.2,1749.2,-7.0,-0.4
574,Brainbees Solutions Ltd.,FIRSTCRY,Information Technology,e-Commerce,10760.24,198.0,201.7,195.9,0.0,196.33,196.67,-0.34,-0.17
575,Healthcare Global Enterprises Ltd.,HCG,Healthcare,Hospital & Healthcare Services,10658.68,732.0,734.8,718.35,0.0,725.95,730.45,-4.5,-0.62
576,Rites Ltd.,RITES,Other,Engineering Consultancy,10630.96,218.0,220.22,217.05,0.0,218.08,218.44,-0.36,-0.16
577,Shreeji Shipping Global Ltd.,SHREEJISPG,Logistics,Shipping,10552.22,617.4,627.45,611.9,0.0,620.55,613.35,7.2,1.17
578,IIFL Capital Services Ltd.,IIFLCAPS,Finance,Finance - Stock Broking,10539.72,332.9,336.95,332.9,0.0,335.65,333.15,2.5,0.75
579,SBFC Finance Ltd.,SBFC,Finance,Finance - NBFC,10413.82,94.25,94.5,93.11,0.0,93.93,93.99,-0.06,-0.06
580,BlackBuck Ltd.,BLACKBUCK,Logistics,Logistics,10390.75,631.8,641.9,624.0,0.0,634.3,631.05,3.25,0.52
581,Jupiter Life Line Hospitals Ltd.,JLHL,Healthcare,Hospital & Healthcare Services,10365.99,315.0,318.3,307.5,0.0,309.75,317.7,-7.95,-2.5
582,Voltamp Transformers Ltd.,VOLTAMP,Capital Goods,Electric Equipment,10248.34,10345.0,10989.0,10344.5,0.0,10869.5,10313.5,556.0,5.39
583,Bombay Burmah Trading Corporation Ltd.,BBTC,Automobile & Ancillaries,Auto Ancillary,10240.77,1436.0,1448.2,1425.0,0.0,1427.4,1436.0,-8.6,-0.6
584,Sanofi Consumer Healthcare India Ltd.,SANOFICONR,Healthcare,Pharmaceuticals & Drugs,10235.84,4203.3,4260.0,4200.0,0.0,4222.1,4213.1,9.0,0.21
585,Saregama India Ltd.,SAREGAMA,Media & Entertainment,"Film Production, Distribution & Entertainment",10161.06,519.0,522.0,504.1,0.0,506.55,520.2,-13.65,-2.62
586,Jain Resource Recycling Ltd.,JAINREC,Non - Ferrous Metals,Metal - Non Ferrous,10135.17,300.65,303.75,294.4,0.0,295.85,299.75,-3.9,-1.3
587,Thyrocare Technologies Ltd.,THYROCARE,Healthcare,Hospital & Healthcare Services,9928.73,566.85,575.95,563.1,0.0,565.55,566.7,-1.15,-0.2
588,Kirloskar Pneumatic Company Ltd.,KIRLPNU,Capital Goods,Compressors / Pumps,9906.56,743.0,752.0,729.7,0.0,748.8,739.8,9.0,1.22
589,Whirlpool Of India Ltd.,WHIRLPOOL,Consumer Durables,Consumer Durables - Domestic Appliances,9884.58,775.05,787.7,764.05,0.0,768.5,775.75,-7.25,-0.93
590,Afcons Infrastructure Ltd.,AFCONS,Infrastructure,Engineering - Construction,9884.21,281.0,281.6,277.5,0.0,278.9,280.2,-1.3,-0.46
591,Finolex Industries Ltd.,FINPIPE,Plastic Products,Plastic Products,9881.09,158.61,161.38,157.78,0.0,160.44,158.61,1.83,1.15
592,Relaxo Footwears Ltd.,RELAXO,Retailing,Footwear,9866.68,372.6,379.0,372.5,0.0,376.6,374.1,2.5,0.67
593,Procter & Gamble Health Ltd.,PGHL,Healthcare,Pharmaceuticals & Drugs,9849.58,5820.0,5866.0,5809.5,0.0,5828.5,5832.5,-4.0,-0.07
594,Zee Entertainment Enterprises Ltd.,ZEEL,Media & Entertainment,TV Broadcasting & Software Production,9816.51,108.5,109.43,106.52,0.0,107.58,108.03,-0.45,-0.42
595,Intellect Design Arena Ltd.,INTELLECT,Information Technology,IT - Software,9815.16,688.0,694.9,678.0,0.0,691.25,685.7,5.55,0.81
596,Wework India Management Ltd.,WEWORK,Miscellaneous,Miscellaneous,9809.42,691.0,697.0,676.5,0.0,682.9,688.15,-5.25,-0.76
597,Alkyl Amines Chemicals Ltd.,ALKYLAMINE,Chemicals,Chemicals,9792.19,1929.0,2072.5,1915.0,0.0,2052.7,1923.8,128.9,6.7
598,Bata India Ltd.,BATAINDIA,Retailing,Footwear,9709.61,714.9,715.55,699.0,0.0,701.05,711.2,-10.15,-1.43
599,Elecon Engineering Company Ltd.,ELECON,Capital Goods,Engineering - Industrial Equipments,9705.3,454.0,455.0,443.2,0.0,451.55,451.7,-0.15,-0.03
600,Quality Power Electrical Equipments Ltd.,QPOWER,Capital Goods,Electric Equipment,9684.38,1338.0,1350.0,1300.9,0.0,1305.6,1334.9,-29.3,-2.19
601,Suven Life Sciences Ltd.,SUVEN,Healthcare,Pharmaceuticals & Drugs,9673.53,377.0,389.9,361.4,0.0,373.15,373.6,-0.45,-0.12
602,MMTC Ltd.,MMTC,Trading,Trading,9648.0,66.6,67.49,64.61,0.0,65.38,66.27,-0.89,-1.34
603,Pricol Ltd.,PRICOLLTD,Automobile & Ancillaries,Auto Ancillary,9640.22,805.0,809.75,767.1,0.0,797.2,803.65,-6.45,-0.8
604,Sandur Manganese & Iron Ores Ltd.,SANDUMA,Mining,Mining & Minerals,9632.17,197.35,201.62,196.6,0.0,198.93,196.95,1.98,1.01
605,KRN Heat Exchanger And Refrigeration Ltd.,KRN,Capital Goods,Engineering - Industrial Equipments,9613.89,1528.0,1541.0,1474.0,0.0,1482.1,1518.3,-36.2,-2.38
606,Esab India Ltd.,ESABINDIA,Capital Goods,Electrodes & Welding Equipment,9596.24,6154.5,6239.0,6100.0,0.0,6210.0,6154.0,56.0,0.91
607,Tejas Networks Ltd.,TEJASNET,Telecom,Telecommunication - Equipment,9567.88,510.0,514.5,504.25,0.0,510.45,509.2,1.25,0.25
608,Time Technoplast Ltd.,TIMETECHNO,Plastic Products,Plastic Products,9551.84,191.8,192.4,186.7,0.0,187.48,191.63,-4.15,-2.17
609,Swan Corp Ltd.,SWANCORP,Textile,Textile,9535.36,307.0,307.25,303.0,0.0,303.85,305.55,-1.7,-0.56
610,Reliance Power Ltd.,RPOWER,Power,Power Generation/Distribution,9508.14,22.3,23.8,22.07,0.0,23.45,22.15,1.3,5.87
611,Genus Power Infrastructures Ltd.,GENUSPOWER,Capital Goods,Electric Equipment,9425.44,335.0,346.0,334.0,0.0,337.95,334.25,3.7,1.11
612,PC Jeweller Ltd.,PCJEWELLER,Diamond & Jewellery,Diamond  &  Jewellery,9410.81,9.62,10.29,9.59,0.0,10.22,9.61,0.61,6.35
613,Elantas Beck India Ltd.,ELANTAS,Chemicals,Chemicals,9354.51,11744.5,11744.5,11453.5,0.0,11550.0,11599.5,-49.5,-0.43
614,Waaree Renewable Technologies Ltd.,WAAREERTL,Infrastructure,Engineering - Construction,9313.76,879.3,886.45,871.4,0.0,875.3,880.4,-5.1,-0.58
615,SG Mart Ltd.,SGMART,Trading,Trading,9288.16,807.8,822.0,790.0,0.0,820.35,805.2,15.15,1.88
616,TSF Investments Ltd.,TSFINV,Finance,Finance - Investment,9227.3,425.0,426.0,415.5,0.0,417.15,424.7,-7.55,-1.78
617,Sonata Software Ltd.,SONATSOFTW,Information Technology,IT - Software,9140.45,308.0,308.9,302.25,0.0,304.0,306.0,-2.0,-0.65
618,Westlife Foodworld Ltd,WESTLIFE,Hospitality,Restaurants,9084.06,594.5,599.5,581.65,0.0,588.15,594.5,-6.35,-1.07
619,Cyient Ltd.,CYIENT,Information Technology,IT - Software,9076.32,898.5,918.45,888.9,0.0,892.65,903.05,-10.4,-1.15
620,Railtel Corporation Of India Ltd.,RAILTEL,Telecom,Telecommunication - Service  Provider,9053.67,285.0,291.75,284.9,0.0,287.25,280.75,6.5,2.32
621,PN Gadgil Jewellers Ltd.,PNGJL,Diamond & Jewellery,Diamond  &  Jewellery,8983.77,610.0,618.0,602.0,0.0,602.9,609.45,-6.55,-1.07
622,Transformers & Rectifiers (India) Ltd.,TARIL,Capital Goods,Electric Equipment,8940.44,286.0,304.0,286.0,0.0,298.65,285.15,13.5,4.73
623,Strides Pharma Science Ltd.,STAR,Healthcare,Pharmaceuticals & Drugs,8922.78,998.0,1003.0,970.6,0.0,986.2,993.0,-6.8,-0.68
624,Sudarshan Chemical Industries Ltd.,SUDARSCHEM,Chemicals,Dyes & Pigments,8888.19,1193.5,1220.9,1185.0,0.0,1215.1,1186.5,28.6,2.41
625,Galaxy Surfactants Ltd.,GALAXYSURF,Fast Moving Consumer Goods,Household & Personal Products,8883.54,2320.0,2372.5,2308.0,0.0,2333.0,2318.2,14.8,0.64
626,Banco Products (India) Ltd.,BANCOINDIA,Automobile & Ancillaries,Auto Ancillary,8849.0,626.95,630.15,619.5,0.0,623.7,625.45,-1.75,-0.28
627,KRBL Ltd.,KRBL,Fast Moving Consumer Goods,Consumer Food,8844.31,401.85,409.35,398.8,0.0,406.95,397.25,9.7,2.44
628,NCC Ltd.,NCC,Infrastructure,Engineering - Construction,8833.8,140.0,151.42,140.0,0.0,149.56,140.07,9.49,6.78
629,Vesuvius India Ltd.,VESUVIUS,Capital Goods,Refractories,8772.98,431.0,449.5,423.8,0.0,439.4,429.3,10.1,2.35
630,Clean Science And Technology Ltd.,CLEAN,Chemicals,Chemicals,8728.45,834.7,840.4,820.2,0.0,825.5,834.7,-9.2,-1.1
631,Birlasoft Ltd.,BSOFT,Information Technology,IT - Software,8717.92,310.4,311.25,302.2,0.0,303.75,309.0,-5.25,-1.7
632,Lemon Tree Hotels Ltd.,LEMONTREE,Hospitality,"Hotel, Resort & Restaurants",8627.56,108.3,110.5,108.01,0.0,108.33,107.96,0.37,0.34
633,Jayaswal Neco Industries Ltd.,JAYNECOIND,Iron & Steel,Steel & Iron Products,8591.39,94.3,101.45,93.78,0.0,99.89,93.68,6.21,6.63
634,Embassy Developments Ltd.,EMBDL,Realty,Construction - Real Estate,8581.6,63.12,65.2,63.0,0.0,64.87,63.08,1.79,2.84
635,Eureka Forbes Ltd.,EUREKAFORB,Consumer Durables,Consumer Durables - Domestic Appliances,8578.16,418.0,418.95,409.55,0.0,415.0,416.2,-1.2,-0.29
636,Tips Music Ltd.,TIPSMUSIC,Media & Entertainment,"Film Production, Distribution & Entertainment",8567.91,651.05,658.0,648.0,0.0,650.95,651.05,-0.1,-0.02
637,Equitas Small Finance Bank Ltd.,EQUITASBNK,Banking,Bank - Private,8520.01,77.0,78.15,76.3,0.0,76.6,76.99,-0.39,-0.51
638,Borosil Renewables Ltd.,BORORENEW,Construction Materials,Glass,8486.61,543.0,552.95,543.0,0.0,549.4,543.0,6.4,1.18
639,Kwality Wall's (India) Ltd.,KWIL,Fast Moving Consumer Goods,Consumer Food,8451.48,43.65,49.5,43.21,0.0,48.35,43.47,4.88,11.23
640,GR Infraprojects Ltd.,GRINFRA,Infrastructure,Engineering - Construction,8434.62,884.0,895.0,867.4,0.0,870.35,884.0,-13.65,-1.54
641,Sri Lotus Developers And Realty Ltd.,LOTUSDEV,Realty,Construction - Real Estate,8420.71,,,,,,,,
642,Precision Wires India Ltd.,PRECWIRE,Electricals,Cable,8356.99,435.7,446.9,434.55,0.0,438.5,435.7,2.8,0.64
643,Gujarat Narmada Valley Fertilizers & Chemicals Ltd,GNFC,Chemicals,Chemicals,8352.84,591.5,594.35,581.85,0.0,582.8,592.8,-10.0,-1.69
644,Cello World Ltd.,CELLO,Trading,Trading,8341.72,364.0,364.05,359.45,0.0,361.45,363.6,-2.15,-0.59
645,Maharashtra Seamless Ltd.,MAHSEAMLES,Iron & Steel,Steel & Iron Products,8212.14,613.0,658.9,612.95,0.0,634.15,610.6,23.55,3.86
646,Mahindra Lifespace Developers Ltd.,MAHLIFE,Realty,Construction - Real Estate,8211.69,378.3,382.5,374.5,0.0,379.8,377.2,2.6,0.69
647,TTK Prestige Ltd.,TTKPRESTIG,Consumer Durables,Consumer Durables - Domestic Appliances,8168.68,598.4,598.4,585.0,0.0,591.65,592.65,-1.0,-0.17
648,Yatharth Hospital & Trauma Care Services Ltd.,YATHARTH,Healthcare,Hospital & Healthcare Services,8141.94,848.0,858.0,846.0,0.0,855.15,847.85,7.3,0.86
649,SJS Enterprises Ltd.,SJS,Automobile & Ancillaries,Auto Ancillary,8133.49,2497.1,2527.0,2485.1,0.0,2497.4,2497.9,-0.5,-0.02
650,Religare Enterprises Ltd.,RELIGARE,Finance,Finance - Investment,8087.45,231.0,233.5,230.55,0.0,231.6,231.65,-0.05,-0.02
651,Star Cement Ltd.,STARCEMENT,Construction Materials,Cement & Construction Materials,8077.55,196.0,196.0,192.31,0.0,194.62,194.37,0.25,0.13
652,Aditya Vision Ltd.,AVL,Retailing,Retailing,8056.92,617.85,617.85,595.45,0.0,601.35,611.0,-9.65,-1.58
653,Medplus Health Services Ltd.,MEDPLUS,Retailing,Retailing,8034.17,663.1,693.1,654.9,0.0,689.55,656.3,33.25,5.07
654,Gujarat Ambuja Exports Ltd.,GAEL,Agriculture,Solvent  Extraction,7928.12,184.5,184.99,176.2,0.0,177.46,183.36,-5.9,-3.22
655,Kingfa Science & Technology (India) Ltd.,KINGFA,Plastic Products,Plastic Products,7906.89,5857.5,5898.0,5764.0,0.0,5813.5,5857.5,-44.0,-0.75
656,V2 Retail Ltd.,V2RETAIL,Retailing,Retailing,7890.76,220.07,222.23,219.0,0.0,219.73,220.05,-0.32,-0.15
657,Kama Holdings Ltd.,KAMAHOLD,Finance,Finance - Investment,7886.9,2437.9,2450.0,2418.0,0.0,2421.1,2424.8,-3.7,-0.15
658,RHI Magnesita India Ltd.,RHIM,Capital Goods,Refractories,7848.09,374.2,376.15,372.0,0.0,375.25,374.75,0.5,0.13
659,EPL Ltd.,EPL,Fast Moving Consumer Goods,Packaging,7842.89,270.9,274.03,262.4,0.0,265.61,270.1,-4.49,-1.66
660,Mishra Dhatu Nigam Ltd.,MIDHANI,Iron & Steel,Steel & Iron Products,7810.2,421.1,431.45,419.55,0.0,423.95,420.5,3.45,0.82
661,SKF India Ltd.,SKFINDIA,Automobile & Ancillaries,Bearings,7774.37,1624.5,1624.5,1571.1,0.0,1596.5,1601.7,-5.2,-0.32
662,Welspun Enterprises Ltd.,WELENT,Infrastructure,Engineering - Construction,7773.32,586.0,653.7,582.7,0.0,631.45,584.65,46.8,8.0
663,Unimech Aerospace and Manufacturing Ltd.,UNIMECH,Capital Goods,Aerospace & Defense,7753.9,1503.7,1523.8,1476.2,0.0,1491.4,1508.3,-16.9,-1.12
664,Power Mech Projects Ltd.,POWERMECH,Infrastructure,Engineering - Construction,7751.52,2456.2,2515.4,2435.5,0.0,2502.4,2455.6,46.8,1.91
665,Aarti Pharmalabs Ltd.,AARTIPHARM,Healthcare,Pharmaceuticals & Drugs,7727.28,829.25,836.95,806.4,0.0,816.8,829.25,-12.45,-1.5
666,Tanla Platforms Ltd.,TANLA,Information Technology,IT - Software,7720.63,574.45,581.8,568.15,0.0,570.45,572.8,-2.35,-0.41
667,Kennametal India Ltd.,KENNAMET,Capital Goods,Engineering - Industrial Equipments,7713.15,3715.0,4155.1,3681.0,0.0,4044.7,3719.6,325.1,8.74
668,Le Travenues Technology Ltd.,IXIGO,Hospitality,Travel Services,7676.38,170.46,173.79,169.37,0.0,170.3,170.45,-0.15,-0.09
669,Gujarat Pipavav Port Ltd.,GPPL,Logistics,Port,7664.94,164.79,165.24,163.0,0.0,163.54,164.81,-1.27,-0.77
670,Sheela Foam Ltd.,SFL,Fast Moving Consumer Goods,Household & Personal Products,7643.69,665.9,676.0,661.05,0.0,664.95,666.2,-1.25,-0.19
671,Newgen Software Technologies Ltd.,NEWGEN,Information Technology,IT - Software,7625.71,527.0,529.7,520.85,0.0,522.7,527.35,-4.65,-0.88
672,Dynamatic Technologies Ltd.,DYNAMATECH,Capital Goods,Compressors / Pumps,7609.95,11768.0,11850.0,11550.0,0.0,11588.0,11765.0,-177.0,-1.5
673,Cera Sanitaryware Ltd.,CERA,Construction Materials,Ceramics/Marble/Granite/Sanitaryware,7605.55,5899.5,5899.5,5815.5,0.0,5865.5,5858.5,7.0,0.12
674,GMR Power and Urban Infra Ltd.,GMRP&UI,Power,Power Generation/Distribution,7585.24,98.58,98.58,96.0,0.0,96.58,98.56,-1.98,-2.01
675,Indian Metals & Ferro Alloys Ltd.,IMFA,Ferro Manganese,Ferro & Silica Manganese,7581.9,1420.0,1442.9,1377.1,0.0,1383.8,1421.9,-38.1,-2.68
676,Tata Teleservices (Maharashtra) Ltd.,TTML,Telecom,Telecommunication - Service  Provider,7546.02,37.41,38.27,37.41,0.0,37.78,37.45,0.33,0.88
677,Sapphire Foods India Ltd.,SAPPHIRE,Fast Moving Consumer Goods,Consumer Food,7544.46,242.5,250.0,241.0,0.0,242.34,241.35,0.99,0.41
678,Orkla India Ltd.,ORKLAINDIA,Fast Moving Consumer Goods,Consumer Food,7524.82,546.65,560.0,546.65,0.0,552.2,550.35,1.85,0.34
679,Indo Count Industries Ltd.,ICIL,Textile,Textile,7523.09,436.0,447.8,425.1,0.0,443.55,435.1,8.45,1.94
680,Tanfac Industries Ltd.,TANFACIND,Chemicals,Chemicals,7517.61,,,,,,,,
681,Sanofi India Ltd.,SANOFI,Healthcare,Pharmaceuticals & Drugs,7476.66,3321.0,3372.0,3310.0,0.0,3352.8,3321.0,31.8,0.96
682,Inox Green Energy Services Ltd.,INOXGREEN,Infrastructure,Engineering - Construction,7475.78,174.88,179.22,173.11,0.0,178.34,175.08,3.26,1.86
683,SML Mahindra Ltd.,SMLMAH,Automobile & Ancillaries,Automobiles-Trucks/Lcv,7431.84,5199.0,5356.0,5154.0,0.0,5324.0,5159.5,164.5,3.19
684,Madhya Bharat Agro Products Ltd.,MBAPL,Chemicals,Fertilizers,7380.82,164.95,172.0,162.93,0.0,169.52,163.41,6.11,3.74
685,Mrs. Bectors Food Specialities Ltd.,BECTORFOOD,Fast Moving Consumer Goods,Consumer Food,7376.98,258.02,262.99,254.0,0.0,254.83,258.02,-3.19,-1.24
686,Ethos Ltd.,ETHOSLTD,Retailing,Retailing,7359.03,2857.6,2884.0,2822.5,0.0,2840.5,2867.6,-27.1,-0.95
687,Garware Technical Fibres Ltd.,GARFIBRES,Textile,Textile,7348.53,763.3,809.7,745.0,0.0,802.6,760.25,42.35,5.57
688,Safari Industries (India) Ltd.,SAFARI,Fast Moving Consumer Goods,Household & Personal Products,7335.63,1501.0,1507.6,1469.3,0.0,1496.8,1490.2,6.6,0.44
689,Jyothy Labs Ltd.,JYOTHYLAB,Fast Moving Consumer Goods,Household & Personal Products,7320.42,207.6,208.14,202.56,0.0,204.95,208.46,-3.51,-1.68
690,Nesco Ltd.,NESCO,Other,Business Support,7320.09,1040.0,1043.9,1030.3,0.0,1035.8,1032.6,3.2,0.31
691,Electronics Mart India Ltd.,EMIL,Retailing,Retailing,7300.61,191.58,191.58,185.2,0.0,186.71,191.06,-4.35,-2.28
692,India Shelter Finance Corporation Ltd.,INDIASHLTR,Finance,Finance - Housing,7299.14,675.0,688.7,668.55,0.0,675.25,675.3,-0.05,-0.01
693,Max Estates Ltd.,MAXESTATES,Realty,Construction - Real Estate,7241.02,498.1,502.9,490.55,0.0,494.85,499.85,-5.0,-1.0
694,Suprajit Engineering Ltd.,SUPRAJIT,Automobile & Ancillaries,Auto Ancillary,7199.86,514.2,514.2,500.0,0.0,505.4,511.35,-5.95,-1.16
695,Hindustan Foods Ltd.,HNDFDS,Diversified,Diversified,7171.01,658.0,658.05,641.05,0.0,644.8,653.25,-8.45,-1.29
696,Omnitech Engineering Ltd.,OMNI,Capital Goods,Engineering - Industrial Equipments,7144.8,574.45,583.95,573.0,0.0,581.0,574.0,7.0,1.22
697,Kirloskar Ferrous Industries Ltd.,KIRLFER,Iron & Steel,Steel & Iron Products,7118.6,443.0,444.7,437.1,0.0,441.2,444.05,-2.85,-0.64
698,Sharda Cropchem Ltd.,SHARDACROP,Chemicals,Pesticides & Agrochemicals,7102.61,767.25,770.95,757.0,0.0,760.9,763.45,-2.55,-0.33
699,India Glycols Ltd.,INDIAGLYCO,Alcohol,Breweries & Distilleries,7093.78,1107.0,1169.8,1105.0,0.0,1146.5,1101.9,44.6,4.05
700,Bengal & Assam Company Ltd.,BENGALASM,Finance,Finance - NBFC,7071.39,6187.0,6287.0,6127.0,0.0,6256.0,6201.0,55.0,0.89
701,ASM Technologies Ltd.,ASMTEC,Information Technology,IT - Software,7056.14,,,,,,,,
702,Restaurant Brands Asia Ltd.,RBA,Hospitality,Restaurants,7053.13,105.3,107.18,102.33,0.0,104.24,105.21,-0.97,-0.92
703,Rain Industries Ltd.,RAIN,Crude Oil,Petrochemicals,7031.31,204.92,212.6,204.4,0.0,208.61,204.92,3.69,1.8
704,Transport Corporation Of India Ltd.,TCI,Logistics,Logistics,7013.15,905.65,913.0,903.3,0.0,908.35,906.55,1.8,0.2
705,Technocraft Industries (India) Ltd.,TIIL,Iron & Steel,Steel & Iron Products,7006.91,3205.0,3325.0,3177.0,0.0,3318.8,3200.2,118.6,3.71
706,Nephrocare Health Services Ltd.,NEPHROPLUS,Healthcare,Hospital & Healthcare Services,7003.43,681.25,695.85,673.0,0.0,694.1,674.15,19.95,2.96
707,Birla Corporation Ltd.,BIRLACORPN,Construction Materials,Cement & Construction Materials,6973.22,895.0,895.0,887.0,0.0,889.25,891.5,-2.25,-0.25
708,KSH International Ltd.,KSHINTL,Capital Goods,Electric Equipment,6968.67,1017.85,1017.85,982.0,0.0,1009.25,1011.3,-2.05,-0.2
709,Powerica Ltd.,POWERICA,Capital Goods,Electric Equipment,6945.8,535.0,538.7,512.25,0.0,518.3,533.9,-15.6,-2.92
710,Knowledge Marine & Engineering Works Ltd.,KMEW,Ship Building,Ship Building,6928.26,2710.0,2758.7,2680.1,0.0,2725.6,2691.8,33.8,1.26
711,Ganesh Housing Ltd.,GANESHHOU,Realty,Construction - Real Estate,6907.37,826.8,829.6,805.0,0.0,809.65,826.8,-17.15,-2.07
712,Balaji Amines Ltd.,BALAMINES,Chemicals,Chemicals,6899.95,2066.0,2120.0,2060.0,0.0,2078.2,2078.9,-0.7,-0.03
713,JK Paper Ltd.,JKPAPER,Paper,Paper & Paper Products,6884.67,391.3,404.9,388.4,0.0,391.8,389.6,2.2,0.56
714,Rashtriya Chemicals and Fertilizers Ltd.,RCF,Chemicals,Fertilizers,6846.45,118.6,119.5,117.55,0.0,118.16,118.42,-0.26,-0.22
715,Gokul Agro Resources Ltd.,GOKULAGRO,Fast Moving Consumer Goods,Edible Oil,6838.63,245.6,246.93,240.1,0.0,242.8,243.69,-0.89,-0.37
716,Aditya Birla Fashion and Retail Ltd.,ABFRL,Retailing,Retailing,6833.79,54.8,55.09,54.25,0.0,54.35,54.75,-0.4,-0.73
717,JK Lakshmi Cement Ltd.,JKLAKSHMI,Construction Materials,Cement & Construction Materials,6814.91,556.9,563.85,555.75,0.0,559.45,557.9,1.55,0.28
718,Senores Pharmaceuticals Ltd.,SENORES,Healthcare,Pharmaceuticals & Drugs,6803.04,1519.8,1537.2,1495.7,0.0,1513.3,1513.3,0.0,0.0
719,Redtape Ltd.,REDTAPE,Retailing,Footwear,6755.31,123.98,124.49,122.31,0.0,122.88,123.98,-1.1,-0.89
720,Dilip Buildcon Ltd.,DBL,Infrastructure,Engineering - Construction,6697.6,415.0,417.85,413.5,0.0,414.6,415.0,-0.4,-0.1
721,Dodla Dairy Ltd,DODLA,Fast Moving Consumer Goods,Consumer Food,6690.66,1138.0,1145.4,1130.0,0.0,1138.4,1138.0,0.4,0.04
722,Campus Activewear Ltd.,CAMPUS,Retailing,Footwear,6676.05,231.0,233.28,227.01,0.0,228.15,223.11,5.04,2.26
723,Ajax Engineering Ltd.,AJAXENGG,Capital Goods,Engineering - Industrial Equipments,6650.47,568.7,568.75,560.85,0.0,565.65,566.4,-0.75,-0.13
724,Kovai Medical Center & Hospital Ltd.,KOVAI,Healthcare,Hospital & Healthcare Services,6619.74,6090.0,6090.0,5975.0,0.0,6034.5,6066.5,-32.0,-0.53
725,Seshaasai Technologies Ltd.,STYL,Information Technology,Fintech,6612.2,403.95,404.85,386.7,0.0,392.55,401.35,-8.8,-2.19
726,Raghav Productivity Enhancers Ltd.,RPEL,Capital Goods,Refractories,6603.35,1614.7,1700.0,1596.0,0.0,1689.8,1614.7,75.1,4.65
727,Mrugesh Trading Ltd.,MRUTR,Finance,Finance - Investment,6552.62,,,,,,,,
728,Bajaj Consumer Care Ltd.,BAJAJCON,Fast Moving Consumer Goods,Household & Personal Products,6542.67,486.95,490.75,477.0,0.0,478.35,486.95,-8.6,-1.77
729,Jeena Sikho Lifecare Ltd.,JSLL,Trading,Trading,6512.74,510.0,514.15,504.05,0.0,505.35,506.2,-0.85,-0.17
730,Jai Balaji Industries Ltd.,JAIBALAJI,Iron & Steel,Steel/Sponge Iron/Pig Iron,6460.56,65.5,65.96,63.11,0.0,63.57,66.08,-2.51,-3.8
731,GNG Electronics Ltd.,EBGNG,Trading,Trading,6440.51,627.8,627.8,602.5,0.0,606.2,624.75,-18.55,-2.97
732,V-Mart Retail Ltd.,VMART,Retailing,Retailing,6426.51,810.7,860.0,801.7,0.0,838.85,806.7,32.15,3.99
733,Skipper Ltd.,SKIPPER,Capital Goods,Engineering - Industrial Equipments,6418.41,556.0,563.9,551.0,0.0,554.0,555.45,-1.45,-0.26
734,Sun Pharma Advanced Research Company Ltd.,SPARC,Healthcare,Pharmaceuticals & Drugs,6415.79,199.59,200.77,196.1,0.0,196.71,199.59,-2.88,-1.44
735,Greenlam Industries Ltd.,GREENLAM,Construction Materials,Laminates/Decoratives,6413.14,256.0,256.65,250.85,0.0,253.0,256.2,-3.2,-1.25
736,Sunflag Iron And Steel Company Ltd.,SUNFLAG,Iron & Steel,Steel & Iron Products,6405.0,359.9,361.8,348.1,0.0,353.85,358.15,-4.3,-1.2
737,Happiest Minds Technologies Ltd.,HAPPSTMNDS,Information Technology,IT - Software,6397.06,417.6,448.7,412.5,0.0,444.55,414.3,30.25,7.3
738,Leap India Ltd.,LEAPIND,Other,Business Support,6392.18,167.0,167.5,161.26,0.0,162.02,166.66,-4.64,-2.78
739,Gujarat State Fertilizers & Chemicals Ltd.,GSFC,Chemicals,Fertilizers,6387.59,160.9,160.98,158.06,0.0,158.23,160.61,-2.38,-1.48
740,Supriya Lifescience Ltd.,SUPRIYA,Healthcare,Pharmaceuticals & Drugs,6375.85,817.95,817.95,799.3,0.0,805.45,811.7,-6.25,-0.77
741,Piccadily Agro Industries Ltd.,PICCADIL,Alcohol,Breweries & Distilleries,6329.32,705.5,715.95,698.2,0.0,709.8,709.4,0.4,0.06
742,Kusumgar Ltd.,KUSUMGAR,Textile,Textile,6327.31,577.0,593.8,574.3,0.0,581.95,572.5,9.45,1.65
743,Axiscades Technologies Ltd.,AXISCADES,Capital Goods,Aerospace & Defense,6324.52,1604.9,1621.7,1570.0,0.0,1597.5,1600.6,-3.1,-0.19
744,KPI Green Energy Ltd.,KPIGREEN,Power,Power Generation/Distribution,6299.81,307.1,322.5,307.05,0.0,312.6,307.05,5.55,1.81
745,Indiabulls Ltd.,IBULLSLTD,Realty,Construction - Real Estate,6299.09,25.89,26.38,25.5,0.0,25.58,25.75,-0.17,-0.66
746,Transrail Lighting Ltd.,TRANSRAILL,Capital Goods,Electric Equipment,6296.61,463.7,466.05,458.5,0.0,460.0,459.85,0.15,0.03
747,Orchid Pharma Ltd.,ORCHPHARMA,Healthcare,Pharmaceuticals & Drugs,6270.58,988.45,1026.0,974.25,0.0,1002.05,980.05,22.0,2.24
748,Paisalo Digital Ltd.,PAISALO,Finance,Finance - NBFC,6252.05,70.0,70.98,69.0,0.0,69.79,69.95,-0.16,-0.23
749,Archean Chemical Industries Ltd.,ACI,Chemicals,Chemicals,6226.62,499.95,505.0,497.0,0.0,497.85,499.95,-2.1,-0.42
750,Fiem Industries Ltd.,FIEMIND,Automobile & Ancillaries,Auto Ancillary,6192.09,2199.0,2231.8,2171.1,0.0,2198.8,2190.6,8.2,0.37
751,Stylam Industries Ltd.,STYLAMIND,Construction Materials,Laminates/Decoratives,6175.11,3617.3,3641.8,3484.8,0.0,3601.7,3617.3,-15.6,-0.43
752,Shakti Pumps (India) Ltd.,SHAKTIPUMP,Capital Goods,Compressors / Pumps,6173.6,506.0,515.5,502.0,0.0,503.55,506.2,-2.65,-0.52
753,Praj Industries Ltd.,PRAJIND,Capital Goods,Engineering - Industrial Equipments,6169.69,358.0,358.0,341.15,0.0,344.35,358.45,-14.1,-3.93
754,Entero Healthcare Solutions Ltd.,ENTERO,Trading,Trading,6168.74,1407.7,1430.0,1394.1,0.0,1423.6,1408.4,15.2,1.08
755,Jana Small Finance Bank Ltd.,JSFB,Banking,Bank - Private,6102.45,562.0,606.95,562.0,0.0,582.35,562.85,19.5,3.46
756,Aeroflex Industries Ltd.,AEROFLEX,Iron & Steel,Steel & Iron Products,6081.92,475.3,504.9,472.3,0.0,503.0,475.3,27.7,5.83
757,SIS Ltd.,SIS,Other,Professional Services,6079.35,413.05,421.1,413.0,0.0,417.75,413.2,4.55,1.1
758,Valor Estate Ltd.,DBREALTY,Realty,Construction - Real Estate,6077.67,105.54,108.8,104.14,0.0,106.08,104.7,1.38,1.32
759,Waterways Leisure Tourism Ltd.,CORDELIA,Hospitality,Travel Services,6063.4,929.0,987.9,929.0,0.0,978.4,907.75,70.65,7.78
760,Neogen Chemicals Ltd.,NEOGEN,Chemicals,Chemicals,6038.48,2259.2,2283.9,2190.1,0.0,2230.1,2259.1,-29.0,-1.28
761,Balu Forge Industries Ltd.,BALUFORGE,Automobile & Ancillaries,Forgings,5993.73,552.4,563.0,543.7,0.0,555.4,546.75,8.65,1.58
762,Shivalik Bimetal Controls Ltd.,SBCL,Iron & Steel,Steel & Iron Products,5991.99,1038.2,1039.75,986.5,0.0,993.25,1025.35,-32.1,-3.13
763,Arvind Fashions Ltd.,ARVINDFASN,Retailing,Retailing,5978.92,438.0,451.2,436.35,0.0,448.35,428.3,20.05,4.68
764,India Tourism Development Corporation Ltd.,ITDC,Hospitality,"Hotel, Resort & Restaurants",5977.27,687.4,692.0,681.35,0.0,684.3,687.55,-3.25,-0.47
765,Standard Engineering Technology Ltd.,SETL,Capital Goods,Engineering - Industrial Equipments,5961.81,305.2,305.55,293.0,0.0,297.75,304.95,-7.2,-2.36
766,Innova Captab Ltd.,INNOVACAP,Healthcare,Pharmaceuticals & Drugs,5923.35,1084.2,1099.85,1073.75,0.0,1088.5,1084.2,4.3,0.4
767,Krishana Phoschem Ltd.,KRISHANA,Chemicals,Fertilizers,5894.64,197.8,200.99,194.4,0.0,198.41,196.52,1.89,0.96
768,Latent View Analytics Ltd.,LATENTVIEW,Other,Business Support,5891.15,281.4,281.8,277.35,0.0,278.1,281.75,-3.65,-1.3
769,Triveni Engineering & Industries Ltd.,TRIVENI,Agriculture,Sugar,5866.06,300.0,306.7,286.33,0.0,295.28,300.05,-4.77,-1.59
770,DCB Bank Ltd.,DCBBANK,Banking,Bank - Private,5865.01,188.99,205.0,187.6,0.0,203.59,188.61,14.98,7.94
771,Kalpataru Ltd.,KALPATARU,Realty,Construction - Real Estate,5861.57,288.9,289.7,280.35,0.0,283.45,288.35,-4.9,-1.7
772,Vikram Solar Ltd.,VIKRAMSOLR,Electricals,Electronics - Components,5803.11,172.9,178.15,171.5,0.0,173.23,171.99,1.24,0.72
773,Alok Industries Ltd.,ALOKINDS,Textile,Textile,5774.57,11.54,11.69,11.5,0.0,11.57,11.54,0.03,0.26
774,Just Dial Ltd.,JUSTDIAL,Information Technology,BPO/ITeS,5769.3,685.0,685.0,667.0,0.0,674.05,680.65,-6.6,-0.97
775,FDC Ltd.,FDC,Healthcare,Pharmaceuticals & Drugs,5768.36,351.0,353.0,347.0,0.0,348.6,350.15,-1.55,-0.44
776,Ashapura Minechem Ltd.,ASHAPURMIN,Mining,Mining & Minerals,5764.04,605.0,610.0,586.15,0.0,590.25,599.95,-9.7,-1.62
777,Gulf Oil Lubricants India Ltd.,GULFOILLUB,Automobile & Ancillaries,Lubricants,5742.74,1151.3,1154.9,1129.0,0.0,1139.9,1151.3,-11.4,-0.99
778,Gokaldas Exports Ltd.,GOKEX,Textile,Textile,5738.0,795.5,806.0,792.15,0.0,797.6,799.9,-2.3,-0.29
779,Universal Cables Ltd.,UNIVCABLES,Electricals,Cable,5701.15,1652.7,1665.3,1580.0,0.0,1592.5,1644.2,-51.7,-3.14
780,Mastek Ltd.,MASTEK,Information Technology,IT - Software,5687.08,1710.4,1722.9,1670.0,0.0,1705.2,1693.5,11.7,0.69
781,Nirlon Ltd.,NIRLON,Infrastructure,Engineering - Construction,5679.24,631.0,632.0,623.0,0.0,624.75,624.6,0.15,0.02
782,Fedbank Financial Services Ltd,FEDFINA,Finance,Finance - NBFC,5659.0,155.0,159.58,154.01,0.0,156.84,154.03,2.81,1.82
783,Ahluwalia Contracts (India) Ltd.,AHLUCONT,Realty,Construction - Real Estate,5619.59,693.5,704.95,688.35,0.0,696.2,693.5,2.7,0.39
784,IFB Industries Ltd.,IFBIND,Consumer Durables,Consumer Durables - Electronics,5612.66,1405.2,1420.0,1383.7,0.0,1393.2,1402.9,-9.7,-0.69
785,Lohia Corp Ltd.,LCL,Textile,Textile - Machinery,5599.45,550.0,590.0,550.0,0.0,577.15,539.85,37.3,6.91
786,Senco Gold Ltd.,SENCO,Diamond & Jewellery,Diamond  &  Jewellery,5598.86,338.5,348.2,336.0,0.0,345.4,336.3,9.1,2.71
787,PNC Infratech Ltd.,PNCINFRA,Infrastructure,Engineering - Construction,5593.84,209.9,210.85,206.5,0.0,206.76,209.34,-2.58,-1.23
788,Smartworks Coworking Spaces Ltd.,SMARTWORKS,Other,Business Support,5585.23,514.0,529.7,512.15,0.0,523.25,511.3,11.95,2.34
789,MOIL Ltd.,MOIL,Mining,Mining & Minerals,5583.63,252.5,258.7,251.45,0.0,252.85,252.75,0.1,0.04
790,Bliss GVS Pharma Ltd.,BLISSGVS,Healthcare,Pharmaceuticals & Drugs,5569.35,,,,,,,,
791,Vadilal Industries Ltd.,VADILALIND,Fast Moving Consumer Goods,Consumer Food,5561.84,7407.0,7551.0,7355.0,0.0,7417.5,7402.0,15.5,0.21
792,Ceigall India Ltd.,CEIGALL,Infrastructure,Engineering - Construction,5555.39,315.05,321.8,312.25,0.0,314.35,312.8,1.55,0.5
793,CSB Bank Ltd.,CSBBANK,Banking,Bank - Private,5549.81,321.25,328.2,320.1,0.0,322.9,320.9,2.0,0.62
794,Rashi Peripherals Ltd.,RPTECH,Trading,Trading,5538.9,856.2,888.4,856.2,0.0,876.9,856.15,20.75,2.42
795,Cyient DLM Ltd.,CYIENTDLM,Electricals,Electronics - Components,5513.97,728.05,728.05,702.5,0.0,721.15,730.25,-9.1,-1.25
796,Goldiam International Ltd.,GOLDIAM,Diamond & Jewellery,Diamond  &  Jewellery,5490.07,362.8,366.5,359.1,0.0,360.35,363.15,-2.8,-0.77
797,Indigo Paints Ltd.,INDIGOPNTS,Chemicals,Paints,5489.73,1125.1,1161.4,1120.8,0.0,1151.8,1130.7,21.1,1.87
798,Ion Exchange (India) Ltd.,IONEXCHANG,Other,Environmental Services,5475.06,372.25,373.75,367.6,0.0,368.65,373.1,-4.45,-1.19
799,MAS Financial Services Ltd.,MASFIN,Finance,Finance - NBFC,5472.63,301.0,304.8,300.0,0.0,302.5,300.25,2.25,0.75
800,TVS Supply Chain Solutions Ltd.,TVSSCS,Logistics,Logistics,5444.7,123.1,124.2,121.2,0.0,121.44,123.33,-1.89,-1.53
801,Tourism Finance Corporation Of India Ltd.,TFCILTD,Finance,Finance Term Lending,5435.35,132.5,134.9,130.2,0.0,130.99,132.76,-1.77,-1.33
802,Lumax Industries Ltd.,LUMAXIND,Automobile & Ancillaries,Auto Ancillary,5430.94,5800.0,5920.0,5732.0,0.0,5880.0,5808.0,72.0,1.24
803,Saatvik Green Energy Ltd.,SAATVIKGL,Electricals,Electronics - Components,5424.21,420.55,433.55,410.1,0.0,418.95,401.0,17.95,4.48
804,CE Info Systems Ltd.,MAPMYINDIA,Information Technology,IT - Software,5419.43,1004.1,1009.8,978.7,0.0,983.9,1007.2,-23.3,-2.31
805,AvenuesAI Ltd.,CCAVENUE,Information Technology,Fintech,5401.97,14.95,15.26,14.84,0.0,15.16,14.95,0.21,1.4
806,ISGEC Heavy Engineering Ltd.,ISGEC,Infrastructure,Engineering - Construction,5381.62,762.7,763.1,750.25,0.0,755.1,761.75,-6.65,-0.87
807,V-Marc India Ltd.,VMARCIND,Electricals,Cable,5359.85,,,,,,,,
808,Timex Group India Ltd.,TIMEX,Consumer Durables,Watches & Accessories,5296.85,594.6,609.8,594.0,0.0,599.95,591.05,8.9,1.51
809,Prism Johnson Ltd.,PRSMJOHNSN,Construction Materials,Cement & Construction Materials,5290.28,109.1,109.38,106.36,0.0,107.97,109.88,-1.91,-1.74
810,PDS Ltd.,PDSL,Trading,Trading,5253.13,369.6,373.2,358.85,0.0,369.7,370.15,-0.45,-0.12
811,Centum Electronics Ltd.,CENTUM,Electricals,Electronics - Components,5220.81,3450.0,3550.0,3400.1,0.0,3439.0,3446.0,-7.0,-0.2
812,OnEMI Technology Solutions Ltd.,KISSHT,Finance,Finance - NBFC,5212.86,303.0,315.5,302.55,0.0,310.95,302.65,8.3,2.74
813,Puravankara Ltd.,PURVA,Realty,Construction - Real Estate,5193.58,216.4,227.34,214.71,0.0,219.36,216.4,2.96,1.37
814,Hindustan Construction Company Ltd.,HCC,Infrastructure,Engineering - Construction,5191.79,21.18,21.63,20.93,0.0,21.03,21.22,-0.19,-0.9
815,Marine Electricals (India) Ltd.,MARINE,Capital Goods,Electric Equipment,5187.74,373.25,377.4,369.05,0.0,375.65,373.25,2.4,0.64
816,VRL Logistics Ltd.,VRLLOG,Logistics,Logistics,5181.63,295.0,296.2,288.0,0.0,288.75,295.45,-6.7,-2.27
817,Care Ratings Ltd.,CARERATING,Ratings,Ratings,5170.89,1691.0,1734.9,1665.0,0.0,1674.4,1698.9,-24.5,-1.44
818,GE Power India Ltd.,GVPIL,Infrastructure,Engineering - Construction,5169.12,666.0,682.3,665.0,0.0,667.35,666.7,0.65,0.1
819,Sharda Motor Industries Ltd.,SHARDAMOTR,Automobile & Ancillaries,Auto Ancillary,5156.07,922.4,925.95,910.65,0.0,913.1,922.4,-9.3,-1.01
820,Gujarat Alkalies And Chemicals Ltd.,GUJALKALI,Chemicals,Chemicals,5128.1,679.7,687.95,673.3,0.0,684.25,676.85,7.4,1.09
821,Datamatics Global Services Ltd.,DATAMATICS,Information Technology,IT - Software,5124.82,824.75,828.95,816.75,0.0,819.25,820.9,-1.65,-0.2
822,Yasho Industries Ltd.,YASHO,Chemicals,Chemicals,5120.11,4325.8,4478.8,4240.6,0.0,4400.0,4284.2,115.8,2.7
823,Canara Robeco Asset Management Co Ltd.,CRAMC,Finance,Finance - Asset Management,5108.08,263.05,267.5,259.45,0.0,264.7,264.3,0.4,0.15
824,LG Balakrishnan & Bros Ltd.,LGBBROSLTD,Automobile & Ancillaries,Auto Ancillary,5088.91,1599.6,1612.0,1555.6,0.0,1609.0,1599.6,9.4,0.59
825,ICRA Ltd.,ICRA,Ratings,Ratings,5085.72,4881.3,5015.0,4858.1,0.0,4964.8,4867.2,97.6,2.01
826,Optiemus Infracom Ltd.,OPTIEMUS,Trading,Trading,5059.24,551.75,558.85,537.4,0.0,540.2,551.75,-11.55,-2.09
827,Quess Corp Ltd.,QUESS,Information Technology,BPO/ITeS,5054.34,338.0,344.0,333.1,0.0,335.85,338.25,-2.4,-0.71
828,Pilani Investment And Industries Corporation Ltd.,PILANIINVS,Finance,Finance - Investment,5047.34,4310.9,4403.0,4304.1,0.0,4356.9,4309.5,47.4,1.1
829,Fineotex Chemical Ltd.,FCL,Chemicals,Chemicals,5045.78,43.68,47.9,43.43,0.0,47.43,43.55,3.88,8.91
830,Artemis Medicare Services Ltd.,ARTEMISMED,Healthcare,Hospital & Healthcare Services,4987.44,324.9,333.0,323.0,0.0,326.1,321.3,4.8,1.49
831,Thomas Cook (India) Ltd.,THOMASCOOK,Hospitality,Travel Services,4978.98,101.99,115.7,101.99,0.0,113.17,101.58,11.59,11.41
832,Bansal Wire Industries Ltd.,BANSALWIRE,Iron & Steel,Steel & Iron Products,4975.35,324.0,331.0,320.15,0.0,322.3,322.75,-0.45,-0.14
833,Subros Ltd.,SUBROS,Automobile & Ancillaries,Auto Ancillary,4956.29,740.85,743.5,730.35,0.0,733.15,735.55,-2.4,-0.33
834,Jamna Auto Industries Ltd.,JAMNAAUTO,Automobile & Ancillaries,Auto Ancillary,4921.82,121.43,122.44,120.2,0.0,121.41,121.43,-0.02,-0.02
835,Steel Strips Wheels Ltd.,SSWL,Automobile & Ancillaries,Auto Ancillary,4916.11,304.8,304.8,293.2,0.0,295.0,304.8,-9.8,-3.22
836,Laxmi Organic Industries Ltd.,LXCHEM,Chemicals,Chemicals,4895.47,174.51,174.99,172.99,0.0,173.21,174.51,-1.3,-0.74
837,IOL Chemicals And Pharmaceuticals Ltd.,IOLCP,Healthcare,Pharmaceuticals & Drugs,4853.48,164.49,175.7,162.3,0.0,169.52,163.75,5.77,3.52
838,Surya Roshni Ltd.,SURYAROSNI,Iron & Steel,Steel & Iron Products,4852.19,217.0,222.69,216.91,0.0,219.8,218.53,1.27,0.58
839,KDDL Ltd.,KDDL,Consumer Durables,Watches & Accessories,4831.9,3934.2,4078.9,3510.0,0.0,4005.4,3942.7,62.7,1.59
840,MPS Ltd.,MPSLTD,Media & Entertainment,Printing And Publishing,4808.44,2929.0,2939.0,2873.4,0.0,2897.9,2917.4,-19.5,-0.67
841,Savita Oil Technologies Ltd.,SOTL,Automobile & Ancillaries,Lubricants,4795.8,688.85,688.85,666.95,0.0,677.3,688.55,-11.25,-1.63
842,PTC India Ltd.,PTC,Power,Power Generation/Distribution,4779.05,157.05,157.79,156.15,0.0,156.56,157.05,-0.49,-0.31
843,Dee Development Engineers Ltd,DEEDEV,Capital Goods,Engineering - Industrial Equipments,4766.42,629.9,653.35,625.0,0.0,646.1,622.25,23.85,3.83
844,Epigral Ltd.,EPIGRAL,Chemicals,Chemicals,4738.43,1129.5,1135.0,1108.6,0.0,1126.0,1120.5,5.5,0.49
845,Sterling and Wilson Renewable Energy Ltd.,SWSOLAR,Infrastructure,Engineering - Construction,4715.2,197.27,197.63,191.4,0.0,192.17,196.48,-4.31,-2.19
846,GMM Pfaudler Ltd.,GMMPFAUDLR,Capital Goods,Engineering - Industrial Equipments,4699.15,1018.3,1030.5,1002.15,0.0,1022.35,1018.2,4.15,0.41
847,Keystone Realtors Ltd,RUSTOMJEE,Realty,Construction - Real Estate,4690.85,371.0,373.85,365.65,0.0,371.45,370.95,0.5,0.13
848,Ellenbarrie Industrial Gases Ltd.,ELLEN,Industrials Gases & Fuels,Industrial  Gases & Fuels,4689.63,323.1,331.8,320.4,0.0,328.5,324.35,4.15,1.28
849,Dhenu Buildcon Infra Ltd.,DHENUBUILD,Finance,Finance - NBFC,4681.76,,,,,,,,
850,CMR Green Technologies Ltd.,CMRGREEN,Non - Ferrous Metals,Metal - Non Ferrous,4674.64,214.5,218.4,212.1,0.0,212.87,213.75,-0.88,-0.41
851,Shree Renuka Sugars Ltd.,RENUKA,Agriculture,Sugar,4672.04,26.13,26.4,24.76,0.0,25.14,26.13,-0.99,-3.79
852,Shoppers Stop Ltd.,SHOPERSTOP,Retailing,Retailing,4657.84,418.15,425.2,414.8,0.0,421.3,419.9,1.4,0.33
853,Rolex Rings Ltd,ROLEXRINGS,Automobile & Ancillaries,Bearings,4623.62,187.5,189.4,182.0,0.0,183.37,185.82,-2.45,-1.32
854,Morepen Laboratories Ltd.,MOREPENLAB,Healthcare,Pharmaceuticals & Drugs,4614.87,95.3,97.48,92.18,0.0,96.01,96.47,-0.46,-0.48
855,RPG Life Sciences Ltd.,RPGLIFE,Healthcare,Pharmaceuticals & Drugs,4588.92,2654.8,2672.9,2612.2,0.0,2636.6,2654.8,-18.2,-0.69
856,Mahindra Holidays & Resorts India Ltd.,MHRIL,Hospitality,"Hotel, Resort & Restaurants",4557.38,221.05,224.36,220.0,0.0,221.79,221.05,0.74,0.33
857,AGI Greenpac Ltd.,AGI,Fast Moving Consumer Goods,Packaging,4550.49,711.75,758.75,710.1,0.0,753.6,711.65,41.95,5.89
858,Northern ARC Capital Ltd.,NORTHARC,Finance,Finance - NBFC,4548.87,292.6,297.9,286.5,0.0,288.35,292.6,-4.25,-1.45
859,RattanIndia Power Ltd.,RTNPOWER,Power,Power Generation/Distribution,4537.74,7.78,7.95,7.74,0.0,7.89,7.77,0.12,1.54
860,Greaves Cotton Ltd.,GREAVESCOT,Automobile & Ancillaries,Diesel Engines,4534.4,191.2,194.9,191.2,0.0,192.48,191.0,1.48,0.77
861,Raymond Lifestyle Ltd.,RAYMONDLSL,Textile,Textile,4513.83,731.0,736.4,723.75,0.0,726.95,730.85,-3.9,-0.53
862,Bosch Home Comfort India Ltd.,BOSCH-HCIL,Consumer Durables,Air Conditioners,4506.89,1794.0,1794.0,1721.0,0.0,1725.3,1772.0,-46.7,-2.64
863,Dhanuka Agritech Ltd.,DHANUKA,Chemicals,Pesticides & Agrochemicals,4497.73,995.0,1000.0,972.5,0.0,980.3,996.3,-16.0,-1.61
864,Man Industries (India) Ltd.,MANINDS,Iron & Steel,Steel & Iron Products,4496.45,684.0,735.0,681.3,0.0,715.4,676.9,38.5,5.69
865,Deccan Gold Mines Ltd.,DECNGOLD,Mining,Mining & Minerals,4477.74,243.85,250.8,236.1,0.0,245.67,242.66,3.01,1.24
866,Network 18 Media & Investments Ltd.,NETWORK18,Media & Entertainment,TV Broadcasting & Software Production,4471.8,30.69,30.71,29.8,0.0,29.86,30.59,-0.73,-2.39
867,Hirect Ltd.,HIRECT,Capital Goods,Electric Equipment,4464.24,1275.0,1329.5,1265.0,0.0,1273.7,1278.4,-4.7,-0.37
868,Shilchar Technologies Ltd.,SHILCTECH,Capital Goods,Electric Equipment,4461.68,3880.8,3939.9,3853.0,0.0,3883.1,3867.2,15.9,0.41
869,Midwest Energy Ltd.,REMAGNET,Construction Materials,Ceramics/Marble/Granite/Sanitaryware,4456.14,,,,,,,,
870,NRB Bearings Ltd.,NRBBEARING,Automobile & Ancillaries,Bearings,4444.39,483.2,494.0,482.0,0.0,486.1,483.2,2.9,0.6
871,Ram Ratna Wires Ltd.,RAMRAT,Capital Goods,Electric Equipment,4436.88,488.5,493.55,475.0,0.0,477.35,486.5,-9.15,-1.88
872,Responsive Industries Ltd.,RESPONIND,Plastic Products,Plastic Products,4429.7,156.0,159.39,154.15,0.0,155.06,156.37,-1.31,-0.84
873,Swaraj Engines Ltd.,SWARAJENG,Automobile & Ancillaries,Diesel Engines,4422.49,3595.0,3596.0,3558.6,0.0,3569.8,3602.6,-32.8,-0.91
874,Hawkins Cookers Ltd.,HAWKINCOOK,Consumer Durables,Consumer Durables - Domestic Appliances,4416.2,8087.5,8144.0,7980.0,0.0,8029.5,8087.5,-58.0,-0.72
875,Goodluck India Ltd.,GOODLUCK,Iron & Steel,Steel & Iron Products,4400.61,493.2,494.4,469.8,0.0,490.9,479.8,11.1,2.31
876,Sunteck Realty Ltd.,SUNTECK,Realty,Construction - Real Estate,4397.18,294.0,298.7,294.0,0.0,296.35,294.35,2.0,0.68
877,MSTC Ltd.,MSTCLTD,Information Technology,e-Commerce,4381.7,694.0,708.2,689.25,0.0,701.45,692.35,9.1,1.31
878,Electrosteel Castings Ltd.,ELECTCAST,Iron & Steel,Steel & Iron Products,4377.37,71.98,74.5,71.86,0.0,73.87,71.89,1.98,2.75
879,SG Finserve Ltd.,SGFIN,Finance,Finance - NBFC,4351.38,685.0,695.3,681.0,0.0,687.15,684.65,2.5,0.37
880,Bannari Amman Sugars Ltd.,BANARISUG,Agriculture,Sugar,4326.2,4114.9,4199.0,3950.0,0.0,4019.7,4240.7,-221.0,-5.21
881,Afcom Holdings Ltd.,AFCOM,Logistics,Logistics,4310.68,,,,,,,,
882,eMudhra Ltd.,EMUDHRA,Information Technology,IT - Software,4309.11,549.7,549.7,538.2,0.0,540.85,550.0,-9.15,-1.66
883,Juniper Hotels Ltd.,JUNIPER,Hospitality,"Hotel, Resort & Restaurants",4290.96,204.61,211.0,202.5,0.0,210.08,205.21,4.87,2.37
884,Foseco India Ltd.,FOSECOIND,Chemicals,Chemicals,4290.43,5506.0,5524.0,5300.0,0.0,5346.0,5506.0,-160.0,-2.91
885,Deep Industries Ltd.,DEEPINDS,Crude Oil,Oil Exploration,4280.96,654.95,704.35,652.35,0.0,688.05,658.45,29.6,4.5
886,Man InfraConstruction Ltd.,MANINFRA,Infrastructure,Engineering - Construction,4277.65,110.92,111.0,107.65,0.0,108.67,110.29,-1.62,-1.47
887,Symphony Ltd.,SYMPHONY,Trading,Trading,4268.61,616.15,617.95,610.0,0.0,612.5,616.15,-3.65,-0.59
888,Texmaco Rail & Engineering Ltd.,TEXRAIL,Automobile & Ancillaries,Railways Wagons/Coaches,4268.01,105.48,105.98,104.3,0.0,104.57,105.48,-0.91,-0.86
889,Capillary Technologies India Ltd.,CAPILLARY,Information Technology,IT - Software,4267.95,507.8,510.7,497.0,0.0,502.35,506.95,-4.6,-0.91
890,AYE Finance Ltd.,AYE,Finance,Finance - NBFC,4263.22,170.01,173.7,168.03,0.0,170.02,169.69,0.33,0.19
891,VIP Industries Ltd.,VIPIND,Retailing,Retailing,4256.64,304.3,316.85,302.4,0.0,308.35,302.6,5.75,1.9
892,Laser Power & Infra Ltd.,LASERPOWER,Electricals,Cable,4246.14,330.95,341.0,327.05,0.0,337.55,328.4,9.15,2.79
893,Kolte-Patil Developers Ltd.,KOLTEPATIL,Realty,Construction - Real Estate,4240.68,465.0,482.65,465.0,0.0,468.55,465.9,2.65,0.57
894,John Cockerill India Ltd,COCKERILL,Capital Goods,Engineering - Industrial Equipments,4236.84,7835.0,8244.5,7835.0,0.0,8213.5,7834.0,379.5,4.84
895,Sanghvi Movers Ltd.,SANGHVIMOV,Capital Goods,Engineering - Industrial Equipments,4229.67,489.65,494.6,477.1,0.0,479.35,490.7,-11.35,-2.31
896,Raymond Ltd.,RAYMOND,Aviation,Airlines,4228.76,654.9,654.9,640.1,0.0,643.15,656.65,-13.5,-2.06
897,Gufic Biosciences Ltd.,GUFICBIO,Healthcare,Pharmaceuticals & Drugs,4223.9,418.35,437.7,413.2,0.0,431.5,413.7,17.8,4.3
898,CMS Info Systems Ltd.,CMSINFO,Other,Business Support,4219.27,249.6,251.5,245.35,0.0,247.0,249.55,-2.55,-1.02
899,Avantel Ltd.,AVANTEL,Capital Goods,Aerospace & Defense,4212.85,162.3,163.5,159.49,0.0,160.22,162.96,-2.74,-1.68
900,Bajaj Electricals Ltd.,BAJAJELEC,Consumer Durables,Consumer Durables - Domestic Appliances,4184.14,354.35,355.15,350.2,0.0,351.65,354.35,-2.7,-0.76
901,RattanIndia Enterprises Ltd.,RTNINDIA,Finance,Finance - Investment,4157.87,30.03,31.29,30.03,0.0,30.45,30.03,0.42,1.4
902,Bajaj Hindusthan Sugar Ltd.,BAJAJHIND,Agriculture,Sugar,4147.81,23.3,23.36,22.13,0.0,23.13,23.33,-0.2,-0.86
903,Rallis India Ltd.,RALLIS,Chemicals,Pesticides & Agrochemicals,4138.3,213.4,213.4,211.3,0.0,212.18,212.85,-0.67,-0.31
904,TruAlt Bioenergy Ltd.,TRUALT,Alcohol,Breweries & Distilleries,4128.13,465.0,465.4,444.3,0.0,446.15,462.6,-16.45,-3.56
905,CIAN Agro Industries & Infrastructure Ltd.,CIANAGRO,Fast Moving Consumer Goods,Edible Oil,4092.24,,,,,,,,
906,Vishnu Chemicals Ltd.,VISHNU,Chemicals,Chemicals,4087.72,626.0,634.4,625.0,0.0,629.25,625.2,4.05,0.65
907,Midwest Ltd.,MIDWESTLTD,Construction Materials,Ceramics/Marble/Granite/Sanitaryware,4084.91,1147.9,1158.7,1130.1,0.0,1141.0,1154.0,-13.0,-1.13
908,WPIL Ltd.,WPIL,Capital Goods,Compressors / Pumps,4083.62,462.9,462.95,442.5,0.0,451.35,461.5,-10.15,-2.2
909,Ideaforge Technology Ltd.,IDEAFORGE,Capital Goods,Aerospace & Defense,4081.07,814.95,846.0,790.0,0.0,812.5,806.6,5.9,0.73
910,Refex Industries Ltd.,REFEX,Industrials Gases & Fuels,Industrial  Gases & Fuels,4074.05,294.95,296.3,293.05,0.0,293.95,293.6,0.35,0.12
911,Aurionpro Solutions Ltd.,AURIONPRO,Information Technology,IT - Software,4058.14,695.0,701.95,688.8,0.0,695.55,691.4,4.15,0.6
912,Moschip Technologies Ltd.,MOSCHIP,Information Technology,IT - Software,4056.83,207.75,207.9,204.5,0.0,204.89,206.31,-1.42,-0.69
913,Turtlemint Fintech Solutions Ltd.,TURTLEMINT,Information Technology,Fintech,4043.2,145.45,152.73,142.0,0.0,149.34,144.6,4.74,3.28
914,Rossell Techsys Ltd.,ROSSTECH,Capital Goods,Aerospace & Defense,4041.82,1073.75,1090.0,1058.0,0.0,1074.2,1076.6,-2.4,-0.22
915,West Coast Paper Mills Ltd.,WSTCSTPAPR,Paper,Paper & Paper Products,4027.0,637.0,655.0,633.75,0.0,637.25,636.25,1.0,0.16
916,Tatva Chintan Pharma Chem Ltd.,TATVA,Chemicals,Chemicals,4021.45,1650.0,1659.8,1609.3,0.0,1616.4,1638.4,-22.0,-1.34
917,Wakefit Innovations Ltd.,WAKEFIT,Fast Moving Consumer Goods,Household & Personal Products,4019.05,136.36,143.56,135.51,0.0,141.36,136.64,4.72,3.45
918,Mahindra Logistics Ltd.,MAHLOG,Logistics,Logistics,4018.01,405.5,407.55,399.7,0.0,401.15,406.65,-5.5,-1.35
919,Kaveri Seed Company Ltd.,KSCL,Agriculture,Agriculture,4007.62,773.4,773.45,760.0,0.0,760.1,773.4,-13.3,-1.72
920,Orient Electric Ltd.,ORIENTELEC,Consumer Durables,Consumer Durables - Domestic Appliances,4001.68,185.95,186.99,183.66,0.0,185.08,186.03,-0.95,-0.51
921,Pitti Engineering Ltd.,PITTIENG,Capital Goods,Engineering - Industrial Equipments,3983.94,1062.65,1062.65,1038.6,0.0,1052.2,1051.65,0.55,0.05
922,Divgi Torqtransfer Systems Ltd.,DIVGIITTS,Automobile & Ancillaries,Auto Ancillary,3980.67,1274.3,1274.3,1210.0,0.0,1217.9,1263.45,-45.55,-3.61
923,Sanathan Textiles Ltd.,SANATHAN,Textile,Textile - Spinning,3973.32,472.0,473.75,457.65,0.0,465.6,461.25,4.35,0.94
924,Kesar India Ltd.,KESAR,Realty,Construction - Real Estate,3956.37,,,,,,,,
925,Kirloskar Industries Ltd.,KIRLOSIND,Capital Goods,Engineering - Industrial Equipments,3948.87,3740.0,3740.0,3675.0,0.0,3685.0,3714.1,-29.1,-0.78
926,GHCL Ltd.,GHCL,Chemicals,Chemicals,3948.72,445.9,445.9,438.8,0.0,442.4,443.15,-0.75,-0.17
927,Zota Health Care Ltd.,ZOTA,Trading,Trading,3917.98,1080.0,1096.8,1064.6,0.0,1087.4,1076.7,10.7,0.99
928,Novartis India Ltd.,NOVARTIND,Healthcare,Pharmaceuticals & Drugs,3917.69,1485.0,1510.0,1402.0,0.0,1418.9,1482.2,-63.3,-4.27
929,NACL Industries Ltd.,NACLIND,Chemicals,Pesticides & Agrochemicals,3911.86,171.25,173.0,168.1,0.0,169.97,170.1,-0.13,-0.08
930,Seamec Ltd.,SEAMECLTD,Logistics,Shipping,3907.06,1700.0,1717.4,1656.6,0.0,1674.3,1699.0,-24.7,-1.45
931,Pace Digitek Ltd.,PACEDIGITK,Telecom,Telecom-Infrastructure,3906.91,175.45,181.9,174.41,0.0,180.69,175.37,5.32,3.03
932,V.S.T. Tillers Tractors Ltd.,VSTTILLERS,Automobile & Ancillaries,Automobiles-Tractors,3902.74,4435.2,4449.1,4401.0,0.0,4410.2,4432.2,-22.0,-0.5
933,Sandhar Technologies Ltd.,SANDHAR,Automobile & Ancillaries,Auto Ancillary,3856.42,649.1,671.85,646.0,0.0,667.75,648.0,19.75,3.05
934,Indostar Capital Finance Ltd.,INDOSTAR,Finance,Finance - NBFC,3847.4,254.0,258.1,251.1,0.0,253.15,251.4,1.75,0.7
935,Raymond Realty Ltd.,RAYMONDREL,Realty,Construction - Real Estate,3845.3,580.0,582.0,573.4,0.0,576.9,578.05,-1.15,-0.2
936,Styrenix Performance Materials Ltd.,STYRENIX,Chemicals,Chemicals,3840.09,2108.5,2124.9,2066.3,0.0,2081.6,2108.5,-26.9,-1.28
937,Share India Securities Ltd.,SHAREINDIA,Finance,Finance - Stock Broking,3826.16,175.0,176.77,173.2,0.0,174.13,175.28,-1.15,-0.66
938,Indiqube Spaces Ltd.,INDIQUBE,Other,Business Support,3823.38,191.08,193.48,187.23,0.0,189.1,189.15,-0.05,-0.03
939,Vaibhav Global Ltd.,VAIBHAVGBL,Diamond & Jewellery,Diamond  &  Jewellery,3819.17,227.4,228.35,224.95,0.0,226.05,226.85,-0.8,-0.35
940,Aarti Drugs Ltd.,AARTIDRUGS,Healthcare,Pharmaceuticals & Drugs,3806.42,413.45,420.0,410.1,0.0,417.4,414.75,2.65,0.64
941,Gujarat Themis Biosyn Ltd.,GUJTHEM,Healthcare,Pharmaceuticals & Drugs,3803.43,369.25,384.0,369.25,0.0,381.2,369.25,11.95,3.24
942,Unichem Laboratories Ltd.,UNICHEMLAB,Healthcare,Pharmaceuticals & Drugs,3793.46,516.55,533.7,513.5,0.0,526.15,516.55,9.6,1.86
943,D.B. Corp Ltd.,DBCORP,Media & Entertainment,Printing And Publishing,3782.56,206.31,208.0,204.53,0.0,205.86,206.31,-0.45,-0.22
944,Ashika Global Securities Ltd.,ASHIKAG,Finance,Finance - NBFC,3781.21,,,,,,,,
945,Hemisphere Properties India Ltd.,HEMIPROP,Realty,Construction - Real Estate,3769.13,131.0,131.5,130.38,0.0,130.58,130.91,-0.33,-0.25
946,AGI Infra Ltd.,AGIIL,Realty,Construction - Real Estate,3767.42,309.0,310.2,289.5,0.0,291.25,293.7,-2.45,-0.83
947,Lords Mark Industries Ltd.,LORDSMARK,Finance,Finance - NBFC,3760.03,,,,,,,,
948,Indo Tech Transformers Ltd.,INDOTECH,Capital Goods,Electric Equipment,3758.84,3800.0,3914.1,3771.0,0.0,3902.5,3727.8,174.7,4.69
949,J Kumar Infraprojects Ltd.,JKIL,Infrastructure,Engineering - Construction,3753.77,502.0,509.95,500.1,0.0,506.3,503.65,2.65,0.53
950,Pondy Oxides & Chemicals Ltd.,POCL,Non - Ferrous Metals,Metal - Non Ferrous,3749.07,503.0,506.9,497.05,0.0,502.45,503.25,-0.8,-0.16
951,Bhagiradha Chemicals & Industries Ltd.,BHAGCHEM,Chemicals,Pesticides & Agrochemicals,3746.79,284.5,284.65,279.75,0.0,280.2,283.9,-3.7,-1.3
952,Harsha Engineers International Ltd.,HARSHA,Capital Goods,Engineering - Industrial Equipments,3743.28,437.0,441.45,431.85,0.0,437.6,438.05,-0.45,-0.1
953,TCPL Packaging Ltd.,TCPLPACK,Fast Moving Consumer Goods,Packaging,3728.36,4100.9,4209.9,4062.5,0.0,4101.3,4100.9,0.4,0.01
954,KNR Constructions Ltd.,KNRCON,Infrastructure,Engineering - Construction,3719.33,127.15,131.1,126.53,0.0,127.0,127.14,-0.14,-0.11
955,The Anup Engineering Ltd.,ANUP,Capital Goods,Engineering - Industrial Equipments,3712.83,1818.0,1846.4,1790.3,0.0,1808.9,1811.8,-2.9,-0.16
956,Polyplex Corporation Ltd.,POLYPLEX,Plastic Products,Plastic Products,3708.23,1171.0,1205.0,1170.9,0.0,1194.1,1170.9,23.2,1.98
957,Websol Energy System Ltd.,WEBELSOLAR,Electricals,Electronics - Components,3692.56,82.2,84.29,82.2,0.0,82.8,82.85,-0.05,-0.06
958,TARC Ltd.,TARC,Realty,Construction - Real Estate,3690.18,121.63,125.0,121.03,0.0,124.07,121.74,2.33,1.91
959,Uniparts India Ltd.,UNIPARTS,Capital Goods,Engineering - Industrial Equipments,3683.11,815.0,822.35,806.45,0.0,815.3,810.15,5.15,0.64
960,VST Industries Ltd.,VSTIND,Fast Moving Consumer Goods,Cigarettes/Tobacco,3657.96,215.0,215.0,212.0,0.0,212.69,212.86,-0.17,-0.08
961,PSP Projects Ltd.,PSPPROJECT,Realty,Construction - Real Estate,3657.55,921.9,936.0,910.0,0.0,911.95,923.35,-11.4,-1.23
962,Kalyani Steels Ltd.,KSL,Iron & Steel,Steel & Iron Products,3650.27,856.65,914.9,849.0,0.0,881.15,856.65,24.5,2.86
963,JTEKT India Ltd.,JTEKTINDIA,Automobile & Ancillaries,Auto Ancillary,3649.16,129.27,130.05,125.64,0.0,126.1,129.27,-3.17,-2.45
964,Ashiana Housing Ltd.,ASHIANA,Realty,Construction - Real Estate,3644.03,363.8,369.5,359.0,0.0,361.8,367.3,-5.5,-1.5
965,Samhi Hotels Ltd.,SAMHI,Hospitality,"Hotel, Resort & Restaurants",3642.25,160.39,160.91,158.4,0.0,159.56,160.39,-0.83,-0.52
966,Sindhu Trade Links Ltd.,SINDHUTRAD,Logistics,Logistics,3628.16,23.8,24.23,23.18,0.0,23.68,23.9,-0.22,-0.92
967,Jubilant Agri And Consumer Products Ltd.,JUBLCPL,Chemicals,Chemicals,3625.01,2284.0,2291.6,2220.1,0.0,2227.8,2284.0,-56.2,-2.46
968,63 Moons Technologies Ltd.,63MOONS,Information Technology,IT - Software,3624.08,774.9,803.9,767.0,0.0,795.5,770.8,24.7,3.2
969,Filatex India Ltd.,FILATEX,Textile,Textile - Spinning,3619.52,81.26,85.0,81.26,0.0,83.06,81.51,1.55,1.9
970,Aimtron Electronics Ltd.,AIMTRON,Electricals,Electronics - Components,3607.95,,,,,,,,
971,Heidelberg Cement India Ltd.,HEIDELBERG,Construction Materials,Cement & Construction Materials,3589.55,160.9,161.45,158.52,0.0,158.98,160.22,-1.24,-0.77
972,Lux Industries Ltd.,LUXIND,Textile,Textile,3577.48,1210.0,1210.0,1193.1,0.0,1203.4,1201.0,2.4,0.2
973,Kwality Pharmaceuticals Ltd.,KPL,Healthcare,Pharmaceuticals & Drugs,3574.34,3604.1,3634.5,3327.0,0.0,3361.1,3630.3,-269.2,-7.42
974,Sambhv Steel Tubes Ltd.,SAMBHV,Iron & Steel,Steel & Iron Products,3568.47,132.0,133.8,128.56,0.0,129.35,131.38,-2.03,-1.55
975,Muthoot Microfin Ltd.,MUTHOOTMF,Finance,Finance - NBFC,3566.7,214.0,216.69,210.0,0.0,210.87,213.21,-2.34,-1.1
976,Steelcast Ltd.,STEELCAS,Automobile & Ancillaries,Castings/Forgings,3556.67,359.4,363.65,355.0,0.0,356.05,358.7,-2.65,-0.74
977,Jindal Worldwide Ltd.,JINDWORLD,Textile,Textile,3540.19,35.37,35.94,35.0,0.0,35.33,35.1,0.23,0.66
978,Uflex Ltd.,UFLEX,Plastic Products,Plastic Products,3533.31,611.05,634.0,607.4,0.0,614.6,611.05,3.55,0.58
979,National Fertilizers Ltd.,NFL,Chemicals,Fertilizers,3523.33,70.3,71.1,70.01,0.0,70.3,70.3,0.0,0.0
980,Wheels India Ltd.,WHEELS,Automobile & Ancillaries,Auto Ancillary,3510.05,1490.0,1526.9,1462.8,0.0,1512.8,1483.8,29.0,1.95
981,Premier Explosives Ltd.,PREMEXPLN,Chemicals,Chemicals,3504.96,663.55,671.55,663.2,0.0,665.15,663.55,1.6,0.24
982,Greenply Industries Ltd.,GREENPLY,Construction Materials,Wood & Wood Products,3503.5,285.15,297.5,284.8,0.0,293.5,287.15,6.35,2.21
983,Enviro Infra Engineers Ltd.,EIEL,Infrastructure,Engineering - Construction,3459.7,199.01,200.34,193.91,0.0,194.73,199.01,-4.28,-2.15
984,Caliber Mining and Logistics Ltd.,CMLL,Trading,Trading,3453.8,506.9,537.75,506.9,0.0,529.65,506.95,22.7,4.48
985,TVS Srichakra Ltd.,TVSSRICHAK,Automobile & Ancillaries,Tyres & Allied,3437.67,4925.0,5011.0,4839.1,0.0,4879.1,4922.7,-43.6,-0.89
986,Spectrum Electrical Industries Ltd.,SPECTRUM,Capital Goods,Electric Equipment,3434.26,,,,,,,,
987,Oswal Pumps Ltd.,OSWALPUMPS,Capital Goods,Compressors / Pumps,3424.71,307.9,308.3,299.0,0.0,299.6,304.75,-5.15,-1.69
988,Shanti Educational Initiatives Ltd.,SEIL,Other,Educational Institutions,3422.86,210.57,211.5,205.0,0.0,205.84,210.81,-4.97,-2.36
989,Dalmia Bharat Sugar And Industries Ltd.,DALMIASUG,Agriculture,Sugar,3420.49,498.0,508.9,475.05,0.0,497.95,508.1,-10.15,-2.0
990,Indraprastha Medical Corporation Ltd.,INDRAMEDCO,Healthcare,Hospital & Healthcare Services,3419.86,375.95,378.1,369.0,0.0,369.7,376.8,-7.1,-1.88
991,H.G. Infra Engineering Ltd.,HGINFRA,Infrastructure,Engineering - Construction,3413.66,513.0,515.35,510.35,0.0,511.9,513.7,-1.8,-0.35
992,Vardhman Special Steels Ltd.,VSSL,Iron & Steel,Steel & Iron Products,3410.17,358.95,358.95,346.25,0.0,348.7,356.0,-7.3,-2.05
993,Advanced Enzyme Technologies Ltd.,ADVENZYMES,Healthcare,Pharmaceuticals & Drugs,3405.19,303.0,308.05,299.05,0.0,300.0,303.0,-3.0,-0.99
994,Kernex Microsystems (India) Ltd.,KERNEX,Electricals,Electronics - Components,3401.56,1835.0,1970.0,1811.0,0.0,1934.5,1837.0,97.5,5.31
995,Gopal Snacks Ltd.,GOPAL,Fast Moving Consumer Goods,Consumer Food,3392.81,281.4,288.0,280.0,0.0,282.3,282.75,-0.45,-0.16
996,SMS Pharmaceuticals Ltd.,SMSPHARMA,Healthcare,Pharmaceuticals & Drugs,3376.62,357.0,358.75,351.0,0.0,356.6,356.5,0.1,0.03
997,Carysil Ltd.,CARYSIL,Fast Moving Consumer Goods,Household & Personal Products,3354.95,1167.4,1175.5,1120.2,0.0,1155.4,1158.1,-2.7,-0.23
998,TechNVision Ventures Ltd.,TECHNVISN,Information Technology,IT - Software,3351.92,4950.0,5082.9,4915.0,0.0,4932.0,4973.5,-41.5,-0.83
999,Heritage Foods Ltd.,HERITGFOOD,Fast Moving Consumer Goods,Consumer Food,3330.45,381.8,387.05,372.55,0.0,380.85,378.75,2.1,0.55
1000,NIIT Learning Systems Ltd.,NIITMTS,Information Technology,IT - Education,3330.01,231.7,234.65,228.0,0.0,228.8,231.46,-2.66,-1.15
1001,Network People Services Technologies Ltd.,NPST,Information Technology,IT - Software,3315.21,1607.4,1615.0,1581.0,0.0,1588.5,1606.9,-18.4,-1.15
1002,Ravindra Energy Ltd.,RELTD,Power,Power Generation/Distribution,3283.01,165.01,170.0,164.51,0.0,167.63,166.71,0.92,0.55
1003,Dredging Corporation Of India Ltd.,DREDGECORP,Logistics,Shipping,3269.42,1124.0,1139.9,1105.3,0.0,1116.5,1118.3,-1.8,-0.16
1004,Venus Pipes & Tubes Ltd.,VENUSPIPES,Iron & Steel,Steel & Iron Products,3267.66,1545.1,1597.0,1538.8,0.0,1556.6,1540.9,15.7,1.02
1005,D.P. Abhushan Ltd.,DPABHUSHAN,Diamond & Jewellery,Diamond  &  Jewellery,3259.37,1461.1,1487.0,1444.9,0.0,1482.4,1461.7,20.7,1.42
1006,Mayur Uniquoters Ltd.,MAYURUNIQ,Fast Moving Consumer Goods,Leather,3238.74,768.9,768.9,752.95,0.0,757.1,776.05,-18.95,-2.44
1007,Fusion Finance Ltd.,FUSION,Finance,Finance - NBFC,3235.55,204.69,205.0,198.55,0.0,200.12,203.32,-3.2,-1.57
1008,Anand Rathi Share & Stock Brokers Ltd.,ARSSBL,Finance,Finance - Stock Broking,3205.03,498.5,514.0,497.0,0.0,511.7,497.65,14.05,2.82
1009,Ujaas Energy Ltd.,UEL,Capital Goods,Electric Equipment,3203.55,181.23,181.23,181.23,0.0,181.23,190.76,-9.53,-5.0
1010,Route Mobile Ltd.,ROUTE,Information Technology,IT - Software,3183.19,503.5,505.1,498.55,0.0,502.3,503.35,-1.05,-0.21
1011,Welspun Specialty Solutions Ltd.,WELSPLSOL,Iron & Steel,Steel & Iron Products,3171.26,49.59,54.2,49.01,0.0,51.38,48.41,2.97,6.14
1012,Ashoka Buildcon Ltd.,ASHOKA,Infrastructure,Engineering - Construction,3153.93,112.15,114.9,111.87,0.0,114.22,112.07,2.15,1.92
1013,Kewal Kiran Clothing Ltd.,KKCL,Textile,Textile,3149.05,518.6,523.8,515.0,0.0,516.45,518.6,-2.15,-0.41
1014,Prince Pipes and Fittings Ltd.,PRINCEPIPE,Plastic Products,Plastic Products,3143.8,285.0,288.75,282.1,0.0,283.3,283.1,0.2,0.07
1015,Crizac Ltd.,CRIZAC,Other,Educational Institutions,3135.69,172.65,175.0,171.0,0.0,172.84,171.34,1.5,0.88
1016,Windsor Machines Ltd.,WINDMACHIN,Capital Goods,Engineering - Industrial Equipments,3122.41,323.15,326.0,311.3,0.0,314.6,320.5,-5.9,-1.84
1017,Bondada Engineering Ltd.,BONDADA,Telecom,Telecom-Infrastructure,3120.66,,,,,,,,
1018,Nitin Spinners Ltd.,NITINSPIN,Textile,Textile - Spinning,3112.06,589.0,596.55,581.1,0.0,588.45,586.05,2.4,0.41
1019,Ramco Industries Ltd.,RAMCOIND,Construction Materials,Cement & Construction Materials,3105.89,359.8,360.05,346.0,0.0,347.0,354.0,-7.0,-1.98
1020,Apcotex Industries Ltd.,APCOTEXIND,Agriculture,Rubber  Products,3103.18,614.85,627.55,613.35,0.0,625.05,613.65,11.4,1.86
1021,Monarch Networth Capital Ltd.,MONARCH,Finance,Finance - Stock Broking,3092.63,394.0,396.85,341.85,0.0,385.45,391.85,-6.4,-1.63
1022,Jash Engineering Ltd.,JASH,Capital Goods,Engineering - Industrial Equipments,3090.17,483.45,484.5,468.8,0.0,472.5,481.5,-9.0,-1.87
1023,Bhansali Engineering Polymers Ltd.,BEPL,Chemicals,Chemicals,3078.38,124.0,128.65,123.23,0.0,125.82,123.23,2.59,2.1
1024,Rane (Madras) Ltd.,RML,Automobile & Ancillaries,Auto Ancillary,3067.86,1092.4,1129.0,1080.5,0.0,1101.0,1078.2,22.8,2.11
1025,Grauer & Weil (India) Ltd.,GRAUWEIL,Chemicals,Chemicals,3054.63,66.32,71.45,66.32,0.0,70.07,66.25,3.82,5.77
1026,Shanthi Gears Ltd.,SHANTIGEAR,Automobile & Ancillaries,Auto Ancillary,3040.25,395.0,464.25,395.0,0.0,464.25,386.9,77.35,19.99
1027,Shankara Buildpro Ltd.,BUILDPRO,Retailing,Retailing,3026.68,1263.0,1267.9,1253.1,0.0,1256.4,1263.1,-6.7,-0.53
1028,Sangam (India) Ltd.,SANGAMIND,Textile,Textile,3012.28,575.55,587.15,573.05,0.0,577.65,578.05,-0.4,-0.07
1029,Arvind Smartspaces Ltd.,ARVSMART,Realty,Construction - Real Estate,3011.99,660.0,670.2,653.55,0.0,667.0,659.1,7.9,1.2
1030,Sasken Technologies Ltd.,SASKEN,Information Technology,IT - Software,2999.94,1874.1,1960.0,1865.0,0.0,1949.0,1874.1,74.9,4.0
1031,Dishman Carbogen Amcis Ltd.,DCAL,Healthcare,Pharmaceuticals & Drugs,2985.15,174.0,181.57,172.21,0.0,173.54,172.41,1.13,0.66
1032,Navneet Education Ltd.,NAVNETEDUL,Media & Entertainment,Printing And Publishing,2972.0,133.79,134.55,133.0,0.0,133.62,133.79,-0.17,-0.13
1033,Wonderla Holidays Ltd.,WONDERLA,Hospitality,Amusement Parks/Recreation/Club,2971.12,490.95,524.95,490.2,0.0,519.2,490.1,29.1,5.94
1034,Elpro International Ltd.,ELPROINTL,Realty,Construction - Real Estate,2963.34,175.42,177.0,175.08,0.0,175.47,176.44,-0.97,-0.55
1035,JTL Industries Ltd,JTLIND,Iron & Steel,Steel & Iron Products,2962.26,75.0,80.45,74.31,0.0,79.52,74.61,4.91,6.58
1036,Balmer Lawrie & Company Ltd.,BALMLAWRIE,Diversified,Diversified,2960.93,174.5,175.67,174.02,0.0,174.64,174.0,0.64,0.37
1037,RPSG Ventures Ltd.,RPSGVENT,Information Technology,IT - Software,2951.47,879.95,879.95,865.0,0.0,866.25,868.4,-2.15,-0.25
1038,Pokarna Ltd.,POKARNA,Construction Materials,Ceramics/Marble/Granite/Sanitaryware,2945.07,886.1,991.5,873.0,0.0,897.7,889.55,8.15,0.92
1039,United Foodbrands Ltd.,UFBL,Hospitality,Restaurants,2928.74,,,,,,,,
1040,Carraro India Ltd.,CARRARO,Automobile & Ancillaries,Auto Ancillary,2927.57,528.9,538.4,524.0,0.0,531.4,525.75,5.65,1.07
1041,Panama Petrochem Ltd.,PANAMAPET,Automobile & Ancillaries,Lubricants,2926.38,486.1,493.7,483.1,0.0,485.2,486.25,-1.05,-0.22
1042,Interarch Building Solutions Ltd.,INTERARCH,Infrastructure,Engineering - Construction,2919.1,1690.1,1713.1,1670.0,0.0,1676.3,1688.3,-12.0,-0.71
1043,The Orissa Minerals Development Company Ltd.,ORISSAMINE,Mining,Mining & Minerals,2918.52,4630.2,4780.0,4574.9,0.0,4617.5,4651.5,-34.0,-0.73
1044,Chemplast Sanmar Ltd.,CHEMPLASTS,Chemicals,Chemicals,2914.75,175.15,179.78,175.15,0.0,176.89,175.14,1.75,1.0
1045,Euro Pratik Sales Ltd.,EUROPRATIK,Construction Materials,Laminates/Decoratives,2905.03,265.75,268.0,261.85,0.0,263.15,265.75,-2.6,-0.98
1046,Siyaram Silk Mills Ltd.,SIYSIL,Textile,Textile - Weaving,2895.52,635.0,645.5,599.95,0.0,606.35,647.55,-41.2,-6.36
1047,ADF Foods Ltd.,ADFFOODS,Fast Moving Consumer Goods,Consumer Food,2893.81,266.15,272.1,264.35,0.0,267.6,267.35,0.25,0.09
1048,MM Forgings Ltd.,MMFL,Automobile & Ancillaries,Forgings,2874.93,638.0,664.0,633.2,0.0,652.6,638.95,13.65,2.14
1049,Ddev Plastiks Industries Ltd.,DDEVPLSTIK,Plastic Products,Plastic Products,2866.3,276.5,279.6,275.3,0.0,277.85,276.5,1.35,0.49
1050,BLS E-Services Ltd.,BLSE,Other,Professional Services,2863.8,320.0,323.95,315.5,0.0,320.9,321.1,-0.2,-0.06
1051,R Systems International Ltd.,RSYSTEMS,Information Technology,IT - Software,2862.78,241.6,241.6,237.25,0.0,239.25,241.6,-2.35,-0.97
1052,Prataap Snacks Ltd.,DIAMONDYD,Fast Moving Consumer Goods,Consumer Food,2859.64,1179.3,1192.6,1165.9,0.0,1179.3,1175.0,4.3,0.37
1053,Borosil Ltd.,BOROLTD,Consumer Durables,Consumer Durables - Domestic Appliances,2851.57,258.0,258.3,249.0,0.0,254.18,257.82,-3.64,-1.41
1054,Vindhya Telelinks Ltd.,VINDHYATEL,Telecom,Telecom-Infrastructure,2843.44,2446.7,2490.0,2386.1,0.0,2453.9,2436.0,17.9,0.73
1055,Ganesha Ecosphere Ltd.,GANECOS,Textile,Textile - Manmade  Fibres,2838.9,1093.6,1101.6,1076.3,0.0,1082.1,1095.5,-13.4,-1.22
1056,Beta Drugs Ltd.,BETA,Healthcare,Pharmaceuticals & Drugs,2827.67,2285.0,2354.1,2258.3,0.0,2327.7,2295.0,32.7,1.42
1057,Patel Engineering Ltd.,PATELENG,Infrastructure,Engineering - Construction,2827.6,28.06,28.48,28.03,0.0,28.17,28.14,0.03,0.11
1058,Nalwa Sons Investments Ltd.,NSIL,Finance,Finance - Investment,2826.46,5638.0,5640.0,5540.5,0.0,5587.0,5631.0,-44.0,-0.78
1059,Maithan Alloys Ltd.,MAITHANALL,Ferro Manganese,Ferro & Silica Manganese,2826.29,982.0,984.45,972.1,0.0,977.1,978.0,-0.9,-0.09
1060,Colab Platforms Ltd.,COLAB,Finance,Finance - Investment,2810.1,,,,,,,,
1061,Jindal Poly Films Ltd.,JINDALPOLY,Textile,Textile,2788.98,634.6,641.6,634.5,0.0,637.6,637.0,0.6,0.09
1062,Baazar Style Retail Ltd.,STYLEBAAZA,Retailing,Retailing,2787.04,437.85,447.1,417.65,0.0,417.65,439.6,-21.95,-4.99
1063,Rossari Biotech Ltd.,ROSSARI,Chemicals,Chemicals,2780.51,511.8,515.45,499.25,0.0,501.75,511.7,-9.95,-1.94
1064,Nilkamal Ltd.,NILKAMAL,Plastic Products,Plastic Products,2766.49,2011.0,2064.4,2005.0,0.0,2053.6,2043.7,9.9,0.48
1065,Antelopus Selan Energy Ltd.,ANTELOPUS,Crude Oil,Oil Exploration,2758.14,796.0,816.4,788.9,0.0,800.1,796.65,3.45,0.43
1066,GSP Crop science Ltd.,GSPCROP,Chemicals,Pesticides & Agrochemicals,2756.47,585.4,600.0,585.4,0.0,594.0,590.5,3.5,0.59
1067,Vimta Labs Ltd.,VIMTALABS,Healthcare,Hospital & Healthcare Services,2754.05,640.1,647.95,627.2,0.0,629.65,640.4,-10.75,-1.68
1068,Sundaram-Clayton Ltd.,SUNCLAY,Automobile & Ancillaries,Auto Ancillary,2744.75,1286.0,1289.6,1268.1,0.0,1284.1,1275.9,8.2,0.64
1069,Gateway Distriparks Ltd.,GATEWAY,Logistics,Logistics,2743.04,55.12,55.19,53.5,0.0,53.6,55.1,-1.5,-2.72
1070,Globus Spirits Ltd.,GLOBUSSPR,Alcohol,Breweries & Distilleries,2739.49,909.7,909.7,898.4,0.0,906.4,905.1,1.3,0.14
1071,Elitecon International Ltd.,ELITECON,Trading,Trading,2738.23,16.79,16.95,15.61,0.0,15.7,16.79,-1.09,-6.49
1072,Reliance Infrastructure Ltd.,RELINFRA,Power,Power Generation/Distribution,2731.7,,,,,,,,
1073,Gujarat Industries Power Company Ltd.,GIPCL,Power,Power Generation/Distribution,2727.14,173.0,174.5,169.5,0.0,172.64,170.18,2.46,1.45
1074,Orient Cement Ltd.,ORIENTCEM,Construction Materials,Cement & Construction Materials,2721.32,130.84,133.35,130.0,0.0,131.52,130.86,0.66,0.5
1075,Ramky Infrastructure Ltd.,RAMKY,Infrastructure,Engineering - Construction,2706.67,389.2,398.0,380.0,0.0,392.2,391.15,1.05,0.27
1076,Automotive Axles Ltd.,AUTOAXLES,Automobile & Ancillaries,Auto Ancillary,2701.95,1762.0,1776.4,1740.0,0.0,1744.8,1754.2,-9.4,-0.54
1077,Yash Highvoltage Ltd.,YASHHV,Capital Goods,Electric Equipment,2699.25,,,,,,,,
1078,Imagicaaworld Entertainment Ltd.,IMAGICAA,Hospitality,Amusement Parks/Recreation/Club,2696.9,47.25,49.45,47.25,0.0,48.87,47.45,1.42,2.99
1079,Nocil Ltd.,NOCIL,Chemicals,Chemicals,2696.62,162.0,170.0,161.55,0.0,167.02,161.66,5.36,3.32
1080,Zaggle Prepaid Ocean Services Ltd.,ZAGGLE,Information Technology,IT - Software,2696.56,198.52,203.95,194.37,0.0,200.12,197.56,2.56,1.3
1081,Hikal Ltd.,HIKAL,Healthcare,Pharmaceuticals & Drugs,2686.72,212.7,218.35,212.7,0.0,215.61,212.26,3.35,1.58
1082,Kiri Industries Ltd.,KIRIINDUS,Chemicals,Dyes & Pigments,2684.27,463.95,479.95,458.55,0.0,477.9,461.3,16.6,3.6
1083,Mufin Green Finance Ltd.,MUFIN,Finance,Finance - NBFC,2683.12,139.98,141.5,138.41,0.0,139.49,139.51,-0.02,-0.01
1084,Kitex Garments Ltd.,KITEX,Textile,Textile,2677.29,125.1,126.59,124.0,0.0,124.95,124.73,0.22,0.18
1085,Ador Welding Ltd.,ADOR,Capital Goods,Electrodes & Welding Equipment,2675.77,1683.9,1696.9,1612.5,0.0,1617.6,1684.0,-66.4,-3.94
1086,Axis Solution Ltd.,AXISOL,Capital Goods,Engineering - Industrial Equipments,2673.28,,,,,,,,
1087,Flair Writing Industries Ltd.,FLAIR,Fast Moving Consumer Goods,Printing & Stationery,2672.3,253.95,254.25,247.7,0.0,248.8,253.0,-4.2,-1.66
1088,Parag Milk Foods Ltd.,PARAGMILK,Fast Moving Consumer Goods,Consumer Food,2672.09,208.55,229.9,208.55,0.0,225.5,207.94,17.56,8.44
1089,Stallion India Fluorochemicals Ltd.,STALLION,Industrials Gases & Fuels,Industrial  Gases & Fuels,2669.39,,,,,,,,
1090,EFC (I) Ltd.,EFCIL,Other,Business Support,2659.33,188.4,192.3,188.13,0.0,191.61,190.66,0.95,0.5
1091,Silver Touch Technologies Ltd.,SILVERTUC,Information Technology,IT - Software,2650.96,194.0,196.8,184.1,0.0,185.94,195.33,-9.39,-4.81
1092,Hubtown Ltd.,HUBTOWN,Realty,Construction - Real Estate,2645.91,198.0,200.59,193.5,0.0,194.54,198.81,-4.27,-2.15
1093,Ind-Swift Laboratories Ltd.,INDSWFTLAB,Healthcare,Pharmaceuticals & Drugs,2645.37,335.17,337.6,325.21,0.0,329.59,333.51,-3.92,-1.18
1094,Oriana Power Ltd.,ORIANA,Infrastructure,Engineering - Construction,2637.12,,,,,,,,
1095,Veedol Corporation Ltd.,VEEDOL,Automobile & Ancillaries,Lubricants,2632.51,1512.0,1512.0,1500.4,0.0,1502.5,1510.4,-7.9,-0.52
1096,Rajratan Global Wire Ltd.,RAJRATAN,Automobile & Ancillaries,Auto Ancillary,2621.05,503.1,512.0,494.2,0.0,501.75,505.35,-3.6,-0.71
1097,Dr Agarwals Eye Hospital Ltd.,DRAGARWQ,Healthcare,Hospital & Healthcare Services,2612.26,5306.0,5405.0,5262.5,0.0,5395.0,5307.0,88.0,1.66
1098,Fischer Medical Ventures Ltd.,FISCHER,Trading,Trading,2609.24,39.15,39.15,37.71,0.0,38.14,38.95,-0.81,-2.08
1099,Medi Assist Healthcare Services Ltd.,MEDIASSIST,Other,Business Support,2607.84,358.0,369.8,357.85,0.0,360.75,355.9,4.85,1.36
1100,Talbros Automotive Components Ltd.,TALBROAUTO,Automobile & Ancillaries,Auto Ancillary,2593.82,412.0,416.0,405.9,0.0,413.4,412.0,1.4,0.34
1101,GK Energy Ltd.,GKENERGY,Infrastructure,Engineering - Construction,2588.96,124.5,124.79,122.43,0.0,123.3,123.99,-0.69,-0.56
1102,Eveready Industries India Ltd.,EVEREADY,Automobile & Ancillaries,Batteries,2588.39,355.05,355.05,346.35,0.0,348.95,355.05,-6.1,-1.72
1103,Pix Transmissions Ltd.,PIXTRANS,Agriculture,Rubber  Products,2585.18,1817.6,1833.7,1790.0,0.0,1809.1,1820.3,-11.2,-0.62
1104,Bharat Bijlee Ltd.,BBL,Capital Goods,Electric Equipment,2583.55,2355.0,2400.9,2331.0,0.0,2389.7,2353.9,35.8,1.52
1105,Schneider Electric President Systems Ltd.,SELECTRIC,Consumer Durables,IT - Hardware,2576.27,,,,,,,,
1106,Xpro India Ltd.,XPROINDIA,Plastic Products,Plastic Products,2575.41,1121.1,1153.7,1101.0,0.0,1142.0,1121.1,20.9,1.86
1107,Tasty Bite Eatables Ltd.,TASTYBITE,Fast Moving Consumer Goods,Consumer Food,2565.67,10111.5,10219.0,9955.0,0.0,10135.5,10104.5,31.0,0.31
1108,Fredun Pharmaceuticals Ltd.,FREDUN,Healthcare,Pharmaceuticals & Drugs,2559.68,1469.0,1469.0,1415.0,0.0,1434.6,1471.8,-37.2,-2.53
1109,Concord Control Systems Ltd.,CNCRD,Capital Goods,Engineering - Industrial Equipments,2555.72,,,,,,,,
1110,Easy Trip Planners Ltd.,EASEMYTRIP,Hospitality,Travel Services,2554.16,6.15,6.41,6.06,0.0,6.25,6.09,0.16,2.63
1111,JNK India Ltd.,JNKINDIA,Capital Goods,Engineering - Industrial Equipments,2552.62,450.35,459.45,446.2,0.0,454.35,450.35,4.0,0.89
1112,Federal-Mogul Goetze (India) Ltd.,FMGOETZE,Automobile & Ancillaries,Auto Ancillary,2544.89,479.8,480.45,468.9,0.0,472.1,474.0,-1.9,-0.4
1113,India Nippon Electricals Ltd.,INDNIPPON,Automobile & Ancillaries,Auto Ancillary,2542.31,1105.0,1123.2,1095.3,0.0,1105.7,1100.8,4.9,0.45
1114,Knack Packaging Ltd.,KNACK,Fast Moving Consumer Goods,Packaging,2537.85,209.0,209.0,202.16,0.0,203.55,209.17,-5.62,-2.69
1115,Sportking India Ltd.,SPORTKING,Textile,Textile,2530.0,211.6,214.19,206.86,0.0,213.07,212.34,0.73,0.34
1116,Rishabh Instruments Ltd.,RISHABH,Capital Goods,Electric Equipment,2516.76,679.5,691.0,657.05,0.0,669.3,684.2,-14.9,-2.18
1117,Apeejay Surrendra Park Hotels Ltd.,PARKHOTELS,Hospitality,"Hotel, Resort & Restaurants",2509.28,116.8,117.6,115.0,0.0,115.61,116.4,-0.79,-0.68
1118,Sundrop Brands Ltd.,SUNDROP,Fast Moving Consumer Goods,Edible Oil,2502.88,665.0,665.0,645.1,0.0,646.5,652.35,-5.85,-0.9
1119,Utkarsh Small Finance Bank Ltd.,UTKARSHBNK,Banking,Bank - Private,2494.89,13.9,14.6,13.9,0.0,14.43,13.92,0.51,3.66
1120,Stove Kraft Ltd.,STOVEKRAFT,Consumer Durables,Consumer Durables - Domestic Appliances,2486.69,776.0,783.3,766.95,0.0,775.45,775.95,-0.5,-0.06
1121,Satin Creditcare Network Ltd.,SATIN,Finance,Finance Term Lending,2482.83,227.0,227.99,223.1,0.0,224.16,226.98,-2.82,-1.24
1122,Arkade Developers Ltd.,ARKADE,Realty,Construction - Real Estate,2481.39,131.1,132.68,128.96,0.0,130.98,131.01,-0.03,-0.02
1123,Mobavenue Ai Tech Ltd.,MOBAVENUE,Information Technology,IT - Software,2477.39,,,,,,,,
1124,Solara Active Pharma Sciences Ltd.,SOLARA,Healthcare,Pharmaceuticals & Drugs,2465.73,625.9,638.5,609.0,0.0,616.9,640.0,-23.1,-3.61
1125,Marathon Nextgen Realty Ltd.,MARATHON,Realty,Construction - Real Estate,2462.4,356.0,363.85,350.2,0.0,352.35,354.6,-2.25,-0.63
1126,Mangalam Cement Ltd.,MANGLMCEM,Construction Materials,Cement & Construction Materials,2461.15,1004.95,1036.65,980.05,0.0,1027.95,981.85,46.1,4.7
1127,Cosmo First Ltd.,COSMOFIRST,Plastic Products,Plastic Products,2460.26,938.45,946.75,920.05,0.0,922.95,938.45,-15.5,-1.65
1128,Prakash Industries Ltd.,PRAKASH,Iron & Steel,Steel & Iron Products,2441.78,129.1,133.9,128.01,0.0,128.6,129.45,-0.85,-0.66
1129,Sai Parenteral's Ltd.,SAIPARENT,Healthcare,Pharmaceuticals & Drugs,2438.25,546.15,546.2,539.0,0.0,540.85,543.4,-2.55,-0.47
1130,SIRCA Paints India Ltd.,SIRCA,Trading,Trading,2432.15,451.0,453.75,445.65,0.0,451.2,449.75,1.45,0.32
1131,Panacea Biotec Ltd.,PANACEABIO,Healthcare,Pharmaceuticals & Drugs,2429.2,413.65,420.4,403.55,0.0,411.1,413.65,-2.55,-0.62
1132,Rajesh Exports Ltd.,RAJESHEXPO,Diamond & Jewellery,Diamond  &  Jewellery,2406.66,,,,,,,,
1133,Gandhar Oil Refinery (India) Ltd.,GANDHAR,Automobile & Ancillaries,Lubricants,2399.03,257.06,257.25,249.5,0.0,250.43,254.09,-3.66,-1.44
1134,BN Agrochem Ltd.,BNAGROCHEM,Agriculture,Solvent  Extraction,2398.37,233.0,240.0,230.0,0.0,239.95,237.45,2.5,1.05
1135,Confidence Petroleum India Ltd.,CONFIPET,Trading,Trading,2390.81,72.46,76.2,71.21,0.0,74.8,72.16,2.64,3.66
1136,Venus Remedies Ltd.,VENUSREM,Healthcare,Pharmaceuticals & Drugs,2388.41,,,,,,,,
1137,Rane Holdings Ltd.,RANEHOLDIN,Finance,Finance - Investment,2385.18,1589.8,1630.0,1586.5,0.0,1615.6,1581.1,34.5,2.18
1138,JG Chemicals Ltd.,JGCHEM,Chemicals,Chemicals,2376.63,618.95,625.25,606.05,0.0,621.85,619.9,1.95,0.31
1139,Veranda Learning Solutions Ltd.,VERANDA,Other,Educational Institutions,2366.86,258.0,264.95,256.05,0.0,259.25,255.9,3.35,1.31
1140,Bombay Dyeing And Manufacturing Company Ltd.,BOMDYEING,Textile,Textile,2362.76,113.2,113.2,111.19,0.0,111.65,112.6,-0.95,-0.84
1141,S.P. Apparels Ltd.,SPAL,Textile,Textile,2359.54,929.6,935.65,908.25,0.0,930.45,923.85,6.6,0.71
1142,Nitco Ltd.,NITCO,Construction Materials,Ceramics/Marble/Granite/Sanitaryware,2359.06,89.99,95.0,89.99,0.0,93.36,89.61,3.75,4.18
1143,SH Kelkar And Company Ltd.,SHK,Chemicals,Chemicals,2358.0,158.54,160.07,156.2,0.0,157.47,158.54,-1.07,-0.67
1144,Amic Forging Ltd.,AMIC,Automobile & Ancillaries,Forgings,2342.9,,,,,,,,
1145,Nelco Ltd.,NELCO,Consumer Durables,IT - Hardware,2342.19,909.9,915.0,895.6,0.0,906.7,912.0,-5.3,-0.58
1146,GNA Axles Ltd.,GNA,Automobile & Ancillaries,Auto Ancillary,2330.07,562.0,575.0,552.25,0.0,562.85,566.15,-3.3,-0.58
1147,Sika Interplant Systems Ltd.,SIKA,Capital Goods,Aerospace & Defense,2327.43,990.1,1038.0,990.1,0.0,1002.7,999.8,2.9,0.29
1148,Kalyani Investment Company Ltd.,KICL,Finance,Finance - Investment,2326.38,5240.5,5430.0,5201.0,0.0,5382.5,5258.0,124.5,2.37
1149,Ajmera Realty & Infra India Ltd.,AJMERA,Realty,Construction - Real Estate,2326.12,118.23,121.34,117.32,0.0,117.96,119.07,-1.11,-0.93
1150,EPack Prefab Technologies Ltd.,EPACKPEB,Plastic Products,Plastic Products,2310.94,235.0,235.0,230.35,0.0,234.35,232.9,1.45,0.62
1151,NIBE Ltd.,NIBE,Capital Goods,Aerospace & Defense,2307.75,1529.5,1544.8,1472.0,0.0,1490.8,1503.6,-12.8,-0.85
1152,Mold-Tek Packaging Ltd.,MOLDTKPAC,Fast Moving Consumer Goods,Packaging,2306.42,689.0,720.0,676.0,0.0,708.95,682.4,26.55,3.89
1153,Advait Energy Transitions Ltd.,ADVAIT,Electricals,Cable,2301.75,2131.4,2131.4,2075.0,0.0,2086.0,2115.4,-29.4,-1.39
1154,Sagar Cements Ltd.,SAGCEM,Construction Materials,Cement & Construction Materials,2287.38,164.45,164.73,162.0,0.0,162.95,162.45,0.5,0.31
1155,Prabha Energy Ltd,PRABHA,Miscellaneous,Miscellaneous,2285.8,212.0,218.7,201.63,0.0,217.66,212.89,4.77,2.24
1156,Thejo Engineering Ltd.,THEJO,Capital Goods,Engineering,2283.29,2101.2,2118.0,2021.2,0.0,2057.8,2101.2,-43.4,-2.07
1157,HLE Glascoat Ltd.,HLEGLAS,Capital Goods,Engineering - Industrial Equipments,2276.38,311.8,322.0,311.35,0.0,319.0,311.8,7.2,2.31
1158,Brigade Hotel Ventures Ltd.,BRIGHOTEL,Hospitality,"Hotel, Resort & Restaurants",2274.88,59.99,59.99,59.02,0.0,59.13,59.91,-0.78,-1.3
1159,Apollo Pipes Ltd.,APOLLOPIPE,Plastic Products,Plastic Products,2260.77,603.25,616.15,597.1,0.0,601.55,603.25,-1.7,-0.28
1160,Protean e-Gov Technologies Ltd.,PROTEAN,Information Technology,BPO/ITeS,2241.07,548.25,562.0,548.0,0.0,551.05,548.15,2.9,0.53
1161,Ramco Systems Ltd.,RAMCOSYS,Information Technology,IT - Software,2240.39,552.35,555.0,537.15,0.0,543.65,552.35,-8.7,-1.58
1162,Repco Home Finance Ltd.,REPCOHOME,Finance,Finance - Housing,2236.57,364.65,364.65,357.8,0.0,359.05,362.8,-3.75,-1.03
1163,Geojit Financial Services Ltd.,GEOJITFSL,Finance,Finance - Stock Broking,2231.58,81.2,81.64,80.1,0.0,80.72,80.79,-0.07,-0.09
1164,Sanstar Ltd.,SANSTAR,Fast Moving Consumer Goods,Consumer Food,2228.99,105.57,106.88,104.99,0.0,105.75,105.23,0.52,0.49
1165,Alembic Ltd.,ALEMBICLTD,Realty,Construction - Real Estate,2227.07,92.0,93.2,90.42,0.0,92.73,91.63,1.1,1.2
1166,Oriental Hotels Ltd.,ORIENTHOT,Hospitality,"Hotel, Resort & Restaurants",2216.42,136.61,139.9,132.55,0.0,138.67,137.29,1.38,1.01
1167,Elcid Investments Ltd.,ELCIDIN,Finance,Finance - Investment,2207.8,109000.0,109100.0,109000.0,0.0,109005.0,109000.0,5.0,0.0
1168,OBSC Perfection Ltd.,OBSCP,Capital Goods,Engineering - Industrial Equipments,2202.05,,,,,,,,
1169,Modern Insulators Ltd.,MODINSU,Electricals,Electronics - Components,2199.26,,,,,,,,
1170,Saksoft Ltd.,SAKSOFT,Information Technology,IT - Software,2195.63,164.99,165.81,163.02,0.0,163.52,163.72,-0.2,-0.12
1171,Insolation Energy Ltd.,INA,Electricals,Electronics - Components,2185.78,94.17,94.93,93.21,0.0,93.79,93.42,0.37,0.4
1172,Dynamic Cables Ltd.,DYCL,Electricals,Cable,2182.33,455.0,462.8,451.55,0.0,458.8,453.6,5.2,1.15
1173,Honda India Power Products Ltd.,HONDAPOWER,Capital Goods,Electric Equipment,2178.12,2086.2,2110.7,2060.6,0.0,2068.3,2073.7,-5.4,-0.26
1174,Spandana Sphoorty Financial Ltd.,SPANDANA,Finance,Finance - NBFC,2176.1,244.05,245.6,240.05,0.0,241.3,243.45,-2.15,-0.88
1175,Bajel Projects Ltd.,BAJEL,Infrastructure,Engineering - Construction,2175.68,180.53,192.7,180.53,0.0,191.78,180.58,11.2,6.2
1176,Vintage Coffee & Beverages Ltd.,VINCOFE,Trading,Trading,2172.42,152.4,167.67,150.0,0.0,161.55,152.82,8.73,5.71
1177,KMC Speciality Hospitals (India) Ltd.,KMCSHIL,Healthcare,Hospital & Healthcare Services,2165.77,138.99,143.07,138.98,0.0,141.65,136.94,4.71,3.44
1178,Bharat Rasayan Ltd.,BHARATRAS,Chemicals,Pesticides & Agrochemicals,2164.31,1300.0,1321.8,1286.1,0.0,1295.0,1303.4,-8.4,-0.64
1179,Shringar House of Mangalsutra Ltd.,SHRINGARMS,Diamond & Jewellery,Diamond  &  Jewellery,2157.19,224.8,233.5,224.1,0.0,230.52,223.98,6.54,2.92
1180,TCI Express Ltd.,TCIEXP,Logistics,Logistics,2155.95,544.65,557.0,542.45,0.0,550.95,544.65,6.3,1.16
1181,Venky'S (India) Ltd.,VENKEYS,Agriculture,Agriculture,2151.63,1515.0,1530.8,1502.1,0.0,1507.4,1512.0,-4.6,-0.3
1182,Somany Ceramics Ltd.,SOMANYCERA,Construction Materials,Ceramics/Marble/Granite/Sanitaryware,2147.23,514.85,525.25,509.0,0.0,520.15,511.1,9.05,1.77
1183,Krishna GVK Luxury Hotels Ltd.,TAJGVK,Hospitality,"Hotel, Resort & Restaurants",2142.82,345.55,352.0,345.55,0.0,350.4,347.9,2.5,0.72
1184,CFF Fluid Control Ltd.,CFF,Capital Goods,Aerospace & Defense,2142.19,,,,,,,,
1185,Greenpanel Industries Ltd.,GREENPANEL,Construction Materials,Wood & Wood Products,2140.46,161.07,164.75,159.86,0.0,160.97,160.26,0.71,0.44
1186,NGL Fine-Chem Ltd.,NGLFINE,Healthcare,Pharmaceuticals & Drugs,2139.2,3051.0,3051.0,2911.0,0.0,2947.7,3033.3,-85.6,-2.82
1187,Paramount Communications Ltd.,PARACABLES,Electricals,Cable,2137.86,63.05,63.75,62.2,0.0,62.5,63.05,-0.55,-0.87
1188,La Opala RG Ltd.,LAOPALA,Construction Materials,Glass,2132.86,178.01,179.4,172.6,0.0,173.12,178.35,-5.23,-2.93
1189,Landmark Cars Ltd.,LANDMARK,Automobile & Ancillaries,Automobiles - Dealers & Distributors,2126.32,508.4,514.65,498.05,0.0,504.95,509.2,-4.25,-0.83
1190,Exicom Tele-Systems Ltd.,EXICOM,Capital Goods,Electric Equipment,2111.93,158.0,162.15,155.92,0.0,159.87,157.03,2.84,1.81
1191,Huhtamaki India Ltd.,HUHTAMAKI,Fast Moving Consumer Goods,Packaging,2093.09,273.0,276.6,271.9,0.0,273.85,274.6,-0.75,-0.27
1192,Blue Cloud Softech Solutions Ltd.,BLUECLOUDS,Information Technology,IT - Software,2084.32,22.5,22.9,22.0,0.0,22.22,22.47,-0.25,-1.11
1193,EPACK Durable Ltd.,EPACK,Consumer Durables,Air Conditioners,2074.2,203.8,205.35,202.1,0.0,202.8,203.06,-0.26,-0.13
1194,Desi Farms India Ltd.,DESIFARMS,Logistics,Logistics,2073.86,,,,,,,,
1195,Arman Financial Services Ltd.,ARMANFIN,Finance,Finance - NBFC,2069.94,1968.0,1995.0,1957.0,0.0,1966.7,1973.1,-6.4,-0.32
1196,Monolithisch India Ltd.,MONOLITH,Capital Goods,Refractories,2065.46,,,,,,,,
1197,HMT Ltd.,HMT,Capital Goods,Engineering - Industrial Equipments,2062.49,,,,,,,,
1198,Pennar Industries Ltd.,PENIND,Iron & Steel,Steel & Iron Products,2062.25,164.9,165.9,158.43,0.0,158.8,163.29,-4.49,-2.75
1199,Hester Biosciences Ltd.,HESTERBIO,Healthcare,Pharmaceuticals & Drugs,2053.26,2413.0,2419.7,2355.0,0.0,2367.8,2413.1,-45.3,-1.88
1200,HPL Electric & Power Ltd.,HPL,Capital Goods,Electric Equipment,2043.15,314.35,320.0,312.05,0.0,317.45,314.65,2.8,0.89
1201,GM Breweries Ltd.,GMBREW,Alcohol,Breweries & Distilleries,2039.77,886.0,889.0,880.0,0.0,887.25,883.2,4.05,0.46
1202,Indoco Remedies Ltd.,INDOCO,Healthcare,Pharmaceuticals & Drugs,2032.53,222.3,229.9,221.0,0.0,226.29,222.68,3.61,1.62
1203,Jaykay Enterprises Ltd.,JAYKAY,Capital Goods,Aerospace & Defense,2028.57,145.69,159.5,144.8,0.0,154.96,145.68,9.28,6.37
1204,Dolphin Offshore Enterprises (India) Ltd.,DOLPHIN,Crude Oil,Oil Exploration,2023.63,623.15,655.0,621.2,0.0,645.1,621.6,23.5,3.78
1205,Anondita Medicare Ltd.,ANONDITA,Fast Moving Consumer Goods,Household & Personal Products,2021.81,,,,,,,,
1206,ESAF Small Finance Bank Ltd.,ESAFSFB,Banking,Bank - Private,2020.21,,,,,,,,
1207,KCP Ltd.,KCP,Construction Materials,Cement & Construction Materials,2020.19,165.08,165.8,160.73,0.0,163.83,165.08,-1.25,-0.76
1208,Grand Oak Canyons Distillery Ltd.,GRANDOAK,Realty,Construction - Real Estate,2019.49,37.8,38.0,36.23,0.0,37.97,36.25,1.72,4.74
1209,Kody Technolab Ltd.,KODYTECH,Information Technology,IT - Software,2016.88,,,,,,,,
1210,BF Utilities Ltd.,BFUTILITIE,Power,Power Generation/Distribution,2011.07,528.45,529.0,520.15,0.0,523.85,528.45,-4.6,-0.87
1211,Hindustan Oil Exploration Company Ltd.,HINDOILEXP,Crude Oil,Oil Exploration,2010.76,159.85,160.7,155.55,0.0,156.2,158.2,-2.0,-1.26
1212,EMS Ltd.,EMSLIMITED,Infrastructure,Engineering - Construction,2009.38,400.0,401.9,392.1,0.0,394.35,405.0,-10.65,-2.63
1213,Kilburn Engineering Ltd.,KLBRENG-B,Capital Goods,Engineering - Industrial Equipments,2004.81,364.0,408.6,361.7,0.0,397.4,357.65,39.75,11.11
1214,Brightcom Group Ltd.,BCG,Information Technology,IT - Software,2004.39,9.3,9.45,9.11,0.0,9.15,9.36,-0.21,-2.24
1215,Camlin Fine Sciences Ltd.,CAMLINFINE,Chemicals,Chemicals,1992.04,108.51,110.0,108.1,0.0,109.45,108.38,1.07,0.99
1216,Simplex Infrastructures Ltd.,SIMPLEXINF,Infrastructure,Engineering - Construction,1988.85,257.5,259.48,253.98,0.0,255.71,259.45,-3.74,-1.44
1217,Cantabil Retail India Ltd.,CANTABIL,Textile,Textile,1985.15,249.29,250.28,241.0,0.0,244.81,247.31,-2.5,-1.01
1218,Alpex Solar Ltd.,ALPEXSOLAR,Capital Goods,Electric Equipment,1984.95,,,,,,,,
1219,Amir Chand Jagdish Kumar (Exports) Ltd.,AEROPLANE,Fast Moving Consumer Goods,Consumer Food,1977.32,181.4,182.3,174.0,0.0,175.82,182.56,-6.74,-3.69
1220,GOCL Corporation Ltd.,GOCLCORP,Chemicals,Chemicals,1969.76,397.0,402.15,397.0,0.0,400.6,398.25,2.35,0.59
1221,GHV Infra Projects Ltd.,GHVINFRA,Infrastructure,Engineering - Construction,1969.09,,,,,,,,
1222,Tinna Rubber And Infrastructure Ltd.,TINNARUBR,Agriculture,Rubber  Products,1961.47,1059.0,1059.0,1026.1,0.0,1034.9,1047.4,-12.5,-1.19
1223,Khazanchi Jewellers Ltd.,KHAZANCHI,Diamond & Jewellery,Diamond  &  Jewellery,1961.07,,,,,,,,
1224,DCX Systems Ltd.,DCXINDIA,Capital Goods,Aerospace & Defense,1959.84,173.9,178.5,173.9,0.0,175.49,173.71,1.78,1.02
1225,Windlas Biotech Ltd.,WINDLAS,Healthcare,Pharmaceuticals & Drugs,1959.31,990.0,1009.8,954.05,0.0,993.6,988.2,5.4,0.55
1226,TIL Ltd.,TIL,Capital Goods,Construction Vehicles,1957.22,,,,,,,,
1227,Sakar Healthcare Ltd.,SAKAR,Healthcare,Pharmaceuticals & Drugs,1948.98,892.95,928.0,880.15,0.0,912.6,884.65,27.95,3.16
1228,Indian Hume Pipe Company Ltd.,INDIANHUME,Infrastructure,Engineering - Construction,1943.17,366.1,412.0,366.1,0.0,392.55,368.35,24.2,6.57
1229,Wonder Electricals Ltd.,WEL,Consumer Durables,Consumer Durables - Electronics,1941.78,131.81,142.28,127.75,0.0,141.27,136.04,5.23,3.84
1230,NDR Auto Components Ltd.,NDRAUTO,Automobile & Ancillaries,Auto Ancillary,1937.79,775.0,780.05,750.0,0.0,756.1,773.8,-17.7,-2.29
1231,Tarsons Products Ltd.,TARSONS,Plastic Products,Plastic Products,1937.24,340.0,347.7,333.1,0.0,344.95,337.3,7.65,2.27
1232,Mukand Ltd.,MUKANDLTD,Iron & Steel,Steel & Iron Products,1934.07,137.6,139.67,135.61,0.0,137.21,136.96,0.25,0.18
1233,Spice Lounge Food Works Ltd.,SPICELOUNG,Finance,Finance - Investment,1926.85,,,,,,,,
1234,Thirumalai Chemicals Ltd.,TIRUMALCHM,Chemicals,Chemicals,1922.21,157.2,162.84,153.3,0.0,154.09,156.41,-2.32,-1.48
1235,TeamLease Services Ltd.,TEAMLEASE,Other,Professional Services,1910.86,1240.9,1253.9,1231.2,0.0,1245.2,1242.1,3.1,0.25
1236,Awfis Space Solutions Ltd.,AWFIS,Other,Business Support,1909.31,264.65,270.6,263.0,0.0,268.2,263.0,5.2,1.98
1237,Aayush Art And Bullion Ltd.,AAYUSHBULL,Trading,Trading,1907.74,,,,,,,,
1238,Motisons Jewellers Ltd.,MOTISONS,Diamond & Jewellery,Diamond  &  Jewellery,1907.6,16.74,17.25,16.6,0.0,17.0,16.59,0.41,2.47
1239,Vidya Wires Ltd.,VIDYAWIRES,Capital Goods,Electric Equipment,1902.32,87.4,87.9,85.2,0.0,86.27,87.4,-1.13,-1.29
1240,Shanti Gold International Ltd.,SHANTIGOLD,Diamond & Jewellery,Diamond  &  Jewellery,1899.3,258.4,274.7,257.29,0.0,269.58,254.06,15.52,6.11
1241,MSP Steel & Power Ltd.,MSPL,Iron & Steel,Steel & Iron Products,1897.64,33.51,34.64,33.51,0.0,34.3,33.96,0.34,1.0
1242,Hinduja Global Solutions Ltd.,HGS,Information Technology,BPO/ITeS,1897.1,407.45,411.0,396.5,0.0,402.25,406.5,-4.25,-1.05
1243,Jain Irrigation Systems Ltd.,JISLJALEQS,Plastic Products,Plastic Products,1896.57,28.22,28.48,27.8,0.0,27.86,28.22,-0.36,-1.28
1244,Hathway Cable & Datacom Ltd.,HATHWAY,Telecom,Telecommunication - Service  Provider,1876.31,10.54,10.87,10.49,0.0,10.68,10.54,0.14,1.33
1245,Shipping Corporation of India Land and Assets Ltd.,SCILAL,Logistics,Shipping,1876.24,40.02,40.43,39.55,0.0,39.81,40.01,-0.2,-0.5
1246,Servotech Renewable Power System Ltd.,SERVOTECH,Capital Goods,Electric Equipment,1869.55,82.56,83.24,82.11,0.0,82.45,82.56,-0.11,-0.13
1247,Krsnaa Diagnostics Ltd.,KRSNAA,Healthcare,Hospital & Healthcare Services,1868.79,546.8,575.5,541.85,0.0,561.65,550.0,11.65,2.12
1248,Creative Newtech Ltd.,CNL,Information Technology,BPO/ITeS,1866.27,1248.15,1265.35,1224.0,0.0,1247.7,1248.15,-0.45,-0.04
1249,Ardee Industries Ltd.,ARDEE,Non - Ferrous Metals,Metal - Non Ferrous,1865.04,62.0,62.8,59.7,0.0,60.2,61.48,-1.28,-2.08
1250,BGR Energy Systems Ltd.,BGRENERGY,Infrastructure,Engineering - Construction,1861.77,,,,,,,,
1251,Nucleus Software Exports Ltd.,NUCLEUS,Information Technology,IT - Software,1856.86,733.3,742.9,730.65,0.0,740.4,736.6,3.8,0.52
1252,GRM Overseas Ltd.,GRMOVER,Fast Moving Consumer Goods,Consumer Food,1855.77,87.21,87.25,86.4,0.0,86.71,86.53,0.18,0.21
1253,Algoquant Fintech Ltd.,ALGOQUANT,Finance,Finance - Stock Broking,1849.89,65.05,66.34,64.56,0.0,65.0,65.13,-0.13,-0.2
1254,SBC Exports Ltd.,SBC,Textile,Textile,1841.9,39.75,40.4,39.75,0.0,40.1,39.86,0.24,0.6
1255,Insecticides (India) Ltd.,INSECTICID,Chemicals,Pesticides & Agrochemicals,1833.6,606.6,612.9,603.0,0.0,609.75,606.55,3.2,0.53
1256,Paushak Ltd.,PAUSHAKLTD,Chemicals,Chemicals,1825.23,787.0,787.0,752.3,0.0,763.35,787.4,-24.05,-3.05
1257,PTC India Financial Services Ltd.,PFS,Finance,Finance - NBFC,1822.16,27.82,28.08,27.7,0.0,27.76,27.82,-0.06,-0.22
1258,EIH Associated Hotels Ltd.,EIHAHOTELS,Hospitality,"Hotel, Resort & Restaurants",1821.39,293.0,300.0,293.0,0.0,294.7,294.65,0.05,0.02
1259,Shukra Pharmaceuticals Ltd.,SHUKRAPHAR,Healthcare,Pharmaceuticals & Drugs,1821.32,44.02,44.5,42.6,0.0,44.06,43.33,0.73,1.68
1260,Asian Energy Services Ltd.,ASIANENE,Crude Oil,Oil Exploration,1818.92,483.1,491.0,465.1,0.0,470.3,484.9,-14.6,-3.01
1261,PNGS Reva Diamond Jewellery Ltd.,PNGSREVA,Retailing,Retailing,1815.53,558.95,574.65,543.0,0.0,555.8,552.5,3.3,0.6
1262,Omaxe Ltd.,OMAXE,Realty,Construction - Real Estate,1814.19,102.03,105.0,101.13,0.0,102.55,103.16,-0.61,-0.59
1263,Kabra Extrusiontechnik Ltd.,KABRAEXTRU,Capital Goods,Engineering - Industrial Equipments,1812.12,530.05,574.95,521.55,0.0,566.2,529.1,37.1,7.01
1264,Capacit'e Infraprojects Ltd.,CAPACITE,Realty,Construction - Real Estate,1810.1,204.0,218.45,204.0,0.0,214.54,203.73,10.81,5.31
1265,5Paisa Capital Ltd.,5PAISA,Finance,Finance - Stock Broking,1808.48,389.0,391.9,382.05,0.0,384.25,390.9,-6.65,-1.7
1266,KS Smart Technologies Ltd.,KSSMART,Paper,Paper & Paper Products,1807.41,,,,,,,,
1267,Marsons Ltd.,MARSONS,Capital Goods,Electric Equipment,1804.47,112.47,120.33,111.6,0.0,119.56,112.15,7.41,6.61
1268,Goodyear India Ltd.,GOODYEAR,Automobile & Ancillaries,Tyres & Allied,1798.03,762.9,766.95,758.15,0.0,760.05,762.9,-2.85,-0.37
1269,Kapston Services Ltd.,KAPSTON,Other,Professional Services,1790.63,529.55,534.0,525.05,0.0,528.2,524.8,3.4,0.65
1270,Yatra Online Ltd,YATRA,Hospitality,Travel Services,1788.84,114.76,119.7,113.6,0.0,116.93,114.64,2.29,2.0
1271,Media Matrix Worldwide Ltd,MMWL,Other,Business Support,1788.6,14.4,14.75,13.51,0.0,14.75,14.05,0.7,4.98
1272,Rico Auto Industries Ltd.,RICOAUTO,Automobile & Ancillaries,Auto Ancillary,1787.11,132.2,133.5,129.6,0.0,129.95,131.54,-1.59,-1.21
1273,Hypersoft Technologies Ltd.,HYPERSOFT,Information Technology,IT - Software,1770.53,,,,,,,,
1274,SpiceJet Ltd.,SPICEJET,Aviation,Airlines,1770.28,,,,,,,,
1275,Jai Corp Ltd.,JAICORPLTD,Plastic Products,Plastic Products,1765.58,101.0,105.6,100.0,0.0,102.22,100.53,1.69,1.68
1276,Macpower CNC Machines Ltd.,MACPOWER,Capital Goods,Engineering - Industrial Equipments,1750.03,1953.7,1955.6,1828.5,0.0,1874.8,1945.9,-71.1,-3.65
1277,BF Investment Ltd.,BFINVEST,Finance,Finance - Investment,1749.85,453.7,455.0,449.55,0.0,451.55,451.5,0.05,0.01
1278,Vinyas Innovative Technologies Ltd.,VINYAS,Electricals,Electronics - Components,1741.16,,,,,,,,
1279,Virtuoso Optoelectronics Ltd.,VOEPL,Capital Goods,Electric Equipment,1737.73,488.25,493.0,477.0,0.0,488.05,485.55,2.5,0.51
1280,Mahamaya Steel Industries Ltd.,MAHASTEEL,Iron & Steel,Steel & Iron Products,1733.42,,,,,,,,
1281,Indokem Ltd.,INDOKEM,Chemicals,Chemicals,1726.7,609.7,609.7,589.9,0.0,600.85,590.4,10.45,1.77
1282,Sar Auto Products Ltd.,SAPL,Automobile & Ancillaries,Auto Ancillary,1723.81,,,,,,,,
1283,Go Fashion (India) Ltd.,GOCOLORS,Retailing,Retailing,1721.99,331.0,354.0,328.85,0.0,344.8,330.15,14.65,4.44
1284,Ceinsys Tech Ltd.,CEINSYS,Information Technology,IT - Software,1712.7,767.1,769.4,753.95,0.0,758.65,761.0,-2.35,-0.31
1285,KP Energy Ltd.,KPEL,Infrastructure,Engineering - Construction,1709.19,257.9,265.5,257.0,0.0,259.3,256.65,2.65,1.03
1286,Gujarat Natural Resources Ltd.,GNRL,Crude Oil,Oil Exploration,1709.06,104.39,104.7,101.22,0.0,101.9,104.02,-2.12,-2.04
1287,Disa India Ltd.,DISAQ,Capital Goods,Engineering - Industrial Equipments,1705.78,11727.0,11848.0,11659.0,0.0,11836.0,11508.0,328.0,2.85
1288,Accelya Solutions India Ltd.,ACCELYA,Information Technology,IT - Software,1703.16,1135.5,1149.0,1131.1,0.0,1138.6,1139.5,-0.9,-0.08
1289,Jindal Drilling & Industries Ltd.,JINDRILL,Crude Oil,Oil Exploration,1702.93,631.0,650.0,623.05,0.0,642.75,628.7,14.05,2.23
1290,Garuda Construction & Engineering Ltd.,GARUDA,Realty,Construction - Real Estate,1701.73,182.25,186.95,182.25,0.0,183.95,182.25,1.7,0.93
1291,Titan Bio-Tech Ltd.,TITANBIO,Chemicals,Chemicals,1698.6,,,,,,,,
1292,Aurum Proptech Ltd.,AURUM,Information Technology,IT - Software,1693.44,229.95,232.0,226.2,0.0,227.82,229.8,-1.98,-0.86
1293,Magellanic Cloud Ltd.,MCLOUD,Information Technology,IT - Software,1683.55,29.57,30.9,27.6,0.0,30.27,29.57,0.7,2.37
1294,Rhetan TMT Ltd.,RHETAN,Iron & Steel,Steel & Iron Products,1679.81,21.75,24.23,20.61,0.0,24.22,22.03,2.19,9.94
1295,Tribhovandas Bhimji Zaveri Ltd.,TBZ,Diamond & Jewellery,Diamond  &  Jewellery,1676.94,252.5,291.0,250.2,0.0,279.5,248.85,30.65,12.32
1296,Studds Accessories Ltd.,STUDDS,Automobile & Ancillaries,Auto Ancillary,1676.85,448.0,453.25,444.15,0.0,450.15,448.0,2.15,0.48
1297,Keto Motors Ltd.,KETOMOTORS,Retailing,Retailing,1671.41,,,,,,,,
1298,SMC Global Securities Ltd.,SMCGLOBAL,Finance,Finance - Stock Broking,1659.08,81.1,82.49,80.56,0.0,81.13,81.13,0.0,0.0
1299,Bluspring Enterprises Ltd.,BLUSPRING,Other,Professional Services,1658.73,118.0,129.75,117.72,0.0,128.98,117.96,11.02,9.34
1300,Zelio E-Mobility Ltd.,ZELIO,Automobile & Ancillaries,Automobile Two & Three Wheelers,1658.58,,,,,,,,
1301,Shalby Ltd.,SHALBY,Healthcare,Hospital & Healthcare Services,1658.49,153.7,155.75,151.83,0.0,152.96,154.57,-1.61,-1.04
1302,Mahanagar Telephone Nigam Ltd.,MTNL,Telecom,Telecommunication - Service  Provider,1658.16,26.82,27.04,26.7,0.0,26.82,26.79,0.03,0.11
1303,Ratnaveer Precision Engineering Ltd.,RATNAVEER,Iron & Steel,Steel & Iron Products,1642.81,272.7,282.98,262.2,0.0,267.04,269.24,-2.2,-0.82
1304,Hindware Home Innovation Ltd.,HINDWAREAP,Trading,Trading,1640.31,199.55,199.99,196.1,0.0,198.63,198.45,0.18,0.09
1305,TTK Healthcare Ltd.,TTKHLTCARE,Diversified,Diversified,1639.68,1082.1,1145.6,1080.3,0.0,1102.5,1082.1,20.4,1.89
1306,RACL Geartech Ltd.,RACLGEAR,Automobile & Ancillaries,Auto Ancillary,1638.07,1449.9,1534.0,1415.4,0.0,1512.0,1435.5,76.5,5.33
1307,India Pesticides Ltd.,IPL,Chemicals,Pesticides & Agrochemicals,1623.81,138.15,143.64,138.15,0.0,140.27,138.06,2.21,1.6
1308,Delta Corp Ltd.,DELTACORP,Hospitality,Amusement Parks/Recreation/Club,1621.09,59.81,60.14,58.21,0.0,58.62,59.52,-0.9,-1.51
1309,SPML Infra Ltd.,SPMLINFRA,Infrastructure,Engineering - Construction,1620.09,191.05,195.06,190.6,0.0,192.94,190.89,2.05,1.07
1310,Suryoday Small Finance Bank Ltd.,SURYODAY,Banking,Bank - Private,1619.43,154.5,160.0,153.41,0.0,158.84,154.54,4.3,2.78
1311,Krishna Defence and Allied Industries Ltd.,KRISHNADEF,Capital Goods,Aerospace & Defense,1610.92,1043.9,1050.0,1021.1,0.0,1026.8,1037.9,-11.1,-1.07
1312,MV Electrosystems Ltd.,MVELECTRO,Capital Goods,Electric Equipment,1610.23,569.9,594.1,567.5,0.0,591.15,568.3,22.85,4.02
1313,Meghmani Organics Ltd.,MOL,Chemicals,Pesticides & Agrochemicals,1608.54,61.75,61.75,59.67,0.0,60.26,61.43,-1.17,-1.9
1314,Vikran Engineering Ltd.,VIKRAN,Infrastructure,Engineering - Construction,1606.79,62.6,63.4,62.01,0.0,63.04,62.62,0.42,0.67
1315,IFGL Refractories Ltd.,IFGLEXPOR,Capital Goods,Refractories,1605.19,216.79,220.49,206.6,0.0,211.77,215.92,-4.15,-1.92
1316,One Mobikwik Systems Ltd.,MOBIKWIK,Information Technology,Fintech,1593.05,196.5,198.9,195.8,0.0,196.81,195.66,1.15,0.59
1317,Hi-Tech Pipes Ltd.,HITECH,Iron & Steel,Steel & Iron Products,1588.3,77.59,81.75,77.59,0.0,81.37,77.89,3.48,4.47
1318,Wendt (India) Ltd.,WENDT,Abrasives,Abrasives,1588.16,8137.0,8270.0,8100.0,0.0,8182.5,8109.5,73.0,0.9
1319,Kothari Industrial Corporation Ltd.,KOTIC,Diversified,Diversified,1585.76,143.75,144.92,142.32,0.0,142.77,144.5,-1.73,-1.2
1320,IKIO Technologies Ltd.,IKIO,Electricals,Electronics - Components,1583.87,195.45,197.44,188.56,0.0,191.66,195.7,-4.04,-2.06
1321,Suraksha Diagnostic Ltd.,SURAKSHA,Healthcare,Hospital & Healthcare Services,1583.26,309.0,329.0,305.0,0.0,325.8,305.15,20.65,6.77
1322,Frontier Springs Ltd.,FRONTSP,Iron & Steel,Steel & Iron Products,1573.53,1293.9,1293.9,1272.1,0.0,1278.4,1293.8,-15.4,-1.19
1323,Balmer Lawrie Investments Ltd.,BLIL,Finance,Finance - NBFC,1571.57,71.85,71.99,71.41,0.0,71.89,71.44,0.45,0.63
1324,AYM Syntex Ltd.,AYMSYNTEX,Textile,Textile,1570.81,264.0,268.0,252.2,0.0,258.2,262.5,-4.3,-1.64
1325,Infobeans Technologies Ltd.,INFOBEAN,Information Technology,IT - Software,1570.51,155.1,158.7,155.1,0.0,157.5,156.78,0.72,0.46
1326,Summit Securities Ltd.,SUMMITSEC,Finance,Finance - NBFC,1566.91,1430.0,1436.3,1416.0,0.0,1420.2,1427.2,-7.0,-0.49
1327,Bharat Seats Ltd.,BHARATSE,Automobile & Ancillaries,Auto Ancillary,1564.35,231.0,238.14,226.67,0.0,228.19,230.26,-2.07,-0.9
1328,GTL Infrastructure Ltd.,GTLINFRA,Telecom,Telecom-Infrastructure,1562.75,1.21,1.27,1.21,0.0,1.23,1.21,0.02,1.65
1329,Vidhi Specialty Food Ingredients Ltd.,VIDHIING,Chemicals,Dyes & Pigments,1559.53,322.25,333.0,319.9,0.0,328.55,319.5,9.05,2.83
1330,Dollar Industries Ltd.,DOLLAR,Textile,Textile,1548.63,272.65,275.9,270.6,0.0,273.2,272.15,1.05,0.39
1331,Som Distilleries And Breweries Ltd.,SDBL,Alcohol,Breweries & Distilleries,1546.99,73.57,74.39,73.02,0.0,73.74,73.57,0.17,0.23
1332,M&B Engineering Ltd.,MBEL,Capital Goods,Engineering - Industrial Equipments,1544.2,278.1,284.95,271.3,0.0,273.75,278.1,-4.35,-1.56
1333,One Point One Solutions Ltd.,ONEPOINT,Information Technology,BPO/ITeS,1531.08,57.0,57.0,55.86,0.0,56.17,56.61,-0.44,-0.78
1334,Ivalue Infosolutions Ltd.,IVALUE,Consumer Durables,IT - Hardware,1528.72,278.35,292.0,278.0,0.0,286.8,279.65,7.15,2.56
1335,Walchandnagar Industries Ltd.,WALCHANNAG,Capital Goods,Engineering - Industrial Equipments,1526.15,226.8,231.76,226.5,0.0,227.09,223.91,3.18,1.42
1336,Dynacons Systems & Solutions Ltd.,DSSL,Information Technology,IT - Software,1522.02,1093.7,1103.9,1082.1,0.0,1097.1,1093.7,3.4,0.31
1337,Rajesh Power Services Ltd.,RAJESH,Trading,Trading,1506.32,,,,,,,,
1338,Danish Power Ltd.,DANISH,Capital Goods,Electric Equipment,1502.77,,,,,,,,
1339,Asian Granito India Ltd.,ASIANTILES,Construction Materials,Ceramics/Marble/Granite/Sanitaryware,1500.16,45.83,48.85,45.81,0.0,47.41,45.42,1.99,4.38
1340,Allcargo Logistics Ltd.,ALLCARGO,Logistics,Logistics,1497.78,10.55,12.59,10.47,0.0,12.17,10.51,1.66,15.79
1341,Navkar Corporation Ltd.,NAVKARCORP,Logistics,Logistics,1496.91,96.94,97.78,96.7,0.0,97.04,96.88,0.16,0.17
1342,Jagsonpal Pharmaceuticals Ltd.,JAGSNPHARM,Healthcare,Pharmaceuticals & Drugs,1495.28,233.15,238.9,232.8,0.0,236.54,232.99,3.55,1.52
1343,D-Link (India) Ltd.,DLINKINDIA,Information Technology,IT - Networking,1492.8,436.85,444.65,434.35,0.0,435.75,438.4,-2.65,-0.6
1344,Digitide Solutions Ltd.,DIGITIDE,Information Technology,IT - Software,1489.62,96.57,99.3,94.91,0.0,97.01,96.57,0.44,0.46
1345,Meghna Infracon Infrastructure Ltd.,MIIL,Finance,Finance - Stock Broking,1480.26,716.95,719.25,698.6,0.0,704.6,704.95,-0.35,-0.05
1346,Indo Rama Synthetics (India) Ltd.,INDORAMA,Textile,Textile - Manmade  Fibres,1466.67,61.76,65.82,61.01,0.0,62.69,61.29,1.4,2.28
1347,Diffusion Engineers Ltd.,DIFFNKG,Capital Goods,Electrodes & Welding Equipment,1466.17,404.05,405.5,400.05,0.0,401.45,401.8,-0.35,-0.09
1348,GPT Infraprojects Ltd.,GPTINFRA,Infrastructure,Engineering - Construction,1463.93,112.82,114.2,111.3,0.0,112.41,112.87,-0.46,-0.41
1349,Citurgia Biochemicals Ltd.,CITURGIA,Chemicals,Chemicals,1463.62,,,,,,,,
1350,Allcargo Global Ltd.,AGL,Logistics,Logistics,1463.36,13.18,13.4,12.64,0.0,13.12,12.73,0.39,3.06
1351,Seshasayee Paper and Boards Ltd.,SESHAPAPER,Paper,Paper & Paper Products,1461.6,231.09,235.12,227.1,0.0,228.84,230.36,-1.52,-0.66
1352,Nitta Gelatin India Ltd.,NITTAGELA,Chemicals,Chemicals,1459.97,1565.0,1590.0,1554.2,0.0,1584.6,1577.6,7.0,0.44
1353,Onix Solar Energy Ltd.,ONIXSOLAR,Non - Ferrous Metals,Metal - Non Ferrous,1456.84,305.9,305.9,305.9,0.0,305.9,321.95,-16.05,-4.99
1354,Aeroflex Enterprises Ltd.,AEROENTER,Finance,Finance - Others,1449.07,130.65,141.35,130.65,0.0,140.07,130.65,9.42,7.21
1355,Quadrant Future Tek Ltd.,QUADFUTURE,Electricals,Cable,1443.4,340.0,405.35,339.0,0.0,405.35,337.8,67.55,20.0
1356,Ugro Capital Ltd.,UGROCAP,Finance,Finance - NBFC,1442.47,87.66,89.1,86.01,0.0,88.74,87.03,1.71,1.96
1357,Igarashi Motors India Ltd.,IGARASHI,Capital Goods,Electric Equipment,1441.87,447.2,453.0,442.05,0.0,444.1,446.8,-2.7,-0.6
1358,Associated Alcohols & Breweries Ltd.,ASALCBR,Alcohol,Breweries & Distilleries,1436.57,723.4,729.5,720.1,0.0,726.45,722.8,3.65,0.5
1359,PNB Gilts Ltd.,PNBGILTS,Finance,Finance - NBFC,1430.9,79.2,79.99,78.45,0.0,79.65,79.11,0.54,0.68
1360,Amrutanjan Health Care Ltd.,AMRUTANJAN,Healthcare,Pharmaceuticals & Drugs,1430.35,526.0,548.0,522.5,0.0,536.35,521.65,14.7,2.82
1361,Signpost India Ltd.,SIGNPOST,Media & Entertainment,Advertising & Media,1427.12,267.0,270.6,263.5,0.0,264.65,266.35,-1.7,-0.64
1362,Tembo Global Industries Ltd.,TEMBO,Trading,Trading,1425.51,58.2,59.75,57.55,0.0,58.3,58.2,0.1,0.17
1363,Divine Power Energy Ltd.,DPEL,Capital Goods,Electric Equipment,1421.51,,,,,,,,
1364,Arfin India Ltd.,ARFIN,Non - Ferrous Metals,Aluminium & Aluminium Products,1416.43,82.71,86.3,82.03,0.0,85.62,82.71,2.91,3.52
1365,Updater Services Ltd.,UDS,Other,Professional Services,1415.06,214.1,218.39,210.82,0.0,215.67,212.75,2.92,1.37
1366,All Time Plastics Ltd.,ALLTIME,Plastic Products,Plastic Products,1414.97,209.25,210.42,202.0,0.0,203.02,208.21,-5.19,-2.49
1367,IG Petrochemicals Ltd.,IGPL,Chemicals,Chemicals,1409.63,471.85,480.0,469.2,0.0,475.2,471.05,4.15,0.88
1368,IZMO Ltd.,IZMO,Information Technology,IT - Software,1404.78,870.95,878.3,850.15,0.0,854.7,866.45,-11.75,-1.36
1369,Syncom Formulations (India) Ltd.,SYNCOMF,Healthcare,Pharmaceuticals & Drugs,1402.48,15.4,16.58,15.4,0.0,16.14,15.46,0.68,4.4
1370,Accent Microcell Ltd.,ACCENTMIC,Healthcare,Pharmaceuticals & Drugs,1398.56,,,,,,,,
1371,Vivid Electromech Ltd.,VIVIDEL,Capital Goods,Electric Equipment,1392.5,,,,,,,,
1372,KP Green Engineering Ltd.,KPGEL,Capital Goods,Engineering,1391.0,,,,,,,,
1373,Jay Bharat Maruti Ltd.,JAYBARMARU,Automobile & Ancillaries,Auto Ancillary,1389.93,126.1,129.85,125.0,0.0,125.54,127.19,-1.65,-1.3
1374,Nintec Systems Ltd.,NINSYS,Information Technology,IT - Software,1388.93,716.0,726.0,705.0,0.0,715.2,729.2,-14.0,-1.92
1375,Steel Exchange India Ltd.,STEELXIND,Iron & Steel,Steel/Sponge Iron/Pig Iron,1387.76,10.53,10.87,10.5,0.0,10.6,10.54,0.06,0.57
1376,Valiant Communications Ltd.,VALIANT,Telecom,Telecommunication - Equipment,1385.45,,,,,,,,
1377,Rajputana Stainless Ltd.,RSL,Iron & Steel,Steel/Sponge Iron/Pig Iron,1382.63,166.47,167.02,161.91,0.0,164.85,165.55,-0.7,-0.42
1378,Chaman Lal Setia Exports Ltd.,CLSEL,Fast Moving Consumer Goods,Consumer Food,1381.87,279.0,294.8,279.0,0.0,288.35,278.45,9.9,3.56
1379,Belding India Ltd.,BELDING,Fast Moving Consumer Goods,Packaging,1380.27,,,,,,,,
1380,Texmaco Infrastructure & Holdings Ltd.,TEXINFRA,Realty,Construction - Real Estate,1380.03,107.95,108.8,107.5,0.0,108.03,108.61,-0.58,-0.53
1381,Southern Petrochemical Industries Corporation Ltd.,SPIC,Chemicals,Fertilizers,1379.87,68.0,68.61,67.61,0.0,68.16,68.03,0.13,0.19
1382,The Andhra Sugars Ltd.,ANDHRSUGAR,Chemicals,Chemicals,1378.53,102.61,102.61,96.99,0.0,98.84,102.74,-3.9,-3.8
1383,Atul Auto Ltd.,ATULAUTO,Automobile & Ancillaries,Automobile Two & Three Wheelers,1374.52,487.0,491.35,481.6,0.0,483.05,487.35,-4.3,-0.88
1384,Solarworld Energy Solutions Ltd.,SOLARWORLD,Infrastructure,Engineering - Construction,1372.46,150.0,151.19,149.4,0.0,149.96,149.82,0.14,0.09
1385,SKM Egg Products Export (India) Ltd.,SKMEGGPROD,Fast Moving Consumer Goods,Consumer Food,1366.26,255.01,264.0,253.5,0.0,259.05,255.48,3.57,1.4
1386,Indo Borax & Chemicals Ltd.,INDOBORAX,Chemicals,Chemicals,1365.27,494.05,524.6,481.65,0.0,511.85,498.15,13.7,2.75
1387,Jagran Prakashan Ltd.,JAGRAN,Media & Entertainment,Printing And Publishing,1360.77,62.2,62.2,61.45,0.0,61.96,61.79,0.17,0.28
1388,Haryana Financial Corporation Ltd.,HARAFIN,Finance,Finance Term Lending,1360.16,,,,,,,,
1389,Kross Ltd.,KROSS,Automobile & Ancillaries,Auto Ancillary,1355.99,209.74,210.01,206.0,0.0,206.84,210.36,-3.52,-1.67
1390,Millworks Technologies Ltd.,MILLWORKS,Capital Goods,Engineering - Industrial Equipments,1355.81,,,,,,,,
1391,Punjab Chemicals & Crop Protection Ltd.,PUNJABCHEM,Chemicals,Pesticides & Agrochemicals,1346.08,1167.2,1170.0,1140.0,0.0,1148.0,1167.0,-19.0,-1.63
1392,Pashupati Cotspin Ltd.,PASHUPATI,Textile,Textile - Spinning,1339.43,86.5,88.29,86.5,0.0,87.26,86.73,0.53,0.61
1393,Saraswati Commercial (India) Ltd.,ZSARACOM,Finance,Finance - NBFC,1338.17,12292.0,12900.0,12200.0,0.0,12433.0,12416.0,17.0,0.14
1394,Sai Silks (Kalamandir) Ltd.,KALAMANDIR,Retailing,Retailing,1335.51,86.9,87.12,86.0,0.0,86.29,86.48,-0.19,-0.22
1395,TAAL Tech Ltd.,TAALTECH,Aviation,Airlines,1335.2,4285.1,4285.7,4190.0,0.0,4216.2,4218.0,-1.8,-0.04
1396,Shriram Properties Ltd.,SHRIRAMPPS,Realty,Construction - Real Estate,1331.62,77.6,78.4,77.51,0.0,77.91,77.67,0.24,0.31
1397,Apex Frozen Foods Ltd.,APEX,Agriculture,Aquaculture,1330.31,396.0,402.75,394.8,0.0,399.6,398.7,0.9,0.23
1398,Renaissance Global Ltd.,RGL,Diamond & Jewellery,Diamond  &  Jewellery,1326.35,130.51,132.7,128.5,0.0,131.26,130.51,0.75,0.57
1399,Onida Electronics Ltd.,ONIDA,Consumer Durables,Consumer Durables - Electronics,1325.87,36.55,37.3,35.26,0.0,35.66,36.67,-1.01,-2.75
1400,India Motor Parts & Accessories Ltd.,IMPAL,Trading,Trading,1323.82,1103.1,1110.0,1085.0,0.0,1092.4,1106.6,-14.2,-1.28
1401,Benares Hotels Ltd.,BENARAS,Hospitality,"Hotel, Resort & Restaurants",1323.06,10245.0,10299.0,10200.0,0.0,10200.0,10200.0,0.0,0.0
1402,Astec Lifesciences Ltd.,ASTEC,Chemicals,Pesticides & Agrochemicals,1322.71,601.8,619.4,601.0,0.0,601.85,601.8,0.05,0.01
1403,Fermenta Biotech Ltd.,FERMENTA,Healthcare,Pharmaceuticals & Drugs,1322.63,465.15,481.0,456.55,0.0,478.35,460.1,18.25,3.97
1404,RIR Power Electronics Ltd.,RIR,Electricals,Electronics - Components,1321.3,166.99,166.99,164.26,0.0,164.93,164.38,0.55,0.33
1405,Den Networks Ltd.,DEN,Media & Entertainment,TV Broadcasting & Software Production,1310.46,27.9,28.49,27.83,0.0,28.17,27.75,0.42,1.51
1406,Menon Bearings Ltd.,MENONBE,Automobile & Ancillaries,Bearings,1304.61,,,,,,,,
1407,NIIT Ltd.,NIITLTD,Information Technology,IT - Education,1304.52,92.45,94.0,92.4,0.0,93.62,92.58,1.04,1.12
1408,Avadh Sugar & Energy Ltd.,AVADHSUGAR,Agriculture,Sugar,1302.8,790.0,853.5,761.35,0.0,834.8,814.7,20.1,2.47
1409,DCW Ltd.,DCW,Chemicals,Chemicals,1301.04,44.2,45.84,43.95,0.0,44.73,44.01,0.72,1.64
1410,Capital Small Finance Bank Ltd.,CAPITALSFB,Banking,Bank - Private,1297.12,285.0,286.05,283.5,0.0,284.7,287.45,-2.75,-0.96
1411,Avishkar Infra Realty Ltd.,AIRLTD,Realty,Construction - Real Estate,1296.37,,,,,,,,
1412,Bharat Wire Ropes Ltd.,BHARATWIRE,Iron & Steel,Steel & Iron Products,1294.84,187.65,191.8,187.6,0.0,188.79,187.76,1.03,0.55
1413,Precision Camshafts Ltd.,PRECAM,Automobile & Ancillaries,Auto Ancillary,1282.31,130.48,132.19,129.7,0.0,130.58,130.68,-0.1,-0.08
1414,Gala Precision Engineering Ltd.,GALAPREC,Capital Goods,Engineering - Industrial Equipments,1282.07,1029.7,1122.0,1029.7,0.0,1089.3,1029.6,59.7,5.8
1415,GPT Healthcare Ltd.,GPTHEALTH,Healthcare,Hospital & Healthcare Services,1280.06,151.5,152.85,149.93,0.0,150.64,151.41,-0.77,-0.51
1416,Electrotherm (India) Ltd.,ELECTHERM,Iron & Steel,Steel & Iron Products,1279.76,1024.7,1059.9,1016.2,0.0,1052.2,1012.9,39.3,3.88
1417,Excel Industries Ltd.,EXCELINDUS,Chemicals,Pesticides & Agrochemicals,1278.0,1120.0,1126.55,1073.85,0.0,1089.0,1114.5,-25.5,-2.29
1418,Dhanlaxmi Bank Ltd.,DHANBANK,Banking,Bank - Private,1276.46,32.5,34.25,32.4,0.0,33.73,32.49,1.24,3.82
1419,Andrew Yule & Company Ltd.,ANDREWYU,Agriculture,Tea/Coffee,1276.16,26.45,26.45,24.51,0.0,26.08,26.12,-0.04,-0.15
1420,Innovassynth Technologies (India) Ltd.,INOVSYNTH,Finance,Finance - NBFC,1274.05,,,,,,,,
1421,Expleo Solutions Ltd.,EXPLEOSOL,Information Technology,IT - Software,1272.54,882.75,903.6,875.2,0.0,898.75,883.15,15.6,1.77
1422,Asian Hotels (North) Ltd.,ASIANHOTNR,Hospitality,"Hotel, Resort & Restaurants",1270.68,300.2,300.2,292.0,0.0,298.2,301.7,-3.5,-1.16
1423,Jyoti Structures Ltd.,JYOTISTRUC,Infrastructure,Transmission Towers / Equipments,1270.05,10.68,10.8,10.46,0.0,10.57,10.69,-0.12,-1.12
1424,Utssav CZ Gold Jewels Ltd.,UTSSAV,Diamond & Jewellery,Diamond  &  Jewellery,1267.9,,,,,,,,
1425,Sula Vineyards Ltd.,SULA,Alcohol,Breweries & Distilleries,1266.29,146.41,146.41,143.84,0.0,144.55,145.21,-0.66,-0.45
1426,Godavari Biorefineries Ltd.,GODAVARIB,Agriculture,Sugar,1264.56,247.0,247.9,243.0,0.0,244.25,245.8,-1.55,-0.63
1427,STL Networks Ltd.,STLNETWORK,Telecom,Telecom-Infrastructure,1260.29,25.4,26.2,24.6,0.0,25.85,25.25,0.6,2.38
1428,Centrum Capital Ltd.,CENTRUM,Finance,Finance - Others,1258.45,23.56,23.87,23.11,0.0,23.28,23.56,-0.28,-1.19
1429,Gretex Corporate Services Ltd.,GCSL,Other,Professional Services,1254.96,487.95,503.4,485.15,0.0,488.9,482.05,6.85,1.42
1430,Sobhagya Mercantile Ltd.,SOBME,Trading,Trading,1252.46,,,,,,,,
1431,The Ruby Mills Ltd.,RUBYMILLS,Textile,Textile,1250.15,,,,,,,,
1432,Gyftr Ltd.,GYFTR,Finance,Finance - Investment,1249.29,159.95,165.0,158.18,0.0,159.32,159.08,0.24,0.15
1433,Shree Pushkar Chemicals & Fertilisers Ltd.,SHREEPUSHK,Chemicals,Dyes & Pigments,1248.56,403.3,409.0,399.0,0.0,401.15,406.65,-5.5,-1.35
1434,Fino Payments Bank Ltd.,FINOPB,Banking,Bank - Private,1248.28,146.06,146.99,145.2,0.0,145.93,146.16,-0.23,-0.16
1435,Roto Pumps Ltd.,ROTO,Capital Goods,Compressors / Pumps,1246.38,65.3,65.95,65.25,0.0,65.58,65.53,0.05,0.08
1436,Century Enka Ltd.,CENTENKA,Textile,Textile,1245.16,573.1,580.0,558.5,0.0,569.15,567.0,2.15,0.38
1437,Keltech Energies Ltd.,KELENRG,Chemicals,Chemicals,1244.24,,,,,,,,
1438,Manaksia Coated Metals & Industries Ltd.,MANAKCOAT,Iron & Steel,Steel & Iron Products,1243.89,127.95,129.48,124.0,0.0,125.37,126.91,-1.54,-1.21
1439,Q-Line Biotech Ltd.,QLINE,Healthcare,Medical Equipment/Supplies/Accessories,1242.93,,,,,,,,
1440,TCC Concept Ltd.,TCC,Trading,Trading,1239.77,253.85,256.05,249.6,0.0,251.7,252.85,-1.15,-0.45
1441,AVT Natural Products Ltd.,AVTNPL,Agriculture,Agriculture,1239.74,88.1,89.37,87.1,0.0,87.53,88.47,-0.94,-1.06
1442,Everest Kanto Cylinder Ltd.,EKC,Capital Goods,Engineering - Industrial Equipments,1238.21,112.8,113.98,110.9,0.0,111.38,112.8,-1.42,-1.26
1443,Alldigi Tech Ltd.,ALLDIGI,Information Technology,BPO/ITeS,1236.74,806.9,819.9,802.9,0.0,814.8,802.85,11.95,1.49
1444,Panorama Studios International Ltd.,PANORAMA,Media & Entertainment,"Film Production, Distribution & Entertainment",1236.5,47.5,47.5,45.34,0.0,45.93,45.95,-0.02,-0.04
1445,Indosolar Ltd.,WAAREEINDO,Electricals,Electronics - Components,1235.84,290.3,293.9,282.5,0.0,283.9,290.45,-6.55,-2.26
1446,Technocraft Ventures Ltd.,TECHNOCRAF,Infrastructure,Engineering - Construction,1232.35,339.4,342.0,332.0,0.0,332.61,330.37,2.24,0.68
1447,Lincoln Pharmaceuticals Ltd.,LINCOLN,Healthcare,Pharmaceuticals & Drugs,1227.52,627.1,629.0,610.0,0.0,614.05,622.6,-8.55,-1.37
1448,Arrow Greentech Ltd.,ARROWGREEN,Fast Moving Consumer Goods,Packaging,1226.65,,,,,,,,
1449,Mangalam Worldwide Ltd.,MWL,Iron & Steel,Steel & Iron Products,1225.15,41.48,41.74,41.0,0.0,41.44,41.17,0.27,0.66
1450,Dolat Algotech Ltd.,DOLATALGO,Finance,Finance - Stock Broking,1220.74,75.74,78.82,74.71,0.0,76.51,74.9,1.61,2.15
1451,Bhagyanagar India Ltd.,BHAGYANGR,Non - Ferrous Metals,Metal - Non Ferrous,1219.94,392.0,401.9,384.1,0.0,394.5,384.0,10.5,2.73
1452,Shri Venkatesh Refineries Ltd.,SVRL,Agriculture,Solvent  Extraction,1218.55,,,,,,,,
1453,Butterfly Gandhimathi Appliances Ltd.,BUTTERFLY,Consumer Durables,Consumer Durables - Domestic Appliances,1214.83,652.95,656.95,645.7,0.0,647.4,647.05,0.35,0.05
1454,Investment & Precision Castings Ltd.,INVPRECQ,Automobile & Ancillaries,Castings/Forgings,1213.6,,,,,,,,
1455,HMA Agro Industries Ltd.,HMAAGRO,Fast Moving Consumer Goods,Consumer Food,1213.37,22.0,22.18,21.7,0.0,21.97,21.94,0.03,0.14
1456,IRM Energy Ltd.,IRMENERGY,Industrials Gases & Fuels,Industrial  Gases & Fuels,1208.18,285.6,290.0,284.45,0.0,286.15,285.6,0.55,0.19
1457,Raj Rayon Industries Ltd.,RAJRILTD,Textile,Textile - Manmade  Fibres,1205.03,,,,,,,,
1458,Genesys International Corporation Ltd.,GENESYS,Information Technology,IT - Software,1203.9,183.55,185.0,178.1,0.0,179.35,183.55,-4.2,-2.29
1459,Munjal Auto Industries Ltd.,MUNJALAU,Automobile & Ancillaries,Auto Ancillary,1201.5,115.71,118.67,114.09,0.0,115.35,115.13,0.22,0.19
1460,Rupa & Company Ltd.,RUPA,Textile,Textile,1200.03,154.55,155.98,153.0,0.0,153.53,155.29,-1.76,-1.13
1461,Borosil Scientific Ltd.,BOROSCI,Construction Materials,Glass,1191.95,129.5,130.4,127.5,0.0,128.4,127.7,0.7,0.55
1462,Manali Petrochemicals Ltd.,MANALIPETC,Chemicals,Chemicals,1189.55,78.5,78.5,73.57,0.0,74.02,77.73,-3.71,-4.77
1463,Faze Three Ltd.,FAZE3Q,Textile,Textile,1189.44,493.3,505.85,490.0,0.0,498.9,490.7,8.2,1.67
1464,Platinum Industries Ltd.,PLATIND,Chemicals,Chemicals,1186.38,212.2,217.0,211.31,0.0,215.2,211.07,4.13,1.96
1465,ICE Make Refrigeration Ltd.,ICEMAKE,Capital Goods,Engineering - Industrial Equipments,1186.08,725.0,733.0,709.1,0.0,721.7,726.05,-4.35,-0.6
1466,Macfos Ltd.,ROBU,Trading,Trading,1185.01,,,,,,,,
1467,Orient Technologies Ltd.,ORIENTTECH,Trading,Trading,1184.54,242.4,245.9,240.05,0.0,243.65,243.15,0.5,0.21
1468,Andhra Paper Ltd.,ANDHRAPAP,Paper,Paper & Paper Products,1182.96,60.65,63.33,59.62,0.0,59.96,60.34,-0.38,-0.63
1469,Alicon Castalloy Ltd.,ALICON,Automobile & Ancillaries,Castings/Forgings,1180.26,746.75,750.35,734.55,0.0,741.1,746.75,-5.65,-0.76
1470,Gulshan Polyols Ltd.,GULPOLY,Alcohol,Breweries & Distilleries,1175.06,192.95,192.95,187.5,0.0,190.71,191.92,-1.21,-0.63
1471,BirlaNu Ltd.,BIRLANU,Construction Materials,Cement & Construction Materials,1173.59,1533.9,1546.5,1502.0,0.0,1514.2,1535.4,-21.2,-1.38
1472,Oriental Aromatics Ltd.,OAL,Chemicals,Chemicals,1173.0,332.15,343.9,332.15,0.0,339.85,334.9,4.95,1.48
1473,Sunrakshakk Industries India Ltd.,SUNRAKSHAK,Textile,Textile - Manmade  Fibres,1169.42,379.95,379.95,370.0,0.0,378.45,375.4,3.05,0.81
1474,B.L. Kashyap and Sons Ltd.,BLKASHYAP,Realty,Construction - Real Estate,1165.52,53.95,54.5,52.35,0.0,52.52,53.98,-1.46,-2.7
1475,One Global Service Provider Ltd.,ONEGLOBAL,Textile,Textile,1162.91,570.0,580.0,535.9,0.0,555.1,564.1,-9.0,-1.6
1476,Commercial Syn Bags Ltd.,COMSYN,Plastic Products,Plastic Products,1162.17,291.21,293.4,286.0,0.0,286.17,289.77,-3.6,-1.24
1477,Ultramarine & Pigments Ltd.,ULTRAMAR,Chemicals,Dyes & Pigments,1161.87,418.0,428.9,415.6,0.0,419.4,419.2,0.2,0.05
1478,Eimco Elecon (India) Ltd.,EIMCOELECO,Capital Goods,Engineering - Industrial Equipments,1159.85,2190.8,2229.9,2149.0,0.0,2182.9,2180.0,2.9,0.13
1479,Arihant Foundations & Housing Ltd.,ARIHANT,Realty,Construction - Real Estate,1158.54,1006.9,1058.1,990.0,0.0,1007.2,1035.4,-28.2,-2.72
1480,M.V.K. Agro Food Product Ltd.,MVKAGRO,Agriculture,Sugar,1156.29,,,,,,,,
1481,Yuken India Ltd.,YUKEN,Capital Goods,Compressors / Pumps,1155.93,952.35,982.85,936.1,0.0,964.6,952.35,12.25,1.29
1482,Cosmic CRF Ltd.,COSMICCRF,Iron & Steel,Steel & Iron Products,1151.38,,,,,,,,
1483,AK Capital Services Ltd.,AKCAPIT,Finance,Finance - Investment,1143.62,1765.0,1779.0,1745.0,0.0,1750.0,1765.2,-15.2,-0.86
1484,Orient Green Power Company Ltd.,GREENPOWER,Power,Power Generation/Distribution,1140.02,9.5,9.85,9.45,0.0,9.48,9.54,-0.06,-0.63
1485,ADC India Communications Ltd.,ADCINDIA,Telecom,Telecommunication - Equipment,1139.51,,,,,,,,
1486,Poojaa Precision Engg Ltd.,PPEL,Capital Goods,Engineering - Industrial Equipments,1139.26,,,,,,,,
1487,TGV SRACC Ltd.,TGVSL,Chemicals,Chemicals,1138.36,105.9,107.5,105.0,0.0,105.89,105.68,0.21,0.2
1488,GHCL Textiles Ltd.,GHCLTEXTIL,Textile,Textile - Spinning,1131.26,123.5,124.68,122.1,0.0,122.49,123.77,-1.28,-1.03
1489,Shree Refrigerations Ltd.,SHREEREF,Capital Goods,Engineering - Industrial Equipments,1128.66,,,,,,,,
1490,SEPC Ltd.,SEPC,Infrastructure,Engineering - Construction,1122.56,5.96,6.15,5.74,0.0,5.79,5.97,-0.18,-3.02
1491,JOJO Ltd.,JOJO,Media & Entertainment,"Film Production, Distribution & Entertainment",1122.0,,,,,,,,
1492,Reliance Industrial Infrastructure Ltd.,RIIL,Logistics,Logistics,1120.95,741.95,814.0,738.5,0.0,786.1,737.8,48.3,6.55
1493,Balaji Telefilms Ltd.,BALAJITELE,Media & Entertainment,"Film Production, Distribution & Entertainment",1120.65,91.47,100.2,89.46,0.0,97.8,91.47,6.33,6.92
1494,Laxmi Dental Ltd.,LAXMIDENTL,Healthcare,Medical Equipment/Supplies/Accessories,1115.01,199.69,201.0,197.52,0.0,198.14,198.18,-0.04,-0.02
1495,Bhartiya International Ltd.,BIL,Fast Moving Consumer Goods,Leather,1114.74,834.55,844.85,827.4,0.0,831.1,834.55,-3.45,-0.41
1496,Safe Enterprises Retail Fixtures Ltd.,SAFEENTP,Consumer Durables,Consumer Durables - Domestic Appliances,1113.38,,,,,,,,
1497,Matrimony.Com Ltd.,MATRIMONY,Information Technology,BPO/ITeS,1112.75,551.8,560.85,532.0,0.0,537.05,558.2,-21.15,-3.79
1498,Automobile Corporation of Goa Ltd.,ACGL,Automobile & Ancillaries,Auto Ancillary,1110.17,1800.0,1834.2,1790.0,0.0,1806.2,1802.0,4.2,0.23
1499,BMW Industries Ltd.,BMW,Iron & Steel,Steel & Iron Products,1110.13,,,,,,,,
1500,SRM Contractors Ltd.,SRM,Infrastructure,Engineering - Construction,1108.66,483.2,486.15,462.1,0.0,467.85,481.1,-13.25,-2.75
1501,Antony Waste Handling Cell Ltd.,AWHCL,Other,Environmental Services,1108.46,380.7,386.0,376.55,0.0,383.85,381.15,2.7,0.71
1502,Bajaj Healthcare Ltd.,BAJAJHCARE,Healthcare,Pharmaceuticals & Drugs,1108.34,323.65,327.65,319.55,0.0,322.0,325.95,-3.95,-1.21
1503,Sunshield Chemicals Ltd.,SUNSHIEL,Chemicals,Chemicals,1106.17,1278.9,1278.9,1230.0,0.0,1232.6,1264.0,-31.4,-2.48
1504,Modison Ltd.,MODISONLTD,Capital Goods,Electric Equipment,1106.06,,,,,,,,
1505,Iris Clothings Ltd.,IRISDOREME,Textile,Textile,1102.59,60.0,60.2,56.26,0.0,57.0,59.27,-2.27,-3.83
1506,Indo Smc Ltd.,INDOSMC,Capital Goods,Electric Equipment,1102.43,,,,,,,,
1507,Vardhman Holdings Ltd.,VHL,Finance,Finance - NBFC,1101.4,3407.0,3555.4,3407.0,0.0,3453.8,3510.0,-56.2,-1.6
1508,Emkay Tools Ltd.,ETL,Capital Goods,Engineering - Industrial Equipments,1098.08,,,,,,,,
1509,Arisinfra Solutions Ltd.,ARIS,Trading,Trading,1096.86,140.0,144.53,139.11,0.0,143.41,139.32,4.09,2.94
1510,Hariom Pipe Industries Ltd.,HARIOMPIPE,Iron & Steel,Steel & Iron Products,1089.12,347.65,350.75,344.3,0.0,348.5,347.5,1.0,0.29
1511,Nahar Spinning Mills Ltd.,NAHARSPING,Textile,Textile - Spinning,1088.27,293.0,301.35,293.0,0.0,299.8,292.15,7.65,2.62
1512,Jindal Photo Ltd.,JINDALPHOT,Finance,Finance - Investment,1084.0,1046.0,1063.9,1040.2,0.0,1044.9,1049.4,-4.5,-0.43
1513,Saint-Gobain Sekurit India Ltd.,SEKURITIND,Automobile & Ancillaries,Auto Ancillary,1083.7,119.05,120.55,118.25,0.0,118.71,119.05,-0.34,-0.29
1514,Gujarat Kidney And Super Speciality Ltd.,GKSL,Healthcare,Hospital & Healthcare Services,1077.39,156.41,157.55,151.11,0.0,152.97,156.41,-3.44,-2.2
1515,Unihealth Hospitals Ltd.,UNIHEALTH,Healthcare,Hospital & Healthcare Services,1075.08,,,,,,,,
1516,GRP Ltd.,GRPLTD,Agriculture,Rubber  Products,1074.67,2012.0,2052.9,2001.1,0.0,2039.4,1998.2,41.2,2.06
1517,Amines & Plasticizers Ltd.,AMNPLST,Chemicals,Chemicals,1071.79,187.0,196.0,187.0,0.0,191.03,183.04,7.99,4.37
1518,Arihant Superstructures Ltd.,ARIHANTSUP,Realty,Construction - Real Estate,1068.92,246.9,256.2,246.9,0.0,254.15,247.85,6.3,2.54
1519,Shree Digvijay Cement Company Ltd.,SHREDIGCEM,Construction Materials,Cement & Construction Materials,1066.46,70.21,73.0,70.21,0.0,72.39,70.21,2.18,3.1
1520,STEL Holdings Ltd.,STEL,Finance,Finance - Investment,1066.35,587.25,618.0,580.15,0.0,611.05,584.35,26.7,4.57
1521,Gandhi Special Tubes Ltd.,GANDHITUBE,Iron & Steel,Steel & Iron Products,1064.21,893.2,900.0,882.6,0.0,892.35,894.95,-2.6,-0.29
1522,Industrial & Prudential Investment Company Ltd.,INDPRUD,Finance,Finance - NBFC,1060.71,6156.0,6300.0,6156.0,0.0,6289.5,6178.5,111.0,1.8
1523,Jindal Poly Investment and Finance Company Ltd.,JPOLYINVST,Finance,Finance - Investment,1059.81,955.0,977.9,955.0,0.0,964.0,954.4,9.6,1.01
1524,Monte Carlo Fashions Ltd.,MONTECARLO,Textile,Textile,1058.27,542.1,550.0,538.6,0.0,547.85,541.5,6.35,1.17
1525,Remus Pharmaceuticals Ltd.,REMUS,Healthcare,Pharmaceuticals & Drugs,1057.44,,,,,,,,
1526,Ester Industries Ltd.,ESTER,Plastic Products,Plastic Products,1056.4,96.0,97.68,94.7,0.0,95.14,96.16,-1.02,-1.06
1527,Abans Financial Services Ltd.,AFSL,Finance,Finance - NBFC,1053.4,202.95,203.19,201.0,0.0,201.34,202.14,-0.8,-0.4
1528,Madras Fertilizers Ltd.,MADRASFERT,Chemicals,Fertilizers,1051.99,65.98,66.29,65.01,0.0,65.52,65.04,0.48,0.74
1529,Anawil Wire And Engineering Ltd.,ANAWIL,Infrastructure,Transmission Towers / Equipments,1051.12,,,,,,,,
1530,BCL Industries Ltd.,BCLIND,Fast Moving Consumer Goods,Edible Oil,1051.08,37.31,37.32,36.35,0.0,36.5,37.19,-0.69,-1.86
1531,Mamata Machinery Ltd.,MAMATA,Capital Goods,Engineering - Industrial Equipments,1048.91,406.0,422.95,406.0,0.0,420.35,405.5,14.85,3.66
1532,Jyoti Resins & Adhesives Ltd.,JYOTIRES,Chemicals,Chemicals,1044.0,850.9,854.95,830.25,0.0,849.5,849.9,-0.4,-0.05
1533,Krishival Foods Ltd.,KRISHIVAL,Fast Moving Consumer Goods,Consumer Food,1042.94,398.2,410.0,396.5,0.0,405.65,393.55,12.1,3.07
1534,Salasar Techno Engineering Ltd.,SALASAR,Capital Goods,Engineering - Industrial Equipments,1041.78,5.95,6.01,5.93,0.0,5.94,6.01,-0.07,-1.16
1535,Sigachi Industries Ltd.,SIGACHI,Healthcare,Pharmaceuticals & Drugs,1040.5,30.45,30.74,29.3,0.0,30.05,30.31,-0.26,-0.86
1536,India Homes Ltd.,INDIAHOMES,Iron & Steel,Steel & Iron Products,1037.8,,,,,,,,
1537,Unitech Ltd.,UNITECH,Realty,Construction - Real Estate,1036.06,3.98,4.08,3.94,0.0,4.03,3.97,0.06,1.51
1538,The Hi-Tech Gears Ltd.,HITECHGEAR,Automobile & Ancillaries,Auto Ancillary,1035.1,,,,,,,,
1539,Dhampur Sugar Mills Ltd.,DHAMPURSUG,Agriculture,Sugar,1032.44,184.0,187.59,179.25,0.0,185.23,189.76,-4.53,-2.39
1540,Indo Thai Securities Ltd.,INDOTHAI,Finance,Finance - Investment,1029.85,59.66,59.66,59.66,0.0,59.66,62.8,-3.14,-5.0
1541,Sumeet Industries Ltd.,SUMEETINDS,Textile,Textile - Spinning,1029.62,13.88,13.89,13.2,0.0,13.52,13.38,0.14,1.05
1542,DAM Capital Advisors Ltd.,DAMCAPITAL,Finance,Finance - Investment,1029.19,145.0,147.1,144.1,0.0,144.47,145.54,-1.07,-0.74
1543,Suraj Estate Developers Ltd.,SURAJEST,Realty,Construction - Real Estate,1027.37,199.01,201.0,195.0,0.0,195.46,198.56,-3.1,-1.56
1544,Nelcast Ltd.,NELCAST,Automobile & Ancillaries,Castings/Forgings,1024.44,116.64,118.36,115.0,0.0,117.81,116.63,1.18,1.01
1545,Finkurve Financial Services Ltd.,FINKURVE,Finance,Finance - NBFC,1022.07,75.92,77.59,75.11,0.0,76.32,76.32,0.0,0.0
1546,Crest Ventures Ltd.,CREST,Finance,Finance - NBFC,1021.92,360.1,365.0,357.8,0.0,361.8,364.95,-3.15,-0.86
1547,Sacheerome Ltd.,SACHEEROME,Chemicals,Chemicals,1011.7,,,,,,,,
1548,Uttam Sugar Mills Ltd.,UTTAMSUGAR,Agriculture,Sugar,1010.28,333.31,337.2,318.15,0.0,323.3,336.22,-12.92,-3.84
1549,Salzer Electronics Ltd.,SALZERELEC,Capital Goods,Electric Equipment,1009.07,569.9,574.0,566.0,0.0,569.55,568.55,1.0,0.18
1550,3B Blackbio Dx Ltd.,3BBLACKBIO,Healthcare,Medical Equipment/Supplies/Accessories,1007.56,1158.9,1225.0,1130.0,0.0,1202.5,1151.1,51.4,4.47
1551,Jaro Institute of Technology Management and Research Ltd.,JARO,Other,Educational Institutions,1007.4,440.55,456.6,438.5,0.0,443.1,440.05,3.05,0.69
1552,Tejas Cargo India Ltd.,TEJASCARGO,Logistics,Logistics,1004.1,,,,,,,,
1553,Tamilnadu Petroproducts Ltd.,TNPETRO,Crude Oil,Petrochemicals,998.5,117.0,118.58,114.55,0.0,115.21,114.88,0.33,0.29
1554,Gayatri Projects Ltd.,GAYAPROJ,Infrastructure,Engineering - Construction,982.46,,,,,,,,
1555,Swaraj Suiting Ltd.,SWARAJ,Textile,Textile,978.14,373.0,373.0,366.0,0.0,367.6,372.0,-4.4,-1.18
1556,Kamdhenu Ltd.,KAMDHENU,Iron & Steel,Steel & Iron Products,977.29,,,,,,,,
1557,Tamil Nadu Newsprint & Papers Ltd.,TNPL,Paper,Paper & Paper Products,976.22,139.85,143.1,138.81,0.0,141.11,139.85,1.26,0.9
1558,Neueon Corporation Ltd.,NEUEON,Infrastructure,Transmission Towers / Equipments,975.39,,,,,,,,
1559,Suyog Telematics Ltd.,SUYOG,Telecom,Telecommunication - Equipment,973.63,737.0,769.45,725.5,0.0,748.8,740.5,8.3,1.12
1560,Hindusthan Insulators & Industries Ltd.,HIIL,Electricals,Electronics - Components,973.08,,,,,,,,
1561,TAC Infosec Ltd.,TAC,Other,Business Support,972.78,,,,,,,,
1562,Unicommerce eSolutions Ltd.,UNIECOM,Information Technology,IT - Software,971.52,88.2,90.0,86.42,0.0,87.47,88.64,-1.17,-1.32
1563,B-Right Real Estate Ltd.,BRRL,Realty,Construction - Real Estate,967.52,,,,,,,,
1564,Sadhana Nitro Chem Ltd.,SADHNANIQ,Chemicals,Chemicals,967.27,,,,,,,,
1565,Master Trust Ltd.,MASTERTR,Finance,Finance - NBFC,964.57,78.64,88.51,78.64,0.0,84.99,78.0,6.99,8.96
1566,Themis Medicare Ltd.,THEMISMED,Healthcare,Pharmaceuticals & Drugs,964.29,102.95,106.81,102.95,0.0,106.14,102.77,3.37,3.28
1567,Eco Recycling Ltd.,ECORECO,Other,Environmental Services,962.79,470.45,470.45,443.75,0.0,454.75,461.25,-6.5,-1.41
1568,String Metaverse Ltd.,META,Paper,Paper & Paper Products,962.51,,,,,,,,
1569,Prime Securities Ltd.,PRIMESECU,Finance,Finance - Stock Broking,962.44,274.85,278.8,274.85,0.0,276.65,275.15,1.5,0.55
1570,Asian Star Company Ltd.,ASTAR,Diamond & Jewellery,Diamond  &  Jewellery,961.21,613.9,613.9,585.0,0.0,600.0,592.35,7.65,1.29
1571,IFB Agro Industries Ltd.,IFBAGRO,Alcohol,Breweries & Distilleries,960.88,1007.9,1025.0,989.6,0.0,1001.5,1007.9,-6.4,-0.63
1572,GKW Ltd.,GKWLIMITED,Finance,Finance - Investment,960.07,1623.9,1623.9,1605.3,0.0,1606.5,1610.2,-3.7,-0.23
1573,Wealth First Portfolio Managers Ltd.,WEALTH,Finance,Finance - Investment,958.95,869.25,880.6,858.05,0.0,866.85,864.65,2.2,0.25
1574,SAL Steel Ltd.,SALSTEEL,Iron & Steel,Steel/Sponge Iron/Pig Iron,954.45,79.5,80.96,75.57,0.0,78.93,79.13,-0.2,-0.25
1575,Solex Energy Ltd.,SOLEX,Capital Goods,Electric Equipment,953.21,777.05,788.95,770.0,0.0,772.25,772.3,-0.05,-0.01
1576,Kirloskar Electric Company Ltd.,KECL,Capital Goods,Electric Equipment,951.38,132.21,137.89,129.81,0.0,132.23,130.69,1.54,1.18
1577,Asgard Alcobev Ltd.,ASGARD,Trading,Trading,945.19,,,,,,,,
1578,Indo Amines Ltd.,INDOAMIN,Chemicals,Chemicals,944.0,,,,,,,,
1579,Dhunseri Ventures Ltd.,DVL,Trading,Trading,940.41,264.0,272.0,264.0,0.0,269.49,263.34,6.15,2.34
1580,Sudarshan Colorants India Ltd.,SUDARCOLOR,Chemicals,Chemicals,937.58,402.45,404.95,400.0,0.0,401.25,402.15,-0.9,-0.22
1581,Shri Ahimsa Naturals Ltd.,SHRIAHIMSA,Fast Moving Consumer Goods,Consumer Food,936.86,,,,,,,,
1582,Swelect Energy Systems Ltd.,SWELECTES,Electricals,Electronics - Components,935.9,608.55,614.8,606.15,0.0,608.9,608.8,0.1,0.02
1583,RSWM Ltd.,RSWM,Textile,Textile,933.08,,,,,,,,
1584,Control Print Ltd.,CONTROLPR,Consumer Durables,IT - Hardware,932.62,565.35,576.95,563.0,0.0,573.8,565.9,7.9,1.4
1585,Bharat Parenterals Ltd.,BPLPHARMA,Healthcare,Pharmaceuticals & Drugs,930.04,1528.9,1528.9,1331.0,0.0,1397.1,1294.7,102.4,7.91
1586,The Yamuna Syndicate Ltd.,YSL,Trading,Trading,928.85,,,,,,,,
1587,Zuari Agro Chemicals Ltd.,ZUARI,Chemicals,Fertilizers,927.38,226.25,228.5,223.94,0.0,225.04,225.89,-0.85,-0.38
1588,Health X Platform Ltd.,HEALTHX,Finance,Finance - NBFC,924.73,308.55,308.55,297.05,0.0,300.85,302.4,-1.55,-0.51
1589,PVP Ventures Ltd.,PVP,Realty,Construction - Real Estate,921.83,44.3,45.9,43.41,0.0,45.35,43.15,2.2,5.1
1590,Sical Logistics Ltd.,SICALLOG,Logistics,Logistics,921.52,,,,,,,,
1591,Amal Ltd.,AMAL,Chemicals,Chemicals,921.08,792.0,792.0,756.1,0.0,772.95,793.6,-20.65,-2.6
1592,Prizor Viztech Ltd.,PRIZOR,Trading,Trading,918.76,,,,,,,,
1593,Bombay Super Hybrid Seeds Ltd.,BSHSL,Agriculture,Agriculture,918.73,89.0,91.6,85.0,0.0,87.07,88.07,-1.0,-1.14
1594,Kopran Ltd.,KOPRAN,Healthcare,Pharmaceuticals & Drugs,918.15,,,,,,,,
1595,Vilas Transcore Ltd.,VILAS,Capital Goods,Electric Equipment,915.92,,,,,,,,
1596,Himatsingka Seide Ltd.,HIMATSEIDE,Textile,Textile,915.53,71.48,73.19,71.06,0.0,72.12,71.48,0.64,0.9
1597,Wanbury Ltd.,WANBURY,Healthcare,Pharmaceuticals & Drugs,915.43,265.25,268.85,263.2,0.0,264.85,268.5,-3.65,-1.36
1598,IIRM Holdings India Ltd.,IIRM,Plastic Products,Plastic Products,914.84,,,,,,,,
1599,Ambika Cotton Mills Ltd.,AMBIKCO,Textile,Textile - Spinning,914.31,1647.8,1699.0,1642.2,0.0,1677.0,1647.8,29.2,1.77
1600,Valiant Organics Ltd.,VALIANTORG,Chemicals,Chemicals,913.23,,,,,,,,
1601,Mac Charles (India) Ltd.,MCCHRLS-B,Hospitality,"Hotel, Resort & Restaurants",912.64,699.95,700.0,660.0,0.0,694.95,675.0,19.95,2.96
1602,Dharmaj Crop Guard Ltd.,DHARMAJ,Chemicals,Pesticides & Agrochemicals,912.36,270.25,271.2,268.4,0.0,270.0,270.05,-0.05,-0.02
1603,Rajoo Engineers Ltd.,RAJOOENG,Capital Goods,Engineering - Industrial Equipments,911.96,,,,,,,,
1604,Laxmi Goldorna House Ltd.,LGHL,Trading,Trading,911.68,177.93,179.01,174.8,0.0,175.94,174.15,1.79,1.03
1605,Vikram Thermo (India) Ltd.,VIKRAMTH,Chemicals,Chemicals,909.69,,,,,,,,
1606,Uni Abex Alloy Products Ltd.,UNIABEXAL,Automobile & Ancillaries,Castings/Forgings,908.82,,,,,,,,
1607,Sudarshan Pharma Industries Ltd.,SUDARSHAN,Healthcare,Pharmaceuticals & Drugs,906.51,,,,,,,,
1608,RRP Defense Ltd.,RRPDEFENSE,Trading,Trading,904.55,,,,,,,,
1609,Xtranet Technologies Ltd.,XTRANET,Information Technology,IT - Software,902.19,157.1,175.0,157.1,0.0,167.03,160.18,6.85,4.28
1610,Gaudium IVF and Women Health Ltd.,GAUDIUMIVF,Healthcare,Hospital & Healthcare Services,897.46,,,,,,,,
1611,Foseco Crucible (India) Ltd.,FOSECOC,Capital Goods,Refractories,895.36,,,,,,,,
1612,Vadilal Enterprises Ltd.,VADILENT,Fast Moving Consumer Goods,Consumer Food,893.9,9726.0,9726.0,9603.0,0.0,9700.0,9700.0,0.0,0.0
1613,Supreme Infrastructure India Ltd.,SUPREMEINF,Infrastructure,Engineering - Construction,892.93,85.96,91.0,85.96,0.0,88.3,85.36,2.94,3.44
1614,NR Agarwal Industries Ltd.,NRAIL,Paper,Paper & Paper Products,891.72,505.0,505.0,499.05,0.0,503.85,503.6,0.25,0.05
1615,Regaal Resources Ltd.,REGAAL,Agriculture,Agriculture,888.53,95.84,98.72,95.2,0.0,95.96,95.84,0.12,0.13
1616,Western Carriers (India) Ltd.,WCIL,Logistics,Logistics,886.6,86.0,87.4,85.4,0.0,86.7,86.58,0.12,0.14
1617,Mafatlal Industries Ltd.,MAFATIND,Textile,Textile,886.36,124.2,124.39,121.1,0.0,121.81,124.61,-2.8,-2.25
1618,Fairchem Organics Ltd.,FAIRCHEMOR,Chemicals,Chemicals,883.22,,,,,,,,
1619,Bharat Global Developers Ltd.,BGDL,Trading,Trading,880.35,,,,,,,,
1620,MIC Electronics Ltd.,MICEL,Capital Goods,Electric Equipment,879.69,,,,,,,,
1621,Bhageria Industries Ltd.,BHAGERIA,Chemicals,Dyes & Pigments,876.38,,,,,,,,
1622,Gem Aromatics Ltd.,GEMAROMA,Chemicals,Chemicals,874.19,178.8,181.8,174.92,0.0,175.79,177.39,-1.6,-0.9
1623,Consolidated Finvest & Holdings Ltd.,CONSOFINVT,Finance,Finance - NBFC,872.81,,,,,,,,
1624,Birla Cable Ltd.,BIRLACABLE,Electricals,Cable,870.75,,,,,,,,
1625,Bodal Chemicals Ltd.,BODALCHEM,Chemicals,Dyes & Pigments,869.9,,,,,,,,
1626,Shree Vasu Logistics Ltd.,SVLL,Logistics,Logistics,869.15,,,,,,,,
1627,Hexa Tradex Ltd.,HEXATRADEX,Trading,Trading,867.89,159.95,159.95,155.55,0.0,158.03,160.27,-2.24,-1.4
1628,Krystal Integrated Services Ltd,KRYSTAL,Other,Professional Services,866.26,680.0,694.0,648.0,0.0,657.95,681.35,-23.4,-3.43
1629,New Delhi Television Ltd.,NDTV,Media & Entertainment,TV Broadcasting & Software Production,865.37,75.5,76.79,75.06,0.0,75.49,75.5,-0.01,-0.01
1630,Synergy Green Industries Ltd.,SGIL,Automobile & Ancillaries,Castings/Forgings,864.5,565.0,569.0,553.2,0.0,564.05,562.05,2.0,0.36
1631,Precot Ltd.,PRECOT,Textile,Textile - Spinning,860.58,709.5,713.95,683.95,0.0,697.35,709.5,-12.15,-1.71
1632,Royal Orchid Hotels Ltd.,ROHLTD,Hospitality,"Hotel, Resort & Restaurants",858.68,308.2,308.2,301.6,0.0,302.7,302.85,-0.15,-0.05
1633,MMP Industries Ltd.,MMP,Non - Ferrous Metals,Aluminium & Aluminium Products,857.34,407.0,429.95,400.0,0.0,401.9,406.35,-4.45,-1.1
1634,Borana Weaves Ltd.,BORANA,Textile,Textile,857.05,306.75,313.95,304.7,0.0,307.95,308.2,-0.25,-0.08
1635,Tirupati Forge Ltd.,TIRUPATIFL,Automobile & Ancillaries,Forgings,856.18,,,,,,,,
1636,Likhitha Infrastructure Ltd.,LIKHITHA,Infrastructure,Engineering - Construction,854.68,214.55,214.55,208.02,0.0,210.3,213.08,-2.78,-1.3
1637,Vinsys IT Services India Ltd.,VINSYS,Information Technology,IT - Software,854.02,,,,,,,,
1638,Excelsoft Technologies Ltd.,EXCELSOFT,Information Technology,IT - Education,853.46,71.27,72.1,70.6,0.0,70.9,70.88,0.02,0.03
1639,Sree Rayalaseema Hi-Strength Hypo Ltd.,SRHHYPOLTD,Chemicals,Chemicals,852.15,473.0,479.7,471.55,0.0,473.15,473.2,-0.05,-0.01
1640,Jaybharat Textiles & Real Estate Ltd.,JAYTEX,Textile,Textile - Spinning,850.28,,,,,,,,
1641,Max India Ltd.,MAXIND,Finance,Finance - Investment,849.88,152.87,152.87,149.1,0.0,150.1,152.11,-2.01,-1.32
1642,Ritco Logistics Ltd.,RITCO,Logistics,Logistics,849.81,324.75,327.5,313.25,0.0,317.9,322.7,-4.8,-1.49
1643,Pradeep Metals Ltd.,PRADPME,Capital Goods,Engineering - Industrial Equipments,849.77,,,,,,,,
1644,Viceroy Hotels Ltd.,VHLTD,Hospitality,"Hotel, Resort & Restaurants",847.1,,,,,,,,
1645,Kothari Petrochemicals Ltd.,KOTHARIPET,Crude Oil,Petrochemicals,846.92,133.75,135.74,132.0,0.0,132.48,134.3,-1.82,-1.36
1646,Fedders Holding Ltd.,FEDDERSHOL,Finance,Finance - Investment,846.15,40.5,40.98,39.76,0.0,40.26,40.2,0.06,0.15
1647,TVS Electronics Ltd.,TVSELECT,Consumer Durables,IT - Hardware,844.11,446.0,450.0,440.0,0.0,441.6,443.35,-1.75,-0.39
1648,Panache Digilife Ltd.,PANACHE,Consumer Durables,IT - Hardware,840.33,,,,,,,,
1649,Pudumjee Paper Products Ltd.,PDMJEPAPER,Paper,Paper & Paper Products,838.69,88.18,94.49,88.18,0.0,90.69,87.68,3.01,3.43
1650,Ganesh Benzoplast Ltd.,GANESHBE,Chemicals,Chemicals,838.68,,,,,,,,
1651,Sahana System Ltd.,SAHANA,Information Technology,IT - Software,835.64,,,,,,,,
1652,Effwa Infra & Research Ltd.,EFFWA,Infrastructure,Engineering - Construction,835.61,,,,,,,,
1653,Freshara Agro Exports Ltd.,FRESHARA,Agriculture,Agriculture,834.57,,,,,,,,
1654,Oricon Enterprises Ltd.,ORICONENT,Fast Moving Consumer Goods,Packaging,830.31,58.12,58.12,56.11,0.0,56.95,58.12,-1.17,-2.01
1655,Airfloa Rail Technology Ltd.,AIRFLOA,Capital Goods,Engineering - Industrial Equipments,829.48,,,,,,,,
1656,Beekay Steel Industries Ltd.,BEEKAY,Iron & Steel,Steel & Iron Products,828.78,430.0,449.8,421.0,0.0,435.3,423.25,12.05,2.85
1657,Visaka Industries Ltd.,VISAKAIND,Construction Materials,Cement & Construction Materials,825.51,97.89,97.9,94.0,0.0,94.43,96.05,-1.62,-1.69
1658,Veljan Denison Ltd.,VELJAN,Capital Goods,Compressors / Pumps,823.5,,,,,,,,
1659,Popular Vehicles & Services Ltd.,PVSL,Automobile & Ancillaries,Automobiles - Dealers & Distributors,823.41,114.67,114.83,109.0,0.0,109.67,114.67,-5.0,-4.36
1660,Capital India Finance Ltd.,CIFL,Finance,Finance - NBFC,822.0,20.03,20.79,20.03,0.0,20.32,20.87,-0.55,-2.64
1661,Om Infra Ltd.,OMINFRAL,Infrastructure,Engineering - Construction,821.76,84.4,85.46,83.9,0.0,84.13,84.67,-0.54,-0.64
1662,Kokuyo Camlin Ltd.,KOKUYOCMLN,Fast Moving Consumer Goods,Printing & Stationery,821.49,79.0,80.98,79.0,0.0,80.08,79.8,0.28,0.35
1663,The Sandesh Ltd.,SANDESH,Media & Entertainment,Printing And Publishing,821.36,1050.0,1050.0,1027.2,0.0,1038.75,1030.45,8.3,0.81
1664,Baheti Recycling Industries Ltd.,BAHETI,Non - Ferrous Metals,Aluminium & Aluminium Products,821.13,,,,,,,,
1665,Systematix Corporate Services Ltd.,SYSTMTXC,Finance,Finance - Investment,818.82,,,,,,,,
1666,Radhika Jeweltech Ltd.,RADHIKAJWE,Diamond & Jewellery,Diamond  &  Jewellery,817.86,66.69,69.7,65.76,0.0,67.56,65.67,1.89,2.88
1667,Quick Heal Technologies Ltd.,QUICKHEAL,Information Technology,IT - Software,816.94,,,,,,,,
1668,Shah Foods Ltd.,SHAHFOOD,Trading,Trading,816.02,,,,,,,,
1669,Arihant Capital Markets Ltd.,ARIHANTCAP,Finance,Finance - Stock Broking,814.09,75.95,77.38,75.41,0.0,75.95,75.95,0.0,0.0
1670,JITF Infralogistics Ltd.,JITFINFRA,Other,Business Support,814.04,303.0,312.9,303.0,0.0,309.0,308.05,0.95,0.31
1671,Advit Jewels Ltd.,RAMBHAJO,Diamond & Jewellery,Diamond  &  Jewellery,814.04,173.9,180.0,173.9,0.0,177.41,173.84,3.57,2.05
1672,VLS Finance Ltd.,VLSFINANCE,Finance,Finance - Investment,812.55,249.1,251.9,247.1,0.0,248.95,249.3,-0.35,-0.14
1673,Parin Enterprises Ltd.,PARIN,Fast Moving Consumer Goods,Household & Personal Products,809.39,,,,,,,,
1674,Nupur Recyclers Ltd.,NRL,Trading,Trading,808.11,,,,,,,,
1675,Sterling Tools Ltd.,STERTOOLS,Automobile & Ancillaries,Fasteners,807.21,,,,,,,,
1676,Jagatjit Industries Ltd.,JAGAJITIND,Alcohol,Breweries & Distilleries,805.83,,,,,,,,
1677,Sarla Performance Fibers Ltd.,SARLAPOLY,Textile,Textile - Manmade  Fibres,804.25,99.11,99.19,97.15,0.0,97.89,98.85,-0.96,-0.97
1678,Exhicon Events Media Solutions Ltd.,EXHICON,Other,Professional Services,799.94,,,,,,,,
1679,Lotus Chocolate Company Ltd.,LOTUSCHO,Fast Moving Consumer Goods,Consumer Food,799.23,616.0,620.0,613.0,0.0,614.9,615.0,-0.1,-0.02
1680,Scoda Tubes Ltd.,SCODATUBES,Iron & Steel,Steel & Iron Products,798.89,126.68,131.08,126.68,0.0,128.84,126.68,2.16,1.71
1681,Dwarikesh Sugar Industries Ltd.,DWARKESH,Agriculture,Sugar,795.5,54.0,54.36,51.78,0.0,53.63,55.38,-1.75,-3.16
1682,Dhampur Bio Organics Ltd.,DBOL,Agriculture,Sugar,795.46,132.0,135.35,128.21,0.0,131.15,135.61,-4.46,-3.29
1683,Prostarm Info Systems Ltd.,PROSTARM,Capital Goods,Electric Equipment,794.22,138.8,140.89,136.31,0.0,138.72,138.53,0.19,0.14
1684,Mukka Proteins Ltd.,MUKKA,Fast Moving Consumer Goods,Animal Feed,793.5,26.48,27.09,26.14,0.0,26.59,26.29,0.3,1.14
1685,Automotive Stampings and Assemblies Ltd.,ASAL,Automobile & Ancillaries,Auto Ancillary,793.3,506.0,507.55,497.35,0.0,500.1,506.75,-6.65,-1.31
1686,Bright Outdoor Media Ltd.,BRIGHT,Media & Entertainment,Advertising & Media,792.94,,,,,,,,
1687,Sahasra Electronic Solutions Ltd.,SAHASRA,Electricals,Electronics - Components,792.65,,,,,,,,
1688,Sathlokhar Synergys E&C Global Ltd.,SSEGL,Infrastructure,Engineering - Construction,791.05,,,,,,,,
1689,Denta Water And Infra Solutions Ltd.,DENTA,Infrastructure,Engineering - Construction,790.72,292.8,293.05,285.0,0.0,286.4,290.5,-4.1,-1.41
1690,Taneja Aerospace & Aviation Ltd.,TANAA,Aviation,Airlines,787.58,315.0,315.0,305.65,0.0,306.55,307.85,-1.3,-0.42
1691,Z-Tech (India) Ltd.,ZTECH,Infrastructure,Engineering - Construction,785.96,,,,,,,,
1692,Hexagon Nutrition Ltd.,HEXAGON,Healthcare,Pharmaceuticals & Drugs,783.23,,,,,,,,
1693,Modi's Navnirman Ltd.,MODIS,Realty,Construction - Real Estate,782.18,400.0,404.45,377.5,0.0,383.15,402.7,-19.55,-4.85
1694,Subex Ltd.,SUBEXLTD,Information Technology,IT - Software,781.75,17.24,19.39,17.15,0.0,18.66,17.08,1.58,9.25
1695,Stanley Lifestyles Ltd.,STANLEY,Fast Moving Consumer Goods,Household & Personal Products,780.34,140.61,141.77,135.15,0.0,137.89,139.6,-1.71,-1.22
1696,NCL Industries Ltd.,NCLIND,Construction Materials,Cement & Construction Materials,780.27,172.25,174.73,172.25,0.0,174.0,174.05,-0.05,-0.03
1697,SJ Corporation Ltd.,SJCORP,Diamond & Jewellery,Diamond  &  Jewellery,776.49,,,,,,,,
1698,Hardwyn India Ltd.,HARDWYN,Trading,Trading,775.42,9.37,9.37,9.04,0.0,9.08,9.31,-0.23,-2.47
1699,Sejal Glass Ltd.,SEJALLTD,Construction Materials,Glass,775.2,662.0,674.95,658.5,0.0,663.9,662.85,1.05,0.16
1700,GeeCee Ventures Ltd.,GEECEE,Realty,Construction - Real Estate,773.94,,,,,,,,
1701,Vision Infra Equipment Solutions Ltd.,VIESL,Trading,Trading,772.72,,,,,,,,
1702,Premier Polyfilm Ltd.,PREMIERPOL,Plastic Products,Plastic Products,770.9,89.82,90.5,86.17,0.0,86.97,88.99,-2.02,-2.27
1703,Shalimar Paints Ltd.,SHALPAINTS,Chemicals,Paints,770.65,,,,,,,,
1704,Rajapalayam Mills Ltd.,RAJPALAYAM,Textile,Textile - Spinning,770.03,812.75,818.85,809.95,0.0,816.05,812.65,3.4,0.42
1705,Anlon Healthcare Ltd.,AHCL,Healthcare,Pharmaceuticals & Drugs,769.1,14.37,14.64,14.22,0.0,14.28,14.37,-0.09,-0.63
1706,Deccan Cements Ltd.,DECCANCE,Construction Materials,Cement & Construction Materials,768.24,559.8,579.0,550.65,0.0,554.15,556.1,-1.95,-0.35
1707,Magadh Sugar & Energy Ltd.,MAGADSUGAR,Agriculture,Sugar,767.64,598.0,629.0,591.05,0.0,601.3,620.6,-19.3,-3.11
1708,Manoj Vaibhav Gems 'N' Jewellers Ltd.,MVGJL,Trading,Trading,766.42,147.8,152.65,146.84,0.0,149.6,146.84,2.76,1.88
1709,Zuari Industries Ltd.,ZUARIIND,Agriculture,Sugar,765.67,285.95,285.95,272.8,0.0,279.3,285.15,-5.85,-2.05
1710,Advent Hotels International Ltd.,ADVENTHTL,Hospitality,"Hotel, Resort & Restaurants",765.45,133.15,136.0,132.72,0.0,133.2,135.54,-2.34,-1.73
1711,Anuh Pharma Ltd.,ANUHPHR,Healthcare,Pharmaceuticals & Drugs,764.31,76.4,76.98,75.8,0.0,76.03,75.91,0.12,0.16
1712,FlySBS Aviation Ltd.,FLYSBS,Aviation,Airlines,763.87,,,,,,,,
1713,Forbes Precision Tools And Machine Parts Ltd.,TOTEM,Capital Goods,Engineering - Industrial Equipments,763.34,,,,,,,,
1714,Apis India Ltd.,APIS,Fast Moving Consumer Goods,Consumer Food,763.15,,,,,,,,
1715,RM Drip and Sprinklers System Ltd.,RMDRIP,Capital Goods,Engineering - Industrial Equipments,763.1,,,,,,,,
1716,GIC Housing Finance Ltd.,GICHSGFIN,Finance,Finance - Housing,763.07,138.1,139.0,137.1,0.0,137.68,137.64,0.04,0.03
1717,Advance Agrolife Ltd.,ADVANCE,Chemicals,Pesticides & Agrochemicals,761.79,115.2,120.8,115.2,0.0,119.2,115.93,3.27,2.82
1718,OCCL Ltd.,OCCLLTD,Chemicals,Chemicals,761.74,,,,,,,,
1719,Lokesh Machines Ltd.,LOKESHMACH,Capital Goods,Engineering - Industrial Equipments,758.53,,,,,,,,
1720,IST Ltd.,ISTLTD,Automobile & Ancillaries,Auto Ancillary,757.64,670.4,682.65,660.0,0.0,674.8,667.1,7.7,1.15
1721,United Polyfab Gujarat Ltd.,UNITEDPOLY,Textile,Textile - Weaving,757.4,,,,,,,,
1722,UP Hotels Ltd.,UPHOT,Hospitality,"Hotel, Resort & Restaurants",756.0,1395.0,1396.0,1395.0,0.0,1396.0,1448.0,-52.0,-3.59
1723,Unified Data- Tech Solutions Ltd.,UNIFIED,Consumer Durables,IT - Hardware,755.39,,,,,,,,
1724,Petro Carbon And Chemicals Ltd.,PCCL,Industrials Gases & Fuels,Industrial  Gases & Fuels,754.59,,,,,,,,
1725,Bajaj Steel Industries Ltd.,BAJAJST,Capital Goods,Engineering - Industrial Equipments,752.54,352.45,359.0,350.05,0.0,351.7,349.55,2.15,0.62
1726,Eldeco Housing & Industries Ltd.,ELDEHSG,Realty,Construction - Real Estate,750.41,825.75,848.0,822.15,0.0,835.4,823.3,12.1,1.47
1727,Mangal Electrical Industries Ltd.,MEIL,Capital Goods,Electric Equipment,746.29,265.0,265.0,258.0,0.0,259.55,263.1,-3.55,-1.35
1728,Aditya Birla Money Ltd.,BIRLAMONEY,Finance,Finance - Stock Broking,743.94,127.22,128.45,125.72,0.0,126.6,127.22,-0.62,-0.49
1729,Karnika Industries Ltd.,KARNIKA,Textile,Textile,737.46,,,,,,,,
1730,Oriental Rail Infrastructure Ltd.,ORIRAIL,Construction Materials,Wood & Wood Products,737.31,106.89,124.35,104.25,0.0,114.78,103.63,11.15,10.76
1731,DMCC Speciality Chemicals Ltd.,DMCC,Chemicals,Chemicals,736.73,285.05,290.0,281.1,0.0,284.3,287.3,-3.0,-1.04
1732,Vascon Engineers Ltd.,VASCONEQ,Infrastructure,Engineering - Construction,734.94,30.95,32.12,30.68,0.0,31.84,30.74,1.1,3.58
1733,Patel Retail Ltd.,PATELRMART,Retailing,Retailing,734.48,239.24,240.97,232.1,0.0,234.11,232.32,1.79,0.77
1734,SMT Engineering Ltd.,SMTEL,Trading,Trading,729.03,,,,,,,,
1735,Kellton Tech Solutions Ltd.,KELLTONTEC,Information Technology,IT - Software,728.56,13.53,13.84,13.42,0.0,13.56,13.6,-0.04,-0.29
1736,Chembond Chemicals Ltd.,CHEMBONDCH,Chemicals,Chemicals,726.61,,,,,,,,
1737,Yogi Ltd.,YOGI,Realty,Construction - Real Estate,724.05,160.0,180.0,130.01,0.0,165.97,160.0,5.97,3.73
1738,Maan Aluminium Ltd.,MAANALU,Non - Ferrous Metals,Aluminium & Aluminium Products,724.02,118.52,122.33,118.05,0.0,119.4,118.52,0.88,0.74
1739,Agarwal Industrial Corporation Ltd.,AGARIND,Crude Oil,Petrochemicals,722.98,492.1,496.0,488.0,0.0,491.8,491.75,0.05,0.01
1740,Ecos (India) Mobility & Hospitality Ltd.,ECOSMOBLTY,Other,Business Support,720.3,,,,,,,,
1741,South West Pinnacle Exploration Ltd.,SOUTHWEST,Capital Goods,Engineering,718.66,215.39,224.0,215.39,0.0,220.04,215.37,4.67,2.17
1742,Rama Steel Tubes Ltd.,RAMASTEEL,Iron & Steel,Steel & Iron Products,718.22,,,,,,,,
1743,Everest Industries Ltd.,EVERESTIND,Construction Materials,Cement & Construction Materials,716.44,,,,,,,,
1744,Consolidated Construction Consortium Ltd.,CCCL,Infrastructure,Engineering - Construction,716.16,15.21,15.6,15.13,0.0,15.49,15.22,0.27,1.77
1745,Permanent Magnets Ltd.,PERMAGN,Capital Goods,Electric Equipment,715.74,864.25,882.4,841.65,0.0,864.45,881.55,-17.1,-1.94
1746,Aryaman Financial Services Ltd.,ARYAMAN,Finance,Finance - Investment,713.76,608.0,610.0,590.0,0.0,610.0,585.0,25.0,4.27
1747,Beezaasan Explotech Ltd.,BEEZAASAN,Chemicals,Chemicals,713.65,,,,,,,,
1748,India Power Corporation Ltd.,DPSCLTD,Power,Power Generation/Distribution,712.81,,,,,,,,
1749,Xchanging Solutions Ltd.,XCHANGING,Information Technology,IT - Software,711.65,61.6,61.99,60.22,0.0,61.25,61.28,-0.03,-0.05
1750,Enkei Wheels (India) Ltd.,ENKEIWHEL,Automobile & Ancillaries,Auto Ancillary,710.73,400.85,415.95,393.0,0.0,414.15,402.85,11.3,2.81
1751,Viviana Power Tech Ltd.,VIVIANA,Infrastructure,Engineering - Construction,709.5,,,,,,,,
1752,DCM Shriram International Ltd.,DCMSIL,Textile,Textile,708.99,76.1,79.5,72.99,0.0,77.79,76.1,1.69,2.22
1753,BEML Land Assets Ltd.,BLAL,Realty,Construction - Real Estate,706.29,169.01,170.9,168.01,0.0,168.43,169.63,-1.2,-0.71
1754,Vasa Denticity Ltd.,DENTALKART,Trading,Trading,705.88,,,,,,,,
1755,GEE Ltd.,GEE,Capital Goods,Electrodes & Welding Equipment,705.85,,,,,,,,
1756,Praveg Ltd.,PRAVEG,Hospitality,"Hotel, Resort & Restaurants",704.75,262.1,273.0,260.6,0.0,267.7,262.1,5.6,2.14
1757,Kuantum Papers Ltd.,KUANTUM,Paper,Paper & Paper Products,703.78,74.99,76.7,73.7,0.0,74.19,74.99,-0.8,-1.07
1758,Chemcon Speciality Chemicals Ltd.,CHEMCON,Chemicals,Chemicals,703.31,,,,,,,,
1759,CWD Ltd.,CWD,Electricals,Electronics - Components,703.28,,,,,,,,
1760,Indo Farm Equipments Ltd.,INDOFARM,Automobile & Ancillaries,Automobiles-Tractors,702.99,138.25,142.8,138.25,0.0,141.76,138.06,3.7,2.68
1761,The State Trading Corporation Of India Ltd.,STCINDIA,Trading,Trading,702.9,122.2,123.0,120.42,0.0,121.21,121.44,-0.23,-0.19
1762,Osel Devices Ltd.,OSELDEVICE,Healthcare,Medical Equipment/Supplies/Accessories,701.29,,,,,,,,
1763,RNFI Services Ltd.,RNFI,Information Technology,Fintech,698.84,,,,,,,,
1764,Indef Manufacturing Ltd.,BAJAJINDEF,Capital Goods,Engineering - Industrial Equipments,696.8,215.4,221.98,214.01,0.0,215.85,213.45,2.4,1.12
1765,Gloster Ltd.,GLOSTERLTD,Textile,Textile,696.76,595.0,607.1,595.0,0.0,601.0,591.35,9.65,1.63
1766,Euro India Fresh Foods Ltd.,EIFFL,Fast Moving Consumer Goods,Consumer Food,694.01,,,,,,,,
1767,Allcargo Terminals Ltd.,ATL,Logistics,Logistics,692.87,23.85,25.4,23.85,0.0,24.86,24.13,0.73,3.03
1768,Tuticorin Alkali Chemicals and Fertilizers Ltd.,TUTIALKA,Chemicals,Chemicals,692.76,53.59,55.7,53.04,0.0,55.09,53.33,1.76,3.3
1769,Cellecor Gadgets Ltd.,CELLECOR,Trading,Trading,691.44,,,,,,,,
1770,AB Infrabuild Ltd.,ABINFRA,Infrastructure,Engineering - Construction,688.61,,,,,,,,
1771,TV Today Network Ltd.,TVTODAY,Media & Entertainment,TV Broadcasting & Software Production,688.58,115.1,118.0,115.1,0.0,115.43,116.63,-1.2,-1.03
1772,Sheetal Cool Products Ltd.,SCPL,Fast Moving Consumer Goods,Consumer Food,687.86,,,,,,,,
1773,Mercury Ev-Tech Ltd.,MERCURYEV,Automobile & Ancillaries,Automobiles - Passenger Cars,685.61,41.5,41.5,39.05,0.0,39.71,39.47,0.24,0.61
1774,Heranba Industries Ltd.,HERANBA,Chemicals,Pesticides & Agrochemicals,679.63,163.47,166.6,161.0,0.0,164.88,160.39,4.49,2.8
1775,SPEL Semiconductor Ltd.,SPELS,Electricals,Electronics - Components,679.31,150.23,150.23,145.1,0.0,147.71,150.22,-2.51,-1.67
1776,LT Elevator Ltd.,LTELEVATOR,Capital Goods,Engineering - Industrial Equipments,679.14,,,,,,,,
1777,Welspun Investments and Commercials Ltd.,WELINV,Finance,Finance - Investment,676.97,,,,,,,,
1778,Danlaw Technologies India Ltd.,DANLAW,Information Technology,IT - Software,675.85,,,,,,,,
1779,Innovision Ltd.,INNOVISION,Other,Professional Services,675.11,271.0,271.0,264.0,0.0,264.55,269.45,-4.9,-1.82
1780,Speciality Restaurants Ltd.,SPECIALITY,Hospitality,Restaurants,673.61,,,,,,,,
1781,Best Agrolife Ltd.,BESTAGRO,Chemicals,Pesticides & Agrochemicals,673.52,18.14,18.39,18.01,0.0,18.24,18.12,0.12,0.66
1782,Innovana Thinklabs Ltd.,INNOVANA,Information Technology,IT - Software,671.66,318.8,319.9,318.0,0.0,318.0,318.85,-0.85,-0.27
1783,20 Microns Ltd.,20MICRONS,Mining,Mining & Minerals,671.33,208.0,208.0,202.73,0.0,204.19,203.96,0.23,0.11
1784,Onmobile Global Ltd.,ONMOBILE,Information Technology,IT - Software,671.31,,,,,,,,
1785,Axtel Industries Ltd.,AXTEL,Capital Goods,Engineering - Industrial Equipments,670.91,407.0,414.0,402.2,0.0,411.95,404.1,7.85,1.94
1786,Cheviot Company Ltd.,CHEVIOT,Textile,Textile,670.65,1182.5,1182.5,1159.2,0.0,1166.2,1176.3,-10.1,-0.86
1787,Saurashtra Cement Ltd.,SAURASHCEM,Construction Materials,Cement & Construction Materials,670.62,57.71,59.25,57.71,0.0,58.22,58.25,-0.03,-0.05
1788,Jayant Agro-Organics Ltd.,JAYAGROGN,Chemicals,Chemicals,669.3,219.09,222.0,217.75,0.0,220.69,220.19,0.5,0.23
1789,Kanoria Chemicals & Industries Ltd.,KANORICHEM,Chemicals,Chemicals,668.51,,,,,,,,
1790,Shri Jagdamba Polymers Ltd.,SHRJAGP,Plastic Products,Plastic Products,666.92,689.4,712.05,669.0,0.0,692.85,689.4,3.45,0.5
1791,Haldyn Glass Ltd.,HALDYNGL,Construction Materials,Glass,666.52,,,,,,,,
1792,Emami Paper Mills Ltd.,EMAMIPAP,Paper,Paper & Paper Products,665.49,,,,,,,,
1793,KSE Ltd.,KSE,Fast Moving Consumer Goods,Animal Feed,665.44,192.01,192.86,183.3,0.0,183.84,189.3,-5.46,-2.88
1794,Influx Healthtech Ltd.,INFLUX,Healthcare,Pharmaceuticals & Drugs,662.91,,,,,,,,
1795,Bizotic Commercial Ltd.,BIZOTIC,Trading,Trading,661.3,,,,,,,,
1796,Uniphos Enterprises Ltd.,UNIENTER,Trading,Trading,661.03,94.21,98.59,94.1,0.0,94.46,94.65,-0.19,-0.2
1797,Emkay Global Financial Services Ltd.,EMKAY,Finance,Finance - Stock Broking,659.15,240.28,242.5,236.56,0.0,239.85,239.09,0.76,0.32
1798,True Green Bio Energy Ltd.,TRUEGREEN,Textile,Textile - Spinning,658.98,,,,,,,,
1799,KSolves India Ltd.,KSOLVES,Information Technology,IT - Software,658.36,270.4,275.0,268.0,0.0,272.05,270.4,1.65,0.61
1800,Foce India Ltd.,FOCE,Consumer Durables,Watches & Accessories,657.61,,,,,,,,
1801,Tandhan Industries Ltd.,TANDHANIN,Finance,Finance - Investment,657.0,,,,,,,,
1802,Fabtech Technologies Ltd.,FABTECH,Trading,Trading,656.76,146.49,148.0,145.21,0.0,146.82,146.33,0.49,0.33
1803,Tankup Engineers Ltd.,TANKUP,Capital Goods,Engineering - Industrial Equipments,656.58,,,,,,,,
1804,Prakash Pipes Ltd.,PPL,Plastic Products,Plastic Products,654.76,,,,,,,,
1805,Manba Finance Ltd.,MANBA,Finance,Finance - NBFC,653.61,131.82,133.52,129.0,0.0,130.9,130.52,0.38,0.29
1806,Goel Construction Company Ltd.,GOELCONS,Infrastructure,Engineering - Construction,653.12,,,,,,,,
1807,Empire Industries Ltd.,EMPIND,Diversified,Diversified,650.37,1206.6,1214.0,1176.0,0.0,1192.0,1182.9,9.1,0.77
1808,Ganesh Consumer Products Ltd.,GANESHCP,Fast Moving Consumer Goods,Consumer Food,650.04,162.15,164.5,160.69,0.0,161.24,162.35,-1.11,-0.68
1809,Parth Electricals & Engineering Ltd.,PARTH,Capital Goods,Electric Equipment,646.56,,,,,,,,
1810,Laxmi India Finance Ltd.,LAXMIINDIA,Finance,Finance - NBFC,646.01,132.2,134.68,128.0,0.0,128.76,132.9,-4.14,-3.12
1811,RNIT AI Solutions Ltd.,RNITAI,Capital Goods,Electric Equipment,645.78,,,,,,,,
1812,Prozone Realty Ltd.,PROZONER,Realty,Construction - Real Estate,643.83,41.9,42.88,41.25,0.0,41.73,41.96,-0.23,-0.55
1813,Proventus Agrocom Ltd.,PROV,Fast Moving Consumer Goods,Consumer Food,642.34,,,,,,,,
1814,Vakrangee Ltd.,VAKRANGEE,Information Technology,BPO/ITeS,641.25,5.82,5.95,5.78,0.0,5.87,5.82,0.05,0.86
1815,Sunlite Recycling Industries Ltd.,SUNLITE,Non - Ferrous Metals,Metal - Non Ferrous,640.94,,,,,,,,
1816,Asian Hotels (West) Ltd.,AHLWEST,Hospitality,"Hotel, Resort & Restaurants",640.82,,,,,,,,
1817,Kinetic Engineering Ltd.,KINETICENG,Automobile & Ancillaries,Auto Ancillary,640.75,,,,,,,,
1818,Voith Paper Fabrics India Ltd.,VOITHPAPR,Textile,Textile,639.47,1505.0,1517.4,1469.3,0.0,1469.5,1517.4,-47.9,-3.16
1819,Dhunseri Investments Ltd.,DHUNINV,Finance,Finance - Investment,638.83,979.55,999.0,956.4,0.0,975.65,963.2,12.45,1.29
1820,Sharat Industries Ltd.,SHINDL,Agriculture,Aquaculture,638.61,160.21,168.0,159.23,0.0,165.28,162.12,3.16,1.95
1821,Transindia Real Estate Ltd.,TREL,Logistics,Logistics,638.56,26.11,27.63,26.11,0.0,27.05,26.93,0.12,0.45
1822,Allied Digital Services Ltd.,ADSL,Information Technology,IT - Software,638.17,109.35,109.65,108.0,0.0,108.49,109.63,-1.14,-1.04
1823,Transpek Industry Ltd.,TRANSPEK,Chemicals,Chemicals,637.73,,,,,,,,
1824,India Finsec Ltd.,IFINSEC,Finance,Finance - NBFC,636.38,,,,,,,,
1825,Bigbloc Construction Ltd.,BIGBLOC,Construction Materials,Cement & Construction Materials,635.39,42.87,42.98,42.11,0.0,42.49,42.6,-0.11,-0.26
1826,Zee Media Corporation Ltd.,ZEEMEDIA,Media & Entertainment,TV Broadcasting & Software Production,634.45,9.41,9.64,9.22,0.0,9.38,9.4,-0.02,-0.21
1827,Snowman Logistics Ltd.,SNOWMAN,Logistics,Logistics,633.93,37.55,38.19,37.55,0.0,37.84,37.55,0.29,0.77
1828,Hindustan Media Ventures Ltd.,HMVL,Media & Entertainment,Printing And Publishing,633.58,,,,,,,,
1829,Shraddha Prime Projects Ltd.,SHRADDHA,Realty,Construction - Real Estate,633.08,154.0,161.0,151.6,0.0,154.21,155.82,-1.61,-1.03
1830,Veefin Solutions Ltd.,VEEFIN,Information Technology,IT - Software,630.57,,,,,,,,
1831,Captain Technocast Ltd.,CTCL,Automobile & Ancillaries,Castings/Forgings,630.43,,,,,,,,
1832,Shree Ganesh Remedies Ltd.,SGRL,Healthcare,Pharmaceuticals & Drugs,629.56,500.0,513.0,490.0,0.0,507.6,501.05,6.55,1.31
1833,Onward Technologies Ltd.,ONWARDTEC,Information Technology,IT - Software,628.58,292.5,292.75,284.5,0.0,285.5,292.25,-6.75,-2.31
1834,Namo Ewaste Management Ltd.,NAMOEWASTE,Other,Environmental Services,626.57,,,,,,,,
1835,Kilitch Drugs (India) Ltd.,KILITCH,Healthcare,Pharmaceuticals & Drugs,624.24,,,,,,,,
1836,Sutlej Textiles And Industries Ltd.,SUTLEJTEX,Textile,Textile - Spinning,624.02,,,,,,,,
1837,Bafna Pharmaceuticals Ltd.,BAFNAPH,Healthcare,Pharmaceuticals & Drugs,620.74,,,,,,,,
1838,Sunita Tools Ltd.,SUNITATOOL,Capital Goods,Engineering - Industrial Equipments,620.7,,,,,,,,
1839,Primo Chemicals Ltd.,PRIMO,Chemicals,Chemicals,620.64,21.5,21.85,20.79,0.0,20.89,21.46,-0.57,-2.66
1840,HT Media Ltd.,HTMEDIA,Media & Entertainment,Printing And Publishing,620.11,26.63,28.25,26.63,0.0,27.57,26.73,0.84,3.14
1841,N.B.I. Industrial Finance Co. Ltd.,NBIFIN,Finance,Finance - NBFC,618.3,2042.1,2042.1,1920.0,0.0,1964.9,2002.0,-37.1,-1.85
1842,Exato Technologies Ltd.,EXATO,Information Technology,IT - Software,618.27,,,,,,,,
1843,Kanpur Plastipack Ltd.,KANPRPLA,Plastic Products,Plastic Products,615.66,269.2,281.44,258.0,0.0,260.91,266.18,-5.27,-1.98
1844,Hindustan Composites Ltd.,HINDCOMPOS,Automobile & Ancillaries,Auto Ancillary,613.21,415.9,432.5,407.5,0.0,411.5,412.5,-1.0,-0.24
1845,Orbit Exports Ltd.,ORBTEXP,Textile,Textile,612.84,,,,,,,,
1846,Magna Electro Castings Ltd.,MAGNAELQ,Automobile & Ancillaries,Castings/Forgings,608.96,,,,,,,,
1847,Amanta Healthcare Ltd.,AMANTA,Healthcare,Pharmaceuticals & Drugs,608.07,,,,,,,,
1848,Shiv Aum Steels Ltd.,SHIVAUM,Trading,Trading,608.07,449.7,450.0,443.0,0.0,444.15,445.0,-0.85,-0.19
1849,Univastu India Ltd.,UNIVASTU,Infrastructure,Engineering - Construction,607.51,,,,,,,,
1850,Chandan Healthcare Ltd.,CHANDAN,Healthcare,Hospital & Healthcare Services,606.41,,,,,,,,
1851,Coffee Day Enterprises Ltd.,COFFEEDAY,Hospitality,Restaurants,606.08,,,,,,,,
1852,Axentra Corp Ltd.,AXENTRA,Realty,Construction - Real Estate,606.07,,,,,,,,
1853,Mallcom (India) Ltd,MALLCOM,Capital Goods,Engineering - Industrial Equipments,605.28,975.25,981.7,968.05,0.0,974.5,975.25,-0.75,-0.08
1854,Subam Papers Ltd.,SUBAM,Paper,Paper & Paper Products,604.27,,,,,,,,
1855,ZF Steering Gear (India) Ltd.,ZFSTEERING,Automobile & Ancillaries,Auto Ancillary,603.96,670.0,681.0,666.2,0.0,671.9,668.0,3.9,0.58
1856,PNGS Gargi Fashion Jewellery Ltd.,GARGI,Retailing,Retailing,602.72,,,,,,,,
1857,KRM Ayurveda Ltd.,KRMAYURVED,Healthcare,Hospital & Healthcare Services,601.36,,,,,,,,
1858,Glottis Ltd.,GLOTTIS,Logistics,Logistics,601.27,,,,,,,,
1859,TPL Plastech Ltd.,TPLPLASTEH,Plastic Products,Plastic Products,600.86,79.02,84.3,79.02,0.0,82.6,78.31,4.29,5.48
1860,Hazoor Multi Projects Ltd.,HAZOOR,Realty,Construction - Real Estate,600.76,21.05,21.44,21.05,0.0,21.12,21.17,-0.05,-0.24
1861,Pyramid Technoplast Ltd.,PYRAMID,Fast Moving Consumer Goods,Packaging,598.49,165.0,166.0,160.82,0.0,163.43,163.18,0.25,0.15
1862,Artson Ltd.,ARTSON,Capital Goods,Engineering - Industrial Equipments,597.73,,,,,,,,
1863,Satia Industries Ltd.,SATIA,Paper,Paper & Paper Products,597.2,57.71,59.76,56.4,0.0,58.68,57.71,0.97,1.68
1864,Nahar Poly Films Ltd.,NAHARPOLY,Plastic Products,Plastic Products,596.26,238.5,240.0,234.7,0.0,238.75,233.85,4.9,2.1
1865,DC Infotech and Communication Ltd.,DCI,Consumer Durables,IT - Hardware,595.81,383.0,389.7,381.25,0.0,381.35,376.85,4.5,1.19
1866,GTPL Hathway Ltd.,GTPL,Media & Entertainment,TV Broadcasting & Software Production,595.15,54.51,55.08,53.85,0.0,54.25,54.51,-0.26,-0.48
1867,SoftTech Engineers Ltd.,SOFTTECH,Information Technology,IT - Software,593.2,430.0,430.0,414.0,0.0,416.2,424.4,-8.2,-1.93
1868,Triton Valves Ltd.,TRITONV,Automobile & Ancillaries,Auto Ancillary,591.53,1175.4,1192.7,1133.0,0.0,1153.7,1173.5,-19.8,-1.69
1869,Apsis Aerocom Ltd.,APSISAERO,Capital Goods,Engineering - Industrial Equipments,590.54,,,,,,,,
1870,Neetu Yoshi Ltd.,NEETUYOSHI,Automobile & Ancillaries,Castings/Forgings,589.95,,,,,,,,
1871,Pervasive Commodities Ltd.,PERVASIVE,Capital Goods,Electric Equipment,589.22,,,,,,,,
1872,Zim Laboratories Ltd.,ZIMLAB,Healthcare,Pharmaceuticals & Drugs,588.1,125.0,127.0,117.5,0.0,125.03,121.0,4.03,3.33
1873,Shree Rama Multi-Tech Ltd.,SHREERAMA,Plastic Products,Plastic Products,587.14,45.2,45.73,44.05,0.0,45.04,44.93,0.11,0.24
1874,Linc Ltd.,LINC,Fast Moving Consumer Goods,Printing & Stationery,586.27,97.56,97.59,95.12,0.0,96.37,95.04,1.33,1.4
1875,Prabhatam Infra Venture Ltd.,PRABHATAM,Paper,Paper & Paper Products,584.64,,,,,,,,
1876,Aqylon Nexus Ltd.,AQYLON,Media & Entertainment,"Film Production, Distribution & Entertainment",583.58,24.11,25.28,24.11,0.0,25.27,24.08,1.19,4.94
1877,Niyogin Fintech Ltd.,NIYOGIN,Finance,Finance - NBFC,582.05,,,,,,,,
1878,Om Power Transmission Ltd.,OMPOWER,Infrastructure,Engineering - Construction,579.08,162.7,165.01,161.4,0.0,163.09,162.7,0.39,0.24
1879,Merritronix Ltd.,MRTX,Electricals,Electronics - Components,578.84,,,,,,,,
1880,Kamat Hotels (India) Ltd.,KAMATHOTEL,Hospitality,"Hotel, Resort & Restaurants",577.51,192.25,209.95,190.35,0.0,207.66,190.83,16.83,8.82
1881,Ganesh Green Bharat Ltd.,GGBL,Capital Goods,Electric Equipment,575.63,,,,,,,,
1882,ABS Marine Services Ltd.,ABSMARINE,Logistics,Shipping,575.57,,,,,,,,
1883,Kalind Ltd.,KALIND,Finance,Finance - Investment,573.19,,,,,,,,
1884,Maagh Advertising And Marketing Services Ltd.,MAAGHADV,Media & Entertainment,Advertising & Media,571.98,,,,,,,,
1885,Panchmahal Steel Ltd.,PANCHMAHQ,Iron & Steel,Steel & Iron Products,570.92,299.0,309.7,299.0,0.0,300.0,299.0,1.0,0.33
1886,Kalyani Cast-Tech Ltd.,KALYANI,Automobile & Ancillaries,Castings/Forgings,570.71,,,,,,,,
1887,Sayaji Hotels Ltd.,SAYAJIHOTL,Hospitality,"Hotel, Resort & Restaurants",569.33,322.35,333.95,322.0,0.0,328.0,322.35,5.65,1.75
1888,Mindteck (India) Ltd.,MINDTECK,Information Technology,IT - Software,567.67,172.95,175.1,170.49,0.0,171.27,174.14,-2.87,-1.65
1889,Hitech Corporation Ltd.,HITECHCORP,Plastic Products,Plastic Products,566.97,,,,,,,,
1890,RBZ Jewellers Ltd.,RBZJEWEL,Diamond & Jewellery,Diamond  &  Jewellery,566.6,135.4,140.33,135.4,0.0,138.09,135.46,2.63,1.94
1891,KN Agri Resources Ltd.,KNAGRI,Fast Moving Consumer Goods,Consumer Food,564.75,210.0,218.1,210.0,0.0,213.7,212.61,1.09,0.51
1892,Manaksia Steels Ltd.,MANAKSTEEL,Iron & Steel,Steel & Iron Products,562.81,85.16,86.58,85.0,0.0,85.46,85.16,0.3,0.35
1893,Lakshmi Mills Company Ltd.,LAKSHMIMIL,Textile,Textile,561.09,8350.0,8490.0,8300.0,0.0,8344.5,8300.0,44.5,0.54
1894,GFL Ltd.,GFLLIMITED,Finance,Finance - Investment,559.36,57.0,58.0,54.15,0.0,55.35,56.38,-1.03,-1.83
1895,Kronox Lab Sciences Ltd.,KRONOX,Chemicals,Chemicals,559.16,191.0,223.42,191.0,0.0,215.18,186.19,28.99,15.57
1896,Sreeleathers Ltd.,SREEL,Retailing,Footwear,558.85,249.68,249.68,240.15,0.0,240.84,244.24,-3.4,-1.39
1897,Aarti Surfactants Ltd.,AARTISURF,Fast Moving Consumer Goods,Household & Personal Products,558.83,,,,,,,,
1898,Munjal Showa Ltd.,MUNJALSHOW,Automobile & Ancillaries,Auto Ancillary,556.33,133.01,133.5,130.5,0.0,131.02,132.67,-1.65,-1.24
1899,3I Infotech Ltd.,3IINFOLTD,Information Technology,IT - Software,554.6,,,,,,,,
1900,Susan Electricals India Ltd.,SUSAN,Electricals,Cable,552.18,,,,,,,,
1901,DCM Shriram Industries Ltd.,DCMSRIND,Agriculture,Sugar,551.83,53.07,53.88,50.5,0.0,51.24,52.84,-1.6,-3.03
1902,Blue Pearl Agriventures Ltd.,BPAGRI,Trading,Trading,551.34,,,,,,,,
1903,Satani Bearings Ltd.,SATANIBRG,Automobile & Ancillaries,Bearings,550.5,,,,,,,,
1904,Concord Enviro Systems Ltd.,CEWATER,Other,Environmental Services,547.42,274.95,274.95,259.0,0.0,260.0,271.75,-11.75,-4.32
1905,Stellant Securities (India) Ltd.,STELLANT,Finance,Finance - NBFC,547.33,,,,,,,,
1906,CLN Energy Ltd.,CLN,Automobile & Ancillaries,Batteries,546.61,,,,,,,,
1907,Riddhi Siddhi Gluco Biols Ltd.,RIDDHI,Trading,Trading,546.11,,,,,,,,
1908,Modern Malleables Ltd.,MODMA,Infrastructure,Transmission Towers / Equipments,545.92,,,,,,,,
1909,KD Green Industries Ltd.,MANBRO,Trading,Trading,545.42,60.0,60.76,59.5,0.0,60.1,59.37,0.73,1.23
1910,Pansari Developers Ltd.,PANSARI,Realty,Construction - Real Estate,543.82,309.4,319.0,305.15,0.0,317.55,318.2,-0.65,-0.2
1911,Dhabriya Polywood Ltd.,DHABRIYA,Plastic Products,Plastic Products,543.7,,,,,,,,
1912,JTL Defence Ltd.,JTLDEFENCE,Non - Ferrous Metals,Metal - Non Ferrous,543.47,,,,,,,,
1913,Chemfab Alkalis Ltd.,CHEMFAB,Chemicals,Chemicals,543.33,374.45,378.75,354.45,0.0,356.75,366.0,-9.25,-2.53
1914,Sar Televenture Ltd.,SARTELE,Telecom,Telecom-Infrastructure,542.85,,,,,,,,
1915,Aptech Ltd.,APTECHT,Information Technology,IT - Education,542.15,,,,,,,,
1916,Global Education Ltd.,GLOBAL,Other,Educational Institutions,541.69,105.5,109.86,105.0,0.0,106.98,106.29,0.69,0.65
1917,Kiran Vyapar Ltd.,KIRANVYPAR,Finance,Finance - NBFC,540.91,198.55,202.5,195.11,0.0,198.0,202.52,-4.52,-2.23
1918,The Ugar Sugar Works Ltd.,UGARSUGAR,Agriculture,Sugar,540.67,56.07,56.98,54.0,0.0,56.5,56.07,0.43,0.77
1919,VISA Chrome Ltd.,VISACHROME,Iron & Steel,Steel & Iron Products,539.42,36.89,38.0,36.49,0.0,36.99,36.52,0.47,1.29
1920,Oswal Greentech Ltd.,OSWALGREEN,Finance,Finance - Investment,539.3,21.49,21.49,20.8,0.0,20.85,21.27,-0.42,-1.97
1921,Mold-Tek Technologies Ltd.,MOLDTECH,Other,Engineering Consultancy,539.09,,,,,,,,
1922,Aries Agro Ltd.,ARIES,Chemicals,Fertilizers,534.67,435.25,457.15,432.95,0.0,452.7,435.1,17.6,4.05
1923,Black Rose Industries Ltd.,BLACKROSE,Chemicals,Chemicals,534.48,,,,,,,,
1924,Integra Engineering India Ltd.,INTEGRAEN,Capital Goods,Engineering - Industrial Equipments,533.42,,,,,,,,
1925,Modi Naturals Ltd.,MODINATUR,Fast Moving Consumer Goods,Edible Oil,532.26,,,,,,,,
1926,Nahar Industrial Enterprises Ltd.,NAHARINDUS,Textile,Textile - Spinning,531.43,117.94,129.0,117.94,0.0,125.61,117.95,7.66,6.49
1927,Hemant Surgical Industries Ltd.,HSIL,Healthcare,Medical Equipment/Supplies/Accessories,530.62,,,,,,,,
1928,Delton Cables Ltd.,DLTNCBL,Electricals,Cable,530.11,,,,,,,,
1929,Nurture Well Industries Ltd.,NWIL,Fast Moving Consumer Goods,Consumer Food,529.71,,,,,,,,
1930,Urja Global Ltd.,URJA,Automobile & Ancillaries,Automobile Two & Three Wheelers,529.35,9.39,9.45,9.28,0.0,9.35,9.32,0.03,0.32
1931,Birla Cotsyn (India) Ltd.,BIRLACOT,Textile,Textile - Spinning,527.09,,,,,,,,
1932,Systematic Industries Ltd.,SYSTEMATIC,Iron & Steel,Steel & Iron Products,524.34,,,,,,,,
1933,Universus Photo Imagings Ltd.,UNIVPHOTO,Photographic Product,Photographic Products,523.25,,,,,,,,
1934,DIC India Ltd.,DICIND,Chemicals,Chemicals,522.97,600.0,614.8,585.0,0.0,593.9,589.6,4.3,0.73
1935,Pasupati Acrylon Ltd.,PASUPTAC,Textile,Textile - Manmade  Fibres,522.94,,,,,,,,
1936,Saakshi Medtech & Panels Ltd.,SAAKSHI,Capital Goods,Electric Equipment,522.79,,,,,,,,
1937,Covance Softsol Ltd.,COVANCE,Information Technology,IT - Software,520.53,,,,,,,,
1938,Dish TV India Ltd.,DISHTV,Media & Entertainment,TV Broadcasting & Software Production,519.23,2.79,2.8,2.77,0.0,2.77,2.79,-0.02,-0.72
1939,CSM Technologies Ltd.,CSM,Information Technology,IT - Software,519.13,99.37,100.0,98.81,0.0,99.55,99.37,0.18,0.18
1940,Singer India Ltd.,SINGERIND,Consumer Durables,Consumer Durables - Domestic Appliances,518.97,84.2,87.0,81.65,0.0,82.0,83.99,-1.99,-2.37
1941,Arvaya Healthcare Ltd.,ARVAYA,Trading,Trading,518.88,,,,,,,,
1942,Orient Ceratech Ltd.,ORIENTCER,Capital Goods,Refractories,518.64,47.79,48.24,45.0,0.0,45.63,46.73,-1.1,-2.35
1943,Plastiblends India Ltd.,PLASTIBLEN,Chemicals,Chemicals,517.44,188.15,196.38,188.01,0.0,191.54,188.93,2.61,1.38
1944,Orient Bell Ltd.,ORIENTBELL,Construction Materials,Ceramics/Marble/Granite/Sanitaryware,514.87,339.2,365.0,337.0,0.0,359.45,339.2,20.25,5.97
1945,Peninsula Land Ltd.,PENINLAND,Realty,Construction - Real Estate,514.18,,,,,,,,
1946,The Investment Trust of India Ltd.,THEINVEST,Finance,Finance - NBFC,514.06,97.5,97.99,96.51,0.0,96.73,97.87,-1.14,-1.16
1947,PTL Enterprises Ltd.,PTL,Other,Business Support,513.36,38.99,38.99,38.16,0.0,38.33,38.24,0.09,0.24
1948,High Energy Batteries (India) Ltd.,HIGHENE,Automobile & Ancillaries,Batteries,512.91,,,,,,,,
1949,SK Minerals & Additives Ltd.,SKM,Trading,Trading,512.86,,,,,,,,
1950,Credo Brands Marketing Ltd.,MUFTI,Trading,Trading,512.3,78.22,78.23,76.5,0.0,76.85,77.19,-0.34,-0.44
1951,Fabtech Cleanrooms Ltd.,FABCLEAN,Capital Goods,Engineering - Industrial Equipments,512.12,,,,,,,,
1952,Digilogic Systems Ltd.,DIGILOGIC,Capital Goods,Aerospace & Defense,510.26,,,,,,,,
1953,Aerpace Industries Ltd.,AERPACE,Trading,Trading,509.58,,,,,,,,
1954,Thomas Scott (India) Ltd.,THOMASCOTT,Textile,Textile,508.48,290.0,291.95,281.0,0.0,286.35,290.9,-4.55,-1.56
1955,Basilic Fly Studio Ltd.,BASILIC,Media & Entertainment,"Film Production, Distribution & Entertainment",507.7,,,,,,,,
1956,Oswal Agro Mills Ltd.,OSWALAGRO,Trading,Trading,506.74,37.5,38.07,36.76,0.0,36.93,37.57,-0.64,-1.7
1957,Rushil Decor Ltd.,RUSHIL,Construction Materials,Laminates/Decoratives,506.73,17.18,17.35,16.52,0.0,17.07,16.92,0.15,0.89
1958,Khaitan Chemicals & Fertilizers Ltd.,KHAICHEM,Chemicals,Fertilizers,505.7,55.7,57.69,55.23,0.0,55.82,56.65,-0.83,-1.47
1959,Elin Electronics Ltd.,ELIN,Consumer Durables,Consumer Durables - Electronics,504.3,100.95,101.89,99.96,0.0,100.62,99.62,1.0,1.0
1960,Bai-Kakaji Polymers Ltd.,BAIKAKAJI,Plastic Products,Plastic Products,504.18,,,,,,,,
1961,B&B Triplewall Containers Ltd.,BBTCL,Paper,Paper & Paper Products,502.53,252.0,252.0,235.0,0.0,240.11,248.14,-8.03,-3.24
1962,Mangal Credit and Fincorp Ltd.,MANCREDIT,Finance,Finance - NBFC,502.09,225.0,229.69,214.93,0.0,218.06,224.55,-6.49,-2.89
1963,CSL Finance Ltd.,CSLFINANCE,Finance,Finance - NBFC,500.65,227.01,232.5,225.55,0.0,230.17,225.29,4.88,2.17
1964,SJ Logistics (India) Ltd.,SJLOGISTIC,Logistics,Logistics,500.41,,,,,,,,
1965,Pocl Enterprises Ltd.,POEL,Non - Ferrous Metals,Metal - Non Ferrous,500.26,164.35,168.74,164.35,0.0,165.65,163.8,1.85,1.13
1966,Sukhjit Starch & Chemicals Ltd.,SUKHJITS,Fast Moving Consumer Goods,Consumer Food,499.9,159.93,161.02,158.1,0.0,159.42,159.93,-0.51,-0.32
1967,Brahmaputra Infrastructure Ltd.,BRAHMINFRA,Infrastructure,Engineering - Construction,499.12,166.0,167.12,162.25,0.0,164.15,167.66,-3.51,-2.09
1968,Qualitek Labs Ltd.,QLL,Miscellaneous,Miscellaneous,498.71,,,,,,,,
1969,Filtron Engineers Ltd.,FILTRON,Capital Goods,Engineering - Industrial Equipments,498.6,,,,,,,,
1970,Iware Supplychain Services Ltd.,IWARE,Logistics,Logistics,498.24,,,,,,,,
1971,Cryogenic OGS Ltd.,CRYOGENIC,Capital Goods,Engineering - Industrial Equipments,498.16,,,,,,,,
1972,Shiva Cement Ltd.,SHIVACEM,Construction Materials,Cement & Construction Materials,497.96,16.75,16.98,16.5,0.0,16.67,16.68,-0.01,-0.06
1973,Azad India Mobility Ltd.,AZADIND,Iron & Steel,Steel & Iron Products,496.58,90.01,93.35,89.0,0.0,90.47,89.76,0.71,0.79
1974,BMW Ventures Ltd.,BMWVENTLTD,Trading,Trading,495.84,57.12,59.0,57.0,0.0,58.13,57.23,0.9,1.57
1975,Shriram Asset Management Company Ltd.,SRAMSET,Finance,Finance - Asset Management,495.33,,,,,,,,
1976,IRIS RegTech Solutions Ltd.,IRIS,Information Technology,IT - Software,495.18,248.12,254.79,243.0,0.0,243.89,248.12,-4.23,-1.7
1977,Australian Premium Solar (India) Ltd.,APS,Electricals,Electronics - Components,493.82,,,,,,,,
1978,Cropster Agro Ltd.,CROPSTER,Plastic Products,Plastic Products,491.4,,,,,,,,
1979,GP Eco Solutions India Ltd.,GPECO,Trading,Trading,488.51,,,,,,,,
1980,International Conveyors Ltd.,INTLCONV,Capital Goods,Engineering - Industrial Equipments,487.61,76.83,79.0,76.02,0.0,77.54,76.78,0.76,0.99
1981,S Chand And Company Ltd.,SCHAND,Media & Entertainment,Printing And Publishing,486.76,136.89,139.32,134.1,0.0,136.76,135.03,1.73,1.28
1982,Mcleod Russel India Ltd.,MCLEODRUSS,Agriculture,Tea/Coffee,485.3,51.7,51.7,48.55,0.0,49.31,49.95,-0.64,-1.28
1983,Nila Spaces Ltd.,NILASPACES,Realty,Construction - Real Estate,484.88,12.65,13.35,12.51,0.0,13.08,12.77,0.31,2.43
1984,Ganesh Infraworld Ltd.,GANESHIN,Infrastructure,Engineering - Construction,483.89,,,,,,,,
1985,HRS Aluglaze Ltd.,HRS,Non - Ferrous Metals,Aluminium & Aluminium Products,483.02,,,,,,,,
1986,IL&FS Engineering and Construction Company Ltd.,IL&FSENGG,Infrastructure,Engineering - Construction,482.79,,,,,,,,
1987,Entertainment Network (India) Ltd.,ENIL,Media & Entertainment,TV Broadcasting & Software Production,481.47,103.63,104.0,101.0,0.0,102.38,101.6,0.78,0.77
1988,Anlon Technology Solution Ltd.,ANLON,Capital Goods,Engineering,480.63,,,,,,,,
1989,Advani Hotels & Resorts (India) Ltd.,ADVANIHOTR,Hospitality,"Hotel, Resort & Restaurants",480.31,49.5,50.85,49.0,0.0,49.61,49.49,0.12,0.24
1990,Uday Jewellery Industries Ltd.,UDAYJEW,Diamond & Jewellery,Diamond  &  Jewellery,480.15,140.36,144.98,138.5,0.0,141.4,138.9,2.5,1.8
1991,Virat Industries Ltd.,VIRAT,Textile,Textile,479.78,335.0,401.7,330.0,0.0,401.7,334.75,66.95,20.0
1992,Aryaman Capital Markets Ltd.,ARYACAPM,Finance,Finance - Investment,479.56,,,,,,,,
1993,RK Swamy Ltd.,RKSWAMY,Media & Entertainment,Advertising & Media,479.53,95.9,96.33,94.1,0.0,95.45,95.83,-0.38,-0.4
1994,Mangalam Global Enterprise Ltd.,MGEL,Agriculture,Agriculture,476.87,,,,,,,,
1995,Mazda Ltd.,MAZDA,Capital Goods,Engineering - Industrial Equipments,474.59,,,,,,,,
1996,Sigma Solve Ltd.,SIGMA,Information Technology,BPO/ITeS,472.35,47.13,51.0,47.02,0.0,48.65,46.76,1.89,4.04
1997,JD Cables Ltd.,JDCABLES,Electricals,Cable,470.53,,,,,,,,
1998,VTM Ltd.,VTMLTD,Textile,Textile - Weaving,470.46,46.16,46.6,45.45,0.0,46.13,46.17,-0.04,-0.09
1999,Repro India Ltd.,REPRO,Media & Entertainment,Printing And Publishing,469.38,326.85,326.85,320.55,0.0,324.0,324.9,-0.9,-0.28
2000,Jenburkt Pharmaceuticals Ltd.,JENBURPH,Healthcare,Pharmaceuticals & Drugs,468.58,1042.7,1048.0,1027.0,0.0,1028.5,1045.5,-17.0,-1.63
2001,Patil Automation Ltd.,PATILAUTOM,Capital Goods,Engineering - Industrial Equipments,467.4,,,,,,,,
2002,Goodricke Group Ltd.,GOODRICKE,Agriculture,Tea/Coffee,466.34,,,,,,,,
2003,SIL Investments Ltd.,SILINV,Finance,Finance - NBFC,466.22,450.0,485.0,450.0,0.0,475.25,449.9,25.35,5.63
2004,Vipul Organics Ltd.,VIPULORG,Chemicals,Dyes & Pigments,466.07,,,,,,,,
2005,Gretex Industries Ltd.,GRETEX,Trading,Trading,465.18,,,,,,,,
2006,ANB Metal Cast Ltd.,AMCL,Non - Ferrous Metals,Metal - Non Ferrous,463.92,,,,,,,,
2007,United Drilling Tools Ltd.,UNIDT,Capital Goods,Engineering - Industrial Equipments,463.22,,,,,,,,
2008,HLV Ltd.,HLVLTD,Hospitality,"Hotel, Resort & Restaurants",462.8,6.69,6.74,6.5,0.0,6.58,6.59,-0.01,-0.15
2009,Bemco Hydraulics Ltd.,BEMHY,Capital Goods,Engineering - Industrial Equipments,461.61,,,,,,,,
2010,Supreme Power Equipment Ltd.,SUPREMEPWR,Capital Goods,Electric Equipment,461.59,,,,,,,,
2011,Pune E - Stock Broking Ltd.,PESB,Finance,Finance - Stock Broking,461.14,,,,,,,,
2012,Shree Rama Newsprint Ltd.,RAMANEWS,Paper,Paper & Paper Products,461.01,32.89,32.89,31.22,0.0,31.79,31.66,0.13,0.41
2013,Albert David Ltd.,ALBERTDAVD,Healthcare,Pharmaceuticals & Drugs,460.97,869.9,870.0,850.05,0.0,864.15,863.15,1.0,0.12
2014,Megamont Ltd.,MEGAMONT,Construction Materials,Wood & Wood Products,460.52,,,,,,,,
2015,Vashu Bhagnani Industries Ltd.,POOJAENT,Media & Entertainment,"Film Production, Distribution & Entertainment",460.47,,,,,,,,
2016,Mardia Samyoung Capillary Tubes Co Ltd.,MSCTC,Non - Ferrous Metals,Metal - Non Ferrous,460.08,,,,,,,,
2017,E to E Transportation Infrastructure Ltd.,E2ERAIL,Infrastructure,Engineering - Construction,460.0,,,,,,,,
2018,Donear Industries Ltd.,DONEAR,Textile,Textile,458.69,88.9,91.15,87.13,0.0,87.52,88.95,-1.43,-1.61
2019,Kotyark Industries Ltd.,KOTYARK,Agriculture,Agriculture,458.39,,,,,,,,
2020,Prevest Denpro Ltd.,PREVEST,Healthcare,Medical Equipment/Supplies/Accessories,458.27,,,,,,,,
2021,W.S. Industries (India) Ltd.,WSI,Infrastructure,Engineering - Construction,457.57,59.73,61.93,59.61,0.0,61.02,60.47,0.55,0.91
2022,Blue Water Logistics Ltd.,BLUEWATER,Logistics,Logistics,454.8,,,,,,,,
2023,Pajson Agro India Ltd.,PAJSON,Fast Moving Consumer Goods,Consumer Food,454.76,,,,,,,,
2024,Mawana Sugars Ltd.,MAWANASUG,Agriculture,Sugar,453.56,139.9,158.9,135.25,0.0,152.54,140.1,12.44,8.88
2025,Asarfi Hospital Ltd.,ASARFI,Healthcare,Hospital & Healthcare Services,453.56,,,,,,,,
2026,Balgopal Commercial Ltd.,BALGOPAL,Trading,Trading,453.22,,,,,,,,
2027,Veritas (India) Ltd.,VERITAS,Trading,Trading,452.69,,,,,,,,
2028,BR Goyal Infrastructure Ltd.,BRGIL,Infrastructure,Engineering - Construction,452.67,,,,,,,,
2029,Aptus Pharma Ltd.,APPL,Trading,Trading,451.65,,,,,,,,
2030,Valiant Laboratories Ltd.,VALIANTLAB,Healthcare,Pharmaceuticals & Drugs,451.07,93.9,96.24,90.94,0.0,95.74,91.66,4.08,4.45
2031,Fratelli Vineyards Ltd.,FRATELLI,Trading,Trading,451.03,,,,,,,,
2032,BCC Fuba India Ltd.,BCCFUBA,Electricals,Electronics - Components,450.01,,,,,,,,
2033,Vishal Fabrics Ltd.,VISHAL,Textile,Textile,449.91,19.99,19.99,18.12,0.0,18.68,18.49,0.19,1.03
2034,Haleos Labs Ltd.,HALEOSLABS,Healthcare,Pharmaceuticals & Drugs,448.78,1456.4,1494.4,1442.0,0.0,1465.0,1456.4,8.6,0.59
2035,Indogulf Cropsciences Ltd.,IGCL,Chemicals,Pesticides & Agrochemicals,448.57,72.81,73.5,72.01,0.0,72.81,72.68,0.13,0.18
2036,Focus Lighting & Fixtures Ltd.,FOCUS,Capital Goods,Electric Equipment,448.1,,,,,,,,
2037,Suratwwala Business Group Ltd.,SBGLP,Realty,Construction - Real Estate,447.41,25.01,25.23,24.14,0.0,24.8,24.62,0.18,0.73
2038,Nile Ltd.,NILE,Non - Ferrous Metals,Metal - Non Ferrous,446.98,1510.2,1545.0,1502.1,0.0,1516.4,1529.5,-13.1,-0.86
2039,Meenakshi India Ltd.,MEEIND,Textile,Textile,446.91,,,,,,,,
2040,Atal Realtech Ltd.,ATALREAL,Realty,Construction - Real Estate,446.89,33.6,34.15,33.03,0.0,33.48,33.45,0.03,0.09
2041,Unifinz Capital India Ltd.,UCIL,Finance,Finance - NBFC,446.22,,,,,,,,
2042,De Nora India Ltd.,DENORA,Capital Goods,Electrodes & Welding Equipment,445.95,851.3,851.4,827.45,0.0,828.95,839.85,-10.9,-1.3
2043,Sotefin Bharat Ltd.,SOTEFIN,Infrastructure,Engineering - Construction,445.84,,,,,,,,
2044,Shardul Securities Ltd.,SHARDUL,Finance,Finance - Investment,445.69,,,,,,,,
2045,Kaya Ltd.,KAYA,Healthcare,Hospital & Healthcare Services,445.07,374.1,393.0,370.55,0.0,382.25,374.1,8.15,2.18
2046,Vinyl Chemicals (India) Ltd.,VINYLINDIA,Trading,Trading,444.77,235.0,238.0,233.48,0.0,235.19,234.78,0.41,0.17
2047,Fluidomat Ltd.,FLUIDOM,Capital Goods,Engineering - Industrial Equipments,443.77,,,,,,,,
2048,Gujarat Apollo Industries Ltd.,GUJAPOLLO,Capital Goods,Engineering - Industrial Equipments,443.57,357.0,363.4,350.0,0.0,358.5,350.7,7.8,2.22
2049,Workmates Core2Cloud Solution Ltd.,WORKMATES,Information Technology,IT - Software,443.44,,,,,,,,
2050,Chavda Infra Ltd.,CHAVDA,Realty,Construction - Real Estate,442.82,,,,,,,,
2051,Autoline Industries Ltd.,AUTOIND,Automobile & Ancillaries,Auto Ancillary,441.59,,,,,,,,
2052,Sealmatic India Ltd.,SEALMATIC,Capital Goods,Engineering - Industrial Equipments,439.83,,,,,,,,
2053,Optimystix Entertainment India Ltd.,OPTIMYSTIX,Media & Entertainment,"Film Production, Distribution & Entertainment",439.78,,,,,,,,
2054,Mirza International Ltd.,MIRZAINT,Retailing,Footwear,438.38,31.07,31.6,31.06,0.0,31.3,31.07,0.23,0.74
2055,Emrock Corporation Ltd.,EMROCK,Infrastructure,Engineering - Construction,438.21,,,,,,,,
2056,Tera Software Ltd.,TERASOFT,Information Technology,IT - Software,437.73,331.85,331.85,315.65,0.0,321.75,326.8,-5.05,-1.55
2057,AB Cotspin India Ltd.,ABCOTS,Textile,Textile,437.52,213.88,218.9,208.51,0.0,209.42,211.1,-1.68,-0.8
2058,Omax Autos Ltd.,OMAXAUTO,Automobile & Ancillaries,Auto Ancillary,436.85,195.0,199.49,194.05,0.0,196.3,199.74,-3.44,-1.72
2059,Mahamaya Lifesciences Ltd.,MAHALIFE,Chemicals,Pesticides & Agrochemicals,435.33,,,,,,,,
2060,Msafe Equipments Ltd.,MSAFE,Non - Ferrous Metals,Aluminium & Aluminium Products,432.48,,,,,,,,
2061,Nahar Capital And Financial Services Ltd.,NAHARCAP,Finance,Finance - NBFC,432.05,256.0,261.79,252.3,0.0,255.09,255.09,0.0,0.0
2062,Purple Finance Ltd.,PURPLEFIN,Finance,Finance - NBFC,431.43,,,,,,,,
2063,Simplex Castings Ltd.,SIMPLEXCAS,Automobile & Ancillaries,Castings/Forgings,431.42,,,,,,,,
2064,Divine Hira Jewellers Ltd.,DIVINEHIRA,Trading,Trading,430.55,,,,,,,,
2065,TechD Cybersecurity Ltd.,TECHD,Information Technology,IT - Software,430.46,,,,,,,,
2066,Davangere Sugar Company Ltd.,DAVANGERE,Agriculture,Sugar,430.43,3.02,3.05,2.98,0.0,2.99,2.99,0.0,0.0
2067,C2C Advanced Systems Ltd.,C2C,Capital Goods,Aerospace & Defense,430.23,,,,,,,,
2068,Akme Fintrade (India) Ltd.,AFIL,Finance,Finance - NBFC,430.03,9.7,9.7,9.22,0.0,9.33,9.41,-0.08,-0.85
2069,Asahi Songwon Colors Ltd.,ASAHISONG,Chemicals,Dyes & Pigments,429.29,,,,,,,,
2070,NDL Ventures Ltd.,NDLVENTURE,Media & Entertainment,TV Broadcasting & Software Production,429.14,121.48,121.5,116.39,0.0,119.04,119.01,0.03,0.03
2071,Shish Industries Ltd.,SHISHIND,Plastic Products,Plastic Products,428.7,,,,,,,,
2072,Rajasthan Securities Ltd.,RAJSEC,Industrials Gases & Fuels,Industrial  Gases & Fuels,426.65,,,,,,,,
2073,Paradeep Parivahan Ltd.,PPARIVAH,Logistics,Port,426.6,,,,,,,,
2074,Sarveshwar Foods Ltd.,SARVESHWAR,Fast Moving Consumer Goods,Consumer Food,426.14,3.44,3.44,3.38,0.0,3.4,3.39,0.01,0.29
2075,Rama Phosphates Ltd.,RAMAPHO,Chemicals,Fertilizers,425.17,123.2,123.42,120.05,0.0,121.05,122.83,-1.78,-1.45
2076,Andhra Cements Ltd.,ACL,Construction Materials,Cement & Construction Materials,424.08,46.39,46.39,45.0,0.0,45.2,45.77,-0.57,-1.25
2077,Muthoot Capital Services Ltd.,MUTHOOTCAP,Finance,Finance - NBFC,423.52,257.3,257.3,250.0,0.0,251.94,252.76,-0.82,-0.32
2078,Batliboi Ltd.,BATLIBOI,Capital Goods,Engineering - Industrial Equipments,423.48,86.39,86.45,84.01,0.0,85.27,84.81,0.46,0.54
2079,Sugs Lloyd Ltd.,SUGSLLOYD,Infrastructure,Engineering - Construction,422.84,,,,,,,,
2080,Shivalik Rasayan Ltd.,SHIVALIK,Chemicals,Pesticides & Agrochemicals,419.67,,,,,,,,
2081,Foods & Inns Ltd.,FOODSIN,Fast Moving Consumer Goods,Consumer Food,418.62,55.89,55.89,54.13,0.0,54.43,54.96,-0.53,-0.96
2082,Shera Energy Ltd.,SHERA,Non - Ferrous Metals,Metal - Non Ferrous,416.81,,,,,,,,
2083,Nisus Finance Services Co Ltd.,NISUS,Finance,Finance - Asset Management,415.36,,,,,,,,
2084,Suditi Industries Ltd.,SUDTIND-B,Textile,Textile,414.74,,,,,,,,
2085,CyberTech Systems And Software Ltd.,CYBERTECH,Information Technology,IT - Software,413.48,,,,,,,,
2086,Arham Technologies Ltd.,ARHAM,Consumer Durables,Consumer Durables - Electronics,413.34,,,,,,,,
2087,Optivalue Tek Consulting Ltd.,OPTIVALUE,Information Technology,IT - Software,413.09,,,,,,,,
2088,Kriti Nutrients Ltd.,KRITINUT,Fast Moving Consumer Goods,Edible Oil,412.35,82.2,85.9,82.16,0.0,84.46,83.92,0.54,0.64
2089,XT Global Infotech Ltd.,XTGLOBAL,Information Technology,IT - Software,412.16,29.28,29.28,27.96,0.0,28.49,28.67,-0.18,-0.63
2090,MKVentures Capital Ltd.,MKVENTURES,Finance,Finance - NBFC,411.98,,,,,,,,
2091,Kothari Products Ltd.,KOTHARIPRO,Trading,Trading,411.85,68.88,68.88,67.5,0.0,68.05,67.78,0.27,0.4
2092,SRG Housing Finance Ltd.,SRGHFL,Finance,Finance - Housing,411.62,264.15,278.0,260.0,0.0,264.25,262.45,1.8,0.69
2093,Captain Polyplast Ltd.,CPL,Plastic Products,Plastic Products,410.42,68.0,68.0,66.51,0.0,66.82,67.77,-0.95,-1.4
2094,PPAP Automotive Ltd.,PPAP,Automobile & Ancillaries,Auto Ancillary,410.37,,,,,,,,
2095,Vishnu Prakash R Punglia Ltd.,VPRPL,Infrastructure,Engineering - Construction,410.08,33.25,33.95,32.2,0.0,32.71,33.52,-0.81,-2.42
2096,Lancer Container Lines Ltd.,LANCER,Logistics,Logistics,408.22,10.35,10.57,10.3,0.0,10.42,10.38,0.04,0.39
2097,Shah Metacorp Ltd.,SHAH,Iron & Steel,Steel & Iron Products,407.87,3.98,4.05,3.16,0.0,3.33,3.95,-0.62,-15.7
2098,Liberty Shoes Ltd.,LIBERTSHOE,Retailing,Footwear,406.66,244.0,249.3,243.5,0.0,246.75,241.1,5.65,2.34
2099,Vraj Iron & Steel Ltd.,VRAJ,Iron & Steel,Steel/Sponge Iron/Pig Iron,406.18,123.7,123.7,121.0,0.0,121.36,122.45,-1.09,-0.89
2100,Committed Cargo Care Ltd.,COMMITTED,Logistics,Logistics,406.1,,,,,,,,
2101,Zodiac Energy Ltd.,ZODIAC,Capital Goods,Engineering - Industrial Equipments,405.18,247.95,254.35,243.55,0.0,247.85,242.55,5.3,2.19
2102,Polo Queen Industrial & Fintech Ltd.,PQIF,Trading,Trading,404.91,,,,,,,,
2103,Moneyboxx Finance Ltd.,MONEYBOXX,Finance,Finance - NBFC,404.89,56.3,56.3,54.3,0.0,55.15,55.0,0.15,0.27
2104,Neptune Petrochemicals Ltd.,NEPTUNE,Crude Oil,Petrochemicals,401.65,,,,,,,,
2105,Suraj Ltd.,SURAJLTD,Iron & Steel,Steel & Iron Products,400.43,195.94,203.85,195.94,0.0,202.49,195.94,6.55,3.34
2106,Atvo Enterprises Ltd.,ATVOENT,Textile,Textile,399.91,,,,,,,,
2107,UY Fincorp Ltd.,UYFINCORP,Finance,Finance - NBFC,399.5,,,,,,,,
2108,Lords Chloro Alkali Ltd.,LORDSCHLO,Chemicals,Chemicals,399.43,135.06,137.35,134.05,0.0,134.76,134.22,0.54,0.4
2109,Digispice Technologies Ltd.,DIGISPICE,Information Technology,IT - Software,398.94,16.74,17.44,16.74,0.0,16.99,17.19,-0.2,-1.16
2110,ABM Knowledgeware Ltd.,ABMKNO,Information Technology,IT - Software,398.04,190.0,192.0,185.1,0.0,189.87,191.41,-1.54,-0.8
2111,Regency Fincorp Ltd.,REGENCY,Finance,Finance - Investment,397.94,,,,,,,,
2112,Tejassvi Aaharam Ltd.,TEJASSVI,Trading,Trading,396.96,,,,,,,,
2113,Banswara Syntex Ltd.,BANSWRAS,Textile,Textile - Manmade  Fibres,395.55,120.95,123.45,117.61,0.0,122.1,120.34,1.76,1.46
2114,Forbes & Company Ltd.,FORBESCO,Capital Goods,Engineering - Industrial Equipments,395.41,,,,,,,,
2115,S&S Power Switchgear Ltd.,S&SPOWER,Capital Goods,Electric Equipment,395.18,286.0,298.85,271.7,0.0,298.85,271.7,27.15,9.99
2116,Atmastco Ltd.,ATMASTCO,Capital Goods,Engineering - Industrial Equipments,394.99,,,,,,,,
2117,Sahyadri Industries Ltd.,SAHYADRI,Construction Materials,Cement & Construction Materials,394.61,374.4,382.0,370.0,0.0,374.05,374.9,-0.85,-0.23
2118,Majestic Auto Ltd.,MAJESAUT,Other,Business Support,394.38,,,,,,,,
2119,Hercules Investments Ltd.,HERCULES,Capital Goods,Engineering - Industrial Equipments,394.08,,,,,,,,
2120,Naperol Investments Ltd.,NAPEROL,Chemicals,Chemicals,393.87,,,,,,,,
2121,Emmforce Autotech Ltd.,EMMFORCE,Automobile & Ancillaries,Auto Ancillary,393.69,,,,,,,,
2122,Connplex Cinemas Ltd.,CONNPLEX,Media & Entertainment,"Film Production, Distribution & Entertainment",392.98,,,,,,,,
2123,Manaksia Ltd.,MANAKSIA,Trading,Trading,392.42,58.7,59.25,58.32,0.0,58.87,58.7,0.17,0.29
2124,Euro Panel Products Ltd.,EUROBOND,Non - Ferrous Metals,Aluminium & Aluminium Products,391.88,153.9,165.8,153.9,0.0,157.38,158.25,-0.87,-0.55
2125,Trejhara Solutions Ltd.,TREJHARA,Information Technology,IT - Software,391.41,160.0,163.85,155.25,0.0,156.45,159.13,-2.68,-1.68
2126,Emami Realty Ltd.,EMAMIREAL,Realty,Construction - Real Estate,390.51,72.0,72.0,70.23,0.0,70.53,71.46,-0.93,-1.3
2127,Transchem Ltd.,TRANSCHEM,Trading,Trading,390.46,,,,,,,,
2128,Virtual Galaxy Infotech Ltd.,VGINFOTECH,Information Technology,IT - Software,390.31,,,,,,,,
2129,MBL Infrastructure Ltd.,MBLINFRA,Infrastructure,Engineering - Construction,389.23,24.0,24.6,23.15,0.0,23.6,24.01,-0.41,-1.71
2130,Lehar Footwears Ltd.,LEHAR,Retailing,Footwear,389.11,,,,,,,,
2131,Manomay Tex India Ltd.,MANOMAY,Textile,Textile - Weaving,388.5,213.01,218.02,213.01,0.0,217.19,211.44,5.75,2.72
2132,Vishnusurya Projects and Infra Ltd.,VISHNUINFR,Realty,Construction - Real Estate,388.36,,,,,,,,
2133,Sattrix Information Security Ltd.,SATTRIX,Information Technology,IT - Software,388.11,,,,,,,,
2134,Shreeji Global FMCG Ltd.,SHETHJI,Fast Moving Consumer Goods,Consumer Food,388.06,,,,,,,,
2135,Maxgrow India Ltd.,MAXGROW,Trading,Trading,388.03,,,,,,,,
2136,National Peroxide Ltd.,NPL,Chemicals,Chemicals,387.78,,,,,,,,
2137,Markolines Pavement Technologies Ltd.,MARKOLINES,Infrastructure,Engineering - Construction,387.68,172.0,175.25,170.55,0.0,171.56,171.93,-0.37,-0.22
2138,AVG Logistics Ltd.,AVG,Logistics,Logistics,386.42,,,,,,,,
2139,DJ Mediaprint & Logistics Ltd.,DJML,Media & Entertainment,Printing And Publishing,386.42,104.7,109.7,102.01,0.0,108.64,101.95,6.69,6.56
2140,Radiant Cash Management Services Ltd.,RADIANTCMS,Other,Business Support,386.39,34.3,34.85,33.99,0.0,34.52,34.18,0.34,0.99
2141,Citizen Solar Ltd.,CITIZEN,Information Technology,IT - Software,385.91,,,,,,,,
2142,Mangalam Organics Ltd.,MANORG,Chemicals,Chemicals,385.31,460.35,479.0,453.05,0.0,470.75,460.35,10.4,2.26
2143,Sinclairs Hotels Ltd.,SINCLAIR,Hospitality,"Hotel, Resort & Restaurants",384.55,75.15,76.0,73.84,0.0,74.43,75.37,-0.94,-1.25
2144,Artemis Electricals And Projects Ltd.,AEPL,Capital Goods,Electric Equipment,384.34,14.8,15.25,14.25,0.0,14.64,14.99,-0.35,-2.33
2145,Jinkushal Industries Ltd.,JKIPL,Trading,Trading,384.05,99.77,102.9,97.52,0.0,102.32,99.77,2.55,2.56
2146,Gokul Refoils and Solvent Ltd.,GOKUL,Fast Moving Consumer Goods,Edible Oil,383.8,40.96,43.1,40.5,0.0,42.55,40.43,2.12,5.24
2147,Ginni Filaments Ltd.,GINNIFILA,Textile,Textile - Spinning,383.2,,,,,,,,
2148,Sancode Technologies Ltd.,SANCODE,Information Technology,IT - Software,383.07,,,,,,,,
2149,Ecoline Exim Ltd.,ECOLINE,Textile,Textile,382.92,,,,,,,,
2150,Sheetal Universal Ltd.,SHEETAL,Agriculture,Agriculture,382.68,,,,,,,,
2151,Tolins Tyres Ltd.,TOLINS,Automobile & Ancillaries,Tyres & Allied,382.64,97.7,97.99,95.51,0.0,96.08,96.27,-0.19,-0.2
2152,Bhatia Communications & Retail (India) Ltd.,BHATIA,Retailing,Retailing,382.57,,,,,,,,
2153,Apex Ecotech Ltd.,APEXECO,Other,Environmental Services,382.37,,,,,,,,
2154,Taurian MPS Ltd.,TAURIAN,Capital Goods,Engineering,381.09,,,,,,,,
2155,City Pulse Multiventures Ltd.,CPML,Media & Entertainment,"Film Production, Distribution & Entertainment",380.22,,,,,,,,
2156,Emerald Leisures Ltd.,EMERALL,Hospitality,"Hotel, Resort & Restaurants",378.99,,,,,,,,
2157,Andhra Petrochemicals Ltd.,ANDHRAPET,Chemicals,Chemicals,378.89,,,,,,,,
2158,True Colors Ltd.,TRUECOLORS,Trading,Trading,378.08,,,,,,,,
2159,Astal Laboratories Ltd.,ASTALLTD,Healthcare,Pharmaceuticals & Drugs,377.5,,,,,,,,
2160,Halder Venture Ltd.,HALDER,Fast Moving Consumer Goods,Consumer Food,377.5,294.05,310.0,291.0,0.0,304.56,288.82,15.74,5.45
2161,Tara Chand Infralogistic Solutions Ltd.,TARACHAND,Logistics,Logistics,377.49,48.2,48.39,47.2,0.0,47.97,47.82,0.15,0.31
2162,Raghuvir Synthetics Ltd.,RAGHUSYN,Textile,Textile,377.43,,,,,,,,
2163,UVS Hospitality and Services Ltd.,UVS,Fast Moving Consumer Goods,Consumer Food,377.25,,,,,,,,
2164,Capital Trade Links Ltd.,CTL,Finance,Finance - NBFC,376.76,,,,,,,,
2165,Trishakti Industries Ltd.,TRISHAKT,Other,Business Support,375.42,,,,,,,,
2166,Infinium Pharmachem Ltd.,INFINIUM,Chemicals,Chemicals,373.61,,,,,,,,
2167,Medico Remedies Ltd.,MEDICO,Healthcare,Pharmaceuticals & Drugs,373.51,42.07,43.64,41.45,0.0,42.65,42.07,0.58,1.38
2168,HCL Infosystems Ltd.,HCL-INSYS,Consumer Durables,IT - Hardware,372.99,11.1,11.35,11.0,0.0,11.09,11.09,0.0,0.0
2169,GVK Power & Infrastructure Ltd.,GVKPIL,Power,Power Generation/Distribution,372.69,,,,,,,,
2170,Menon Pistons Ltd.,MENNPIS,Automobile & Ancillaries,Auto Ancillary,371.43,71.55,72.29,70.25,0.0,70.6,71.73,-1.13,-1.58
2171,Scan Steels Ltd.,SCANSTL,Iron & Steel,Steel & Iron Products,369.95,,,,,,,,
2172,Career Point Edutech Ltd.,CPEDU,Other,Educational Institutions,369.59,201.18,203.35,200.29,0.0,201.2,201.54,-0.34,-0.17
2173,Starlineps Enterprises Ltd.,STARLENT,Trading,Trading,369.34,,,,,,,,
2174,RDB Real Estate Constructions Ltd.,RRECL,Realty,Construction - Real Estate,369.11,0.0,143.25,133.0,0.0,143.25,143.25,0.0,0.0
2175,HP Telecom India Ltd.,HPTL,Trading,Trading,369.06,,,,,,,,
2176,Ace Software Exports Ltd.,ACESOFT,Information Technology,IT - Software,368.57,,,,,,,,
2177,Mishtann Foods Ltd.,MISHTANN,Fast Moving Consumer Goods,Consumer Food,368.54,,,,,,,,
2178,Kesoram Industries Ltd.,KESORAMIND,Construction Materials,Cement & Construction Materials,368.45,,,,,,,,
2179,Rotographics (India) Ltd.,RGIL,Trading,Trading,368.24,,,,,,,,
2180,Shemaroo Entertainment Ltd.,SHEMAROO,Media & Entertainment,"Film Production, Distribution & Entertainment",367.75,,,,,,,,
2181,Megatherm Induction Ltd.,MEGATHERM,Capital Goods,Engineering - Industrial Equipments,367.11,,,,,,,,
2182,Harrisons Malayalam Ltd.,HARRMALAYA,Agriculture,Rubber  Products,366.89,197.06,202.97,194.41,0.0,197.89,196.08,1.81,0.92
2183,Ludlow Jute & Specialities Ltd.,LUDLOWJUT,Textile,Textile - Weaving,366.29,,,,,,,,
2184,Akiko Global Services Ltd.,AKIKO,Information Technology,BPO/ITeS,366.17,,,,,,,,
2185,Bedmutha Industries Ltd.,BEDMUTHA,Iron & Steel,Steel & Iron Products,364.58,108.56,110.59,108.0,0.0,108.42,108.96,-0.54,-0.5
2186,RDB Infrastructure And Power Ltd.,RDBIPL,Realty,Construction - Real Estate,364.34,,,,,,,,
2187,EBIX Ltd.,EBIX,Automobile & Ancillaries,Auto Ancillary,363.87,19.74,19.74,19.74,0.0,19.74,18.8,0.94,5.0
2188,Maxvolt Energy Industries Ltd.,MAXVOLT,Automobile & Ancillaries,Batteries,363.65,,,,,,,,
2189,Rubfila International Ltd.,RUBFILA,Agriculture,Rubber  Products,363.1,69.9,70.69,69.0,0.0,69.45,68.43,1.02,1.49
2190,Tipco Engineering India Ltd.,TIPCO,Capital Goods,Engineering - Industrial Equipments,362.91,,,,,,,,
2191,Mach Travel Solutions Ltd.,MACHLTD,Hospitality,Travel Services,362.89,,,,,,,,
2192,Essar Shipping Ltd.,ESSARSHPNG,Logistics,Shipping,362.62,15.9,18.97,15.8,0.0,16.97,15.9,1.07,6.73
2193,Madhusudan Masala Ltd.,MADHUSUDAN,Fast Moving Consumer Goods,Consumer Food,361.99,,,,,,,,
2194,Kriti Industries (India) Ltd.,KRITI,Plastic Products,Plastic Products,361.28,66.06,67.44,63.53,0.0,64.34,65.74,-1.4,-2.13
2195,Ushanti Colour Chem Ltd.,UCL,Chemicals,Dyes & Pigments,361.05,,,,,,,,
2196,Orient Paper & Industries Ltd.,ORIENTPPR,Paper,Paper & Paper Products,359.65,17.03,17.61,16.9,0.0,17.13,17.1,0.03,0.18
2197,Vardhman Acrylics Ltd.,VARDHACRLC,Textile,Textile - Manmade  Fibres,358.5,,,,,,,,
2198,GTV Engineering Ltd.,GTV,Capital Goods,Engineering,357.89,,,,,,,,
2199,Nikhil Adhesives Ltd.,NIKHILAD,Chemicals,Chemicals,357.44,,,,,,,,
2200,Creative Graphics Solutions India Ltd.,CGRAPHICS,Fast Moving Consumer Goods,Packaging,357.0,,,,,,,,
2201,Forcas Studio Ltd.,FORCAS,Textile,Textile,356.61,,,,,,,,
2202,Dreamfolks Services Ltd.,DREAMFOLKS,Aviation,Airport Management Services,355.42,68.42,70.19,67.5,0.0,68.92,68.41,0.51,0.75
2203,Pakka Ltd.,PAKKA,Paper,Paper & Paper Products,353.36,88.65,89.5,83.5,0.0,84.52,88.69,-4.17,-4.7
2204,Super Sales India Ltd.,SUPER,Textile,Textile - Spinning,351.56,,,,,,,,
2205,Swastika Investmart Ltd.,SWASTIKA,Finance,Finance - Stock Broking,351.32,,,,,,,,
2206,Megastar Foods Ltd.,MEGASTAR,Fast Moving Consumer Goods,Consumer Food,351.23,310.4,310.5,304.05,0.0,305.7,312.4,-6.7,-2.14
2207,Take Ltd.,TAKE,Information Technology,IT - Software,350.46,22.15,22.18,20.75,0.0,20.83,21.84,-1.01,-4.62
2208,Inspirisys Solutions Ltd.,INSPIRISYS,Information Technology,IT - Software,349.9,,,,,,,,
2209,Avonmore Capital & Management Services Ltd.,AVONMORE,Finance,Finance - NBFC,349.06,13.16,13.67,13.16,0.0,13.23,13.3,-0.07,-0.53
2210,Hoac Foods India Ltd.,HOACFOODS,Fast Moving Consumer Goods,Consumer Food,348.97,,,,,,,,
2211,Cospower Engineering Ltd.,COSPOWER,Capital Goods,Electric Equipment,348.92,,,,,,,,
2212,Ekansh Concepts Ltd.,EKANSH,Information Technology,IT - Software,348.01,,,,,,,,
2213,ACS Technologies Ltd.,ACSTECH,Information Technology,IT - Software,347.81,50.0,51.1,50.0,0.0,50.78,49.71,1.07,2.15
2214,Teja Engineering Industries Ltd.,TEJA,Other,Professional Services,347.72,,,,,,,,
2215,Teamtech Formwork Solutions Ltd.,TEAMTECH,Capital Goods,Engineering - Industrial Equipments,347.72,,,,,,,,
2216,Agribio Spirits Ltd.,AGRIBIO,Trading,Trading,347.53,,,,,,,,
2217,Nimbus Projects Ltd.,NIMBSPROJ,Realty,Construction - Real Estate,345.13,175.0,184.0,173.51,0.0,176.0,180.0,-4.0,-2.22
2218,Stovec Industries Ltd.,STOVACQ,Textile,Textile - Machinery,344.9,,,,,,,,
2219,Shree Tirupati Balajee FIBC Ltd.,TIRUPATI,Plastic Products,Plastic Products,344.42,,,,,,,,
2220,Kavveri Defence & Wireless Technologies Ltd.,KAVDEFENCE,Telecom,Telecommunication - Equipment,343.31,57.0,58.52,56.5,0.0,56.9,57.22,-0.32,-0.56
2221,Transworld Shipping Lines Ltd.,TRANSWORLD,Logistics,Shipping,342.54,,,,,,,,
2222,Alufluoride Ltd.,ALUFLUOR,Chemicals,Chemicals,342.19,441.0,463.5,441.0,0.0,460.45,443.95,16.5,3.72
2223,Solarium Green Energy Ltd.,SOLARIUM,Infrastructure,Engineering - Construction,342.06,,,,,,,,
2224,Cineline India Ltd.,CINELINE,Media & Entertainment,"Film Production, Distribution & Entertainment",341.91,87.5,88.4,86.75,0.0,88.03,86.71,1.32,1.52
2225,SBEC Sugar Ltd.,SBECSUG,Agriculture,Sugar,341.68,,,,,,,,
2226,Nicco Parks & Resorts Ltd.,NICCOPAR,Hospitality,Amusement Parks/Recreation/Club,341.64,80.9,80.9,77.21,0.0,79.99,79.85,0.14,0.18
2227,Shankara Building Products Ltd.,SHANKARA,Retailing,Retailing,341.55,142.07,144.51,141.5,0.0,143.29,142.21,1.08,0.76
2228,Hi-Green Carbon Ltd.,HIGREEN,Chemicals,Carbon Black,339.74,,,,,,,,
2229,Purple United Sales Ltd.,PURPLEUTED,Retailing,Retailing,339.08,,,,,,,,
2230,Vegorama Punjabi Angithi Ltd.,VPAL,Hospitality,Restaurants,338.86,,,,,,,,
2231,Swiss Military Consumer Goods Ltd.,SWISSMLTRY,Trading,Trading,338.15,16.9,17.8,16.1,0.0,17.48,16.44,1.04,6.33
2232,Devson Catalyst Ltd.,DEVSON,Chemicals,Chemicals,337.93,,,,,,,,
2233,Jay Ushin Ltd.,JAYUSH,Automobile & Ancillaries,Auto Ancillary,337.45,,,,,,,,
2234,K.C.P. Sugar And Industries Corporation Ltd.,KCPSUGIND,Agriculture,Sugar,337.32,,,,,,,,
2235,Sundaram Brake Linings Ltd.,SUNDRMBRAK,Automobile & Ancillaries,Auto Ancillary,336.41,,,,,,,,
2236,Nandan Denim Ltd.,NDL,Textile,Textile,335.86,2.28,2.71,2.25,0.0,2.71,2.26,0.45,19.91
2237,Frog Innovations Ltd.,FROG,Telecom,Telecommunication - Equipment,335.2,,,,,,,,
2238,Brandman Retail Ltd.,BRANDMAN,Retailing,Retailing,335.18,,,,,,,,
2239,Encompass Design India Ltd.,ENCOMPAS,Trading,Trading,334.59,,,,,,,,
2240,Nureca Ltd.,NURECA,Healthcare,Medical Equipment/Supplies/Accessories,333.54,,,,,,,,
2241,Oil Country Tubular Ltd.,OILCOUNTUB,Iron & Steel,Steel & Iron Products,333.17,,,,,,,,
2242,Annapurna Swadisht Ltd.,ANNAPURNA,Fast Moving Consumer Goods,Consumer Food,332.97,154.0,154.5,145.35,0.0,151.7,152.1,-0.4,-0.26
2243,Essen Speciality Films Ltd.,ESFL,Plastic Products,Plastic Products,332.84,,,,,,,,
2244,Grover Jewells Ltd.,GJL,Diamond & Jewellery,Diamond  &  Jewellery,332.72,,,,,,,,
2245,Goa Carbon Ltd.,GOACARBON,Chemicals,Carbon Black,332.64,358.0,358.0,347.0,0.0,350.7,353.45,-2.75,-0.78
2246,Clay Craft India Ltd.,CLAYCRAFT,Construction Materials,Ceramics/Marble/Granite/Sanitaryware,332.42,,,,,,,,
2247,Industrial Investment Trust Ltd.,IITL,Finance,Finance - NBFC,332.24,151.0,152.0,147.55,0.0,149.59,149.97,-0.38,-0.25
2248,PS Raj Steels Ltd.,PSRAJ,Iron & Steel,Steel & Iron Products,331.31,,,,,,,,
2249,Monika Alcobev Ltd.,MONIKA,Trading,Trading,331.29,,,,,,,,
2250,Deepak Builders & Engineers India Ltd.,DBEIL,Realty,Construction - Real Estate,330.26,,,,,,,,
2251,Ashima Ltd.,ASHIMASYN,Realty,Construction - Real Estate,329.66,17.59,18.95,17.29,0.0,18.46,17.49,0.97,5.55
2252,iStreet Network Ltd.,ISTRNETWK,Healthcare,Pharmaceuticals & Drugs,329.29,,,,,,,,
2253,DCM Nouvelle Ltd.,DCMNVL,Textile,Textile,329.1,175.0,176.01,170.01,0.0,171.6,175.62,-4.02,-2.29
2254,Fundviser Capital (India) Ltd.,FUNDVISER,Finance,Finance - Investment,328.64,,,,,,,,
2255,Aastha Spintex Ltd.,AASTHA,Textile,Textile,328.29,73.43,73.69,73.0,0.0,73.03,73.32,-0.29,-0.4
2256,Avana Electrosystems Ltd.,AVANA,Capital Goods,Electric Equipment,328.13,,,,,,,,
2257,Felix Industries Ltd.,FELIX,Other,Environmental Services,327.95,,,,,,,,
2258,Omnitex Industries (India) Ltd.,OMNITEX,Trading,Trading,326.66,,,,,,,,
2259,Thaai Casting Ltd.,TCL,Automobile & Ancillaries,Castings/Forgings,326.54,,,,,,,,
2260,Medicamen Biotech Ltd.,MEDICAMEQ,Healthcare,Pharmaceuticals & Drugs,326.52,244.0,249.0,238.81,0.0,244.55,243.75,0.8,0.33
2261,Prime Cable Industries Ltd.,PRIMECAB,Electricals,Cable,326.17,,,,,,,,
2262,Sayaji Hotels (Indore) Ltd.,SHILINDORE,Hospitality,"Hotel, Resort & Restaurants",325.99,,,,,,,,
2263,Ambalal Sarabhai Enterprises Ltd.,AMBALALSA,Healthcare,Pharmaceuticals & Drugs,325.46,,,,,,,,
2264,Atlantaa Ltd.,ATLANTAA,Infrastructure,Engineering - Construction,323.96,38.61,39.7,38.01,0.0,38.3,38.57,-0.27,-0.7
2265,HP Adhesives Ltd.,HPAL,Chemicals,Chemicals,323.77,34.48,35.4,34.48,0.0,35.03,34.48,0.55,1.6
2266,Om Freight Forwarders Ltd.,OMFREIGHT,Logistics,Logistics,323.32,,,,,,,,
2267,Monarch Surveyors and Engineering Consultants Ltd.,MSECL,Other,Engineering Consultancy,322.4,,,,,,,,
2268,Kaka Industries Ltd.,KAKA,Plastic Products,Plastic Products,321.83,,,,,,,,
2269,Pipan Oils Ltd.,PIPAN,Trading,Trading,321.38,,,,,,,,
2270,Dynamic Services & Security Ltd.,DYNAMIC,Trading,Trading,319.85,,,,,,,,
2271,Talbros Engineering Ltd.,TALBROSENG,Automobile & Ancillaries,Auto Ancillary,319.74,,,,,,,,
2272,Highway Infrastructure Ltd.,HILINFRA,Infrastructure,Engineering - Construction,319.73,45.37,46.24,45.2,0.0,45.76,45.69,0.07,0.15
2273,CL Educate Ltd.,CLEDUCATE,Other,Educational Institutions,319.41,,,,,,,,
2274,Tracxn Technologies Ltd.,TRACXN,Information Technology,IT - Software,316.18,28.0,28.5,27.6,0.0,28.05,28.28,-0.23,-0.81
2275,Marble City India Ltd.,MARBLE,Construction Materials,Ceramics/Marble/Granite/Sanitaryware,315.88,,,,,,,,
2276,Pelatro Ltd.,PELATRO,Information Technology,IT - Software,315.27,,,,,,,,
2277,Vega Jewellers Ltd.,VEGA,Trading,Trading,315.21,,,,,,,,
2278,Systango Technologies Ltd.,SYSTANGO,Information Technology,IT - Software,315.16,,,,,,,,
2279,Trident Lifeline Ltd.,TLL,Healthcare,Pharmaceuticals & Drugs,314.79,,,,,,,,
2280,Binny Ltd.,BINNY,Textile,Textile,314.59,,,,,,,,
2281,Hindustan Motors Ltd.,HINDMOTORS,Automobile & Ancillaries,Automobiles - Passenger Cars,314.24,,,,,,,,
2282,Apollo Sindoori Hotels Ltd.,APOLSINHOT,Hospitality,"Hotel, Resort & Restaurants",314.13,1213.3,1216.0,1189.0,0.0,1207.4,1213.3,-5.9,-0.49
2283,BDH Industries Ltd.,BDH,Healthcare,Pharmaceuticals & Drugs,314.06,,,,,,,,
2284,Dev Accelerator Ltd.,DEVX,Information Technology,IT - Software,313.8,34.99,36.3,33.53,0.0,35.68,34.72,0.96,2.76
2285,Sharp India Ltd.,SHARP,Consumer Durables,Consumer Durables - Electronics,312.5,,,,,,,,
2286,GP Petroleums Ltd.,GULFPETRO,Automobile & Ancillaries,Lubricants,311.41,,,,,,,,
2287,Leapfrog Engineering Services Ltd.,LESL,Capital Goods,Engineering,310.52,,,,,,,,
2288,Ruchira Papers Ltd.,RUCHIRA,Paper,Paper & Paper Products,310.24,102.67,104.99,102.25,0.0,102.9,102.63,0.27,0.26
2289,UCAL Ltd.,UCAL,Automobile & Ancillaries,Auto Ancillary,309.26,,,,,,,,
2290,Remsons Industries Ltd.,REMSONSIND,Automobile & Ancillaries,Auto Ancillary,308.92,84.24,86.0,83.97,0.0,84.9,84.24,0.66,0.78
2291,Recode Studios Ltd.,RECODE,Information Technology,e-Commerce,308.53,,,,,,,,
2292,Anjani Portland Cement Ltd.,APCL,Construction Materials,Cement & Construction Materials,306.67,103.0,107.0,102.0,0.0,102.85,103.77,-0.92,-0.89
2293,Spice Islands Industries Ltd.,SPICEISLIN,Textile,Textile,306.03,,,,,,,,
2294,Vardhman Polytex Ltd.,VARDMNPOLY,Textile,Textile,305.27,6.14,6.4,6.05,0.0,6.1,6.14,-0.04,-0.65
2295,Yaap Digital Ltd.,YAAP,Media & Entertainment,Advertising & Media,305.14,,,,,,,,
2296,Sayaji Industries Ltd.,SAYAJIIND,Fast Moving Consumer Goods,Consumer Food,304.88,120.0,120.37,109.0,0.0,116.17,114.64,1.53,1.33
2297,Vertoz Ltd.,VERTOZ,Media & Entertainment,Advertising & Media,303.25,,,,,,,,
2298,Logica Infoway Ltd.,LOGICA,Retailing,Retailing,302.56,,,,,,,,
2299,Arihant Academy Ltd.,ARIHANTACA,Other,Educational Institutions,302.49,,,,,,,,
2300,Varvee Global Ltd.,VGL,Textile,Textile - Weaving,302.37,57.75,57.75,55.8,0.0,56.05,58.09,-2.04,-3.51
2301,Soma Textiles & Industries Ltd.,SOMATEX,Trading,Trading,301.03,91.73,91.73,84.35,0.0,86.24,87.37,-1.13,-1.29
2302,RDB Rasayans Ltd.,RDBRL,Plastic Products,Plastic Products,300.97,,,,,,,,
2303,Mahindra EPC Irrigation Ltd.,MAHEPC,Capital Goods,Engineering - Industrial Equipments,299.77,108.86,108.86,106.13,0.0,107.0,107.75,-0.75,-0.7
2304,National Standard (India) Ltd.,NATIONSTD,Realty,Construction - Real Estate,299.6,128.0,140.34,126.98,0.0,126.98,133.66,-6.68,-5.0
2305,Metalic Technoforge Ltd.,METALIC,Automobile & Ancillaries,Forgings,299.45,,,,,,,,
2306,Robust Hotels Ltd.,RHL,Hospitality,"Hotel, Resort & Restaurants",299.23,166.0,171.8,166.0,0.0,169.22,166.75,2.47,1.48
2307,Adisoft Technologies Ltd.,ADISOFT,Capital Goods,Engineering - Industrial Equipments,299.11,,,,,,,,
2308,Mason Infratech Ltd.,MASON,Realty,Construction - Real Estate,298.89,,,,,,,,
2309,Modi Rubber Ltd.,MODIRUBBER,Miscellaneous,Miscellaneous,298.81,119.0,144.0,117.8,0.0,134.24,120.07,14.17,11.8
2310,CCME Global Ltd.,CCME,Plastic Products,Plastic Products,298.65,,,,,,,,
2311,Bella Casa Fashion & Retail Ltd.,BELLACASA,Textile,Textile,297.94,218.3,229.0,218.3,0.0,228.07,224.48,3.59,1.6
2312,Narmada Gelatines Ltd.,SHAWGELTIN,Chemicals,Chemicals,297.61,,,,,,,,
2313,Likhami Consulting Ltd.,LIKHAMI,Other,Engineering Consultancy,297.5,,,,,,,,
2314,Jainik Power Cables Ltd.,JAINIK,Non - Ferrous Metals,Aluminium & Aluminium Products,297.0,,,,,,,,
2315,Ponni Sugars (Erode) Ltd.,PONNIERODE,Agriculture,Sugar,296.65,400.0,424.0,393.55,0.0,419.55,421.35,-1.8,-0.43
2316,PH Capital Ltd.,PHCAP,Finance,Finance - Investment,296.53,,,,,,,,
2317,Nath Bio-Genes (India) Ltd.,NATHBIOGEN,Agriculture,Agriculture,296.27,155.0,155.77,151.15,0.0,153.09,153.93,-0.84,-0.55
2318,Pritika Auto Industries Ltd.,PRITIKAUTO,Automobile & Ancillaries,Auto Ancillary,295.39,,,,,,,,
2319,Corporate Merchant Bankers Ltd.,CMBL,Finance,Finance - Investment,294.83,,,,,,,,
2320,Gujjubhai Industries Ltd.,GUJJUBHAI,Trading,Trading,294.57,,,,,,,,
2321,Sera Investments & Finance India Ltd.,SERA,Finance,Finance - Investment,294.39,,,,,,,,
2322,VVIP Infratech Ltd.,VVIPIL,Infrastructure,Engineering - Construction,294.39,,,,,,,,
2323,ITCONS E-Solutions Ltd.,ITCONS,Other,Professional Services,293.99,,,,,,,,
2324,R.P.P. Infra Projects Ltd.,RPPINFRA,Infrastructure,Engineering - Construction,293.15,56.85,57.99,56.85,0.0,57.64,56.45,1.19,2.11
2325,Bombay Oxygen Investments Ltd.,BOMOXY-B1,Finance,Finance - Investment,292.9,,,,,,,,
2326,Naga Dhunseri Group Ltd.,NDGL,Finance,Finance - Investment,292.79,2769.5,2769.5,2665.0,0.0,2726.0,2712.0,14.0,0.52
2327,Simca Advertising Ltd.,SIMCA,Media & Entertainment,Advertising & Media,292.77,,,,,,,,
2328,Ashwini Container Movers Ltd.,ASHWINI,Logistics,Logistics,292.5,,,,,,,,
2329,Parmeshwar Metal Ltd.,PARMESHWAR,Non - Ferrous Metals,Metal - Non Ferrous,292.34,,,,,,,,
2330,Astonea Labs Ltd.,ASTONEALAB,Healthcare,Pharmaceuticals & Drugs,292.21,,,,,,,,
2331,Elgi Rubber Company Ltd.,ELGIRUBCO,Agriculture,Rubber  Products,291.94,60.5,61.66,59.35,0.0,60.07,59.2,0.87,1.47
2332,Tierra Agrotech Ltd.,TIERRA,Trading,Trading,291.1,,,,,,,,
2333,Genus Paper & Boards Ltd.,GENUSPAPER,Paper,Paper & Paper Products,290.55,11.57,11.63,11.08,0.0,11.23,11.32,-0.09,-0.8
2334,Le Merite Exports Ltd.,LEMERITE,Trading,Trading,290.01,23.49,23.7,22.56,0.0,22.78,23.45,-0.67,-2.86
2335,Aelea Commodities Ltd.,ACLD,Trading,Trading,289.95,,,,,,,,
2336,Gayatri Rubbers and Chemicals Ltd.,GRCL,Agriculture,Rubber  Products,289.77,,,,,,,,
2337,Dynemic Products Ltd.,DYNPRO,Chemicals,Dyes & Pigments,289.27,236.1,238.0,231.05,0.0,235.0,232.15,2.85,1.23
2338,Supershakti Metaliks Ltd.,SUPERSHAKT,Iron & Steel,Steel & Iron Products,289.17,,,,,,,,
2339,Oneclick Logistics India Ltd.,OLIL,Logistics,Logistics,289.12,,,,,,,,
2340,Mahickra Chemicals Ltd.,MAHICKRA,Chemicals,Chemicals,288.39,,,,,,,,
2341,Everest Organics Ltd.,EVERESTO,Healthcare,Pharmaceuticals & Drugs,288.24,,,,,,,,
2342,Galaxy Bearings Ltd.,GALXBRG,Automobile & Ancillaries,Bearings,287.95,,,,,,,,
2343,Bhavik Enterprises Ltd.,BHAVIK,Plastic Products,Plastic Products,287.05,,,,,,,,
2344,India Gelatine & Chemicals Ltd.,INDGELA,Chemicals,Chemicals,285.22,,,,,,,,
2345,Baroda Rayon Corporation Ltd.,BARODARY,Realty,Construction - Real Estate,284.67,,,,,,,,
2346,CKK Retail Mart Ltd.,CKKRETAIL,Retailing,Retailing,283.74,,,,,,,,
2347,Aaron Industries Ltd.,AARON,Capital Goods,Engineering - Industrial Equipments,283.74,138.0,142.0,136.8,0.0,137.64,139.3,-1.66,-1.19
2348,Silverstorm Parks And Resorts Ltd.,SSPRL,Hospitality,Amusement Parks/Recreation/Club,283.69,,,,,,,,
2349,Alacrity Securities Ltd.,ALSL,Finance,Finance - Stock Broking,283.65,,,,,,,,
2350,Cords Cable Industries Ltd.,CORDSCABLE,Electricals,Cable,282.6,,,,,,,,
2351,Sawaliya Food Products Ltd.,SAWALIYA,Fast Moving Consumer Goods,Consumer Food,282.37,,,,,,,,
2352,Yash Optics & Lens Ltd.,YASHOPTICS,Healthcare,Medical Equipment/Supplies/Accessories,282.33,,,,,,,,
2353,RMC Switchgears Ltd.,RMC,Capital Goods,Electric Equipment,282.27,250.05,261.9,250.05,0.0,258.0,251.0,7.0,2.79
2354,Nila Infrastructures Ltd.,NILAINFRA,Realty,Construction - Real Estate,281.63,7.0,7.06,6.96,0.0,6.98,6.96,0.02,0.29
2355,Esconet Technologies Ltd.,ESCONET,Trading,Trading,281.48,,,,,,,,
2356,Genus Prime Infra Ltd.,GENUSPRIME,Infrastructure,Engineering - Construction,281.42,,,,,,,,
2357,Suba Hotels Ltd.,SUBAHOTELS,Hospitality,"Hotel, Resort & Restaurants",281.09,,,,,,,,
2358,GLEN Industries Ltd.,GLEN,Fast Moving Consumer Goods,Packaging,280.24,,,,,,,,
2359,TechEra Engineering India Ltd.,TECHERA,Capital Goods,Aerospace & Defense,279.86,,,,,,,,
2360,Madala Holdings Ltd.,MADALA,Realty,Construction - Real Estate,279.62,,,,,,,,
2361,Shradha Realty Ltd.,SHRADHA,Realty,Construction - Real Estate,279.04,34.44,34.44,32.0,0.0,33.62,33.38,0.24,0.72
2362,Axita Cotton Ltd.,AXITA,Textile,Textile,278.97,7.37,7.91,7.3,0.0,7.67,7.3,0.37,5.07
2363,Pushpa Jewellers Ltd.,PUSHPA,Diamond & Jewellery,Diamond  &  Jewellery,278.56,,,,,,,,
2364,Coastal Corporation Ltd.,COASTCORP,Fast Moving Consumer Goods,Consumer Food,278.16,40.32,41.88,40.0,0.0,40.55,40.57,-0.02,-0.05
2365,Spencer's Retail Ltd.,SPENCERS,Retailing,Retailing,278.15,30.9,31.3,30.26,0.0,30.4,30.53,-0.13,-0.43
2366,Kaycee Industries Ltd.,KAYCEEI,Capital Goods,Electric Equipment,277.68,,,,,,,,
2367,Krishca Strapping Solutions Ltd.,KRISHCA,Iron & Steel,Steel & Iron Products,276.82,,,,,,,,
2368,All E Technologies Ltd.,ALLETEC,Information Technology,IT - Software,276.66,,,,,,,,
2369,Poddar Pigments Ltd.,PODDARMENT,Chemicals,Dyes & Pigments,275.86,251.25,256.0,247.1,0.0,249.45,251.1,-1.65,-0.66
2370,Viji Finance Ltd.,VIJIFIN,Finance,Finance - NBFC,275.81,,,,,,,,
2371,Purple Wave Infocom Ltd.,PURPLEWAVE,Consumer Durables,Consumer Durables - Electronics,275.67,,,,,,,,
2372,Jainam Ferro Alloys (I) Ltd.,JAINAM,Ferro Manganese,Ferro & Silica Manganese,275.21,,,,,,,,
2373,Kisan Mouldings Ltd.,KISAN,Plastic Products,Plastic Products,274.77,,,,,,,,
2374,Khemani Distributors & Marketing Ltd.,KDML,Trading,Trading,274.77,,,,,,,,
2375,Savy Infra and Logistics Ltd.,SAVY,Infrastructure,Engineering - Construction,274.67,,,,,,,,
2376,Agarwal Toughened Glass India Ltd.,AGARWALTUF,Construction Materials,Glass,274.44,,,,,,,,
2377,Exxaro Tiles Ltd.,EXXARO,Construction Materials,Ceramics/Marble/Granite/Sanitaryware,274.26,6.1,6.21,6.01,0.0,6.09,6.04,0.05,0.83
2378,Ascom Leasing & Investments Ltd.,ASCOM,Finance,Finance - NBFC,273.64,,,,,,,,
2379,Chatha Foods Ltd.,CHATHA,Fast Moving Consumer Goods,Consumer Food,273.47,,,,,,,,
2380,Laxmipati Engineering Works Ltd.,LAXMIPATI,Ship Building,Ship Building,272.07,,,,,,,,
2381,Innomet Advanced Materials Ltd.,INNOMET,Iron & Steel,Metal - Ferrous,272.0,,,,,,,,
2382,Nutricircle Ltd.,NUTRICIRCLE,Textile,Textile,271.95,,,,,,,,
2383,Tiger Logistics (India) Ltd.,TIGERLOGS,Logistics,Logistics,270.66,29.14,30.87,29.14,0.0,30.31,29.41,0.9,3.06
2384,Evexia Lifecare Ltd.,EVEXIA,Trading,Trading,270.34,,,,,,,,
2385,Him Teknoforge Ltd.,HIMTEK,Automobile & Ancillaries,Auto Ancillary,270.21,,,,,,,,
2386,Mercantile Ventures Ltd.,MERCANTILE,Other,Business Support,269.76,23.6,25.97,23.6,0.0,24.05,24.49,-0.44,-1.8
2387,SKP Bearing Industries Ltd.,SKP,Automobile & Ancillaries,Bearings,268.92,,,,,,,,
2388,Ahmedabad Steelcraft Ltd.,AHMDSTE,Iron & Steel,Steel & Iron Products,268.56,,,,,,,,
2389,Quest Capital Markets Ltd.,QUESTCAP,Finance,Finance - NBFC,268.5,,,,,,,,
2390,Remi Edelstahl Tubulars Ltd.,REMIEDEL,Iron & Steel,Steel & Iron Products,268.18,,,,,,,,
2391,Wardwizard Foods and Beverages Ltd.,WARDWIZFBL,Trading,Trading,267.68,,,,,,,,
2392,Zenotech Laboratories Ltd.,ZENOTECH,Healthcare,Pharmaceuticals & Drugs,266.34,,,,,,,,
2393,Aprameya Engineering Ltd.,APRAMEYA,Trading,Trading,266.27,,,,,,,,
2394,Globe Civil Projects Ltd.,GLOBECIVIL,Infrastructure,Engineering - Construction,266.17,43.4,43.48,41.0,0.0,42.0,42.34,-0.34,-0.8
2395,JostS Engineering Company Ltd.,JOSTS,Capital Goods,Engineering - Industrial Equipments,266.1,,,,,,,,
2396,Finbud Financial Services Ltd.,FINBUD,Finance,Finance Term Lending,265.74,,,,,,,,
2397,Zee Learn Ltd.,ZEELEARN,Other,Educational Institutions,265.46,,,,,,,,
2398,Jay Shree Tea & Industries Ltd.,JAYSREETEA,Agriculture,Tea/Coffee,265.36,101.9,108.0,101.01,0.0,101.81,100.81,1.0,0.99
2399,Integrated Proteins Ltd.,INTEGFD,Fast Moving Consumer Goods,Consumer Food,264.8,,,,,,,,
2400,Hi-Klass Trading And Investment Ltd.,HIKLASS,Finance,Finance - Investment,264.43,,,,,,,,
2401,Suraj Products Ltd.,SURAJ,Iron & Steel,Steel & Iron Products,264.14,,,,,,,,
2402,Prime Fresh Ltd.,PRIMEFRESH,Logistics,Logistics,263.09,,,,,,,,
2403,Gennex Laboratories Ltd.,GENNEX,Healthcare,Pharmaceuticals & Drugs,262.87,,,,,,,,
2404,A2Z Infra Engineering Ltd.,A2ZINFRA,Infrastructure,Engineering - Construction,262.56,15.6,15.94,15.02,0.0,15.46,15.19,0.27,1.78
2405,Indag Rubber Ltd.,INDAG,Agriculture,Rubber  Products,262.21,,,,,,,,
2406,Magson Retail & Distribution Ltd.,MAGSON,Retailing,Retailing,262.18,,,,,,,,
2407,Shree Salasar Investments Ltd.,SALSAIN,Finance,Finance - Investment,262.15,,,,,,,,
2408,Jujhar Logistics Ltd.,CDG,Plastic Products,Plastic Products,261.87,,,,,,,,
2409,UFO Moviez India Ltd.,UFO,Media & Entertainment,"Film Production, Distribution & Entertainment",261.76,66.2,66.78,64.25,0.0,64.9,66.19,-1.29,-1.95
2410,Aveer Foods Ltd.,AVEER,Fast Moving Consumer Goods,Consumer Food,261.41,,,,,,,,
2411,MOS Utility Ltd.,MOS,Information Technology,Fintech,261.3,,,,,,,,
2412,Gamco Ltd.,GAMCO,Finance,Finance - NBFC,261.13,,,,,,,,
2413,RBM Infracon Ltd.,RBMINFRA,Infrastructure,Engineering - Construction,260.83,,,,,,,,
2414,Suyog Gurbaxani Funicular Ropeways Ltd.,SGFRL,Infrastructure,Engineering - Construction,260.43,,,,,,,,
2415,Shankar Lal Rampal Dye-Chem Ltd.,SRD,Trading,Trading,259.96,39.7,40.0,38.65,0.0,39.43,39.42,0.01,0.03
2416,IL&FS Investment Managers Ltd.,IVC,Finance,Finance - Asset Management,259.71,8.15,8.34,8.1,0.0,8.2,8.21,-0.01,-0.12
2417,Shiv Texchem Ltd.,SHIVTEXCHEM,Trading,Trading,259.53,,,,,,,,
2418,Ravinder Heights Ltd.,RVHL,Realty,Construction - Real Estate,259.41,43.5,43.58,41.6,0.0,43.02,42.43,0.59,1.39
2419,Manaksia Aluminium Company Ltd.,MANAKALUCO,Non - Ferrous Metals,Aluminium & Aluminium Products,259.38,37.25,38.0,37.25,0.0,37.87,37.19,0.68,1.83
2420,Alphalogic Techsys Ltd.,ALPHALOGIC,Information Technology,BPO/ITeS,259.27,,,,,,,,
2421,Sayaji Hotels (Pune) Ltd.,SHPLPUNE,Hospitality,"Hotel, Resort & Restaurants",258.66,,,,,,,,
2422,Wise Travel India Ltd.,WTICAB,Hospitality,Travel Services,258.6,,,,,,,,
2423,SAB Industries Ltd.,SAB,Realty,Construction - Real Estate,258.57,170.0,178.5,170.0,0.0,170.32,170.0,0.32,0.19
2424,Chaman Metallics Ltd.,CMNL,Iron & Steel,Steel/Sponge Iron/Pig Iron,258.24,,,,,,,,
2425,FCS Software Solutions Ltd.,FCSSOFT,Information Technology,IT - Software,258.14,1.47,1.51,1.46,0.0,1.49,1.46,0.03,2.05
2426,Shree Karni Fabcom Ltd.,SHREEKARNI,Textile,Textile,258.1,,,,,,,,
2427,Globe International Carriers Ltd.,GICL,Logistics,Logistics,258.06,23.99,24.25,23.26,0.0,23.81,23.99,-0.18,-0.75
2428,E Factor Experiences Ltd.,EFACTOR,Media & Entertainment,TV Broadcasting & Software Production,258.03,,,,,,,,
2429,Saraswati Saree Depot Ltd.,SSDL,Trading,Trading,256.49,59.69,60.99,58.05,0.0,58.6,59.3,-0.7,-1.18
2430,United Van Der Horst Ltd.,UVDRHOR,Capital Goods,Engineering - Industrial Equipments,256.08,,,,,,,,
2431,Suraj Industries Ltd.,SURJIND,Trading,Trading,255.91,,,,,,,,
2432,Sakuma Exports Ltd.,SAKUMA,Trading,Trading,255.54,1.54,1.54,1.51,0.0,1.52,1.51,0.01,0.66
2433,Active Infrastructures Ltd.,ACTIVEINFR,Infrastructure,Engineering - Construction,255.26,,,,,,,,
2434,QMS Medical Allied Services Ltd.,QMSMEDI,Trading,Trading,255.1,,,,,,,,
2435,GRE Renew Enertech Ltd.,GRERENEW,Infrastructure,Engineering - Construction,255.04,,,,,,,,
2436,Aarey Drugs & Pharmaceuticals Ltd.,AAREYDRUGS,Healthcare,Pharmaceuticals & Drugs,254.96,80.79,81.95,77.07,0.0,81.2,80.59,0.61,0.76
2437,TRF Ltd.,TRF,Capital Goods,Engineering - Industrial Equipments,254.81,231.42,232.39,229.5,0.0,230.41,231.15,-0.74,-0.32
2438,Precision Electronics Ltd.,PRECISIO,Telecom,Telecommunication - Equipment,254.6,,,,,,,,
2439,VMS TMT Ltd.,VMSTMT,Iron & Steel,Steel & Iron Products,254.51,47.85,48.88,47.8,0.0,47.9,48.47,-0.57,-1.18
2440,Pavna Industries Ltd.,PAVNAIND,Automobile & Ancillaries,Auto Ancillary,254.5,18.26,19.1,18.26,0.0,18.6,18.72,-0.12,-0.64
2441,PG Foils Ltd.,PGFOILQ,Non - Ferrous Metals,Aluminium & Aluminium Products,254.24,,,,,,,,
2442,Admach Systems Ltd.,ADMACH,Capital Goods,Engineering - Industrial Equipments,253.98,,,,,,,,
2443,K.M. Sugar Mills Ltd.,KMSUGAR,Agriculture,Sugar,253.92,35.01,35.3,32.85,0.0,33.55,35.3,-1.75,-4.96
2444,Starteck Finance Ltd.,STARTECK,Finance,Finance - NBFC,253.8,253.7,254.85,243.1,0.0,247.95,251.1,-3.15,-1.25
2445,D.P. Wires Ltd.,DPWIRES,Iron & Steel,Steel & Iron Products,253.28,,,,,,,,
2446,Hindustan Organic Chemicals Ltd.,HOCL,Chemicals,Chemicals,251.97,,,,,,,,
2447,AION-Tech Solutions Ltd.,GOLDTECH,Information Technology,IT - Software,251.95,,,,,,,,
2448,Artificial Electronics Intelligent Material Ltd.,AEIM,Information Technology,IT - Software,251.88,,,,,,,,
2449,Shreedhar Spinners Ltd.,SHREEDHAR,Textile,Textile - Spinning,251.79,,,,,,,,
2450,Cupid Breweries And Distilleries Ltd.,CUPIDALBV,Alcohol,Breweries & Distilleries,251.56,,,,,,,,
2451,Plaza Wires Ltd.,PLAZACABLE,Electricals,Cable,250.22,52.9,53.0,51.41,0.0,52.08,52.18,-0.1,-0.19
2452,Cosmo Ferrites Ltd.,COSMOFE,Electricals,Electronics - Components,250.1,,,,,,,,
2453,Shree Ajit Pulp & Paper Ltd.,SAPPL,Paper,Paper & Paper Products,249.56,284.1,289.85,281.05,0.0,281.1,284.1,-3.0,-1.06
2454,Indian Toners & Developers Ltd.,INDTONER,Chemicals,Chemicals,249.3,,,,,,,,
2455,Organic Recycling Systems Ltd.,ORGANICREC,Capital Goods,Engineering,249.22,,,,,,,,
2456,Indo-National Ltd.,NIPPOBATRY,Automobile & Ancillaries,Batteries,249.04,327.45,335.0,323.0,0.0,329.25,325.85,3.4,1.04
2457,International Travel House Ltd.,ITHL,Hospitality,Travel Services,248.27,,,,,,,,
2458,Integra Essentia Ltd.,ESSENTIA,Trading,Trading,247.49,1.1,1.17,1.1,0.0,1.14,1.14,0.0,0.0
2459,Voler Car Ltd.,VOLERCAR,Other,Business Support,246.83,,,,,,,,
2460,Birla Precision Technologies Ltd.,BIRLAPREC,Capital Goods,Engineering - Industrial Equipments,246.81,39.12,45.5,38.13,0.0,44.4,39.11,5.29,13.53
2461,EPW India Ltd.,EPWINDIA,Trading,Trading,246.81,,,,,,,,
2462,Hannah Joseph Hospital Ltd.,HANNAH,Healthcare,Hospital & Healthcare Services,246.28,,,,,,,,
2463,CPS Shapers Ltd.,CPS,Textile,Textile,246.27,,,,,,,,
2464,IC Electricals Company Ltd.,ICELCO,Electricals,Electronics - Components,245.07,,,,,,,,
2465,Multibase India Ltd.,MULTIBASE,Crude Oil,Petrochemicals,244.39,,,,,,,,
2466,Sumit Woods Ltd.,SUMIT,Realty,Construction - Real Estate,244.37,52.0,54.9,51.6,0.0,52.01,53.64,-1.63,-3.04
2467,Diamines & Chemicals Ltd.,DIAMINESQ,Chemicals,Chemicals,244.25,234.0,243.6,234.0,0.0,241.11,236.46,4.65,1.97
2468,Riddhi Steel & Tube Ltd.,RSTL,Iron & Steel,Steel & Iron Products,244.23,,,,,,,,
2469,Almondz Global Securities Ltd.,ALMONDZ,Finance,Finance - Stock Broking,243.99,13.55,14.2,13.55,0.0,14.16,13.55,0.61,4.5
2470,Espire Hospitality Ltd.,ESPIRE,Realty,Construction - Real Estate,243.91,,,,,,,,
2471,Sanginita Chemicals Ltd.,SANGINITA,Chemicals,Chemicals,243.32,,,,,,,,
2472,Empower India Ltd.,EMPOWER,Consumer Durables,IT - Hardware,243.23,2.35,2.36,2.26,0.0,2.27,2.3,-0.03,-1.3
2473,Dai-Ichi Karkaria Ltd.,DAICHI,Chemicals,Chemicals,242.95,320.0,329.9,315.0,0.0,324.35,316.35,8.0,2.53
2474,SC Agrotech Ltd.,SCAGRO,Agriculture,Agriculture,242.88,,,,,,,,
2475,Sikko Industries Ltd.,SIKKO,Chemicals,Pesticides & Agrochemicals,242.86,,,,,,,,
2476,Bhilwara Technical Textiles Ltd.,BTTL,Textile,Textile,242.83,,,,,,,,
2477,BPL Ltd.,BPL,Electricals,Electronics - Components,242.67,49.8,50.34,49.23,0.0,49.76,49.19,0.57,1.16
2478,Asian Hotels (East) Ltd.,AHLEAST,Hospitality,"Hotel, Resort & Restaurants",242.6,138.9,143.99,138.9,0.0,139.93,142.79,-2.86,-2.0
2479,Oxygenta Pharmaceutical Ltd.,OXYGENTAPH,Healthcare,Pharmaceuticals & Drugs,241.8,,,,,,,,
2480,Horizon Reclaim (India) Ltd.,HORIZON,Agriculture,Rubber  Products,241.41,,,,,,,,
2481,Avatar Industries Ltd.,AVATAR,Automobile & Ancillaries,Auto Ancillary,240.63,,,,,,,,
2482,Lyka Labs Ltd.,LYKALABS,Healthcare,Pharmaceuticals & Drugs,240.6,,,,,,,,
2483,Aksharchem (India) Ltd.,AKSHARCHEM,Chemicals,Dyes & Pigments,240.59,,,,,,,,
2484,Lotus Eye Hospital And Institute Ltd.,LOTUSEYE,Healthcare,Hospital & Healthcare Services,240.51,117.11,118.98,115.4,0.0,115.6,117.11,-1.51,-1.29
2485,Sanjivani Paranteral Ltd.,SANJIVIN,Healthcare,Pharmaceuticals & Drugs,240.28,,,,,,,,
2486,Silkflex Polymers (India) Ltd.,SILKFLEX,Trading,Trading,240.26,,,,,,,,
2487,Jasch Gauging Technologies Ltd.,JGTL,Capital Goods,Engineering - Industrial Equipments,240.2,,,,,,,,
2488,R&B Denims Ltd.,RNBDENIMS,Textile,Textile,239.69,7.93,8.0,7.72,0.0,7.73,7.93,-0.2,-2.52
2489,Chembond Material Technologies Ltd.,CHEMBOND,Chemicals,Chemicals,239.38,163.5,195.0,163.0,0.0,172.63,167.47,5.16,3.08
2490,PE Analytics Ltd.,PROPEQUITY,Other,Professional Services,239.36,,,,,,,,
2491,Clear Secured Services Ltd.,CSSL,Other,Professional Services,239.27,,,,,,,,
2492,Spunweb Nonwoven Ltd.,SPUNWEB,Textile,Textile,238.62,,,,,,,,
2493,SV Global Mill Ltd.,SVGLOBAL,Realty,Construction - Real Estate,238.51,134.99,134.99,123.6,0.0,125.26,123.53,1.73,1.4
2494,Worth Peripherals Ltd.,WORTHPERI,Paper,Paper & Paper Products,238.39,157.8,158.0,154.9,0.0,157.27,157.85,-0.58,-0.37
2495,Ratnabhumi Developers Ltd.,RATNABHUMI,Realty,Construction - Real Estate,238.38,,,,,,,,
2496,Tamboli Industries Ltd.,TAMBOLIIN,Finance,Finance - Investment,238.08,,,,,,,,
2497,HCP Plastene Bulkpack Ltd.,HPBL,Plastic Products,Plastic Products,238.0,,,,,,,,
2498,Kings Infra Ventures Ltd.,KINGSINFR,Agriculture,Aquaculture,237.95,,,,,,,,
2499,Novus Loyalty Ltd.,NOVUS,Information Technology,IT - Software,237.68,,,,,,,,
2500,Nidhi Granites Ltd.,NIDHGRN,Finance,Finance - Others,237.6,,,,,,,,
2501,Sahaj Solar Ltd.,SAHAJSOLAR,Capital Goods,Engineering - Industrial Equipments,237.52,,,,,,,,
2502,Bimetal Bearings Ltd.,BIMETAL,Automobile & Ancillaries,Bearings,237.48,619.9,626.0,618.7,0.0,624.85,623.0,1.85,0.3
2503,B.A.G. Convergence Ltd.,BAGDIGITAL,Media & Entertainment,"Film Production, Distribution & Entertainment",237.44,,,,,,,,
2504,Nagpur Power & Industries Ltd.,NAGPI,Ferro Manganese,Ferro & Silica Manganese,237.29,,,,,,,,
2505,Kalyani Forge Ltd.,KALYANIFRG,Automobile & Ancillaries,Forgings,237.07,695.0,714.05,672.0,0.0,691.5,691.05,0.45,0.07
2506,Veto Switchgears And Cables Ltd.,VETO,Capital Goods,Electric Equipment,237.03,,,,,,,,
2507,Waaree Technologies Ltd.,WAAREE,Automobile & Ancillaries,Batteries,236.41,,,,,,,,
2508,Geekay Wires Ltd.,GEEKAYWIRE,Iron & Steel,Steel & Iron Products,236.22,22.41,22.96,22.25,0.0,22.43,22.31,0.12,0.54
2509,Omega Interactive Technologies Ltd.,OMEGAIN,Information Technology,IT - Software,235.62,,,,,,,,
2510,RFBL Flexi Pack Ltd.,RFBL,Fast Moving Consumer Goods,Packaging,235.48,,,,,,,,
2511,Cool Caps Industries Ltd.,COOLCAPS,Plastic Products,Plastic Products,235.25,,,,,,,,
2512,Music Broadcast Ltd.,RADIOCITY,Media & Entertainment,TV Broadcasting & Software Production,234.72,6.66,6.94,6.66,0.0,6.69,6.69,0.0,0.0
2513,Sicagen India Ltd.,SICAGEN,Trading,Trading,234.38,55.85,56.5,54.61,0.0,55.66,55.85,-0.19,-0.34
2514,Ace Alpha Tech Ltd.,ACEALPHA,Information Technology,IT - Software,233.52,,,,,,,,
2515,Setco Automotive Ltd.,SETCO,Automobile & Ancillaries,Auto Ancillary,233.42,,,,,,,,
2516,Cochin Minerals & Rutile Ltd.,COCHINM,Chemicals,Chemicals,233.26,,,,,,,,
2517,Vikas Lifecare Ltd.,VIKASLIFE,Trading,Trading,232.91,1.2,1.21,1.19,0.0,1.19,1.2,-0.01,-0.83
2518,Akanksha Power & Infrastructure Ltd.,AKANKSHA,Capital Goods,Electric Equipment,232.52,,,,,,,,
2519,Star Paper Mills Ltd.,STARPAPER,Paper,Paper & Paper Products,232.17,145.0,148.5,143.05,0.0,144.98,145.12,-0.14,-0.1
2520,Alpine Housing Development Corporation Ltd.,ALPINEHOU,Realty,Construction - Real Estate,232.11,,,,,,,,
2521,Grand Continent Hotels Ltd.,GCHOTELS,Hospitality,"Hotel, Resort & Restaurants",231.88,,,,,,,,
2522,Alfred Herbert (India) Ltd.,ALFREDHE,Finance,Finance - NBFC,231.41,2999.0,3098.9,2925.0,0.0,2967.8,3000.0,-32.2,-1.07
2523,Chemkart India Ltd.,CHEMKART,Trading,Trading,231.09,,,,,,,,
2524,CP Capital Ltd.,CPCAP,Other,Educational Institutions,230.87,124.01,126.43,120.54,0.0,121.32,123.56,-2.24,-1.81
2525,The Indian Wood Products Company Ltd.,IWP,Fast Moving Consumer Goods,Cigarettes/Tobacco,229.66,33.9,35.4,33.35,0.0,34.09,34.84,-0.75,-2.15
2526,Interiors & More Ltd.,INM,Construction Materials,Laminates/Decoratives,229.52,,,,,,,,
2527,The United Nilgiri Tea Estates Company Ltd.,UNITEDTEA,Agriculture,Tea/Coffee,228.99,451.2,467.75,451.2,0.0,453.95,452.9,1.05,0.23
2528,Visaman Global Sales Ltd.,VISAMAN,Trading,Trading,228.88,,,,,,,,
2529,Patel Chem Specialities Ltd.,PATELCHEM,Chemicals,Chemicals,228.88,,,,,,,,
2530,Aarvi Encon Ltd.,AARVI,Other,Professional Services,228.82,155.0,157.98,151.23,0.0,152.5,153.96,-1.46,-0.95
2531,Vijay Solvex Ltd.,VIJSOLX,Fast Moving Consumer Goods,Edible Oil,228.39,698.0,700.0,690.0,0.0,693.45,701.05,-7.6,-1.08
2532,Shivashrit Foods Ltd.,SHIVASHRIT,Fast Moving Consumer Goods,Consumer Food,228.36,,,,,,,,
2533,Phantom Digital Effects Ltd.,PHANTOMFX,Media & Entertainment,"Film Production, Distribution & Entertainment",228.17,,,,,,,,
2534,Rathi Steel & Power Ltd.,RATHIST,Iron & Steel,Steel & Iron Products,227.39,,,,,,,,
2535,Generic Engineering Construction And Projects Ltd.,GENCON,Infrastructure,Engineering - Construction,227.15,40.72,43.29,40.4,0.0,42.18,41.06,1.12,2.73
2536,Bharatrohan Airborne Innovations Ltd.,BHARATROHAN,Other,Business Support,227.12,,,,,,,,
2537,Sintercom India Ltd.,SINTERCOM,Automobile & Ancillaries,Auto Ancillary,226.99,78.0,79.5,78.0,0.0,79.06,79.39,-0.33,-0.42
2538,Nova Agritech Ltd.,NOVAAGRI,Chemicals,Pesticides & Agrochemicals,226.86,,,,,,,,
2539,Reliance Communications Ltd.,RCOM,Telecom,Telecommunication - Service  Provider,226.77,,,,,,,,
2540,MK Exim (India) Ltd.,MKEXIM,Textile,Textile,226.54,56.69,58.52,56.69,0.0,57.24,56.69,0.55,0.97
2541,Shalibhadra Finance Ltd.,SAHLIBHFI,Finance,Finance - NBFC,226.41,75.0,75.36,72.5,0.0,74.0,73.9,0.1,0.14
2542,Power & Instrumentation (Gujarat) Ltd.,PIGL,Infrastructure,Engineering - Construction,226.4,102.2,105.98,102.2,0.0,103.72,103.8,-0.08,-0.08
2543,Shree Tirupati Balajee Agro Trading Company Ltd,BALAJEE,Plastic Products,Plastic Products,226.36,26.7,27.15,26.5,0.0,26.88,26.77,0.11,0.41
2544,Innovators Facade Systems Ltd.,INNOVATORS,Capital Goods,Engineering,226.32,,,,,,,,
2545,Alankit Ltd.,ALANKIT,Finance,Finance - Stock Broking,226.15,8.37,8.37,8.08,0.0,8.16,8.15,0.01,0.12
2546,Destiny Logistics & Infra Ltd.,DESTINY,Logistics,Logistics,225.69,,,,,,,,
2547,EKI Energy Services Ltd.,EKI,Other,Business Support,225.23,81.99,81.99,77.99,0.0,78.07,78.19,-0.12,-0.15
2548,Surana Telecom And Power Ltd.,SURANAT&P,Power,Power Generation/Distribution,225.23,16.2,16.48,16.12,0.0,16.28,16.29,-0.01,-0.06
2549,ASI Industries Ltd.,ASIIL,Mining,Mining & Minerals,225.19,,,,,,,,
2550,Marc Technocrats Ltd.,MARC,Other,Professional Services,225.07,,,,,,,,
2551,Mitsu Chem Plast Ltd.,MITSU,Plastic Products,Plastic Products,224.72,,,,,,,,
2552,Nilachal Carbo Metalicks Ltd.,NCML,Industrials Gases & Fuels,Industrial  Gases & Fuels,224.34,,,,,,,,
2553,Ramdevbaba Solvent Ltd.,RBS,Agriculture,Solvent  Extraction,224.27,,,,,,,,
2554,Alpine Texworld Ltd.,ALPINETEX,Textile,Textile,224.13,59.1,59.94,58.1,0.0,58.5,59.41,-0.91,-1.53
2555,Smartlink Holdings Ltd.,SMARTLINK,Information Technology,IT - Networking,223.79,,,,,,,,
2556,Rudra Global Infra Products Ltd.,RUDRA,Iron & Steel,Steel & Iron Products,223.27,21.5,22.0,21.11,0.0,21.28,21.7,-0.42,-1.94
2557,SILGO Retail Ltd.,SILGO,Diamond & Jewellery,Diamond  &  Jewellery,223.2,70.44,74.56,70.44,0.0,72.4,70.0,2.4,3.43
2558,Aeroflex Neu Ltd.,AERONEU,Plastic Products,Plastic Products,223.14,83.26,86.55,81.56,0.0,82.97,82.43,0.54,0.66
2559,DCM Shriram Fine Chemicals Ltd.,DSFCL,Chemicals,Chemicals,222.35,,,,,,,,
2560,Pratham EPC Projects Ltd.,PRATHAM,Infrastructure,Engineering - Construction,222.19,,,,,,,,
2561,Sonam Ltd.,SONAMLTD,Consumer Durables,Watches & Accessories,221.7,67.9,67.9,64.67,0.0,65.16,67.16,-2.0,-2.98
2562,Equippp Social Impact Technologies Ltd.,EQUIPPP,Information Technology,IT - Software,221.65,,,,,,,,
2563,Last Mile Enterprises Ltd.,LASTMILE,Infrastructure,Engineering - Construction,221.64,,,,,,,,
2564,Simmonds Marshall Ltd.,SIMMOND,Automobile & Ancillaries,Fasteners,221.37,,,,,,,,
2565,Hampton Sky Realty Ltd.,HAMPTON,Realty,Construction - Real Estate,221.3,8.06,8.99,8.0,0.0,8.47,8.09,0.38,4.7
2566,Shahlon Silk Industries Ltd.,SHAHLON,Textile,Textile,221.29,,,,,,,,
2567,Shivam Autotech Ltd.,SHIVAMAUTO,Automobile & Ancillaries,Auto Ancillary,221.04,,,,,,,,
2568,Maral Overseas Ltd.,MARALOVER,Textile,Textile - Spinning,220.41,54.35,56.89,54.35,0.0,56.34,55.37,0.97,1.75
2569,Goldstar Power Ltd.,GOLDSTAR,Automobile & Ancillaries,Batteries,220.37,,,,,,,,
2570,Jattashankar Industries Ltd.,JATTAINDUS,Textile,Textile - Manmade  Fibres,220.17,,,,,,,,
2571,Vaarad Ventures Ltd.,VAARAD,Miscellaneous,Miscellaneous,220.16,,,,,,,,
2572,Integrated Personnel Services Ltd.,IPSL,Other,Professional Services,219.58,,,,,,,,
2573,Diksat Transworld Ltd.,DIKSAT,Media & Entertainment,TV Broadcasting & Software Production,219.46,,,,,,,,
2574,Nectar Lifesciences Ltd.,NECLIFE,Healthcare,Pharmaceuticals & Drugs,218.93,10.21,10.9,10.05,0.0,10.47,10.29,0.18,1.75
2575,Novelix Pharmaceuticals Ltd.,NOVELIX,Trading,Trading,218.93,,,,,,,,
2576,Panasonic Carbon India Company Ltd.,PANCARBON,Capital Goods,Electrodes & Welding Equipment,217.9,,,,,,,,
2577,Kothari Sugars And Chemicals Ltd.,KOTARISUG,Agriculture,Sugar,217.83,29.87,35.0,29.2,0.0,33.29,30.25,3.04,10.05
2578,Competent Automobiles Company Ltd.,COMPEAU,Automobile & Ancillaries,Automobiles - Dealers & Distributors,216.95,318.0,420.0,318.0,0.0,353.95,353.6,0.35,0.1
2579,Affordable Robotic & Automation Ltd.,AFFORDABLE,Capital Goods,Engineering,216.46,,,,,,,,
2580,ABans Enterprises Ltd.,ABANSENT,Trading,Trading,216.01,27.49,28.72,27.37,0.0,27.98,27.36,0.62,2.27
2581,A-1 Ltd.,A1L,Trading,Trading,215.28,,,,,,,,
2582,Avio Smart Market Stack Ltd.,ASMS,Information Technology,IT - Software,215.03,,,,,,,,
2583,Graviss Hospitality Ltd.,GRAVISSHO,Hospitality,"Hotel, Resort & Restaurants",215.01,29.89,30.62,28.8,0.0,28.8,29.89,-1.09,-3.65
2584,Chandrima Mercantiles Ltd.,CHANDRIMA,Trading,Trading,214.89,,,,,,,,
2585,Jay Jalaram Technologies Ltd.,KORE,Retailing,Retailing,214.61,,,,,,,,
2586,Maheshwari Logistics Ltd.,MAHESHWARI,Logistics,Logistics,214.58,,,,,,,,
2587,Ecoplast Ltd.,ECOPLAST,Plastic Products,Plastic Products,213.74,,,,,,,,
2588,Lancor Holdings Ltd.,LANCORHOL,Realty,Construction - Real Estate,213.52,30.0,31.91,29.5,0.0,30.95,28.91,2.04,7.06
2589,Dhara Rail Projects Ltd.,DHARARAIL,Other,Business Support,213.14,,,,,,,,
2590,Veer Global Infraconstruction Ltd.,VGIL,Realty,Construction - Real Estate,212.96,,,,,,,,
2591,Shri Dinesh Mills Ltd.,SHRIDINE,Textile,Textile,212.79,,,,,,,,
2592,Revathi Equipment India Ltd.,RVTH,Capital Goods,Engineering - Industrial Equipments,212.54,752.5,779.65,730.0,0.0,733.9,753.0,-19.1,-2.54
2593,GTT Data Solutions Ltd.,GTTDATA,Media & Entertainment,"Film Production, Distribution & Entertainment",212.06,,,,,,,,
2594,Comfort Intech Ltd.,COMFINTE,Trading,Trading,211.8,6.49,6.61,6.3,0.0,6.32,6.46,-0.14,-2.17
2595,Accretion Pharmaceuticals Ltd.,ACCPL,Healthcare,Pharmaceuticals & Drugs,211.76,,,,,,,,
2596,Balaji Phosphates Ltd.,BALAJIPHOS,Chemicals,Fertilizers,211.62,,,,,,,,
2597,Nitiraj Engineers Ltd.,NITIRAJ,Capital Goods,Engineering - Industrial Equipments,211.06,209.95,209.95,195.12,0.0,198.91,204.44,-5.53,-2.7
2598,Global Vectra Helicorp Ltd.,GLOBALVECT,Aviation,Airlines,210.56,149.37,152.95,147.98,0.0,152.51,149.37,3.14,2.1
2599,NTC Industries Ltd.,NTCIND,Fast Moving Consumer Goods,Cigarettes/Tobacco,210.53,145.0,145.0,136.0,0.0,140.0,139.66,0.34,0.24
2600,The Peria Karamalai Tea And Produce Company Ltd.,PKTEA,Agriculture,Tea/Coffee,210.5,759.9,759.9,732.05,0.0,732.2,731.9,0.3,0.04
2601,Sizemasters Technology Ltd.,SIZEMASTER,Capital Goods,Engineering - Industrial Equipments,210.3,,,,,,,,
2602,Infinity Infoway Ltd.,INFINITY,Information Technology,IT - Software,209.4,,,,,,,,
2603,Kataria Industries Ltd.,KATARIA,Capital Goods,Engineering,208.85,,,,,,,,
2604,Maruti Interior Products Ltd.,SPITZE,Other,Professional Services,208.83,,,,,,,,
2605,Kerala Ayurveda Ltd.,KERALAYUR,Healthcare,Pharmaceuticals & Drugs,208.7,,,,,,,,
2606,Ameenji Rubber Ltd.,AMEENJI,Agriculture,Rubber  Products,208.68,,,,,,,,
2607,Rossell India Ltd.,ROSSELLIND,Agriculture,Tea/Coffee,208.57,57.2,57.2,55.45,0.0,55.94,56.65,-0.71,-1.25
2608,Acetech E-Commerce Ltd.,ACETEC,Information Technology,e-Commerce,208.16,,,,,,,,
2609,Alan Scott Enterprises Ltd.,ALANSCOTT,Textile,Textile,208.03,,,,,,,,
2610,Samor Reality Ltd.,SAMOR,Realty,Construction - Real Estate,208.01,,,,,,,,
2611,Team India Guaranty Ltd.,TEAMGTY,Finance,Finance - NBFC,207.74,237.99,237.99,223.22,0.0,232.44,227.93,4.51,1.98
2612,Shiva Texyarn Ltd.,SHIVATEX,Textile,Textile - Spinning,207.66,165.87,166.99,160.1,0.0,165.7,164.58,1.12,0.68
2613,Northern Spirits Ltd.,NSL,Trading,Trading,207.38,,,,,,,,
2614,Zodiac Clothing Company Ltd.,ZODIACLOTH,Textile,Textile,207.31,75.07,75.4,73.12,0.0,74.13,74.21,-0.08,-0.11
2615,Accretion Nutraveda Ltd.,ANL,Healthcare,Pharmaceuticals & Drugs,207.06,,,,,,,,
2616,Rudra Ecovation Ltd.,RUDRAECO,Textile,Textile,206.8,,,,,,,,
2617,Kartik Investments Trust Ltd.,KARTKIN,Finance,Finance - Investment,206.38,,,,,,,,
2618,Coral Laboratories Ltd.,CORALAB,Healthcare,Pharmaceuticals & Drugs,205.3,,,,,,,,
2619,Swadeshi Industries & Leasing Ltd.,SWADEIN,Trading,Trading,205.05,,,,,,,,
2620,Lexora Global Ltd.,LEXGLOBAL,Finance,Finance - Investment,205.0,,,,,,,,
2621,Milkfood Ltd.,MLKFOOD,Fast Moving Consumer Goods,Consumer Food,204.85,84.01,92.0,84.0,0.0,90.2,87.01,3.19,3.67
2622,Munish Forge Ltd.,MUNISH,Automobile & Ancillaries,Castings/Forgings,204.84,,,,,,,,
2623,Macobs Technologies Ltd.,MACOBSTECH,Information Technology,e-Commerce,204.72,,,,,,,,
2624,Trident Techlabs Ltd.,TECHLABS,Information Technology,IT - Software,204.69,,,,,,,,
2625,Spacenet Enterprises India Ltd.,SPCENET,Trading,Trading,204.38,3.39,3.44,3.3,0.0,3.34,3.36,-0.02,-0.6
2626,SPEB Adhesives Ltd.,SPEB,Chemicals,Chemicals,204.2,,,,,,,,
2627,Sakthi Sugars Ltd.,SAKHTISUG,Agriculture,Sugar,204.06,22.08,22.08,20.7,0.0,21.13,21.77,-0.64,-2.94
2628,Vibhor Steel Tubes Ltd.,VSTL,Iron & Steel,Steel & Iron Products,203.75,110.7,113.98,107.25,0.0,110.54,108.94,1.6,1.47
2629,CapitalNumbers Infotech Ltd.,CNINFOTECH,Information Technology,IT - Software,203.33,,,,,,,,
2630,Ovobel Foods Ltd.,OVOBELE,Fast Moving Consumer Goods,Consumer Food,202.98,,,,,,,,
2631,Landmarc Leisure Corporation Ltd.,LANDMARC,Media & Entertainment,"Film Production, Distribution & Entertainment",202.86,,,,,,,,
2632,Mother Nutri Foods Ltd.,MNFL,Fast Moving Consumer Goods,Consumer Food,202.44,,,,,,,,
2633,GIR Natureview Resorts Ltd.,GIRRESORTS,Hospitality,"Hotel, Resort & Restaurants",202.29,,,,,,,,
2634,Lakshmi Electrical Control Systems Ltd.,LAKSELEC,Capital Goods,Electric Equipment,201.74,,,,,,,,
2635,Vipul Ltd.,VIPULLTD,Realty,Construction - Real Estate,201.71,,,,,,,,
2636,Ausom Enterprise Ltd.,AUSOMENT,Trading,Trading,201.63,144.0,152.0,143.4,0.0,146.83,145.51,1.32,0.91
2637,Transteel Seating Technologies Ltd.,TRANSTEEL,Fast Moving Consumer Goods,Household & Personal Products,201.59,,,,,,,,
2638,Game Changers Texfab Ltd.,TRADEUNO,Textile,Textile,201.56,,,,,,,,
2639,RRIL Ltd.,RRIL,Textile,Textile,201.46,16.75,17.65,16.2,0.0,17.45,16.34,1.11,6.79
2640,Flywings Simulator Training Centre Ltd.,FWSTC,Other,Educational Institutions,201.25,,,,,,,,
2641,Rana Sugars Ltd.,RANASUG,Agriculture,Sugar,201.17,14.99,15.2,14.36,0.0,14.96,15.21,-0.25,-1.64
2642,Country Club Hospitality & Holidays Ltd.,CCHHL,Hospitality,"Hotel, Resort & Restaurants",200.9,12.54,13.13,12.26,0.0,12.99,12.54,0.45,3.59
2643,Exim Routes Ltd.,EXIMROUTES,Trading,Trading,200.83,,,,,,,,
2644,Jullundur Motor Agency (Delhi) Ltd.,JMA,Trading,Trading,200.64,91.45,91.5,90.0,0.0,90.73,91.11,-0.38,-0.42
2645,Mahalaxmi Rubtech Ltd.,MHLXMIRU,Textile,Textile,200.25,,,,,,,,
2646,Golkunda Diamonds & Jewellery Ltd.,GOLKUNDIA,Diamond & Jewellery,Diamond  &  Jewellery,200.08,,,,,,,,
2647,Royal Arc Electrodes Ltd.,ROYALARC,Capital Goods,Electrodes & Welding Equipment,199.8,,,,,,,,
2648,Sangam Finserv Ltd.,SANGAMFIN,Finance,Finance - NBFC,199.74,,,,,,,,
2649,Radix Industries (India) Ltd.,RADIXIND,Fast Moving Consumer Goods,Household & Personal Products,199.67,,,,,,,,
2650,PIL ITALICA Lifestyle Ltd.,PILITA,Plastic Products,Plastic Products,199.51,8.25,8.28,8.0,0.0,8.11,8.2,-0.09,-1.1
2651,Savera Industries Ltd.,SAVERA,Hospitality,"Hotel, Resort & Restaurants",198.9,,,,,,,,
2652,Srivari Spices & Foods Ltd.,SSFL,Fast Moving Consumer Goods,Consumer Food,198.49,,,,,,,,
2653,Bhagwati Autocast Ltd.,BGWTATO,Automobile & Ancillaries,Castings/Forgings,198.48,,,,,,,,
2654,Brand Concepts Ltd.,BCONCEPTS,Retailing,Retailing,198.02,160.0,163.9,155.13,0.0,161.96,155.29,6.67,4.3
2655,Jasch Industries Ltd.,JASCH,Textile,Textile - Weaving,197.99,,,,,,,,
2656,Aviva Industries Ltd.,AVIVA,Trading,Trading,197.92,,,,,,,,
2657,South India Paper Mills Ltd.,STHINPA,Paper,Paper & Paper Products,197.72,,,,,,,,
2658,Cash UR Drive Marketing Ltd.,CUDML,Media & Entertainment,Advertising & Media,197.63,,,,,,,,
2659,Bannari Amman Spinning Mills Ltd.,BASML,Textile,Textile - Spinning,197.41,,,,,,,,
2660,Rainbow Foundations Ltd.,RAINBOWF,Realty,Construction - Real Estate,197.33,,,,,,,,
2661,Wardwizard Innovations & Mobility Ltd.,WARDINMOBI,Automobile & Ancillaries,Automobile Two & Three Wheelers,196.73,6.17,6.3,6.17,0.0,6.18,6.17,0.01,0.16
2662,Durlax Top Surface Ltd.,DURLAX,Construction Materials,Ceramics/Marble/Granite/Sanitaryware,196.59,,,,,,,,
2663,Jhaveri Credits & Capital Ltd.,JHACC,Finance,Finance - Stock Broking,196.56,,,,,,,,
2664,Resonance Specialties Ltd.,RESONANCE,Chemicals,Chemicals,196.25,,,,,,,,
2665,Bhadora Industries Ltd.,BHADORA,Electricals,Cable,196.04,,,,,,,,
2666,Quest Flow Controls Ltd.,QUESTFLOW,Capital Goods,Engineering - Industrial Equipments,195.92,,,,,,,,
2667,Panasonic Energy India Company Ltd.,PANAENERG,Automobile & Ancillaries,Batteries,195.86,,,,,,,,
2668,Adon Agro Commodities Ltd.,ADON,Trading,Trading,195.42,,,,,,,,
2669,Jay Bee Laminations Ltd.,JAYBEE,Capital Goods,Electric Equipment,195.21,,,,,,,,
2670,Master Components Ltd.,MASTER,Plastic Products,Plastic Products,195.2,,,,,,,,
2671,Waterbase Ltd.,WATERBASE,Agriculture,Aquaculture,194.62,51.95,54.0,50.22,0.0,52.39,50.22,2.17,4.32
2672,Eleganz Interiors Ltd.,ELGNZ,Infrastructure,Engineering - Construction,194.47,,,,,,,,
2673,DE Neers Tools Ltd.,DENEERS,Trading,Trading,194.3,,,,,,,,
2674,Amba Auto Sales and Services Ltd.,AMBAAUTO,Automobile & Ancillaries,Automobiles - Dealers & Distributors,194.14,,,,,,,,
2675,United Heat Transfer Ltd.,UHTL,Capital Goods,Engineering - Industrial Equipments,193.84,,,,,,,,
2676,Current Infraprojects Ltd.,CURRENT,Infrastructure,Engineering - Construction,193.49,,,,,,,,
2677,Maximus International Ltd.,MAXIMUS,Trading,Trading,193.31,,,,,,,,
2678,Signet Industries Ltd.,SIGIND,Trading,Trading,193.2,74.99,74.99,71.11,0.0,72.26,73.29,-1.03,-1.41
2679,Tainwala Chemicals & Plastics (India) Ltd.,TAINWALCHM,Plastic Products,Plastic Products,192.71,226.4,232.8,212.65,0.0,216.67,223.76,-7.09,-3.17
2680,Gourmet Gateway India Ltd.,GOURMET,Trading,Trading,192.61,,,,,,,,
2681,Earkart Ltd.,EARKART,Healthcare,Medical Equipment/Supplies/Accessories,192.49,,,,,,,,
2682,Intense Technologies Ltd.,INTENTECH,Information Technology,IT - Software,192.37,82.13,90.78,81.0,0.0,84.88,81.73,3.15,3.85
2683,Alphageo (India) Ltd.,ALPHAGEO,Capital Goods,Engineering,191.93,,,,,,,,
2684,ARCL Organics Ltd.,ARCL,Chemicals,Chemicals,191.76,225.6,237.99,220.7,0.0,237.99,229.84,8.15,3.55
2685,Goyal Salt Ltd.,GOYALSALT,Fast Moving Consumer Goods,Consumer Food,191.53,,,,,,,,
2686,Madhav Infra Projects Ltd.,MADHAVIPL,Infrastructure,Engineering - Construction,191.4,7.37,7.37,7.1,0.0,7.31,7.24,0.07,0.97
2687,Sat Kartar Life Ltd.,SATKARTAR,Information Technology,e-Commerce,191.12,,,,,,,,
2688,ZR2 Bioenergy Ltd.,ZR2,Chemicals,Chemicals,191.11,,,,,,,,
2689,Global Pet Industries Ltd.,GLOBALPET,Capital Goods,Engineering - Industrial Equipments,190.96,,,,,,,,
2690,Neelamalai Agro Industries Ltd.,NEAGI,Agriculture,Tea/Coffee,190.79,3305.0,3305.0,3305.0,0.0,3305.0,3303.3,1.7,0.05
2691,Airan Ltd.,AIRAN,Information Technology,IT - Software,190.03,14.95,15.13,14.95,0.0,15.03,15.03,0.0,0.0
2692,Gillanders Arbuthnot & Company Ltd.,GILLANDERS,Diversified,Diversified,189.95,94.61,98.99,92.0,0.0,96.13,94.61,1.52,1.61
2693,Trade-Wings Ltd.,TRADWIN,Hospitality,Travel Services,189.27,,,,,,,,
2694,Sadhav Shipping Ltd.,SADHAV,Logistics,Shipping,189.16,,,,,,,,
2695,Amrapali Industries Ltd.,AMRAPLIN,Trading,Trading,188.42,,,,,,,,
2696,Vaidya Sane Ayurved Laboratories Ltd.,MADHAVBAUG,Healthcare,Hospital & Healthcare Services,188.19,,,,,,,,
2697,Polysil Irrigation Systems Ltd.,POLYSIL,Plastic Products,Plastic Products,188.05,,,,,,,,
2698,Usha Financial Services Ltd.,USHAFIN,Finance,Finance - NBFC,186.94,,,,,,,,
2699,Fidel Softech Ltd.,FIDEL,Information Technology,IT - Software,186.87,,,,,,,,
2700,D&H India Ltd.,DHINDIA,Capital Goods,Electrodes & Welding Equipment,186.69,,,,,,,,
2701,Modulex Construction Technologies Ltd.,MODULEX,Infrastructure,Engineering - Construction,186.63,,,,,,,,
2702,AMPL Capital Ltd.,AMPL,Finance,Finance - NBFC,186.53,,,,,,,,
2703,Superhouse Ltd.,SUPERHOUSE,Retailing,Footwear,186.32,164.0,174.0,164.0,0.0,167.8,164.53,3.27,1.99
2704,DRC Systems India Ltd.,DRCSYSTEMS,Information Technology,IT - Software,185.72,12.74,12.99,12.52,0.0,12.6,12.76,-0.16,-1.25
2705,Gujarat Inject (Kerala) Ltd.,GUJINJEC,Healthcare,Pharmaceuticals & Drugs,185.46,,,,,,,,
2706,Ajanta Soya Ltd.,AJANTSOY,Fast Moving Consumer Goods,Edible Oil,185.19,,,,,,,,
2707,Brooks Laboratories Ltd.,BROOKS,Healthcare,Pharmaceuticals & Drugs,185.14,,,,,,,,
2708,VIP Clothing Ltd.,VIPCLOTHNG,Textile,Textile,185.04,21.49,21.49,19.56,0.0,20.44,21.11,-0.67,-3.17
2709,Archidply Industries Ltd.,ARCHIDPLY,Construction Materials,Wood & Wood Products,184.72,95.0,99.6,94.71,0.0,97.98,95.42,2.56,2.68
2710,Aspinwall And Company Ltd.,ASPINWALL,Logistics,Logistics,184.51,251.7,252.0,245.4,0.0,247.49,246.55,0.94,0.38
2711,Crescentis Capital Ltd.,CRESCENTIS,Finance,Finance - Investment,184.43,,,,,,,,
2712,Avance Technologies Ltd.,AVANCE,Information Technology,IT - Software,184.32,0.89,0.9,0.88,0.0,0.88,0.88,0.0,0.0
2713,Murudeshwar Ceramics Ltd.,MURUDCERA,Construction Materials,Ceramics/Marble/Granite/Sanitaryware,184.3,30.37,31.14,30.25,0.0,30.47,30.37,0.1,0.33
2714,Caprihans India Ltd.,CAPRIHANS,Plastic Products,Plastic Products,184.28,,,,,,,,
2715,Expo Engineering And Projects Ltd.,EXPOEAPL,Infrastructure,Engineering - Construction,184.24,,,,,,,,
2716,Gallard Steel Ltd.,GALLARD,Capital Goods,Engineering - Industrial Equipments,184.01,,,,,,,,
2717,Coromandel Engineering Company Ltd.,COROENGG,Infrastructure,Engineering - Construction,183.8,,,,,,,,
2718,Arvee Laboratories (India) Ltd.,ARVEE,Chemicals,Chemicals,182.94,168.0,172.8,165.0,0.0,165.81,168.34,-2.53,-1.5
2719,Ducol Organics & Colours Ltd.,DUCOL,Chemicals,Dyes & Pigments,182.48,,,,,,,,
2720,Kesar Petroproducts Ltd.,KESARPE,Chemicals,Chemicals,182.03,,,,,,,,
2721,Anya Polytech & Fertilizers Ltd.,ANYA,Chemicals,Fertilizers,181.8,,,,,,,,
2722,Adcounty Media India Ltd.,ADCOUNTY,Media & Entertainment,Advertising & Media,181.7,,,,,,,,
2723,Khadim India Ltd.,KHADIM,Retailing,Retailing,181.6,,,,,,,,
2724,Bilcare Ltd.,BI,Other,Professional Services,181.58,,,,,,,,
2725,Eppeltone Engineers Ltd.,EEPL,Electricals,Electronics - Components,181.56,,,,,,,,
2726,Bio Medica Laboratories Ltd.,BMLL,Healthcare,Pharmaceuticals & Drugs,181.52,,,,,,,,
2727,IVP Ltd.,IVP,Chemicals,Chemicals,180.92,,,,,,,,
2728,Indus Finance Ltd.,INDUSFINL,Finance,Finance - NBFC,180.21,,,,,,,,
2729,Dhanashree Electronics Ltd.,DEL,Capital Goods,Electric Equipment,180.07,,,,,,,,
2730,Shreyans Industries Ltd.,SHREYANIND,Paper,Paper & Paper Products,179.93,129.0,134.99,125.0,0.0,125.33,126.07,-0.74,-0.59
2731,HBG Hotels Ltd.,HBGHOTELS,Hospitality,"Hotel, Resort & Restaurants",179.91,,,,,,,,
2732,DU Digital Global Ltd.,DUGLOBAL,Other,Professional Services,179.85,,,,,,,,
2733,Metroglobal Ltd.,METROGLOBL,Trading,Trading,179.71,143.96,146.7,137.26,0.0,140.98,145.41,-4.43,-3.05
2734,Nikita Greentech Recycling Ltd.,NIKITA,Paper,Paper & Paper Products,179.58,,,,,,,,
2735,Shri Keshav Cements & Infra Ltd.,SKCIL,Construction Materials,Cement & Construction Materials,178.72,,,,,,,,
2736,Sakthi Finance Ltd.,SAKTHIFIN,Finance,Finance - NBFC,178.65,,,,,,,,
2737,EMA Partners India Ltd.,EMAPARTNER,Other,Professional Services,178.14,,,,,,,,
2738,Jaysynth Orgochem Ltd.,JAYSYNTH,Chemicals,Dyes & Pigments,178.08,,,,,,,,
2739,Atishay Ltd.,ATISHAY,Information Technology,IT - Software,177.0,,,,,,,,
2740,7Seas Entertainment Ltd.,7SEASL,Information Technology,IT - Software,176.21,,,,,,,,
2741,Emerald Finance Ltd.,EMERALD,Finance,Finance - NBFC,176.05,,,,,,,,
2742,Kreon Finnancial Services Ltd.,KREONFIN,Finance,Finance - NBFC,175.93,,,,,,,,
2743,Glittek Granites Ltd.,GLITTEKG,Construction Materials,Ceramics/Marble/Granite/Sanitaryware,175.62,,,,,,,,
2744,Stratmont Industries Ltd.,STRATMONT,Trading,Trading,175.58,,,,,,,,
2745,Dhoot Industrial Finance Ltd.,DHOOTIN,Trading,Trading,175.55,,,,,,,,
2746,Star Delta Transformers Ltd.,STARDELTA,Capital Goods,Electric Equipment,175.26,,,,,,,,
2747,Vaswani Industries Ltd.,VASWANI,Iron & Steel,Steel/Sponge Iron/Pig Iron,174.94,46.99,47.75,46.05,0.0,46.55,46.62,-0.07,-0.15
2748,Bambino Agro Industries Ltd.,BAMBINO,Fast Moving Consumer Goods,Consumer Food,174.79,,,,,,,,
2749,Kratikal Tech Ltd.,KRATIKAL,Information Technology,IT - Software,174.72,,,,,,,,
2750,Rikhav Securities Ltd.,RIKHAV,Finance,Finance - Stock Broking,174.42,,,,,,,,
2751,East India Drums And Barrels Manufacturing Ltd.,EASTINDIA,Iron & Steel,Steel & Iron Products,174.26,,,,,,,,
2752,Parshva Enterprises Ltd.,PARSHVA,Trading,Trading,173.89,,,,,,,,
2753,Tilak Ventures Ltd.,TILAK,Finance,Finance - Investment,173.82,,,,,,,,
2754,Quint Digital Ltd.,QUINT,Other,Business Support,173.58,38.0,41.8,36.8,0.0,40.34,36.51,3.83,10.49
2755,Rajshree Polypack Ltd.,RPPL,Plastic Products,Plastic Products,173.21,,,,,,,,
2756,Rapicut Carbides Ltd.,RAPICUT,Capital Goods,Engineering - Industrial Equipments,172.85,,,,,,,,
2757,Dolfin Rubbers Ltd.,DOLFIN,Automobile & Ancillaries,Tyres & Allied,172.46,,,,,,,,
2758,Trigyn Technologies Ltd.,TRIGYN,Information Technology,IT - Software,172.4,55.0,55.0,53.88,0.0,54.39,54.97,-0.58,-1.06
2759,HB Estate Developers Ltd.,HBESD,Realty,Construction - Real Estate,172.2,75.62,75.62,75.16,0.0,75.2,75.62,-0.42,-0.56
2760,Aplab Ltd.,APLAB,Capital Goods,Electric Equipment,172.16,,,,,,,,
2761,Race Eco Chain Ltd.,RACE,Other,Environmental Services,172.05,103.7,104.99,100.01,0.0,102.53,102.12,0.41,0.4
2762,Shubhshree Biofuels Energy Ltd.,SHUBHSHREE,Miscellaneous,Miscellaneous,171.94,,,,,,,,
2763,Winsome Textile Industries Ltd.,WINSOMTX,Textile,Textile,171.9,,,,,,,,
2764,Dhariwalcorp Ltd.,DHARIWAL,Trading,Trading,171.58,,,,,,,,
2765,KV Toys India Ltd.,KVTOYS,Plastic Products,Plastic Products,171.54,,,,,,,,
2766,Oneindig Technologies Ltd.,ONEINDIG,Infrastructure,Engineering - Construction,171.5,,,,,,,,
2767,On Door Concepts Ltd.,ONDOOR,Retailing,Retailing,171.41,,,,,,,,
2768,Nitin Castings Ltd.,NITINCAST,Automobile & Ancillaries,Castings/Forgings,171.23,,,,,,,,
2769,Century Extrusions Ltd.,CENTEXT,Non - Ferrous Metals,Aluminium & Aluminium Products,171.04,20.55,20.95,20.5,0.0,20.64,20.64,0.0,0.0
2770,IP Rings Ltd.,IPRINGLTD,Automobile & Ancillaries,Auto Ancillary,170.87,142.25,149.0,142.25,0.0,147.62,142.25,5.37,3.78
2771,Candour Techtex Ltd.,CANDOUR,Textile,Textile,170.68,,,,,,,,
2772,Rama Vision Ltd.,RAMAVISION,Trading,Trading,170.57,,,,,,,,
2773,Bansal Roofing Products Ltd.,BRPL,Capital Goods,Engineering,170.52,,,,,,,,
2774,Syschem (India) Ltd.,SYSCHEM,Healthcare,Pharmaceuticals & Drugs,170.23,,,,,,,,
2775,Meta Infotech Ltd.,METAINFO,Information Technology,IT - Software,169.88,,,,,,,,
2776,GV Electricals Ltd.,GVELECTRIC,Other,Business Support,168.96,,,,,,,,
2777,Achyut Healthcare Ltd.,ACHYUT,Trading,Trading,168.95,,,,,,,,
2778,Emmbi Industries Ltd.,EMMBI,Plastic Products,Plastic Products,168.78,,,,,,,,
2779,Virinchi Ltd.,VIRINCHI,Information Technology,IT - Software,168.61,15.02,15.89,15.02,0.0,15.55,15.16,0.39,2.57
2780,Aashka Hospitals Ltd.,AASHKA,Healthcare,Hospital & Healthcare Services,168.48,,,,,,,,
2781,HVAX Technologies Ltd.,HVAX,Other,Engineering Consultancy,168.0,,,,,,,,
2782,Modern Threads (India) Ltd.,MODTHREAD,Textile,Textile - Spinning,167.89,53.0,59.54,53.0,0.0,58.31,53.9,4.41,8.18
2783,Delphi World Money Ltd.,DELPHIFX,Finance,Finance - Others,167.52,,,,,,,,
2784,Justo Realfintech Ltd.,JUSTO,Other,Business Support,167.3,,,,,,,,
2785,Niraj Cement Structurals Ltd.,NIRAJ,Infrastructure,Engineering - Construction,166.49,27.71,29.89,27.62,0.0,27.92,28.05,-0.13,-0.46
2786,Umiya Buildcon Ltd.,UMIYA-MRO,Consumer Durables,IT - Hardware,166.46,89.1,92.29,87.6,0.0,90.27,90.66,-0.39,-0.43
2787,Star Imaging and Path Lab Ltd.,STARIMAGIN,Healthcare,Hospital & Healthcare Services,166.36,,,,,,,,
2788,Supra Pacific Financial Services Ltd.,SUPRAPFSL,Finance,Finance - NBFC,166.29,,,,,,,,
2789,Active Clothing Co Ltd.,ACTIVE,Textile,Textile,165.9,,,,,,,,
2790,Rappid Valves (India) Ltd.,RAPPID,Capital Goods,Engineering - Industrial Equipments,165.62,,,,,,,,
2791,Baroda Extrusion Ltd.,BAROEXT,Non - Ferrous Metals,Metal - Non Ferrous,165.61,,,,,,,,
2792,DRS Dilip Roadlines Ltd.,DRSDILIP,Logistics,Logistics,165.54,,,,,,,,
2793,AVI Polymers Ltd.,AVI,Trading,Trading,165.5,,,,,,,,
2794,The Byke Hospitality Ltd.,BYKE,Hospitality,"Hotel, Resort & Restaurants",165.1,,,,,,,,
2795,Telge Projects Ltd.,TELGE,Other,Engineering Consultancy,164.92,,,,,,,,
2796,Naapbooks Ltd.,NBL,Information Technology,IT - Software,164.61,,,,,,,,
2797,Brady & Morris Engineering Company Ltd.,BRADYM,Capital Goods,Construction Vehicles,164.25,,,,,,,,
2798,Golden Crest Education & Services Ltd.,GOLDENCREST,Other,Educational Institutions,163.72,,,,,,,,
2799,Indo US Bio-Tech Ltd.,INDOUS,Agriculture,Agriculture,163.54,88.04,88.05,85.1,0.0,85.56,85.96,-0.4,-0.47
2800,Pritika Engineering Components Ltd.,PRITIKA,Automobile & Ancillaries,Auto Ancillary,163.46,,,,,,,,
2801,Vaxfab Enterprises Ltd.,VEL,Trading,Trading,163.37,,,,,,,,
2802,Emerald Tyre Manufacturers Ltd.,ETML,Automobile & Ancillaries,Tyres & Allied,163.12,,,,,,,,
2803,Pro Fin Capital Services Ltd.,PROFINC,Finance,Finance - NBFC,162.96,,,,,,,,
2804,SD Retail Ltd.,SDREAMS,Textile,Textile,162.88,,,,,,,,
2805,Indian Phosphate Ltd.,IPHL,Chemicals,Fertilizers,162.68,,,,,,,,
2806,SMR Jewels Ltd.,SMR,Diamond & Jewellery,Diamond  &  Jewellery,162.34,,,,,,,,
2807,H.R. Hygiene Products Ltd.,HRHYGIENE,Fast Moving Consumer Goods,Household & Personal Products,161.51,,,,,,,,
2808,Panchsheel Organics Ltd.,PANCHSHEEL,Healthcare,Pharmaceuticals & Drugs,161.16,,,,,,,,
2809,KPT Industries Ltd.,KPT,Capital Goods,Engineering - Industrial Equipments,161.16,,,,,,,,
2810,Jeevan Scientific Technology Ltd.,JSTL,Information Technology,IT - Software,161.14,,,,,,,,
2811,Lippi Systems Ltd.,LIPPISYS,Capital Goods,Engineering,161.1,,,,,,,,
2812,Nanta Tech Ltd.,NANTA,Trading,Trading,160.96,,,,,,,,
2813,Loyal Equipments Ltd.,LOYAL,Capital Goods,Engineering - Industrial Equipments,160.88,,,,,,,,
2814,Supreme Holdings & Hospitality (India) Ltd.,SUPREME,Realty,Construction - Real Estate,160.81,39.3,41.5,39.25,0.0,40.79,39.28,1.51,3.84
2815,NR Vandana Tex Industries Ltd.,NRVANDANA,Textile,Textile,160.73,,,,,,,,
2816,Kanchi Karpooram Ltd.,KANCHI,Chemicals,Chemicals,160.7,373.85,377.0,359.95,0.0,373.5,372.0,1.5,0.4
2817,LAPL Automotive Ltd.,LAPL,Automobile & Ancillaries,Auto Ancillary,160.63,,,,,,,,
2818,DSM Fresh Foods Ltd.,ZAPPFRESH,Retailing,Retailing,160.49,,,,,,,,
2819,Suryalata Spinning Mills Ltd.,SURYALA,Textile,Textile - Spinning,160.4,385.0,406.4,381.0,0.0,398.75,385.0,13.75,3.57
2820,Aartech Solonics Ltd.,AARTECH,Capital Goods,Electric Equipment,160.38,,,,,,,,
2821,Callista Industries Ltd.,CALLISTA,Trading,Trading,160.33,,,,,,,,
2822,Shivam Chemicals Ltd.,SHIVAM,Chemicals,Chemicals,160.27,,,,,,,,
2823,T.T. Ltd.,TTL,Textile,Textile,160.15,6.33,6.69,6.1,0.0,6.25,6.22,0.03,0.48
2824,AMJ Land Holdings Ltd.,AMJLAND,Realty,Construction - Real Estate,159.9,39.0,39.49,38.2,0.0,38.77,38.91,-0.14,-0.36
2825,REX Pipes and Cables Industries Ltd.,REXPIPES,Plastic Products,Plastic Products,159.8,,,,,,,,
2826,Goldkart Jewels Ltd.,GOLDKART,Diamond & Jewellery,Diamond  &  Jewellery,159.46,,,,,,,,
2827,Bodhi Tree Multimedia Ltd.,BTML,Media & Entertainment,TV Broadcasting & Software Production,159.35,7.81,8.14,7.81,0.0,7.86,7.92,-0.06,-0.76
2828,Bharat Gears Ltd.,BHARATGEAR,Automobile & Ancillaries,Auto Ancillary,159.0,,,,,,,,
2829,Beacon Trusteeship Ltd.,BEACON,Finance,Finance - Investment,158.97,,,,,,,,
2830,Inflame Appliances Ltd.,INFLAME,Consumer Durables,Consumer Durables - Domestic Appliances,158.81,,,,,,,,
2831,Shree Ram Twistex Ltd.,SRTL,Textile,Textile,158.74,39.45,40.25,39.45,0.0,39.92,39.35,0.57,1.45
2832,Indian Terrain Fashions Ltd.,INDTERRAIN,Retailing,Retailing,158.39,31.2,31.2,30.23,0.0,30.34,30.85,-0.51,-1.65
2833,Filatex Fashions Ltd.,FILATFASH,Textile,Textile,158.35,0.19,0.19,0.18,0.0,0.18,0.18,0.0,0.0
2834,Elfin Agro India Ltd.,ELFIN,Fast Moving Consumer Goods,Consumer Food,158.31,,,,,,,,
2835,Maiden Forgings Ltd.,MAIDEN,Iron & Steel,Steel & Iron Products,158.28,,,,,,,,
2836,Machino Plastics Ltd.,MACPLASQ,Automobile & Ancillaries,Auto Ancillary,157.72,,,,,,,,
2837,MK Proteins Ltd.,MKPL,Fast Moving Consumer Goods,Edible Oil,156.91,4.13,4.19,4.11,0.0,4.13,4.14,-0.01,-0.24
2838,Fractal Industries Ltd.,FIL,Textile,Textile,156.82,,,,,,,,
2839,Giriraj Civil Developers Ltd.,GIRIRAJ,Infrastructure,Engineering - Construction,156.8,,,,,,,,
2840,DHP India Ltd.,DHPIND,Capital Goods,Engineering - Industrial Equipments,156.53,,,,,,,,
2841,DCM Ltd.,DCM,Textile,Textile - Spinning,156.52,,,,,,,,
2842,Natural Capsules Ltd.,NATCAPSUQ,Healthcare,Pharmaceuticals & Drugs,156.43,151.55,159.28,150.5,0.0,151.88,151.4,0.48,0.32
2843,Global Ocean Logistics India Ltd.,GLOBALLOG,Logistics,Logistics,155.91,,,,,,,,
2844,Neochem Bio Solutions Ltd.,NEOCHEM,Chemicals,Chemicals,155.8,,,,,,,,
2845,North Eastern Carrying Corporation Ltd.,NECCLTD,Logistics,Logistics,155.71,,,,,,,,
2846,Surani Steel Tubes Ltd.,SURANI,Iron & Steel,Steel & Iron Products,155.4,,,,,,,,
2847,M Tek Copper Ltd.,MCL,Non - Ferrous Metals,Metal - Non Ferrous,155.26,59.2,59.2,57.81,0.0,58.23,58.46,-0.23,-0.39
2848,Infollion Research Services Ltd.,INFOLLION,Other,Business Support,155.26,,,,,,,,
2849,Oswal Overseas Ltd.,OSWALOR,Agriculture,Sugar,154.74,,,,,,,,
2850,Shri Techtex Ltd.,SHRITECH,Textile,Textile,154.44,,,,,,,,
2851,Tunwal E-Motors Ltd.,TUNWAL,Automobile & Ancillaries,Automobile Two & Three Wheelers,154.33,,,,,,,,
2852,Mena Mani Industries Ltd.,MENAMANI,Finance,Finance - Investment,154.32,,,,,,,,
2853,Raama Finance Ltd.,RAAMA,Finance,Finance - NBFC,154.13,,,,,,,,
2854,Shri Bajrang Alliance Ltd.,SHBAJRG,Iron & Steel,Steel & Iron Products,153.9,175.0,178.0,171.76,0.0,172.89,171.5,1.39,0.81
2855,Emergent Industrial Solutions Ltd.,EMERGENT,Trading,Trading,153.86,,,,,,,,
2856,Patels Airtemp (India) Ltd.,PATELSAI,Capital Goods,Engineering - Industrial Equipments,153.69,,,,,,,,
2857,Incredible Industries Ltd.,INCREDIBLE,Iron & Steel,Steel & Iron Products,153.39,33.77,35.0,32.8,0.0,33.01,33.77,-0.76,-2.25
2858,Krishanveer Forge Ltd.,KVFORGE,Automobile & Ancillaries,Forgings,153.15,,,,,,,,
2859,Shradha AI Technologies Ltd.,SHRAAITECH,Trading,Trading,153.05,,,,,,,,
2860,Shivalic Power Control Ltd.,SPCL,Capital Goods,Electric Equipment,152.89,,,,,,,,
2861,RSD Finance Ltd.,RSDFIN,Finance,Finance - NBFC,152.83,,,,,,,,
2862,Vikas EcoTech Ltd.,VIKASECO,Chemicals,Chemicals,152.72,1.08,1.09,1.08,0.0,1.08,1.08,0.0,0.0
2863,Baid Finserv Ltd.,BAIDFIN,Finance,Finance - NBFC,152.56,9.85,9.99,9.61,0.0,9.92,9.76,0.16,1.64
2864,Fusion Klassroom Edutech Ltd.,KLASSROOM,Other,Educational Institutions,151.87,,,,,,,,
2865,Lloyds Luxuries Ltd.,LLOYDS,Other,Professional Services,151.81,,,,,,,,
2866,California Software Company Ltd.,CALSOFT,Information Technology,IT - Software,151.67,25.94,28.4,25.7,0.0,27.82,27.05,0.77,2.85
2867,Tips Films Ltd.,TIPSFILMS,Media & Entertainment,"Film Production, Distribution & Entertainment",151.52,352.05,360.5,350.0,0.0,352.25,359.15,-6.9,-1.92
2868,CHL Ltd.,CHLLTD,Hospitality,"Hotel, Resort & Restaurants",151.3,,,,,,,,
2869,Kaira Can Company Ltd.,KAIRA,Fast Moving Consumer Goods,Packaging,151.23,,,,,,,,
2870,Rajputana Biodiesel Ltd.,RAJPUTANA,Miscellaneous,Miscellaneous,151.22,,,,,,,,
2871,Paul Merchants Ltd.,PML,Finance,Finance - Investment,151.21,485.55,506.95,475.3,0.0,488.15,490.5,-2.35,-0.48
2872,Rajputana Industries Ltd.,RAJINDLTD,Non - Ferrous Metals,Metal - Non Ferrous,151.06,,,,,,,,
2873,GG Automotive Gears Ltd.,GGAUTO,Automobile & Ancillaries,Auto Ancillary,151.05,,,,,,,,
2874,Lorenzini Apparels Ltd.,LAL,Textile,Textile,150.97,8.95,8.99,8.43,0.0,8.76,8.52,0.24,2.82
2875,Secmark Consultancy Ltd.,SECMARK,Information Technology,BPO/ITeS,150.91,133.0,133.0,125.05,0.0,126.48,125.0,1.48,1.18
2876,IBL Finance Ltd.,IBLFL,Finance,Finance - NBFC,150.86,,,,,,,,
2877,KVS Castings Ltd.,KVSCASTING,Automobile & Ancillaries,Castings/Forgings,150.8,,,,,,,,
2878,Ikoma Technologies Ltd.,IKOMA,Capital Goods,Engineering - Industrial Equipments,150.53,,,,,,,,
2879,Keynote Financial Services Ltd.,KEYFINSERV,Finance,Finance - Investment,150.3,271.95,271.95,258.1,0.0,262.5,261.1,1.4,0.54
2880,Pramara Promotions Ltd.,PRAMARA,Plastic Products,Plastic Products,150.25,,,,,,,,
2881,Rockingdeals Circular Economy Ltd.,ROCKINGDCE,Retailing,Retailing,149.92,,,,,,,,
2882,Karbonsteel Engineering Ltd.,KARBON,Iron & Steel,Steel & Iron Products,149.9,,,,,,,,
2883,AVP Infracon Ltd.,AVPINFRA,Infrastructure,Engineering - Construction,149.88,,,,,,,,
2884,Quest Laboratories Ltd.,QUESTLAB,Healthcare,Pharmaceuticals & Drugs,149.86,,,,,,,,
2885,Upsurge Investment & Finance Ltd.,UPSURGE,Finance,Finance - NBFC,149.57,,,,,,,,
2886,Esprit Stones Ltd.,ESPRIT,Construction Materials,Ceramics/Marble/Granite/Sanitaryware,149.23,,,,,,,,
2887,Mangalam Seeds Ltd.,MSL,Agriculture,Agriculture,149.11,144.0,144.0,141.0,0.0,141.0,144.0,-3.0,-2.08
2888,Garware Offshore Services Ltd.,GARWAOFFS,Logistics,Shipping,149.11,,,,,,,,
2889,National Fittings Ltd.,NATFIT,Automobile & Ancillaries,Castings/Forgings,149.06,,,,,,,,
2890,Kritika Wires Ltd.,KRITIKA,Iron & Steel,Steel & Iron Products,148.85,5.57,5.7,5.55,0.0,5.58,5.62,-0.04,-0.71
2891,Auro Laboratories Ltd.,AUROLAB,Healthcare,Pharmaceuticals & Drugs,148.83,,,,,,,,
2892,ACE Men Engg Works Ltd.,ACEMEN,Trading,Trading,148.78,,,,,,,,
2893,Parnax Lab Ltd.,PARNAXLAB,Healthcare,Pharmaceuticals & Drugs,148.57,128.75,129.5,123.8,0.0,127.8,122.09,5.71,4.68
2894,BD Industries (Pune) Ltd.,BDI,Plastic Products,Plastic Products,148.57,,,,,,,,
2895,Thakkers Developers Ltd.,THAKDEV,Realty,Construction - Real Estate,148.46,156.0,156.0,150.0,0.0,154.88,157.74,-2.86,-1.81
2896,Dhaval Packaging Ltd.,DHAVAL,Fast Moving Consumer Goods,Packaging,148.36,,,,,,,,
2897,Kamdhenu Ventures Ltd.,KAMOPAINTS,Trading,Trading,148.05,4.59,5.0,4.39,0.0,4.45,4.55,-0.1,-2.2
2898,Twamev Construction And Infrastructure Ltd.,TICL,Infrastructure,Engineering - Construction,147.56,,,,,,,,
2899,Refex Renewables & Infrastructure Ltd.,REFEXRENEW,Infrastructure,Engineering - Construction,147.31,,,,,,,,
2900,Dev Information Technology Ltd.,DEVIT,Information Technology,IT - Software,147.28,24.8,25.4,24.4,0.0,24.9,24.66,0.24,0.97
2901,Popees Baby Care India Ltd.,POPEES,Textile,Textile,147.06,,,,,,,,
2902,Ecoboard Industries Ltd.,ECOBOAR,Construction Materials,Wood & Wood Products,146.9,,,,,,,,
2903,Sadbhav Engineering Ltd.,SADBHAV,Infrastructure,Engineering - Construction,146.86,8.3,8.34,7.95,0.0,8.0,8.3,-0.3,-3.61
2904,Tarmat Ltd.,TARMAT,Infrastructure,Engineering - Construction,146.65,50.62,51.56,50.0,0.0,50.2,51.31,-1.11,-2.16
2905,Avi Ansh Textile Ltd.,AVIANSH,Textile,Textile,146.41,,,,,,,,
2906,Sharvaya Metals Ltd.,SHARVAYA,Non - Ferrous Metals,Aluminium & Aluminium Products,146.34,,,,,,,,
2907,Enfuse Solutions Ltd.,ENFUSE,Information Technology,e-Commerce,146.03,,,,,,,,
2908,Focus Business Solution Ltd.,FOCUS,Other,Business Support,145.74,,,,,,,,
2909,Maha Rashtra Apex Corporation Ltd.,MAHAPEXLTD,Finance,Finance - Investment,145.71,58.77,63.33,58.77,0.0,61.13,58.59,2.54,4.34
2910,Bharat Road Network Ltd.,BRNL,Infrastructure,Engineering - Construction,145.65,17.35,17.74,17.15,0.0,17.24,17.35,-0.11,-0.63
2911,Apollo Techno Industries Ltd.,ATIL,Capital Goods,Engineering - Industrial Equipments,145.56,,,,,,,,
2912,3rd Rock Multimedia Ltd.,3RDROCK,Miscellaneous,Miscellaneous,145.5,,,,,,,,
2913,Virat Leasing Ltd.,VLL,Finance,Finance - NBFC,145.38,,,,,,,,
2914,ATV Projects India Ltd.,ATVPR,Capital Goods,Engineering - Industrial Equipments,145.12,,,,,,,,
2915,Kanoria Energy & Infrastructure Ltd.,KEIL,Construction Materials,Cement & Construction Materials,145.0,,,,,,,,
2916,Reliable Data Services Ltd.,RELIABLE,Information Technology,IT - Software,144.89,139.8,141.99,131.0,0.0,138.54,138.44,0.1,0.07
2917,Polson Ltd.,POLSON,Chemicals,Chemicals,144.57,,,,,,,,
2918,Spectrum Talent Management Ltd.,SPECTSTM,Other,Professional Services,144.33,,,,,,,,
2919,Indbank Merchant Banking Services Ltd.,INDBANK,Finance,Finance - Stock Broking,144.32,31.6,32.75,31.56,0.0,32.41,31.56,0.85,2.69
2920,Eyantra Ventures Ltd.,EY,Trading,Trading,144.29,,,,,,,,
2921,Nagarjuna Fertilizers and Chemicals Ltd.,NAGAFERT,Chemicals,Fertilizers,144.13,,,,,,,,
2922,Nephro Care India Ltd.,NEPHROCARE,Healthcare,Hospital & Healthcare Services,144.09,,,,,,,,
2923,Mahendra Realtors & Infrastructure Ltd.,MRIL,Realty,Construction - Real Estate,144.01,,,,,,,,
2924,Crazy Snacks Ltd.,CRAZY,Fast Moving Consumer Goods,Consumer Food,143.99,,,,,,,,
2925,Prajay Engineers Syndicate Ltd.,PRAENG,Realty,Construction - Real Estate,143.86,19.74,19.89,19.0,0.0,19.04,19.4,-0.36,-1.86
2926,Owais Metal & Mineral Processing Ltd.,OWAIS,Ferro Manganese,Ferro & Silica Manganese,143.37,,,,,,,,
2927,Hindustan Adhesives Ltd.,HINDADH,Plastic Products,Plastic Products,143.08,350.15,360.7,350.15,0.0,354.45,351.0,3.45,0.98
2928,Gujarat Intrux Ltd.,GUJINTRX,Automobile & Ancillaries,Castings/Forgings,142.94,,,,,,,,
2929,Hindprakash Industries Ltd.,HPIL,Chemicals,Dyes & Pigments,142.86,129.0,130.99,126.0,0.0,126.1,130.35,-4.25,-3.26
2930,Speciality Medicines Ltd.,SPML,Trading,Trading,142.77,,,,,,,,
2931,Shah Alloys Ltd.,SHAHALLOYS,Iron & Steel,Steel & Iron Products,142.76,75.2,79.99,75.2,0.0,77.31,77.3,0.01,0.01
2932,The Western Indian Plywoods Ltd.,WIPL,Construction Materials,Laminates/Decoratives,142.57,167.0,169.0,161.5,0.0,165.0,164.32,0.68,0.41
2933,Smruthi Organics Ltd.,SMRUTHIORG,Healthcare,Pharmaceuticals & Drugs,142.56,,,,,,,,
2934,Alphalogic Industries Ltd.,ALPHAIND,Capital Goods,Engineering - Industrial Equipments,142.39,,,,,,,,
2935,LA TIM Metal & Industries Ltd.,LATIMMETAL,Iron & Steel,Steel & Iron Products,142.27,,,,,,,,
2936,Smiths & Founders (India) Ltd.,SMFIL,Automobile & Ancillaries,Forgings,142.18,,,,,,,,
2937,Zeal Aqua Ltd.,ZEAL,Agriculture,Aquaculture,142.08,,,,,,,,
2938,Indowind Energy Ltd.,INDOWIND,Power,Power Generation/Distribution,142.0,9.18,9.3,8.9,0.0,9.17,9.06,0.11,1.21
2939,Abate AS Industries Ltd.,ABATEAS,Trading,Trading,141.85,,,,,,,,
2940,Dhunseri Tea & Industries Ltd.,DTIL,Agriculture,Tea/Coffee,141.75,137.0,144.01,134.23,0.0,138.69,134.95,3.74,2.77
2941,Genxai Analytics Ltd.,GENXAI,Information Technology,IT - Software,141.75,,,,,,,,
2942,Swadeshi Polytex Ltd.,SWADPOL,Other,Business Support,141.69,,,,,,,,
2943,Energy-Mission Machineries (India) Ltd.,EMMIL,Capital Goods,Engineering - Industrial Equipments,141.58,,,,,,,,
2944,Shree Krishna Paper Mills & Industries Ltd.,SKPMIL,Paper,Paper & Paper Products,141.3,,,,,,,,
2945,HEC Infra Projects Ltd.,HECPROJECT,Infrastructure,Engineering - Construction,140.95,116.25,119.7,114.99,0.0,115.97,117.89,-1.92,-1.63
2946,Desco Infratech Ltd.,DESCO,Infrastructure,Engineering - Construction,140.89,,,,,,,,
2947,Barflex Polyfilms Ltd.,BARFLEX,Plastic Products,Plastic Products,140.82,,,,,,,,
2948,National Plastic Technologies Ltd.,NATPLASTI,Plastic Products,Plastic Products,140.59,,,,,,,,
2949,Available Finance Ltd.,AVAILFC,Finance,Finance - NBFC,140.4,,,,,,,,
2950,OK Play India Ltd.,OKPLA,Plastic Products,Plastic Products,140.09,,,,,,,,
2951,Pro FX Tech Ltd.,PROFX,Retailing,Retailing,140.03,,,,,,,,
2952,SNL Bearings Ltd.,SNL,Automobile & Ancillaries,Bearings,139.93,,,,,,,,
2953,Envirotech Systems Ltd.,ENVIRO,Capital Goods,Engineering - Industrial Equipments,139.89,,,,,,,,
2954,Amba Enterprises Ltd.,AEL,Trading,Trading,139.84,,,,,,,,
2955,RRP Electronics India Ltd.,INLCM,Trading,Trading,139.72,,,,,,,,
2956,Lakshmi Engineering And Warehousing Ltd.,LAKSHMIEW,Logistics,Logistics,139.57,,,,,,,,
2957,Ruchi Infrastructure Ltd.,RUCHINFRA,Logistics,Logistics,139.25,5.88,5.88,5.71,0.0,5.72,5.78,-0.06,-1.04
2958,Lagnam Spintex Ltd.,LAGNAM,Textile,Textile,139.21,77.0,77.5,76.75,0.0,76.91,77.15,-0.24,-0.31
2959,Mitcon Consultancy & Engineering Services Ltd.,MITCON,Other,Business Support,138.63,,,,,,,,
2960,Sonal Mercantile Ltd.,SONAL,Finance,Finance - NBFC,138.53,0.0,91.25,90.35,0.0,90.46,90.46,0.0,0.0
2961,Salona Cotspin Ltd.,SALONA,Textile,Textile - Spinning,138.32,272.99,273.0,260.05,0.0,263.3,273.53,-10.23,-3.74
2962,Digicontent Ltd.,DGCONTENT,Media & Entertainment,Printing And Publishing,138.14,23.81,25.1,23.81,0.0,24.85,24.12,0.73,3.03
2963,Global Surfaces Ltd.,GSLSU,Construction Materials,Ceramics/Marble/Granite/Sanitaryware,137.95,33.6,35.29,33.05,0.0,33.05,34.78,-1.73,-4.97
2964,LGB Forge Ltd.,LGBFORGE,Automobile & Ancillaries,Forgings,137.92,,,,,,,,
2965,Captain Pipes Ltd.,CAPPIPES,Plastic Products,Plastic Products,137.82,,,,,,,,
2966,Bal Pharma Ltd.,BALPHARMA,Healthcare,Pharmaceuticals & Drugs,137.8,87.9,87.9,85.51,0.0,85.93,86.66,-0.73,-0.84
2967,GSM Foils Ltd.,GSMFOILS,Fast Moving Consumer Goods,Packaging,137.69,,,,,,,,
2968,Prima Plastics Ltd.,PRIMAPLA,Plastic Products,Plastic Products,137.45,,,,,,,,
2969,Vibrant Global Capital Ltd.,VGCL,Finance,Finance - Investment,137.38,58.35,60.6,56.9,0.0,59.96,59.85,0.11,0.18
2970,Harshdeep Hortico Ltd.,HARSHDEEP,Plastic Products,Plastic Products,137.2,,,,,,,,
2971,Kanishk Steel Industries Ltd.,KANSHST,Iron & Steel,Steel & Iron Products,137.09,,,,,,,,
2972,Kimia Biosciences Ltd.,KIMIABL,Healthcare,Pharmaceuticals & Drugs,136.92,,,,,,,,
2973,Bright Brothers Ltd.,BRIGHTBR,Plastic Products,Plastic Products,136.72,250.0,265.0,241.22,0.0,248.12,251.23,-3.11,-1.24
2974,Tirupati Starch & Chemicals Ltd.,TIRUSTA,Fast Moving Consumer Goods,Consumer Food,136.26,,,,,,,,
2975,Shri Gang Industries & Allied Products Ltd.,SHRIGANG,Alcohol,Breweries & Distilleries,135.95,,,,,,,,
2976,Avience Biomedicals Ltd.,AVIENCE,Healthcare,Medical Equipment/Supplies/Accessories,135.65,,,,,,,,
2977,NSB BPO Solutions Ltd.,NSBBPO,Information Technology,BPO/ITeS,135.41,,,,,,,,
2978,Lactose (India) Ltd.,LACTOSE,Healthcare,Pharmaceuticals & Drugs,135.27,,,,,,,,
2979,Bikewo Green Tech Ltd.,BIKEWO,Automobile & Ancillaries,Automobiles - Dealers & Distributors,135.03,,,,,,,,
2980,JK Agri Genetics Ltd.,JKAGRI,Agriculture,Agriculture,135.01,,,,,,,,
2981,Alpa Laboratories Ltd.,ALPA,Healthcare,Pharmaceuticals & Drugs,134.93,63.36,64.5,62.0,0.0,62.75,62.1,0.65,1.05
2982,Virya Resources Ltd.,VIRYA,Infrastructure,Engineering - Construction,134.85,,,,,,,,
2983,Sampann Utpadan India Ltd.,SAMPANN,Agriculture,Rubber  Products,134.67,26.2,26.49,25.87,0.0,25.95,26.11,-0.16,-0.61
2984,Texmo Pipes And Products Ltd.,TEXMOPIPES,Plastic Products,Plastic Products,134.44,44.08,44.9,43.85,0.0,44.29,44.08,0.21,0.48
2985,VR Infraspace Ltd.,VR,Realty,Construction - Real Estate,134.35,,,,,,,,
2986,Intrasoft Technologies Ltd.,ISFT,Information Technology,e-Commerce,134.16,88.49,88.49,83.81,0.0,86.18,86.43,-0.25,-0.29
2987,AG Ventures Ltd.,AGVENTURES,Trading,Trading,134.12,,,,,,,,
2988,Rox Hi-Tech Ltd.,ROXHITECH,Information Technology,IT - Networking,134.07,,,,,,,,
2989,Methodhub Software Ltd.,METHODHUB,Information Technology,IT - Software,133.86,,,,,,,,
2990,Coral India Finance & Housing Ltd.,CORALFINAC,Finance,Finance - NBFC,133.8,33.46,34.73,33.46,0.0,34.53,34.11,0.42,1.23
2991,Indian Card Clothing Company Ltd.,INDIANCARD,Textile,Textile - Machinery,133.62,210.41,218.99,209.25,0.0,209.5,210.39,-0.89,-0.42
2992,Aarnav Fashions Ltd.,AARNAV,Textile,Textile,133.39,,,,,,,,
2993,Safety Controls & Devices Ltd.,SCDL,Infrastructure,Engineering - Construction,133.22,,,,,,,,
2994,Ashapuri Gold Ornament Ltd.,AGOL,Diamond & Jewellery,Diamond  &  Jewellery,132.99,,,,,,,,
2995,JA Finance Ltd.,JAFINANCE,Finance,Finance - Investment,132.95,,,,,,,,
2996,Siddhika Coatings Ltd.,SIDDHIKA,Trading,Trading,132.88,,,,,,,,
2997,Yaashvi Jewellers Ltd.,YAASHVI,Diamond & Jewellery,Diamond  &  Jewellery,132.78,,,,,,,,
2998,Indian Sucrose Ltd.,INDSUCR,Agriculture,Sugar,132.71,,,,,,,,
2999,Balaxi Pharmaceuticals Ltd.,BALAXI,Healthcare,Pharmaceuticals & Drugs,132.5,22.4,23.0,22.24,0.0,22.4,22.3,0.1,0.45
3000,Apollo Ingredients Ltd.,APOLLOIN,Trading,Trading,132.03,,,,,,,,
3001,Crop Life Science Ltd.,CLSL,Chemicals,Pesticides & Agrochemicals,131.98,,,,,,,,
3002,Patdiam Jewellery Ltd.,PJL,Diamond & Jewellery,Diamond  &  Jewellery,131.67,,,,,,,,
3003,Ishan Dyes and Chemicals Ltd.,ISHANCH,Chemicals,Dyes & Pigments,131.58,47.25,48.98,47.21,0.0,48.21,48.25,-0.04,-0.08
3004,Duncan Engineering Ltd.,DUNCANENG,Capital Goods,Engineering - Industrial Equipments,131.47,,,,,,,,
3005,Iconik Sports And Events Ltd.,ICONIKSPEV,Finance,Finance - Investment,131.41,,,,,,,,
3006,Onelife Capital Advisors Ltd.,ONELIFECAP,Finance,Finance - Investment,131.27,,,,,,,,
3007,Airo Lam Ltd.,AIROLAM,Construction Materials,Laminates/Decoratives,130.95,89.75,90.0,88.1,0.0,89.0,88.99,0.01,0.01
3008,Magnum Ventures Ltd.,MAGNUM,Paper,Paper & Paper Products,130.87,19.5,19.5,19.25,0.0,19.25,19.25,0.0,0.0
3009,Apollo Finvest (India) Ltd.,APOLLOFI,Finance,Finance - NBFC,130.85,,,,,,,,
3010,Accord Transformer & Switchgear Ltd.,ACCORDTS,Capital Goods,Electric Equipment,130.72,,,,,,,,
3011,Canarys Automations Ltd.,CANARYS,Information Technology,IT - Software,130.71,,,,,,,,
3012,Future Retail Ltd.,FRETAIL,Retailing,Retailing,130.69,,,,,,,,
3013,Vital Chemtech Ltd.,VITAL,Chemicals,Chemicals,130.53,,,,,,,,
3014,Archit Organosys Ltd.,ARCHITORG,Chemicals,Chemicals,130.47,,,,,,,,
3015,Fynx Capital Ltd.,FYNX,Finance,Finance - NBFC,130.4,,,,,,,,
3016,Sheel Biotech Ltd.,SHEEL,Agriculture,Agriculture,130.26,,,,,,,,
3017,GVP Infotech Ltd.,GVPTECH,Information Technology,IT - Software,130.11,6.88,7.89,6.79,0.0,7.34,6.79,0.55,8.1
3018,Sattva Engineering Construction Ltd.,SATTVAENGG,Infrastructure,Engineering - Construction,129.97,,,,,,,,
3019,Jocil Ltd.,JOCIL,Chemicals,Chemicals,129.91,,,,,,,,
3020,Nagarjuna Agri Tech Ltd.,NAGTECH,Trading,Trading,129.64,,,,,,,,
3021,Aeron Composite Ltd.,AERON,Plastic Products,Plastic Products,129.44,,,,,,,,
3022,Value 360 Communications Ltd.,VALUE360,Miscellaneous,Miscellaneous,129.44,,,,,,,,
3023,WH Brady & Company Ltd.,WHBRADY,Trading,Trading,129.27,502.0,539.85,502.0,0.0,534.5,490.2,44.3,9.04
3024,Rukmani Devi Garg Agro Impex Ltd.,RDGAIL,Agriculture,Agriculture,129.15,,,,,,,,
3025,Worth Investment & Trading Co Ltd.,WORTH,Finance,Finance - NBFC,128.64,,,,,,,,
3026,Chemcrux Enterprises Ltd.,CHEMCRUX,Chemicals,Chemicals,128.64,87.1,87.35,80.0,0.0,84.34,86.62,-2.28,-2.63
3027,Dollex Agrotech Ltd.,DOLLEX,Agriculture,Sugar,128.44,,,,,,,,
3028,Nexome Capital Markets Ltd.,NEXOME,Finance,Finance - Investment,128.24,,,,,,,,
3029,Positron Energy Ltd.,POSITRON,Trading,Trading,128.07,,,,,,,,
3030,Aztec Fluids & Machinery Ltd.,AZTEC,Capital Goods,Engineering - Industrial Equipments,127.84,,,,,,,,
3031,Winsol Engineers Ltd.,WINSOL,Other,Engineering Consultancy,127.81,,,,,,,,
3032,Bengal Tea & Fabrics Ltd.,BENGALT,Agriculture,Tea/Coffee,127.79,,,,,,,,
3033,Mukta Arts Ltd.,MUKTAARTS,Media & Entertainment,"Film Production, Distribution & Entertainment",127.61,,,,,,,,
3034,Urban Enviro Waste Management Ltd.,URBAN,Other,Environmental Services,127.3,,,,,,,,
3035,LKP Securities Ltd.,LKPSEC,Finance,Finance - Stock Broking,127.25,18.2,18.2,16.0,0.0,17.0,17.2,-0.2,-1.16
3036,Elnet Technologies Ltd.,ELNET,Information Technology,IT - Software,127.16,,,,,,,,
3037,Uravi Defence and Technology Ltd.,URAVIDEF,Automobile & Ancillaries,Auto Ancillary,127.05,,,,,,,,
3038,Ambar Protein Industries Ltd.,AMBARPIL,Fast Moving Consumer Goods,Edible Oil,127.02,,,,,,,,
3039,Sanco Trans Ltd.,SANCTRN,Logistics,Logistics,126.98,,,,,,,,
3040,Chemtech Industrial Valves Ltd.,CHEMTECH,Capital Goods,Engineering - Industrial Equipments,126.89,,,,,,,,
3041,Premco Global Ltd.,PREMCO,Textile,Textile,126.38,392.0,393.2,381.2,0.0,390.0,391.45,-1.45,-0.37
3042,Choksi Asia Ltd.,CHOKSI,Photographic Product,Photographic Products,126.25,,,,,,,,
3043,Steel City Securities Ltd.,STEELCITY,Finance,Finance - Stock Broking,126.19,81.29,82.01,80.31,0.0,81.82,81.29,0.53,0.65
3044,Shigan Quantum Technologies Ltd.,SHIGAN,Automobile & Ancillaries,Auto Ancillary,126.03,,,,,,,,
3045,Jayesh Logistics Ltd.,JAYESH,Logistics,Logistics,125.94,,,,,,,,
3046,Par Drugs And Chemicals Ltd.,PAR,Healthcare,Pharmaceuticals & Drugs,125.81,100.6,103.65,100.1,0.0,101.33,102.48,-1.15,-1.12
3047,Raja Bahadur International Ltd.,RAJABAH,Realty,Construction - Real Estate,125.75,,,,,,,,
3048,Aegeus Technologies Ltd.,AEGEUS,Electricals,Electronics - Components,125.74,,,,,,,,
3049,BSL Ltd.,BSL,Textile,Textile - Weaving,125.56,123.45,123.5,121.28,0.0,122.23,121.52,0.71,0.58
3050,Standard Industries Ltd.,SIL,Trading,Trading,125.38,19.2,22.3,18.81,0.0,20.84,19.11,1.73,9.05
3051,Surana Solar Ltd.,SURANASOL,Electricals,Electronics - Components,125.18,25.74,26.0,25.27,0.0,25.85,25.74,0.11,0.43
3052,Crown Lifters Ltd.,CROWN,Other,Business Support,125.1,103.22,105.5,102.13,0.0,105.07,104.17,0.9,0.86
3053,Marg Techno Projects Ltd.,MTPL,Finance,Finance - NBFC,124.96,,,,,,,,
3054,Mayank Cattle Food Ltd.,MCFL,Agriculture,Solvent  Extraction,124.74,,,,,,,,
3055,Enser Communications Ltd.,ENSER,Information Technology,BPO/ITeS,124.64,,,,,,,,
3056,Harmony Capital Services Ltd.,HRMNYCP,Finance,Finance - Investment,124.58,,,,,,,,
3057,Vistar Amar Ltd.,VISTARAMAR,Agriculture,Aquaculture,124.42,,,,,,,,
3058,KIFS Financial Services Ltd.,KIFS,Finance,Finance - NBFC,124.41,,,,,,,,
3059,Dachepalli Publishers Ltd.,DACHEPALLI,Media & Entertainment,Printing And Publishing,124.36,,,,,,,,
3060,Yashhtej Industries (India) Ltd.,YASHHTEJ,Agriculture,Solvent  Extraction,124.08,,,,,,,,
3061,APM Industries Ltd.,APMIN,Textile,Textile - Spinning,123.92,,,,,,,,
3062,PMC Fincorp Ltd.,PMCFIN,Finance,Finance - NBFC,123.9,,,,,,,,
3063,Richa Info Systems Ltd.,RICHA,Electricals,Electronics - Components,123.87,,,,,,,,
3064,Xelpmoc Design And Tech Ltd.,XELPMOC,Information Technology,IT - Software,123.62,76.5,79.99,74.0,0.0,76.96,76.22,0.74,0.97
3065,Atharva Poly-Plast Ltd.,ATHARVA,Plastic Products,Plastic Products,123.34,,,,,,,,
3066,Aluwind Infra-Tech Ltd.,ALUWIND,Capital Goods,Engineering,123.24,,,,,,,,
3067,Aesthetik Engineers Ltd.,AESTHETIK,Capital Goods,Engineering,123.12,,,,,,,,
3068,Manoj Ceramic Ltd.,MCPL,Trading,Trading,122.88,,,,,,,,
3069,Sambhaav Media Ltd.,SAMBHAAV,Media & Entertainment,Printing And Publishing,122.5,6.2,6.32,6.12,0.0,6.18,6.27,-0.09,-1.44
3070,Weizmann Ltd.,WEIZMANIND,Textile,Textile,122.39,78.45,78.45,76.0,0.0,76.5,76.01,0.49,0.64
3071,International Combustion (India) Ltd.,INTLCOMBQ,Capital Goods,Engineering - Industrial Equipments,122.37,,,,,,,,
3072,Escorp Asset Management Ltd.,ESCORP,Finance,Finance - Asset Management,122.28,,,,,,,,
3073,Rapid Fleet Management Services Ltd.,RAPIDFLEET,Logistics,Logistics,121.93,,,,,,,,
3074,Sharp Chucks & Machines Ltd.,SCML,Automobile & Ancillaries,Castings/Forgings,121.77,,,,,,,,
3075,Globus Power Generation Ltd.,GLOBUSCON,Power,Power Generation/Distribution,121.71,,,,,,,,
3076,BCPL Railway Infrastructure Ltd.,BCPL,Infrastructure,Engineering - Construction,121.68,70.0,70.95,70.0,0.0,70.42,70.71,-0.29,-0.41
3077,Raaj Medisafe India Ltd.,RAAJMEDI,Healthcare,Medical Equipment/Supplies/Accessories,121.54,,,,,,,,
3078,Mega Flex Plastics Ltd.,MEGAFLEX,Plastic Products,Plastic Products,121.31,,,,,,,,
3079,Garnet International Ltd.,GARNETINT,Finance,Finance - Investment,121.21,,,,,,,,
3080,iSERA Lifesciences Ltd.,ISERA,Information Technology,IT - Software,121.01,,,,,,,,
3081,Rishi Laser Ltd.,RISHILASE,Capital Goods,Engineering - Industrial Equipments,120.71,,,,,,,,
3082,Mini Diamonds (India) Ltd.,MINID,Diamond & Jewellery,Diamond  &  Jewellery,120.67,,,,,,,,
3083,Bharat Agri Fert & Realty Ltd.,BHARATAGRI,Chemicals,Fertilizers,120.56,,,,,,,,
3084,Krebs Biochemicals & Industries Ltd.,KREBSBIO,Healthcare,Pharmaceuticals & Drugs,120.52,54.5,54.89,53.11,0.0,53.61,55.2,-1.59,-2.88
3085,Dhampure Speciality Sugars Ltd.,DHAMPURE,Agriculture,Sugar,120.49,,,,,,,,
3086,GTL Ltd.,GTL,Telecom,Telecommunication - Service  Provider,120.17,7.21,7.39,7.21,0.0,7.28,7.22,0.06,0.83
3087,Chartered Logistics Ltd.,CHLOGIST,Logistics,Logistics,120.15,,,,,,,,
3088,Jyoti Ltd.,JYOTI,Capital Goods,Compressors / Pumps,120.06,,,,,,,,
3089,VJTF Eduservices Ltd.,VJTFEDU,Finance,Finance - NBFC,119.68,,,,,,,,
3090,Lahoti Overseas Ltd.,LAHOTIOV,Trading,Trading,119.52,40.99,42.0,40.03,0.0,41.61,40.81,0.8,1.96
3091,Binayak Tex Processors Ltd.,ZBINTXPP,Textile,Textile,119.5,,,,,,,,
3092,Kemp & Company Ltd.,KEMP,Trading,Trading,118.82,,,,,,,,
3093,Cubex Tubings Ltd.,CUBEXTUB,Non - Ferrous Metals,Metal - Non Ferrous,118.76,78.8,80.25,78.8,0.0,79.11,78.8,0.31,0.39
3094,Ganges Securities Ltd.,GANGESSECU,Finance,Finance - Investment,118.55,118.7,123.8,118.7,0.0,121.93,122.07,-0.14,-0.11
3095,Latteys Industries Ltd.,LATTEYS,Capital Goods,Compressors / Pumps,118.38,23.0,23.35,22.2,0.0,23.28,22.8,0.48,2.11
3096,Udayshivakumar Infra Ltd.,USK,Infrastructure,Engineering - Construction,118.13,22.4,22.48,21.0,0.0,21.12,21.49,-0.37,-1.72
3097,Anik Industries Ltd.,ANIKINDS,Trading,Trading,118.06,45.14,45.54,44.0,0.0,45.46,44.0,1.46,3.32
3098,Zenith Exports Ltd.,ZENITHEXPO,Textile,Textile,117.99,205.49,205.49,205.15,0.0,205.18,207.24,-2.06,-0.99
3099,Praxis Home Retail Ltd.,PRAXIS,Retailing,Retailing,117.99,5.41,5.65,5.41,0.0,5.45,5.41,0.04,0.74
3100,Trustedge Capital Ltd.,TRUSTEDGE,Finance,Finance - Investment,117.98,,,,,,,,
3101,Pharmaids Pharmaceuticals Ltd.,PHARMAID,Healthcare,Pharmaceuticals & Drugs,117.94,,,,,,,,
3102,Forge Auto International Ltd.,FORGEAUTO,Automobile & Ancillaries,Forgings,117.94,,,,,,,,
3103,B&A Ltd.,BNALTD,Agriculture,Tea/Coffee,117.8,,,,,,,,
3104,Bhilwara Spinners Ltd.,BHILSPIN,Trading,Trading,117.7,,,,,,,,
3105,AAA Technologies Ltd.,AAATECH,Information Technology,BPO/ITeS,117.58,93.85,96.05,93.58,0.0,95.71,93.86,1.85,1.97
3106,TCI Industries Ltd.,TCIIND,Diversified,Diversified,117.48,,,,,,,,
3107,Steelco Gujarat Ltd.,STEELCO,Iron & Steel,Steel & Iron Products,116.89,,,,,,,,
3108,Samkrg Pistons & Rings Ltd.,SAMKRG,Automobile & Ancillaries,Auto Ancillary,116.72,,,,,,,,
3109,Assam Entrade Ltd.,ASSAMENT,Finance,Finance - Investment,116.62,839.95,839.95,760.0,0.0,780.0,800.0,-20.0,-2.5
3110,Hindcon Chemicals Ltd.,HINDCON,Chemicals,Chemicals,116.25,22.5,22.75,22.0,0.0,22.21,22.18,0.03,0.14
3111,Aayush Wellness Ltd.,AAYUSH,Trading,Trading,116.18,,,,,,,,
3112,Scoobee Day Garments (India) Ltd.,SCOOBEEDAY,Textile,Textile,116.17,,,,,,,,
3113,Striders Impex Ltd.,STRIDERS,Trading,Trading,116.17,,,,,,,,
3114,Rudrabhishek Enterprises Ltd.,REPL,Other,Professional Services,115.98,,,,,,,,
3115,Kore Digital Ltd.,KDL,Telecom,Telecom-Infrastructure,115.85,,,,,,,,
3116,OBCL Ltd.,OBCL,Logistics,Logistics,115.77,54.99,54.99,54.25,0.0,54.25,54.2,0.05,0.09
3117,Lambodhara Textiles Ltd.,LAMBODHARA,Textile,Textile - Spinning,115.71,107.63,124.0,105.5,0.0,118.08,107.63,10.45,9.71
3118,Thacker & Company Ltd.,THACKER,Trading,Trading,115.62,,,,,,,,
3119,Avro India Ltd.,AVROIND,Plastic Products,Plastic Products,115.25,9.48,9.48,8.41,0.0,8.59,9.38,-0.79,-8.42
3120,Narmada Agrobase Ltd.,NARMADA,Agriculture,Agriculture,115.25,14.5,14.7,13.25,0.0,13.91,14.42,-0.51,-3.54
3121,Vishwaraj Sugar Industries Ltd.,VISHWARAJ,Agriculture,Sugar,115.01,5.76,5.8,5.61,0.0,5.69,5.76,-0.07,-1.22
3122,Vaishali Pharma Ltd.,VAISHALI,Trading,Trading,114.88,7.95,8.19,7.76,0.0,7.99,7.95,0.04,0.5
3123,Godavari Drugs Ltd.,GODAVARI,Healthcare,Pharmaceuticals & Drugs,114.6,,,,,,,,
3124,Prodocs Solutions Ltd.,PRODOCS,Information Technology,BPO/ITeS,114.53,,,,,,,,
3125,Readymix Construction Machinery Ltd.,READYMIX,Capital Goods,Engineering - Industrial Equipments,114.46,,,,,,,,
3126,Vijaypd Ceutical Ltd.,VIJAYPD,Trading,Trading,114.34,,,,,,,,
3127,Emiac Technologies Ltd.,EMIAC,Information Technology,IT - Software,113.86,,,,,,,,
3128,Jeyyam Global Foods Ltd.,JEYYAM,Fast Moving Consumer Goods,Consumer Food,113.75,,,,,,,,
3129,DB (International) Stock Brokers Ltd.,DBSTOCKBRO,Finance,Finance - Stock Broking,113.75,,,,,,,,
3130,Matrix Geo Solutions Ltd.,MGSL,Other,Professional Services,113.59,,,,,,,,
3131,Hindustan Tin Works Ltd.,HINDTIN,Capital Goods,Engineering - Industrial Equipments,113.41,,,,,,,,
3132,Srivasavi Adhesive Tapes Ltd.,SRIVASAVI,Plastic Products,Plastic Products,113.39,,,,,,,,
3133,Shree Hari Chemicals Export Ltd.,SHHARICH,Chemicals,Chemicals,112.97,,,,,,,,
3134,Viaz Tyres Ltd.,VIAZ,Automobile & Ancillaries,Tyres & Allied,112.84,,,,,,,,
3135,KHFM Hospitality and Facility Management Services Ltd.,KHFM,Other,Professional Services,112.43,,,,,,,,
3136,Akar Auto Industries Ltd.,AAIL,Automobile & Ancillaries,Auto Ancillary,112.3,,,,,,,,
3137,Shyam Dhani Industries Ltd.,SHYAMDHANI,Fast Moving Consumer Goods,Consumer Food,112.27,,,,,,,,
3138,Navkar Urbanstructure Ltd.,NAVKARURB,Infrastructure,Engineering - Construction,112.21,,,,,,,,
3139,Oval Projects Engineering Ltd.,OVAL,Infrastructure,Engineering - Construction,112.15,,,,,,,,
3140,Pee Cee Cosma Sope Ltd.,PCCOSMA,Fast Moving Consumer Goods,Household & Personal Products,112.06,,,,,,,,
3141,Dharni Capital Services Ltd.,DHARNI,Finance,Finance - Asset Management,112.03,,,,,,,,
3142,Samrat Forgings Ltd.,SAMRATFORG,Automobile & Ancillaries,Forgings,112.0,,,,,,,,
3143,Shri Krishna Devcon Ltd.,SHRIKRISH,Realty,Construction - Real Estate,112.0,0.0,38.46,38.0,0.0,38.0,38.0,0.0,0.0
3144,Hindustan Hardy Ltd.,HINDHARD,Automobile & Ancillaries,Auto Ancillary,111.82,,,,,,,,
3145,The Grob Tea Company Ltd.,GROBTEA,Agriculture,Tea/Coffee,111.36,926.0,936.4,926.0,0.0,927.0,938.65,-11.65,-1.24
3146,Variman Global Enterprises Ltd.,VARIMAN,Trading,Trading,111.2,,,,,,,,
3147,Shree Oswal Seeds and Chemicals Ltd.,OSWALSEEDS,Agriculture,Agriculture,111.14,13.16,13.44,12.2,0.0,12.67,13.16,-0.49,-3.72
3148,AI Champdany Industries Ltd.,AICHAMP,Textile,Textile - Weaving,111.08,,,,,,,,
3149,S.V.J. Enterprises Ltd.,SVJ,Fast Moving Consumer Goods,Packaging,110.95,,,,,,,,
3150,Bihar Sponge Iron Ltd.,BIHSPONG,Iron & Steel,Steel/Sponge Iron/Pig Iron,110.95,,,,,,,,
3151,Greenchef Appliances Ltd.,GREENCHEF,Consumer Durables,Consumer Durables - Domestic Appliances,110.89,,,,,,,,
3152,Indsil Hydro Power and Manganese Ltd.,INDSILHYD,Ferro Manganese,Ferro & Silica Manganese,110.61,,,,,,,,
3153,Purv Flexipack Ltd.,PURVFLEXI,Trading,Trading,109.95,,,,,,,,
3154,Duroply Industries Ltd.,DUROPLY,Construction Materials,Wood & Wood Products,109.73,,,,,,,,
3155,Rama Telecom Ltd.,RTL,Telecom,Telecommunication - Service  Provider,109.62,,,,,,,,
3156,Landmark Property Development Company Ltd.,LPDC,Realty,Construction - Real Estate,109.06,7.17,7.47,7.17,0.0,7.24,7.17,0.07,0.98
3157,Kabra Jewels Ltd.,KKJEWELS,Trading,Trading,109.04,,,,,,,,
3158,TBI Corn Ltd.,TBI,Fast Moving Consumer Goods,Consumer Food,108.95,,,,,,,,
3159,Aksh Optifibre Ltd.,AKSHOPTFBR,Electricals,Cable,108.84,,,,,,,,
3160,KIC Metaliks Ltd.,KAJARIR,Iron & Steel,Steel/Sponge Iron/Pig Iron,108.51,,,,,,,,
3161,Panafic Industrials Ltd.,PANAFIC,Finance,Finance - NBFC,108.41,,,,,,,,
3162,Jolly Plastic Industries Ltd.,JOLYPLS,Finance,Finance - Investment,108.26,,,,,,,,
3163,Osiajee Texfab Ltd.,OSIAJEE,Textile,Textile,108.22,,,,,,,,
3164,NHC Foods Ltd.,NHCFOODS,Fast Moving Consumer Goods,Consumer Food,108.19,,,,,,,,
3165,Pattech Fitwell Tube Components Ltd.,PATTECH,Automobile & Ancillaries,Forgings,107.93,,,,,,,,
3166,Rajshree Sugars & Chemicals Ltd.,RAJSREESUG,Agriculture,Sugar,107.86,40.38,40.38,38.02,0.0,39.1,40.38,-1.28,-3.17
3167,WEP Solutions Ltd.,WEPSOLN,Information Technology,IT - Software,107.8,,,,,,,,
3168,Rexnord Electronics & Controls Ltd.,REXNORD,Capital Goods,Electric Equipment,107.76,,,,,,,,
3169,Milgrey Finance & Investments Ltd.,ZMILGFIN,Finance,Finance - Investment,107.64,,,,,,,,
3170,VL E-Governance & IT Solutions Ltd.,VLEGOV,Logistics,Courier  Services,107.58,,,,,,,,
3171,Holmarc Opto-Mechatronics Ltd.,HOLMARC,Healthcare,Medical Equipment/Supplies/Accessories,107.53,,,,,,,,
3172,Leo Dryfruits & Spices Trading Ltd.,VANDU,Fast Moving Consumer Goods,Consumer Food,107.35,,,,,,,,
3173,Landsmill Green Ltd.,LANDSMILL,Trading,Trading,107.21,0.74,0.76,0.74,0.0,0.75,0.74,0.01,1.35
3174,Puretrop Fruits Ltd.,PURETROP,Fast Moving Consumer Goods,Consumer Food,107.17,,,,,,,,
3175,Tyche Industries Ltd.,TYCHE,Healthcare,Pharmaceuticals & Drugs,107.16,,,,,,,,
3176,Lovable Lingerie Ltd.,LOVABLE,Textile,Textile,107.08,70.6,72.5,70.6,0.0,71.56,70.94,0.62,0.87
3177,Suryalakshmi Cotton Mills Ltd.,SURYALAXMI,Textile,Textile,106.81,58.65,58.89,56.62,0.0,57.32,57.6,-0.28,-0.49
3178,Sampark India Logistics Ltd.,SILL,Logistics,Logistics,106.65,,,,,,,,
3179,Aban Offshore Ltd.,ABAN,Crude Oil,Oil Exploration,106.63,,,,,,,,
3180,Hindustan Appliances Ltd.,HINDAPL,Capital Goods,Electric Equipment,106.28,,,,,,,,
3181,Shantidoot Infra Services Ltd.,SISL,Realty,Construction - Real Estate,106.08,,,,,,,,
3182,Calcom Vision Ltd.,CALCOM,Consumer Durables,Consumer Durables - Electronics,106.04,,,,,,,,
3183,MRP Agro Ltd.,MRP,Trading,Trading,105.8,,,,,,,,
3184,Ganga Papers India Ltd.,GANGAPA,Paper,Paper & Paper Products,105.73,,,,,,,,
3185,ITL Industries Ltd.,ITL,Capital Goods,Engineering - Industrial Equipments,105.68,324.0,324.0,320.0,0.0,321.8,317.85,3.95,1.24
3186,Ken Enterprises Ltd.,KEN,Textile,Textile,105.63,,,,,,,,
3187,Jagsonpal Services Ltd.,JAGSONSER,Finance,Finance - NBFC,105.59,,,,,,,,
3188,Rishiroop Ltd.,RISHIROOP,Trading,Trading,105.43,,,,,,,,
3189,Praruh Technologies Ltd.,PRARUH,Information Technology,IT - Networking,105.17,,,,,,,,
3190,Basant Agro Tech (India) Ltd.,BASANTGL,Chemicals,Fertilizers,105.13,,,,,,,,
3191,JCT Ltd.,JCTLTD,Textile,Textile,105.07,,,,,,,,
3192,Amarjothi Spinning Mills Ltd.,AMARJOTHI,Textile,Textile - Spinning,105.03,160.0,165.0,156.0,0.0,161.2,163.61,-2.41,-1.47
3193,AMD Industries Ltd.,AMDIND,Plastic Products,Plastic Products,104.82,54.47,55.0,53.11,0.0,54.3,53.94,0.36,0.67
3194,Surat Trade and Mercantile Ltd.,SURATRAML,Trading,Trading,104.8,,,,,,,,
3195,Loyal Textile Mills Ltd.,LOYALTEX,Textile,Textile,104.76,211.05,219.8,205.0,0.0,211.04,211.05,-0.01,-0.0
3196,Mehai Technology Ltd.,MEHAI,Capital Goods,Electric Equipment,104.46,,,,,,,,
3197,Anka India Ltd.,ANKIN,Plastic Products,Plastic Products,104.38,,,,,,,,
3198,Naturite Agro Products Ltd.,NAPL,Agriculture,Agriculture,104.33,,,,,,,,
3199,Shyam Century Ferrous Ltd.,SHYAMCENT,Ferro Manganese,Ferro & Silica Manganese,104.18,,,,,,,,
3200,Utkal Speciality Industries India Ltd.,UTKAL,Paper,Paper & Paper Products,104.12,,,,,,,,
3201,Compucom Software Ltd.,COMPUSOFT,Information Technology,IT - Education,103.89,14.52,14.52,13.59,0.0,13.98,14.12,-0.14,-0.99
3202,Kanel Industries Ltd.,KANELIND,Agriculture,Agriculture,103.56,,,,,,,,
3203,Moxsh Overseas Educon Ltd.,MOXSH,Other,Educational Institutions,103.56,,,,,,,,
3204,Total Transport Systems Ltd.,TOTAL,Logistics,Logistics,103.49,71.39,73.5,69.0,0.0,72.77,71.39,1.38,1.93
3205,Newtime Infrastructure Ltd.,NEWINFRA,Infrastructure,Engineering - Construction,103.39,,,,,,,,
3206,Jet Freight Logistics Ltd.,JETFREIGHT,Logistics,Logistics,103.2,22.6,23.05,21.61,0.0,22.34,22.12,0.22,0.99
3207,MRC Agrotech Ltd.,MRCAGRO,Trading,Trading,103.07,,,,,,,,
3208,Vippy Spinpro Ltd.,VIPPYSP,Textile,Textile - Spinning,102.7,,,,,,,,
3209,Manilam Industries India Ltd.,MANILAM,Construction Materials,Laminates/Decoratives,102.69,,,,,,,,
3210,Hilton Metal Forging Ltd.,HILTON,Automobile & Ancillaries,Forgings,102.68,,,,,,,,
3211,Kohinoor Foods Ltd.,KOHINOOR,Fast Moving Consumer Goods,Consumer Food,102.65,34.51,37.8,34.5,0.0,36.59,34.81,1.78,5.11
3212,Marvel Decor Ltd.,MDL,Fast Moving Consumer Goods,Household & Personal Products,102.63,,,,,,,,
3213,Art Nirman Ltd.,ARTNIRMAN,Realty,Construction - Real Estate,102.49,45.95,45.95,41.01,0.0,41.06,41.49,-0.43,-1.04
3214,Aspira Pathlab & Diagnostics Ltd.,ASPIRA,Healthcare,Hospital & Healthcare Services,102.42,,,,,,,,
3215,Titan Securities Ltd.,TITANSEC,Finance,Finance - NBFC,102.37,,,,,,,,
3216,Highness Microelectronics Ltd.,HIGHNESS,Electricals,Electronics - Components,102.24,,,,,,,,
3217,Somi Conveyor Beltings Ltd.,SOMICONVEY,Agriculture,Rubber  Products,102.2,102.26,106.0,98.51,0.0,101.17,100.07,1.1,1.1
3218,Indian Infotech & Software Ltd.,INDINFO,Finance,Finance - Investment,102.14,,,,,,,,
3219,Globalspace Technologies Ltd.,GSTL,Information Technology,IT - Software,102.11,,,,,,,,
3220,Ducon Infratechnologies Ltd.,DUCON,Infrastructure,Engineering - Construction,102.03,3.4,3.65,3.27,0.0,3.35,3.35,0.0,0.0
3221,Mobilise App Lab Ltd.,MOBILISE,Information Technology,IT - Software,101.83,,,,,,,,
3222,Biopol Chemicals Ltd.,BIOPOL,Chemicals,Chemicals,101.73,,,,,,,,
3223,JSL Industries Ltd.,JSLINDL,Capital Goods,Electric Equipment,101.54,,,,,,,,
3224,Sadbhav Infrastructure Project Ltd.,SADBHIN,Infrastructure,Engineering - Construction,101.09,,,,,,,,
3225,RESGEN Ltd.,RESGEN,Other,Environmental Services,101.08,,,,,,,,
3226,Fonebox Retail Ltd.,FONEBOX,Retailing,Retailing,101.06,,,,,,,,
3227,Digjam Ltd.,DIGJAMLMTD,Trading,Trading,101.0,51.55,53.21,51.05,0.0,51.64,51.55,0.09,0.17
3228,Galaxy Supermarket Ltd.,GSLTD,Retailing,Retailing,101.0,,,,,,,,
3229,Pioneer Investcorp Ltd.,PIONRINV,Finance,Finance - Investment,100.96,,,,,,,,
3230,The Motor & General Finance Ltd.,MOTOGENFIN,Finance,Finance - NBFC,100.96,,,,,,,,
3231,Mauria Udyog Ltd.,MUL,Capital Goods,Engineering - Industrial Equipments,100.83,,,,,,,,
3232,Maruti Infrastructure Ltd.,MAINFRA,Realty,Construction - Real Estate,100.78,,,,,,,,
3233,Srinibas Pradhan Constructions Ltd.,SPCON,Infrastructure,Engineering - Construction,100.66,,,,,,,,
3234,B.A.G. Films and Media Ltd.,BAGFILMS,Media & Entertainment,"Film Production, Distribution & Entertainment",100.46,4.35,4.46,4.26,0.0,4.35,4.38,-0.03,-0.68
3235,Retaggio Industries Ltd.,RETAGGIO,Diamond & Jewellery,Diamond  &  Jewellery,100.39,,,,,,,,
3236,Renol Polychem Ltd.,RNPL,Chemicals,Chemicals,100.3,,,,,,,,
3237,Gabion Technologies India Ltd.,GTIL,Iron & Steel,Steel & Iron Products,100.1,,,,,,,,
3238,MPK Steels (I) Ltd.,MPKSTEELS,Iron & Steel,Steel & Iron Products,99.77,,,,,,,,
3239,DCG Cables & Wires Ltd.,DCG,Electricals,Cable,99.73,,,,,,,,
3240,Norben Tea & Exports Ltd.,NORBTEAEXP,Agriculture,Tea/Coffee,99.68,70.6,70.6,67.03,0.0,69.44,67.73,1.71,2.52
3241,Party Cruisers Ltd.,PARTYCRUS,Other,Professional Services,99.52,,,,,,,,
3242,Marushika Technology Ltd.,MARUSHIKA,Trading,Trading,99.37,,,,,,,,
3243,Dharan Infra-EPC Ltd.,DHARAN,Realty,Construction - Real Estate,99.35,,,,,,,,
3244,Ambani Orgochem Ltd.,AMBANIORGO,Chemicals,Chemicals,99.34,,,,,,,,
3245,Kay Cee Energy & Infra Ltd.,KCEIL,Infrastructure,Engineering - Construction,99.2,,,,,,,,
3246,Emkay Taps And Cutting Tools Ltd.,EMKAYTOOLS,Capital Goods,Engineering - Industrial Equipments,99.19,,,,,,,,
3247,Parmeshwari Silk Mills Ltd.,PARMSILK,Textile,Textile,98.98,,,,,,,,
3248,Autoriders International Ltd.,AUTOINT,Hospitality,Travel Services,98.8,,,,,,,,
3249,Premier Roadlines Ltd.,PRLIND,Logistics,Logistics,98.65,,,,,,,,
3250,Galaxy Agrico Exports Ltd.,GALAGEX,Automobile & Ancillaries,Bearings,98.52,,,,,,,,
3251,Semac Construction Ltd.,SEMAC,Infrastructure,Engineering - Construction,98.21,272.2,297.4,272.2,0.0,296.0,284.7,11.3,3.97
3252,Techknowgreen Solutions Ltd.,TECHKGREEN,Other,Business Support,98.19,,,,,,,,
3253,Aaradhya Disposal Industries Ltd.,AARADHYA,Paper,Paper & Paper Products,98.05,,,,,,,,
3254,Alliance Integrated Metaliks Ltd.,AIML,Iron & Steel,Steel & Iron Products,97.95,,,,,,,,
3255,Sarthak Metals Ltd.,SMLT,Iron & Steel,Steel & Iron Products,97.9,70.35,71.74,69.1,0.0,70.77,70.18,0.59,0.84
3256,Denis Chem Lab Ltd.,DENISCHEM,Healthcare,Pharmaceuticals & Drugs,97.89,,,,,,,,
3257,Mukesh Babu Financial Services Ltd.,MUKESHB,Finance,Finance - NBFC,97.7,144.0,145.0,144.0,0.0,144.5,144.14,0.36,0.25
3258,Jay Ambe Supermarkets Ltd.,CITYSQUARE,Retailing,Retailing,97.68,,,,,,,,
3259,Ashnisha Industries Ltd.,ASHNI,Trading,Trading,97.57,,,,,,,,
3260,Ceenik Exports (India) Ltd.,CEENIK,Textile,Textile,97.53,,,,,,,,
3261,Beardsell Ltd.,BEARDSELL,Plastic Products,Plastic Products,97.49,26.48,26.48,25.51,0.0,25.99,25.76,0.23,0.89
3262,Propshop Events And Exhibitions Ltd.,PROPSHOP,Other,Professional Services,97.37,,,,,,,,
3263,Viram Suvarn Ltd.,VSL,Finance,Finance - Others,97.35,,,,,,,,
3264,Shilp Gravures Ltd.,SHILGRAVQ,Capital Goods,Engineering - Industrial Equipments,97.04,171.26,171.26,164.0,0.0,166.5,162.51,3.99,2.46
3265,GM Polyplast Ltd.,GMPL,Plastic Products,Plastic Products,96.91,,,,,,,,
3266,Chetana Education Ltd.,CHETANA,Media & Entertainment,Printing And Publishing,96.9,,,,,,,,
3267,Sylvan Plyboard (India) Ltd.,SYLVANPLY,Construction Materials,Wood & Wood Products,96.87,,,,,,,,
3268,Deepak Chemtex Ltd.,DEEPAKCHEM,Chemicals,Chemicals,96.69,,,,,,,,
3269,Inventure Growth & Securities Ltd.,INVENTURE,Finance,Finance - Stock Broking,96.6,0.86,0.87,0.84,0.0,0.86,0.86,0.0,0.0
3270,Sotac Pharmaceuticals Ltd.,SOTAC,Healthcare,Pharmaceuticals & Drugs,96.58,,,,,,,,
3271,Sal Automotive Ltd.,SALAUTO,Automobile & Ancillaries,Auto Ancillary,96.58,,,,,,,,
3272,Acknit Industries Ltd.,ACKNIT,Textile,Textile,96.37,,,,,,,,
3273,Regency Ceramics Ltd.,REGENCERAM,Construction Materials,Ceramics/Marble/Granite/Sanitaryware,96.25,36.99,41.38,35.3,0.0,35.91,34.53,1.38,4.0
3274,Narmadesh Brass Industries Ltd.,NARMADESH,Non - Ferrous Metals,Metal - Non Ferrous,96.12,,,,,,,,
3275,Excellent Wires And Packaging Ltd.,EXCELLENT,Iron & Steel,Steel & Iron Products,96.11,,,,,,,,
3276,Rungta Irrigation Ltd.,RUNGTAIR,Plastic Products,Plastic Products,96.08,,,,,,,,
3277,Concord Drugs Ltd.,CONCORD,Healthcare,Pharmaceuticals & Drugs,96.03,,,,,,,,
3278,Nis Management Ltd.,NISMGMT,Other,Professional Services,96.03,,,,,,,,
3279,Arunjyoti Bio Ventures Ltd.,ABVL,Finance,Finance - Investment,95.99,,,,,,,,
3280,Bhandari Hosiery Exports Ltd.,BHANDARI,Textile,Textile,95.89,3.02,3.13,2.96,0.0,3.05,3.02,0.03,0.99
3281,Diensten Tech Ltd.,DTL,Information Technology,IT - Software,95.82,,,,,,,,
3282,B&A Packaging India Ltd.,BAPACK,Fast Moving Consumer Goods,Packaging,95.74,,,,,,,,
3283,Kck Industries Ltd.,KCK,Trading,Trading,95.72,,,,,,,,
3284,Cranes Software International Ltd.,CRANESSOFT,Information Technology,IT - Software,95.59,,,,,,,,
3285,James Warren Tea Ltd.,JAMESWARREN,Agriculture,Tea/Coffee,95.42,,,,,,,,
3286,Gujarat State Financial Corporation Ltd.,GUJSTATFIN,Finance,Finance Term Lending,95.17,,,,,,,,
3287,Grovy India Ltd.,GROVY,Realty,Construction - Real Estate,95.07,,,,,,,,
3288,Paragon Fine And Speciality Chemical Ltd.,PARAGON,Chemicals,Chemicals,94.99,,,,,,,,
3289,Krowniq Ltd.,LYKISLTD,Trading,Trading,94.74,,,,,,,,
3290,Rachit Prints Ltd.,RACHIT,Textile,Textile,94.59,,,,,,,,
3291,Vels Film International Ltd.,VELS,Media & Entertainment,"Film Production, Distribution & Entertainment",94.23,,,,,,,,
3292,Kandarp Digi Smart BPO Ltd.,KANDARP,Information Technology,BPO/ITeS,94.17,,,,,,,,
3293,Vigor Plast India Ltd.,VIGOR,Plastic Products,Plastic Products,94.15,,,,,,,,
3294,Mehul Telecom Ltd.,MTL,Retailing,Retailing,94.05,,,,,,,,
3295,AJC Jewel Manufacturers Ltd.,AJCJEWEL,Diamond & Jewellery,Diamond  &  Jewellery,93.91,,,,,,,,
3296,Drone Destination Ltd.,DRONE,Other,Professional Services,93.82,,,,,,,,
3297,Pacific Industries Ltd.,PACIFICI,Construction Materials,Ceramics/Marble/Granite/Sanitaryware,93.74,160.0,160.0,140.0,0.0,148.71,150.98,-2.27,-1.5
3298,K&R Rail Engineering Ltd.,KRRAIL,Infrastructure,Engineering - Construction,93.52,,,,,,,,
3299,Ideal Technoplast Industries Ltd.,IDEALTECHO,Fast Moving Consumer Goods,Packaging,93.47,,,,,,,,
3300,Sellowrap Industries Ltd.,SELLOWRAP,Automobile & Ancillaries,Auto Ancillary,93.46,,,,,,,,
3301,Veerhealth Care Ltd.,VEERHEALTH,Trading,Trading,93.37,,,,,,,,
3302,Anand Rayons Ltd.,ARL,Trading,Trading,93.37,,,,,,,,
3303,SEL Manufacturing Company Ltd.,SELMC,Textile,Textile,93.34,29.79,29.79,27.6,0.0,28.01,28.0,0.01,0.04
3304,Standard Capital Markets Ltd.,STANCAP,Finance,Finance - NBFC,93.27,,,,,,,,
3305,WOL 3D India Ltd.,WOL3D,Media & Entertainment,Printing And Publishing,93.23,,,,,,,,
3306,Parvati Sweetners and Power Ltd.,PARVATI,Agriculture,Sugar,93.21,,,,,,,,
3307,Moksh Ornaments Ltd.,MOKSH,Diamond & Jewellery,Diamond  &  Jewellery,92.93,10.55,10.69,10.35,0.0,10.58,10.3,0.28,2.72
3308,Nath Industries Ltd.,NATHIND,Paper,Paper & Paper Products,92.93,,,,,,,,
3309,Addi Industries Ltd.,ADDIND,Textile,Textile,92.85,88.0,90.01,72.07,0.0,80.66,80.0,0.66,0.83
3310,Deepak Spinners Ltd.,DEEPAKSP,Textile,Textile - Spinning,92.83,,,,,,,,
3311,Taylormade Renewables Ltd.,TRL,Capital Goods,Electric Equipment,92.45,,,,,,,,
3312,Porwal Auto Components Ltd.,PORWAL,Automobile & Ancillaries,Auto Ancillary,92.28,,,,,,,,
3313,Garg Furnace Ltd.,GARGFUR,Iron & Steel,Steel & Iron Products,92.26,,,,,,,,
3314,Titan Intech Ltd.,TITANIN,Information Technology,IT - Software,92.25,,,,,,,,
3315,Goyal Aluminiums Ltd.,GOYALALUM,Trading,Trading,92.21,6.47,6.47,6.34,0.0,6.41,6.42,-0.01,-0.16
3316,Sarda Proteins Ltd.,SRDAPRT,Trading,Trading,92.15,,,,,,,,
3317,Prerna Infrabuild Ltd.,PRERINFRA,Realty,Construction - Real Estate,92.13,,,,,,,,
3318,Makers Laboratories Ltd.,MAKERSL,Healthcare,Pharmaceuticals & Drugs,92.1,179.0,190.0,175.0,0.0,186.88,173.78,13.1,7.54
3319,SPL Industries Ltd.,SPLIL,Textile,Textile,91.99,30.21,30.9,30.05,0.0,30.25,30.79,-0.54,-1.75
3320,Upsurge Seeds Of Agriculture Ltd.,USASEEDS,Agriculture,Agriculture,91.98,,,,,,,,
3321,Photon Capital Advisors Ltd.,PHOTON,Finance,Finance - Investment,91.93,,,,,,,,
3322,Invicta Diagnostic Ltd.,INVICTA,Healthcare,Hospital & Healthcare Services,91.78,,,,,,,,
3323,KG Petrochem Ltd.,KGPETRO,Textile,Textile,91.76,,,,,,,,
3324,Tomorrow Technologies Global Innovations Ltd.,TTGIL,Finance,Finance - Investment,91.73,,,,,,,,
3325,Mercury Laboratories Ltd.,MERCURYLAB,Healthcare,Pharmaceuticals & Drugs,91.72,,,,,,,,
3326,Munoth Capital Markets Ltd.,MUNCAPM,Finance,Finance - Stock Broking,91.66,,,,,,,,
3327,Gujarat Containers Ltd.,GUJCONT,Fast Moving Consumer Goods,Packaging,91.56,,,,,,,,
3328,Shree OSFM E-Mobility Ltd.,SHREEOSFM,Miscellaneous,Miscellaneous,91.5,,,,,,,,
3329,Smarten Power Systems Ltd.,SMARTEN,Capital Goods,Electric Equipment,91.3,,,,,,,,
3330,Fortis Malar Hospitals Ltd.,FORTISMLR,Healthcare,Hospital & Healthcare Services,91.03,,,,,,,,
3331,Texel Industries Ltd.,TEXELIN,Textile,Textile,91.01,,,,,,,,
3332,Happy Steels Ltd.,HAPPY,Automobile & Ancillaries,Auto Ancillary,90.72,,,,,,,,
3333,Modern Dairies Ltd.,MODAIRY,Fast Moving Consumer Goods,Consumer Food,90.57,,,,,,,,
3334,Cressanda Railway Solutions Ltd.,CRSL,Information Technology,IT - Software,90.55,3.37,3.39,3.2,0.0,3.39,3.09,0.3,9.71
3335,Dev Labtech Venture Ltd.,DEVLAB,Diamond & Jewellery,Diamond  &  Jewellery,90.44,,,,,,,,
3336,Barak Valley Cements Ltd.,BVCL,Construction Materials,Cement & Construction Materials,90.43,41.78,42.8,41.5,0.0,42.13,41.77,0.36,0.86
3337,Arabian Petroleum Ltd.,ARABIAN,Automobile & Ancillaries,Lubricants,90.4,,,,,,,,
3338,Cravatex Ltd.,CRAVATEX,Trading,Trading,89.93,372.5,372.5,358.0,0.0,359.0,355.25,3.75,1.06
3339,Globe Enterprises (India) Ltd.,GLOBE,Textile,Textile,89.63,2.01,2.03,1.95,0.0,1.97,2.0,-0.03,-1.5
3340,Cenlub Industries Ltd.,CENLUB,Capital Goods,Engineering - Industrial Equipments,89.6,,,,,,,,
3341,Reliance Chemotex Industries Ltd.,RELCHEMQ,Textile,Textile - Spinning,89.54,113.0,115.0,111.5,0.0,112.18,113.53,-1.35,-1.19
3342,Banka Bioloo Ltd.,BANKA,Other,Environmental Services,89.34,80.09,80.8,78.0,0.0,78.0,79.3,-1.3,-1.64
3343,Silicon Rental Solutions Ltd.,SRSOLTD,Other,Business Support,89.07,,,,,,,,
3344,Palash Securities Ltd.,PALASHSECU,Finance,Finance - Investment,89.03,90.0,91.95,88.26,0.0,88.92,88.2,0.72,0.82
3345,Aakash Exploration Services Ltd.,AAKASH,Crude Oil,Oil Exploration,89.0,8.62,8.75,8.46,0.0,8.71,8.54,0.17,1.99
3346,Rajnandini Metal Ltd.,RAJMET,Non - Ferrous Metals,Metal - Non Ferrous,88.75,3.22,3.7,3.2,0.0,3.5,3.22,0.28,8.7
3347,Asit C Mehta Financial Services Ltd.,ASITCFIN,Finance,Finance - Investment,88.69,,,,,,,,
3348,Konstelec Engineers Ltd.,KONSTELEC,Infrastructure,Engineering - Construction,88.64,,,,,,,,
3349,Optimus Finance Ltd.,OPTIFIN,Finance,Finance - NBFC,88.55,11.81,12.98,11.71,0.0,12.4,12.06,0.34,2.82
3350,Ganga Forging Ltd.,GANGAFORGE,Automobile & Ancillaries,Forgings,88.3,2.05,2.05,2.05,0.0,2.05,2.15,-0.1,-4.65
3351,Patel Integrated Logistics Ltd.,PATINTLOG,Logistics,Logistics,88.26,,,,,,,,
3352,Visdem Technosys Ltd.,VISDEM,Capital Goods,Electric Equipment,88.19,,,,,,,,
3353,Reganto Enterprises Ltd.,REGANTO,Electricals,Electronics - Components,88.07,,,,,,,,
3354,RTS Power Corporation Ltd.,RTSPOWR,Capital Goods,Electric Equipment,87.83,94.5,99.5,92.0,0.0,93.33,98.52,-5.19,-5.27
3355,Cinevista Ltd.,CINEVISTA,Media & Entertainment,"Film Production, Distribution & Entertainment",86.79,13.86,14.74,13.84,0.0,14.21,14.12,0.09,0.64
3356,Super Iron Foundry Ltd.,SUPERIRON,Automobile & Ancillaries,Castings/Forgings,86.56,,,,,,,,
3357,My Mudra Fincorp Ltd.,MYMUDRA,Finance,Finance - Housing,86.41,,,,,,,,
3358,Choksi Laboratories Ltd.,CHOKSILA,Other,Business Support,86.23,,,,,,,,
3359,Sanrhea Technical Textiles Ltd.,SANTETX,Textile,Textile,86.03,,,,,,,,
3360,GACM Technologies Ltd.,GATECH,Finance,Finance - Stock Broking,86.01,,,,,,,,
3361,Reliance Home Finance Ltd.,RHFL,Finance,Finance - Housing,85.86,,,,,,,,
3362,BLB Ltd.,BLBLIMITED,Finance,Finance - Stock Broking,85.85,16.03,16.29,15.95,0.0,16.0,16.03,-0.03,-0.19
3363,Terai Tea Company Ltd.,TERAI,Agriculture,Tea/Coffee,85.72,124.0,132.6,124.0,0.0,128.35,124.0,4.35,3.51
3364,Droneacharya Aerial Innovations Ltd.,DRONACHRYA,Other,Professional Services,85.71,,,,,,,,
3365,Deep Polymers Ltd.,DEEP,Chemicals,Chemicals,85.69,37.18,37.2,36.1,0.0,36.64,37.18,-0.54,-1.45
3366,Inter Globe Finance Ltd.,INTRGLB,Finance,Finance - NBFC,85.66,,,,,,,,
3367,Kaytex Fabrics Ltd.,KAYTEX,Textile,Textile,85.62,,,,,,,,
3368,Valencia Nutrition Ltd.,VALENCIA,Fast Moving Consumer Goods,Consumer Food,85.51,,,,,,,,
3369,Mangalam Industrial Finance Ltd.,MANGIND,Finance,Finance - NBFC,85.51,,,,,,,,
3370,Kati Patang Lifestyle Ltd.,KATIPATANG,Alcohol,Breweries & Distilleries,85.48,,,,,,,,
3371,RS Software (India) Ltd.,RSSOFTWARE,Information Technology,IT - Software,85.45,30.21,31.2,29.61,0.0,30.32,30.94,-0.62,-2.0
3372,Mayasheel Ventures Ltd.,MAYASHEEL,Infrastructure,Engineering - Construction,85.44,,,,,,,,
3373,Umiya Mobile Ltd.,UML,Retailing,Retailing,85.32,,,,,,,,
3374,Repono Ltd.,REPONO,Logistics,Logistics,85.32,,,,,,,,
3375,Kakatiya Cement Sugar & Industries Ltd.,KAKATCEM,Construction Materials,Cement & Construction Materials,85.24,116.1,118.6,114.5,0.0,115.84,118.82,-2.98,-2.51
3376,T&I Global Ltd.,TIGLOB,Capital Goods,Engineering - Industrial Equipments,85.11,,,,,,,,
3377,Classic Electrodes (India) Ltd.,CLASSICEIL,Capital Goods,Electrodes & Welding Equipment,84.97,,,,,,,,
3378,Ascensive Educare Ltd.,ASCENSIVE,Other,Educational Institutions,84.82,,,,,,,,
3379,BN Rathi Securities Ltd.,BNRSEC,Finance,Finance - Stock Broking,84.67,,,,,,,,
3380,Nukleus Office Solutions Ltd.,NUKLEUS,Other,Business Support,84.55,,,,,,,,
3381,Zeal Global Services Ltd.,ZEAL,Logistics,Logistics,84.52,,,,,,,,
3382,Bhudevi Infra Projects Ltd.,BHUDEVI,Textile,Textile,84.1,,,,,,,,
3383,Service Care Ltd.,SERVICE,Other,Professional Services,83.97,,,,,,,,
3384,WSFX Global Pay Ltd.,WSFX,Finance,Finance - NBFC,83.83,,,,,,,,
3385,Shetron Ltd.,SHETR,Capital Goods,Engineering - Industrial Equipments,83.73,,,,,,,,
3386,Chartered Capital & Investment Ltd.,CHRTEDCA,Finance,Finance - Investment,83.72,,,,,,,,
3387,Shri Vasuprada Plantations Ltd.,VASUPRADA,Agriculture,Tea/Coffee,83.69,97.03,97.03,96.07,0.0,96.08,96.07,0.01,0.01
3388,New Swan Multitech Ltd.,SWANAGRO,Automobile & Ancillaries,Auto Ancillary,83.67,,,,,,,,
3389,Womancart Ltd.,WOMANCART,Retailing,Retailing,83.61,,,,,,,,
3390,Amwill Health Care Ltd.,AMWILL,Healthcare,Pharmaceuticals & Drugs,83.52,,,,,,,,
3391,Fiberweb (India) Ltd.,FIBERWEB,Textile,Textile,83.5,26.45,27.79,25.17,0.0,25.89,26.11,-0.22,-0.84
3392,BITS Ltd.,BITS,Information Technology,IT - Education,83.35,,,,,,,,
3393,Sodhani Academy Of Fintech Enablers Ltd.,SAFE,Other,Educational Institutions,83.15,,,,,,,,
3394,Starbeam Ventures Ltd.,STARBEAM,Chemicals,Fertilizers,83.01,,,,,,,,
3395,Lakshya Powertech Ltd.,LAKSHYA,Infrastructure,Engineering - Construction,82.99,,,,,,,,
3396,RR Financial Consultants Ltd.,RRFIN,Finance,Finance - Investment,82.84,,,,,,,,
3397,Shri Balaji Valve Components Ltd.,SBVCL,Capital Goods,Engineering - Industrial Equipments,82.78,,,,,,,,
3398,Maitreya Medicare Ltd.,MAITREYA,Healthcare,Hospital & Healthcare Services,82.67,,,,,,,,
3399,Chowgule Steamships Ltd.,CHOWGULSTM,Logistics,Shipping,82.57,,,,,,,,
3400,Hisar Metal Industries Ltd.,HISARMETAL,Iron & Steel,Steel & Iron Products,82.54,150.02,152.48,149.0,0.0,149.16,149.66,-0.5,-0.33
3401,Ameya Precision Engineers Ltd.,AMEYA,Capital Goods,Engineering - Industrial Equipments,82.5,,,,,,,,
3402,Curis Lifesciences Ltd.,CURIS,Healthcare,Pharmaceuticals & Drugs,82.46,,,,,,,,
3403,Delaplex Ltd.,DELAPLEX,Information Technology,IT - Software,82.43,,,,,,,,
3404,Ironwood Education Ltd.,IRONWOOD,Other,Educational Institutions,82.23,,,,,,,,
3405,Panyam Cements & Mineral Industries Ltd.,PANCM,Construction Materials,Cement & Construction Materials,81.86,,,,,,,,
3406,Siyaram Recycling Industries Ltd.,SIYARAM,Non - Ferrous Metals,Metal - Non Ferrous,81.71,,,,,,,,
3407,Sharika Enterprises Ltd.,SHARIKA,Trading,Trading,81.62,,,,,,,,
3408,Kovilpatti Lakshmi Roller Flour Mills Ltd.,KLRFM,Fast Moving Consumer Goods,Consumer Food,81.37,,,,,,,,
3409,Piccadily Sugar & Allied Industries Ltd.,PICCASUG,Agriculture,Sugar,81.32,,,,,,,,
3410,Narmada Macplast Drip Irrigation Systems Ltd.,NARMP,Plastic Products,Plastic Products,81.3,,,,,,,,
3411,Prithvi Exchange (India) Ltd.,PRITHVIEXCH,Finance,Finance - Others,81.29,,,,,,,,
3412,Lead Reclaim And Rubber Products Ltd.,LRRPL,Agriculture,Rubber  Products,81.29,,,,,,,,
3413,Shalimar Wires Industries Ltd.,SHALIWIR,Non - Ferrous Metals,Metal - Non Ferrous,81.28,,,,,,,,
3414,Ashapura Logistics Ltd.,ASHALOG,Logistics,Logistics,81.27,,,,,,,,
3415,Athena Global Technologies Ltd.,ATHENAGLO,Information Technology,IT - Software,80.78,,,,,,,,
3416,Universal Starch-Chem Allied Ltd.,UNIVSTAR,Fast Moving Consumer Goods,Consumer Food,80.68,,,,,,,,
3417,Dynavision Ltd.,DYNAVSN,Other,Business Support,80.66,,,,,,,,
3418,Garnet Construction Ltd.,GARNET,Realty,Construction - Real Estate,80.27,,,,,,,,
3419,Nilachal Refractories Ltd.,NILACHAL,Capital Goods,Refractories,80.0,,,,,,,,
3420,NRB Industrial Bearings Ltd.,NIBL,Automobile & Ancillaries,Bearings,79.99,32.88,32.88,30.5,0.0,31.08,31.78,-0.7,-2.2
3421,Prime Industries Ltd.,PRIMIND,Fast Moving Consumer Goods,Consumer Food,79.81,,,,,,,,
3422,Onyx Biotec Ltd.,ONYX,Healthcare,Pharmaceuticals & Drugs,79.78,,,,,,,,
3423,Energy Development Company Ltd.,ENERGYDEV,Power,Power Generation/Distribution,79.7,16.66,16.7,16.31,0.0,16.35,16.5,-0.15,-0.91
3424,APT Packaging Ltd.,APTPACK,Plastic Products,Plastic Products,79.58,,,,,,,,
3425,Indian Acrylics Ltd.,INDIANACRY,Textile,Textile - Spinning,79.57,,,,,,,,
3426,Wallfort Financial Services Ltd.,WALLFORT,Finance,Finance - Stock Broking,79.55,,,,,,,,
3427,Paras Petrofils Ltd.,PARASPETRO,Textile,Textile - Manmade  Fibres,79.54,2.17,2.25,2.13,0.0,2.2,2.17,0.03,1.38
3428,Saumya Consultants Ltd.,SAUMYA,Finance,Finance - NBFC,79.53,,,,,,,,
3429,Cosco (India) Ltd.,COSCO,Trading,Trading,79.48,,,,,,,,
3430,Veekayem Fashion And Apparels Ltd.,VEEKAYEM,Textile,Textile,79.07,,,,,,,,
3431,Radhe Developers (India) Ltd.,RADHEDE,Realty,Construction - Real Estate,79.04,,,,,,,,
3432,Ultracab (India) Ltd.,ULTRACAB,Electricals,Cable,78.94,,,,,,,,
3433,Ravelcare Ltd.,RAVEL,Trading,Trading,78.91,,,,,,,,
3434,Mega Nirman & Industries Ltd.,MNIL,Realty,Construction - Real Estate,78.87,,,,,,,,
3435,Binny Mills Ltd.,BINNYMILLS,Retailing,Retailing,78.82,,,,,,,,
3436,Confidence Futuristic Energetech Ltd.,CFEL,Gas Transmission,Gas Transmission/Marketing,78.81,30.35,31.65,30.21,0.0,30.24,31.13,-0.89,-2.86
3437,JHS Svendgaard Laboratories Ltd.,JHS,Fast Moving Consumer Goods,Household & Personal Products,78.67,8.32,8.43,8.1,0.0,8.29,8.15,0.14,1.72
3438,Zenith Steel Pipes & Industries Ltd.,ZENITHSTL,Iron & Steel,Steel & Iron Products,78.54,5.32,5.8,5.32,0.0,5.41,5.36,0.05,0.93
3439,Valplast Technologies Ltd.,VALPLAST,Infrastructure,Engineering - Construction,78.51,,,,,,,,
3440,Polychem Ltd.,POLYCHEM,Chemicals,Chemicals,78.43,,,,,,,,
3441,Riba Textiles Ltd.,RIBATEX,Textile,Textile,78.28,,,,,,,,
3442,Transcorp International Ltd.,TRANSCOR,Hospitality,Travel Services,78.08,23.2,24.75,23.2,0.0,24.5,24.75,-0.25,-1.01
3443,Yuvraaj Hygiene Product Ltd.,YUVRAAJHPL,Fast Moving Consumer Goods,Household & Personal Products,77.96,,,,,,,,
3444,Technichem Organics Ltd.,TECHNICHEM,Chemicals,Chemicals,77.95,,,,,,,,
3445,Super Tannery Ltd.,SUPTANERY,Fast Moving Consumer Goods,Leather,77.74,7.73,8.77,7.31,0.0,8.77,7.31,1.46,19.97
3446,Eforu Entertainment Ltd.,EFORU,Trading,Trading,77.71,,,,,,,,
3447,Autofurnish Ltd.,AFLTD,Automobile & Ancillaries,Auto Ancillary,77.71,,,,,,,,
3448,Baba Arts Ltd.,BABA,Media & Entertainment,"Film Production, Distribution & Entertainment",77.7,,,,,,,,
3449,Sanmit Infra Ltd.,SANINFRA,Trading,Trading,77.64,,,,,,,,
3450,Indian Emulsifiers Ltd.,IEML,Chemicals,Chemicals,77.64,,,,,,,,
3451,Anirit Ventures Ltd.,ANIRIT,Textile,Textile - Weaving,77.62,,,,,,,,
3452,Fervent Synergies Ltd.,FERVENTSYN,Trading,Trading,77.6,,,,,,,,
3453,Signoria Creation Ltd.,SIGNORIA,Textile,Textile,77.56,,,,,,,,
3454,Jyoti Global Plast Ltd.,JYOTIGLOBL,Plastic Products,Plastic Products,77.5,,,,,,,,
3455,Flomic Global Logistics Ltd.,FLOMIC,Logistics,Logistics,77.45,,,,,,,,
3456,Clara Industries Ltd.,CLARA,Plastic Products,Plastic Products,77.4,,,,,,,,
3457,Vdeal System Ltd.,VDEAL,Capital Goods,Electric Equipment,77.27,,,,,,,,
3458,Nagreeka Exports Ltd.,NAGREEKEXP,Textile,Textile - Spinning,77.19,22.66,23.33,22.25,0.0,22.41,22.81,-0.4,-1.75
3459,Haryana Capfin Ltd.,HARYNACAP,Finance,Finance - Investment,77.19,,,,,,,,
3460,Sharda Ispat Ltd.,SHRDAIS,Iron & Steel,Metal - Ferrous,77.17,,,,,,,,
3461,Jumbo Bag Ltd.,JUMBO,Plastic Products,Plastic Products,77.16,,,,,,,,
3462,NCL Research & Financial Services Ltd.,NCLRESE,Finance,Finance - NBFC,77.06,,,,,,,,
3463,Modern Diagnostic & Research Centre Ltd.,MDRC,Healthcare,Hospital & Healthcare Services,77.01,,,,,,,,
3464,IEL Ltd.,INDXTRA,Agriculture,Solvent  Extraction,76.93,,,,,,,,
3465,Meera Industries Ltd.,MEERA,Textile,Textile - Machinery,76.93,,,,,,,,
3466,Maestros Electronics & Telecommunications Systems Ltd.,METSL,Telecom,Telecommunication - Equipment,76.84,,,,,,,,
3467,Thrive Future Habitats Ltd.,THRIVE,Fast Moving Consumer Goods,Household & Personal Products,76.81,,,,,,,,
3468,Accord Synergy Ltd.,ACCORD,Telecom,Telecommunication - Service  Provider,76.8,,,,,,,,
3469,Creative Castings Ltd.,CREATIVE,Automobile & Ancillaries,Castings/Forgings,76.7,,,,,,,,
3470,Zenith Drugs Ltd.,ZENITHDRUG,Healthcare,Pharmaceuticals & Drugs,76.57,,,,,,,,
3471,Tokyo Plast International Ltd.,TOKYOPLAST,Plastic Products,Plastic Products,76.49,75.46,77.94,75.45,0.0,75.88,77.5,-1.62,-2.09
3472,Sangani Hospitals Ltd.,SANGANI,Healthcare,Hospital & Healthcare Services,76.39,,,,,,,,
3473,Mangalam Alloys Ltd.,MAL,Iron & Steel,Steel & Iron Products,76.28,,,,,,,,
3474,Super Crop Safe Ltd.,SUCROSA,Chemicals,Pesticides & Agrochemicals,76.12,,,,,,,,
3475,Yajur Fibres Ltd.,YAJUR,Textile,Textile,75.99,,,,,,,,
3476,GEM Enviro Management Ltd.,GEMENVIRO,Other,Environmental Services,75.95,,,,,,,,
3477,Eros International Media Ltd.,EROSMEDIA,Media & Entertainment,"Film Production, Distribution & Entertainment",75.68,,,,,,,,
3478,Jungle Camps India Ltd.,JUNGLECAMP,Hospitality,"Hotel, Resort & Restaurants",75.66,,,,,,,,
3479,Shervani Industrial Syndicate Ltd.,SHERVANI,Realty,Construction - Real Estate,75.65,340.0,340.0,319.55,0.0,321.15,349.95,-28.8,-8.23
3480,Cambridge Technology Enterprises Ltd.,CTE,Information Technology,IT - Software,75.58,49.53,49.53,48.0,0.0,49.53,47.18,2.35,4.98
3481,Chandni Machines Ltd.,CHANDNIMACH,Retailing,Retailing,75.42,,,,,,,,
3482,Rollatainers Ltd.,ROLLT,Capital Goods,Engineering - Industrial Equipments,75.29,,,,,,,,
3483,Noida Toll Bridge Company Ltd.,NOIDATOLL,Infrastructure,Engineering - Construction,75.22,,,,,,,,
3484,PVV Infra Ltd.,PVVINFRA,Realty,Construction - Real Estate,75.03,,,,,,,,
3485,CG-VAK Software & Exports Ltd.,CGVAK,Information Technology,IT - Software,74.97,163.7,163.7,150.1,0.0,156.93,158.58,-1.65,-1.04
3486,Maxposure Ltd.,MAXPOSURE,Media & Entertainment,Advertising & Media,74.93,,,,,,,,
3487,Uma Exports Ltd.,UMAEXPORTS,Trading,Trading,74.82,,,,,,,,
3488,Eco Hotels & Resorts Ltd.,ECOHOTELS,Hospitality,"Hotel, Resort & Restaurants",74.77,,,,,,,,
3489,Ashnoor Textile Mills Ltd.,ASHNOOR,Textile,Textile,74.67,,,,,,,,
3490,Slone Infosystems Ltd.,SLONE,Trading,Trading,74.66,,,,,,,,
3491,AMPVOLTS Ltd.,AMPVOLTS,Other,Business Support,74.64,,,,,,,,
3492,Banaras Beads Ltd.,BANARBEADS,Construction Materials,Glass,74.49,114.0,114.1,112.0,0.0,112.3,114.0,-1.7,-1.49
3493,Team24 Consumer Products Ltd.,TEAM24,Fast Moving Consumer Goods,Consumer Food,74.39,,,,,,,,
3494,Advik Capital Ltd.,ADVIKCA,Finance,Finance - NBFC,74.24,1.2,1.22,1.19,0.0,1.2,1.2,0.0,0.0
3495,Greenleaf Envirotech Ltd.,GREENLEAF,Other,Environmental Services,74.23,,,,,,,,
3496,Jakharia Fabric Ltd.,JAKHARIA,Textile,Textile,73.76,,,,,,,,
3497,Comfort Fincap Ltd.,COMFINCAP,Finance,Finance - NBFC,73.74,,,,,,,,
3498,TSC India Ltd.,TSC,Hospitality,Travel Services,73.68,,,,,,,,
3499,Nakoda Group Of Industries Ltd.,NGIL,Fast Moving Consumer Goods,Consumer Food,73.57,,,,,,,,
3500,Aristo Bio-Tech and Lifescience Ltd.,ARISTO,Chemicals,Pesticides & Agrochemicals,73.52,,,,,,,,
3501,Premium Plast Ltd.,PREMIUM,Automobile & Ancillaries,Auto Ancillary,73.52,,,,,,,,
3502,Brace Port Logistics Ltd.,BRACEPORT,Logistics,Logistics,73.46,,,,,,,,
3503,ACME Resources Ltd.,ACME,Finance,Finance - NBFC,73.4,,,,,,,,
3504,Gujarat Peanut and Agri Products Ltd.,GPAPL,Agriculture,Agriculture,73.37,,,,,,,,
3505,Source Natural Foods and Herbal Supplements Ltd.,SOURCENTRL,Healthcare,Pharmaceuticals & Drugs,73.19,,,,,,,,
3506,Orient Press Ltd.,ORIENTLTD,Plastic Products,Plastic Products,73.13,,,,,,,,
3507,Auto Pins (India) Ltd.,AUTOPINS,Automobile & Ancillaries,Auto Ancillary,73.05,,,,,,,,
3508,Housing Development And Infrastructure Ltd.,HDIL,Realty,Construction - Real Estate,73.0,,,,,,,,
3509,Sungarner Energies Ltd.,SEL,Power,Power Generation/Distribution,72.99,,,,,,,,
3510,Pioneer Embroideries Ltd.,PIONEEREMB,Textile,Textile - Spinning,72.97,22.39,22.39,21.68,0.0,21.71,21.76,-0.05,-0.23
3511,Capital Trust Ltd.,CAPTRUST,Finance,Finance - NBFC,72.97,,,,,,,,
3512,Saptarishi Agro Industries Ltd.,SPTRSHI,Trading,Trading,72.9,,,,,,,,
3513,Betex India Ltd.,BETXIND,Textile,Textile - Manmade  Fibres,72.9,,,,,,,,
3514,Hiliks Technologies Ltd.,HILIKS,Information Technology,IT - Software,72.85,,,,,,,,
3515,Riddhi Corporate Services Ltd.,RIDDHICORP,Information Technology,BPO/ITeS,72.8,,,,,,,,
3516,Diksha Polymers Ltd.,DIKSHA,Plastic Products,Plastic Products,72.75,,,,,,,,
3517,TPI India Ltd.,TPINDIA,Plastic Products,Plastic Products,72.74,,,,,,,,
3518,Accuracy Shipping Ltd.,ACCURACY,Logistics,Logistics,72.72,,,,,,,,
3519,HM Electro Mech Ltd.,HMEML,Infrastructure,Engineering - Construction,72.61,,,,,,,,
3520,Gemstone Investments Ltd.,GEMSI,Finance,Finance - NBFC,72.59,,,,,,,,
3521,Jayant Infratech Ltd.,JAYANT,Infrastructure,Engineering - Construction,72.57,,,,,,,,
3522,Sky Industries Ltd.,SKYIND,Textile,Textile,72.55,,,,,,,,
3523,Accel Ltd.,ACCEL,Consumer Durables,IT - Hardware,72.55,,,,,,,,
3524,Amrapali Capital & Finance Services Ltd.,ACFSL,Finance,Finance - Stock Broking,72.46,,,,,,,,
3525,Gowra Leasing & Finance Ltd.,GOWRALE,Finance,Finance - NBFC,72.44,,,,,,,,
3526,Simran Farms Ltd.,SIMRAN,Agriculture,Agriculture,72.41,,,,,,,,
3527,Malpani Pipes And Fittings Ltd.,MALPANI,Plastic Products,Plastic Products,72.21,,,,,,,,
3528,Vineet Laboratories Ltd.,VINEETLAB,Healthcare,Pharmaceuticals & Drugs,72.02,37.54,38.68,37.1,0.0,37.81,38.49,-0.68,-1.77
3529,Himalaya Food lnternational Ltd.,HFIL,Agriculture,Agriculture,71.99,,,,,,,,
3530,Aakaar Medical Technologies Ltd.,AAKAAR,Trading,Trading,71.86,,,,,,,,
3531,Consecutive Commodities Ltd.,CCDL,Trading,Trading,71.75,,,,,,,,
3532,Touchwood Entertainment Ltd.,TOUCHWOOD,Other,Professional Services,71.74,61.8,62.99,61.8,0.0,62.92,61.8,1.12,1.81
3533,Samrat Pharmachem Ltd.,SAMRATPH,Healthcare,Pharmaceuticals & Drugs,71.43,,,,,,,,
3534,Cura Technologies Ltd.,CURAA,Information Technology,IT - Software,71.28,78.5,78.5,71.6,0.0,72.59,77.47,-4.88,-6.3
3535,IL&FS Transportation Networks Ltd.,IL&FSTRANS,Infrastructure,Engineering - Construction,71.06,,,,,,,,
3536,Continental Petroleums Ltd.,CONTPTR,Crude Oil,Refineries,71.03,,,,,,,,
3537,Shri Hare-Krishna Sponge Iron Ltd.,SHKSIL,Iron & Steel,Steel/Sponge Iron/Pig Iron,71.01,,,,,,,,
3538,SKP Securities Ltd.,SKPSEC,Finance,Finance - Stock Broking,70.81,,,,,,,,
3539,Gujarat Hotels Ltd.,GUJHOTE,Hospitality,"Hotel, Resort & Restaurants",70.81,,,,,,,,
3540,Mizzen Ventures Ltd.,MIZVEN,Infrastructure,Engineering - Construction,70.67,,,,,,,,
3541,Abhinav Capital Services Ltd.,ABHICAP,Finance,Finance - NBFC,70.67,,,,,,,,
3542,Raj Oil Mills Ltd.,ROML,Fast Moving Consumer Goods,Edible Oil,70.46,45.44,45.44,43.35,0.0,43.6,43.77,-0.17,-0.39
3543,Integrity Infrabuild Developers Ltd.,INTEGRITY,Infrastructure,Engineering - Construction,70.4,,,,,,,,
3544,Cranex Ltd.,CRANEX,Capital Goods,Engineering - Industrial Equipments,70.24,,,,,,,,
3545,Odigma Consultancy Solutions Ltd.,ODIGMA,Information Technology,IT - Software,70.18,22.27,22.88,22.2,0.0,22.51,22.26,0.25,1.12
3546,Ritesh International Ltd.,RITESHIN,Chemicals,Chemicals,70.13,,,,,,,,
3547,Mysore Petro Chemicals Ltd.,MYSORPETRO,Trading,Trading,69.96,174.0,182.03,161.21,0.0,166.11,165.49,0.62,0.37
3548,Ajooni Biotech Ltd.,AJOONI,Fast Moving Consumer Goods,Animal Feed,69.96,3.75,3.85,3.55,0.0,3.72,3.75,-0.03,-0.8
3549,Sunil Healthcare Ltd.,SUNLOC,Chemicals,Chemicals,69.92,68.0,69.0,67.55,0.0,69.0,68.0,1.0,1.47
3550,Dhanlaxmi Cotex Ltd.,DHANCOT,Finance,Finance - Investment,69.9,,,,,,,,
3551,Shantai Industries Ltd.,SHANTAI,Trading,Trading,69.89,,,,,,,,
3552,Shine Fashion (India) Ltd.,SHINEFASH,Trading,Trading,69.85,,,,,,,,
3553,Swarnsarita Jewels India Ltd.,SWARNSAR,Diamond & Jewellery,Diamond  &  Jewellery,69.69,32.0,35.0,32.0,0.0,34.19,34.56,-0.37,-1.07
3554,Bonlon Industries Ltd.,BONLON,Non - Ferrous Metals,Metal - Non Ferrous,69.63,40.0,43.78,38.8,0.0,39.37,40.88,-1.51,-3.69
3555,Bharat Immunologicals & Biologicals Corporation Ltd.,BIBCL,Healthcare,Pharmaceuticals & Drugs,69.52,,,,,,,,
3556,Classic Leasing & Finance Ltd.,CLFL,Finance,Finance - NBFC,69.34,,,,,,,,
3557,Chatterbox Technologies Ltd.,CHTR,Other,Professional Services,69.3,,,,,,,,
3558,Prakash Steelage Ltd.,PRAKASHSTL,Iron & Steel,Steel & Iron Products,69.3,3.94,4.0,3.9,0.0,3.91,3.93,-0.02,-0.51
3559,Alkali Metals Ltd.,ALKALI,Chemicals,Chemicals,69.24,,,,,,,,
3560,Eiko Lifesciences Ltd.,EIKO,Chemicals,Chemicals,69.06,,,,,,,,
3561,Harikanta Overseas Ltd.,HARIKANTA,Textile,Textile,68.96,,,,,,,,
3562,Gautam Exim Ltd.,GEL,Trading,Trading,68.89,,,,,,,,
3563,Rachana Infrastructure Ltd.,RILINFRA,Infrastructure,Engineering - Construction,68.84,,,,,,,,
3564,Joindre Capital Services Ltd.,JOINDRE,Finance,Finance - Stock Broking,68.75,,,,,,,,
3565,Divyadhan Recycling Industries Ltd.,DIVYADHAN,Textile,Textile - Manmade  Fibres,68.67,,,,,,,,
3566,Kamadgiri Fashion Ltd.,KAMADGIRI,Textile,Textile - Manmade  Fibres,68.67,,,,,,,,
3567,Saj Hotels Ltd.,SAJHOTELS,Hospitality,"Hotel, Resort & Restaurants",68.53,,,,,,,,
3568,Virat Crane Industries Ltd.,VIRATCRA,Fast Moving Consumer Goods,Consumer Food,68.4,,,,,,,,
3569,Siddhi Cotspin Ltd.,SIDDHICOTS,Textile,Textile - Spinning,68.34,,,,,,,,
3570,Chrome Silicon Ltd.,CHROME,Ferro Manganese,Ferro & Silica Manganese,68.17,,,,,,,,
3571,Asston Pharmaceuticals Ltd.,APL,Healthcare,Pharmaceuticals & Drugs,68.06,,,,,,,,
3572,ANI Integrated Services Ltd.,AISL,Diversified,Diversified,67.79,,,,,,,,
3573,BEW Engineering Ltd.,BEWLTD,Capital Goods,Engineering - Industrial Equipments,67.65,,,,,,,,
3574,Softrak Venture Investment Ltd.,SOFTRAKV,Finance,Finance - Investment,67.62,,,,,,,,
3575,Damodar Industries Ltd.,DAMODARIND,Textile,Textile - Spinning,67.55,,,,,,,,
3576,Garment Mantra Lifestyle Ltd.,GARMNTMNTR,Textile,Textile,67.52,,,,,,,,
3577,Atam Valves Ltd.,ATAM,Capital Goods,Engineering - Industrial Equipments,67.28,56.01,57.49,53.53,0.0,54.21,55.53,-1.32,-2.38
3578,GV Films Ltd.,GVFILM,Media & Entertainment,"Film Production, Distribution & Entertainment",67.13,,,,,,,,
3579,Omfurn India Ltd.,OMFURN,Fast Moving Consumer Goods,Household & Personal Products,67.11,,,,,,,,
3580,GS Auto International Ltd.,GSAUTO,Automobile & Ancillaries,Auto Ancillary,67.1,,,,,,,,
3581,Addictive Learning Technology Ltd.,ADDICTIVE,Other,Educational Institutions,67.06,,,,,,,,
3582,LCC Infotech Ltd.,LCCINFOTEC,Information Technology,IT - Education,66.93,3.67,3.73,3.41,0.0,3.55,3.67,-0.12,-3.27
3583,Kesar Enterprises Ltd.,KESARENT,Agriculture,Sugar,66.73,,,,,,,,
3584,Digidrive Distributors Ltd.,DIGIDRIVE,Retailing,Retailing,66.71,17.12,18.0,17.12,0.0,17.9,17.26,0.64,3.71
3585,Innovative Tyres & Tubes Ltd.,ITTL,Automobile & Ancillaries,Tyres & Allied,66.6,,,,,,,,
3586,Samay Project Services Ltd.,SAMAY,Capital Goods,Engineering,66.54,,,,,,,,
3587,Khaitan (India) Ltd.,KHAITANLTD,Consumer Durables,Consumer Durables - Electronics,66.5,145.45,149.0,143.0,0.0,147.95,146.94,1.01,0.69
3588,Vilin Bio Med Ltd.,VILINBIO,Healthcare,Pharmaceuticals & Drugs,66.34,,,,,,,,
3589,Rajgor Castor Derivatives Ltd.,RCDL,Agriculture,Agriculture,66.25,,,,,,,,
3590,DAR Credit & Capital Ltd.,DCCL,Finance,Finance - NBFC,66.24,,,,,,,,
3591,Kesar Terminals & Infrastructure Ltd.,KTIL,Logistics,Logistics,66.11,,,,,,,,
3592,Crayons Advertising Ltd.,CRAYONS,Media & Entertainment,Advertising & Media,65.96,,,,,,,,
3593,Shekhawati Industries Ltd.,SHEKHAWATI,Textile,Textile - Spinning,65.91,,,,,,,,
3594,Everlon Financials Ltd.,EVERFIN,Textile,Textile - Spinning,65.88,,,,,,,,
3595,Aditya Ultra Steel Ltd.,AUSL,Iron & Steel,Steel & Iron Products,65.81,,,,,,,,
3596,Steelman Telecom Ltd.,STML,Telecom,Telecommunication - Service  Provider,65.8,,,,,,,,
3597,Filtra Consultants and Engineers Ltd.,FILTRA,Trading,Trading,65.78,,,,,,,,
3598,SGL Resources Ltd.,SGLRES,Photographic Product,Photographic Products,65.63,2.44,2.51,2.36,0.0,2.45,2.45,0.0,0.0
3599,Milton Industries Ltd.,MILTON,Construction Materials,Laminates/Decoratives,65.6,,,,,,,,
3600,Swastika Castal Ltd.,SWASTIKAAL,Automobile & Ancillaries,Castings/Forgings,65.59,,,,,,,,
3601,Vikram Kamats Hospitality Ltd.,KAMATS,Hospitality,Restaurants,65.55,,,,,,,,
3602,Kkalpana lndustries (India) Ltd.,KKALPANAIND,Plastic Products,Plastic Products,65.47,,,,,,,,
3603,HB Portfolio Ltd.,HBPOR,Finance,Finance - Investment,65.44,62.0,63.99,61.15,0.0,61.71,61.92,-0.21,-0.34
3604,Shristi Infrastructure Development Corporation Ltd,SHRISTI,Realty,Construction - Real Estate,65.27,,,,,,,,
3605,Kothari Fermentation & Biochem Ltd.,KFBL,Fast Moving Consumer Goods,Consumer Food,65.25,,,,,,,,
3606,Alkosign Ltd.,ALKOSIGN,Construction Materials,Wood & Wood Products,65.08,,,,,,,,
3607,SPA Capital Services Ltd.,SPACAPS,Finance,Finance - Investment,64.87,,,,,,,,
3608,Parsvnath Developers Ltd.,PARSVNATH,Realty,Construction - Real Estate,64.84,,,,,,,,
3609,Shree Balaji (Mala) Textiles Ltd.,MALA,Textile,Textile,64.83,,,,,,,,
3610,Banas Finance Ltd.,BANASFN,Finance,Finance - NBFC,64.68,,,,,,,,
3611,Universal Auto Foundry Ltd.,UNIAUTO,Automobile & Ancillaries,Castings/Forgings,64.66,,,,,,,,
3612,Bampsl Securities Ltd.,BAMPSL,Finance,Finance - NBFC,64.63,,,,,,,,
3613,RKEC Projects Ltd.,RKEC,Infrastructure,Engineering - Construction,64.6,22.1,23.5,22.0,0.0,22.47,22.6,-0.13,-0.58
3614,Sunrise Efficient Marketing Ltd.,SEML,Trading,Trading,64.49,,,,,,,,
3615,Mohini Health & Hygiene Ltd.,MHHL,Textile,Textile,64.37,,,,,,,,
3616,Delta Manufacturing Ltd.,DELTAMAGNT,Capital Goods,Electric Equipment,64.33,59.69,59.69,56.85,0.0,58.49,58.27,0.22,0.38
3617,Leading Leasing Finance And Investment Co Ltd.,LLFICL,Finance,Finance - NBFC,64.25,,,,,,,,
3618,Suntech Infra Solutions Ltd.,SUNTECH,Infrastructure,Engineering - Construction,64.19,,,,,,,,
3619,Tanvi Foods (India) Ltd.,TANVI,Fast Moving Consumer Goods,Consumer Food,64.16,,,,,,,,
3620,Oceanic Foods Ltd.,OCEANIC,Fast Moving Consumer Goods,Consumer Food,64.13,,,,,,,,
3621,Gensol Engineering Ltd.,GENSOL,Infrastructure,Engineering - Construction,64.09,,,,,,,,
3622,Royal India Corporation Ltd.,ROYALIND,Diamond & Jewellery,Diamond  &  Jewellery,64.06,,,,,,,,
3623,Gujarat Toolroom Ltd.,GUJTLRM,Capital Goods,Engineering,64.05,,,,,,,,
3624,AVSL Industries Ltd.,AVSL,Chemicals,Chemicals,63.81,,,,,,,,
3625,Constronics Infra Ltd.,CONSTRONIC,Infrastructure,Engineering - Construction,63.77,,,,,,,,
3626,K2 Infragen Ltd.,K2INFRA,Infrastructure,Engineering - Construction,63.72,,,,,,,,
3627,Punjab Communications Ltd.,PUNJCOMMU,Telecom,Telecommunication - Equipment,63.72,,,,,,,,
3628,Capfin India Ltd.,CAPFIN,Finance,Finance - Investment,63.7,,,,,,,,
3629,Essex Marine Ltd.,ESSEX,Fast Moving Consumer Goods,Consumer Food,63.7,,,,,,,,
3630,Identixweb Ltd.,IDENTIXWEB,Information Technology,IT - Software,63.69,,,,,,,,
3631,Facor Alloys Ltd.,FACORALL,Ferro Manganese,Ferro & Silica Manganese,63.55,,,,,,,,
3632,Real Touch Finance Ltd.,RTFL,Finance,Finance - Investment,63.46,,,,,,,,
3633,Jetking Infotrain Ltd.,JETKINGQ,Information Technology,IT - Education,63.41,,,,,,,,
3634,Newjaisa Technologies Ltd.,NEWJAISA,Trading,Trading,63.32,,,,,,,,
3635,Teesta Agro Industries Ltd.,TEEAI,Chemicals,Fertilizers,63.31,,,,,,,,
3636,Edvenswa Enterprises Ltd.,EDVENSWA,Electricals,Electronics - Components,63.14,,,,,,,,
3637,Agri-Tech (India) Ltd.,AGRITECH,Agriculture,Agriculture,63.02,101.64,105.0,101.01,0.0,103.02,102.16,0.86,0.84
3638,Growington Ventures India Ltd.,GROWINGTON,Hospitality,Travel Services,62.94,,,,,,,,
3639,Danube Industries Ltd.,DANUBE,Trading,Trading,62.78,,,,,,,,
3640,Aris International Ltd.,ARISINT,Information Technology,IT - Software,62.71,,,,,,,,
3641,Atlas Cycles (Haryana) Ltd.,ATLASCYCLE,Automobile & Ancillaries,Cycles,62.7,97.0,98.5,96.25,0.0,97.45,97.95,-0.5,-0.51
3642,Adtech Systems Ltd.,ADTECH,Miscellaneous,Miscellaneous,62.64,,,,,,,,
3643,Palred Technologies Ltd.,PALREDTEC,Information Technology,IT - Software,62.63,,,,,,,,
3644,Alcokraft Distilleries Ltd.,ALCODIS,Alcohol,Breweries & Distilleries,62.58,,,,,,,,
3645,Hariyana Ship Breakers Ltd.,HRYNSHP,Logistics,Shipping,62.56,99.05,103.49,96.0,0.0,99.86,101.0,-1.14,-1.13
3646,Future Market Networks Ltd.,FMNL,Other,Business Support,62.56,,,,,,,,
3647,Ema India Ltd.,EMAINDIA,Capital Goods,Engineering - Industrial Equipments,62.46,,,,,,,,
3648,Tahmar Enterprises Ltd.,TAHMARENT,Alcohol,Breweries & Distilleries,62.32,,,,,,,,
3649,Retina Paints Ltd.,RETINA,Chemicals,Paints,62.22,,,,,,,,
3650,Restile Ceramics Ltd.,RESTILE,Construction Materials,Ceramics/Marble/Granite/Sanitaryware,62.11,,,,,,,,
3651,Ceejay Finance Ltd.,CEEJAY,Finance,Finance - NBFC,62.1,,,,,,,,
3652,Hind Aluminium Industries Ltd.,HINDALUMI,Non - Ferrous Metals,Aluminium & Aluminium Products,62.09,100.0,103.0,98.02,0.0,98.18,98.81,-0.63,-0.64
3653,Skyline Millars Ltd.,SKYLMILAR,Realty,Construction - Real Estate,61.91,,,,,,,,
3654,Paramatrix Technologies Ltd.,PARAMATRIX,Information Technology,IT - Software,61.87,,,,,,,,
3655,Kranti Industries Ltd.,KRANTI,Automobile & Ancillaries,Auto Ancillary,61.86,,,,,,,,
3656,Transwarranty Finance Ltd.,TFL,Finance,Finance - NBFC,61.84,11.3,11.87,11.22,0.0,11.26,11.3,-0.04,-0.35
3657,Dutron Polymers Ltd.,DUTRON,Plastic Products,Plastic Products,61.77,,,,,,,,
3658,Shanti Spintex Ltd.,SHANTIDENM,Textile,Textile,61.73,,,,,,,,
3659,Securekloud Technologies Ltd.,SECURKLOUD,Information Technology,IT - Software,61.54,18.2,18.2,17.41,0.0,17.68,18.24,-0.56,-3.07
3660,Mishka Exim Ltd.,MISHKA,Trading,Trading,61.51,,,,,,,,
3661,Minolta Finance Ltd.,MINOLTAF,Finance,Finance - NBFC,61.5,,,,,,,,
3662,Bombay Cycle & Motor Agency Ltd.,BOMBCYC,Automobile & Ancillaries,Automobile Two & Three Wheelers,61.41,,,,,,,,
3663,Satchmo Holdings Ltd.,SATCH,Realty,Construction - Real Estate,61.4,,,,,,,,
3664,Indrayani Biotech Ltd.,INDRANIB,Diversified,Diversified,61.36,,,,,,,,
3665,Ravileela Granites Ltd.,RALEGRA,Construction Materials,Ceramics/Marble/Granite/Sanitaryware,61.35,,,,,,,,
3666,Grill Splendour Services Ltd.,BIRDYS,Retailing,Retailing,61.26,,,,,,,,
3667,Icon Facilitators Ltd.,ICON,Other,Business Support,61.25,,,,,,,,
3668,Paramount Speciality Forgings Ltd.,PSFL,Automobile & Ancillaries,Forgings,61.11,,,,,,,,
3669,MR Maniveni Foods Ltd.,MANIVENI,Fast Moving Consumer Goods,Consumer Food,61.01,,,,,,,,
3670,Ceeta Industries Ltd.,CEETAIN,Fast Moving Consumer Goods,Consumer Food,60.88,,,,,,,,
3671,Trust Fintech Ltd.,TRUST,Information Technology,IT - Software,60.87,,,,,,,,
3672,Odyssey Corporation Ltd.,ODYCORP,Finance,Finance - Investment,60.86,7.2,7.7,7.1,0.0,7.49,7.23,0.26,3.6
3673,Artemis ADR Marketplace Ltd.,ARTEMISADR,Trading,Trading,60.86,,,,,,,,
3674,Palco Metals Ltd.,PALCO,Non - Ferrous Metals,Aluminium & Aluminium Products,60.82,,,,,,,,
3675,Popular Foundations Ltd.,PFL,Infrastructure,Engineering - Construction,60.73,,,,,,,,
3676,Conart Engineers Ltd.,CONART,Infrastructure,Engineering - Construction,60.69,,,,,,,,
3677,Dhruva Capital Services Ltd.,DHRUVCA,Finance,Finance - NBFC,60.65,,,,,,,,
3678,Elixir Capital Ltd.,ELIXIR,Finance,Finance - Investment,60.54,,,,,,,,
3679,F Mec International Financial Services Ltd.,FMEC,Finance,Finance - NBFC,60.54,,,,,,,,
3680,Gayatri Sugars Ltd.,GAYATRI,Agriculture,Sugar,60.48,,,,,,,,
3681,Telogica Ltd.,TELOGICA,Telecom,Telecommunication - Equipment,60.42,,,,,,,,
3682,Arman Holdings Ltd.,ARMAN,Trading,Trading,60.36,,,,,,,,
3683,My Money Securities Ltd.,MYMONEY,Finance,Finance - Stock Broking,60.03,,,,,,,,
3684,Ganesha Ecoverse Ltd.,GANVERSE,Trading,Trading,60.01,,,,,,,,
3685,Odyssey Technologies Ltd.,ODYSSEY,Information Technology,IT - Software,59.97,,,,,,,,
3686,WAA Solar Ltd.,WAA,Power,Power Generation/Distribution,59.97,,,,,,,,
3687,BLS Infotech Ltd.,BLSINFOTE,Information Technology,IT - Software,59.96,,,,,,,,
3688,RR Metalmakers India Ltd.,RRMETAL,Trading,Trading,59.87,,,,,,,,
3689,New Markets Avenue Ltd.,NEWMKTAVE,Information Technology,IT - Software,59.81,,,,,,,,
3690,MAC Hotels Ltd.,MACH,Hospitality,"Hotel, Resort & Restaurants",59.75,,,,,,,,
3691,Marco Cables & Conductors Ltd.,MARCO,Electricals,Cable,59.74,,,,,,,,
3692,Icodex Publishing Solutions Ltd.,ICODEX,Information Technology,IT - Software,59.73,,,,,,,,
3693,Gayatri Bio Organics Ltd.,GAYATRIBI,Fast Moving Consumer Goods,Consumer Food,59.64,,,,,,,,
3694,Lakhotia Polyesters (India) Ltd.,LAKHOTIA,Textile,Textile - Manmade  Fibres,59.6,,,,,,,,
3695,Sagarsoft (India) Ltd.,SAGARSOFT,Other,Professional Services,59.45,,,,,,,,
3696,Dhanalaxmi Roto Spinners Ltd.,DHANROTO,Trading,Trading,59.28,,,,,,,,
3697,Bhaskar Agrochemicals Ltd.,BHASKAGR,Chemicals,Pesticides & Agrochemicals,59.26,,,,,,,,
3698,Kasturi Metal Composite Ltd.,KASTURI,Iron & Steel,Steel & Iron Products,59.25,,,,,,,,
3699,Aanjaay Industries Ltd.,KABRADG,Healthcare,Pharmaceuticals & Drugs,59.22,,,,,,,,
3700,Rudra Gas Enterprise Ltd.,RUDRAGAS,Gas Transmission,Gas Transmission/Marketing,59.2,,,,,,,,
3701,Riyaasat Lifestyle Ltd.,RIYAASAT,Textile,Textile,59.09,,,,,,,,
3702,Digikore Studios Ltd.,DIGIKORE,Media & Entertainment,"Film Production, Distribution & Entertainment",58.86,,,,,,,,
3703,ABM International Ltd.,ABMINTLLTD,Trading,Trading,58.74,,,,,,,,
3704,HandsOn Global Management (HGM) Ltd.,HGM,Information Technology,BPO/ITeS,58.62,45.0,45.99,44.01,0.0,44.72,44.96,-0.24,-0.53
3705,Mangal Compusolution Ltd.,MANGALCOMP,Consumer Durables,IT - Hardware,58.51,,,,,,,,
3706,Starlog Enterprises Ltd.,STARLOG,Other,Business Support,58.43,,,,,,,,
3707,Lamosaic India Ltd.,LAMOSAIC,Trading,Trading,58.41,,,,,,,,
3708,Shanmuga Hospital Ltd.,SHANMUGA,Healthcare,Hospital & Healthcare Services,58.39,,,,,,,,
3709,Supreme Engineering Ltd.,SUPREMEENG,Iron & Steel,Steel & Iron Products,58.24,,,,,,,,
3710,BDR Buildcon Ltd.,BDR,Realty,Construction - Real Estate,58.24,,,,,,,,
3711,Swati Projects Ltd.,SWATIPRO,Finance,Finance - NBFC,58.23,,,,,,,,
3712,Winsome Breweries Ltd.,WINSOMBR,Alcohol,Breweries & Distilleries,58.16,,,,,,,,
3713,Shentracon Chemicals Ltd.,SHENTRA,Chemicals,Chemicals,58.1,,,,,,,,
3714,Hardcastle & Waud Manufacturing Company Ltd.,HARDCAS,Chemicals,Chemicals,58.1,,,,,,,,
3715,Anmol India Ltd.,ANMOL,Trading,Trading,58.05,9.93,10.14,9.93,0.0,10.02,10.11,-0.09,-0.89
3716,Mehul Colours Ltd.,MEHUL,Chemicals,Dyes & Pigments,58.01,,,,,,,,
3717,3P Land Holdings Ltd.,3PLAND,Finance,Finance - Investment,57.92,31.8,32.3,31.5,0.0,32.11,31.6,0.51,1.61
3718,Trescon Ltd.,TRESCON,Agriculture,Floriculture,57.88,,,,,,,,
3719,Vasundhara Rasayans Ltd.,VRL,Healthcare,Pharmaceuticals & Drugs,57.84,,,,,,,,
3720,E-Land Apparel Ltd.,ELAND,Textile,Textile,57.54,,,,,,,,
3721,Shreeji Translogistics Ltd.,STL,Logistics,Logistics,57.37,,,,,,,,
3722,Capricorn Systems Global Solutions Ltd.,CAPRICORN,Information Technology,IT - Software,57.12,,,,,,,,
3723,Nexxus Petro Industries Ltd.,NEXXUS,Crude Oil,Petrochemicals,56.99,,,,,,,,
3724,Synoptics Technologies Ltd.,SYNOPTICS,Trading,Trading,56.9,,,,,,,,
3725,Gujarat Poly Electronics Ltd.,GUJARATPOLY,Electricals,Electronics - Components,56.89,,,,,,,,
3726,Arvind Port and Infra Ltd.,ARVINDPORT,Logistics,Shipping,56.69,,,,,,,,
3727,Kiaasa Retail Ltd.,KIAASA,Retailing,Retailing,56.68,,,,,,,,
3728,Unisem Agritech Ltd.,UNISEM,Agriculture,Agriculture,56.66,,,,,,,,
3729,Share Samadhan Ltd.,SSL,Other,Professional Services,56.6,,,,,,,,
3730,Genpharmasec Ltd.,GENPHARMA,Trading,Trading,56.48,,,,,,,,
3731,Warren Tea Ltd.,WARRENTEA,Agriculture,Tea/Coffee,56.43,,,,,,,,
3732,Adroit Infotech Ltd.,ADROITINFO,Information Technology,IT - Software,56.35,9.96,10.64,9.96,0.0,10.04,10.23,-0.19,-1.86
3733,Balkrishna Paper Mills Ltd.,BALKRISHNA,Paper,Paper & Paper Products,56.26,17.3,17.5,17.25,0.0,17.27,17.3,-0.03,-0.17
3734,Shining Tools Ltd.,SHTL,Capital Goods,Engineering - Industrial Equipments,56.1,,,,,,,,
3735,Flex Foods Ltd.,FLEXFO,Fast Moving Consumer Goods,Consumer Food,56.04,,,,,,,,
3736,Fortune International Ltd.,FORINTL,Trading,Trading,56.04,,,,,,,,
3737,Royale Manor Hotels & Industries Ltd.,RAYALEMA,Hospitality,"Hotel, Resort & Restaurants",56.03,,,,,,,,
3738,Regis Industries Ltd.,REGIS,Finance,Finance - NBFC,56.01,,,,,,,,
3739,Ladderup Finance Ltd.,LADDERUP,Finance,Finance - NBFC,55.98,51.5,51.5,47.0,0.0,50.8,49.25,1.55,3.15
3740,Agro Phos India Ltd.,AGROPHOS,Chemicals,Fertilizers,55.41,26.53,26.53,25.11,0.0,25.74,26.01,-0.27,-1.04
3741,Aditya Consumer Marketing Ltd.,ACML,Retailing,Retailing,55.24,,,,,,,,
3742,Panth Infinity Ltd.,PANTH,Trading,Trading,55.21,,,,,,,,
3743,Perfectpac Ltd.,PERFEPA,Paper,Paper & Paper Products,55.21,,,,,,,,
3744,Anubhav Plast Ltd.,ANUBHAV,Iron & Steel,Steel & Iron Products,55.0,,,,,,,,
3745,Apoorva Leasing Finance And Investment Company Ltd,APOORVA,Finance,Finance - Investment,54.93,0.0,28.05,26.51,0.0,26.51,26.51,0.0,0.0
3746,Shayona Engineering Ltd.,SHAYONAENG,Automobile & Ancillaries,Castings/Forgings,54.9,,,,,,,,
3747,Teamo Productions HQ Ltd.,TPHQ,Infrastructure,Engineering - Construction,54.81,,,,,,,,
3748,Ramgopal Polytex Ltd.,RAMGOPOLY,Trading,Trading,54.75,,,,,,,,
3749,Mantra Capital Ltd.,MANTRA,Finance,Finance - NBFC,54.73,,,,,,,,
3750,India Cements Capital Ltd.,INDCEMCAP,Finance,Finance - NBFC,54.63,,,,,,,,
3751,Hilltone Software & Gases Ltd.,HILLTONE,Industrials Gases & Fuels,Industrial  Gases & Fuels,54.56,,,,,,,,
3752,Refractory Shapes Ltd.,REFRACTORY,Capital Goods,Refractories,54.5,,,,,,,,
3753,Supreme Facility Management Ltd.,SFML,Other,Professional Services,54.5,,,,,,,,
3754,Ansal Properties & Infrastructure Ltd.,ANSALAPI,Realty,Construction - Real Estate,54.46,,,,,,,,
3755,Vishal Bearings Ltd.,VISHALBL,Automobile & Ancillaries,Bearings,54.42,,,,,,,,
3756,Mega Corporation Ltd.,MEGACOR,Finance,Finance - NBFC,54.4,,,,,,,,
3757,Shreyas Intermediates Ltd.,SHREYASI,Chemicals,Dyes & Pigments,54.34,,,,,,,,
3758,Dhansa Labs Ltd.,DHANSA,Chemicals,Pesticides & Agrochemicals,54.08,,,,,,,,
3759,Jigar Cables Ltd.,JIGAR,Electricals,Cable,54.07,,,,,,,,
3760,Mohite Industries Ltd.,MOHITE,Textile,Textile - Spinning,53.87,2.35,2.65,2.35,0.0,2.52,2.52,0.0,0.0
3761,KSR Footwear Ltd.,KSR,Retailing,Footwear,53.81,28.0,28.49,27.0,0.0,28.2,27.42,0.78,2.84
3762,Ansal Buildwell Ltd.,ANSALBU,Realty,Construction - Real Estate,53.75,75.0,75.0,73.0,0.0,73.5,73.0,0.5,0.68
3763,SSMD Agrotech India Ltd.,SSMD,Trading,Trading,53.73,,,,,,,,
3764,Hybrid Financial Services Ltd.,HYBRIDFIN,Finance,Finance - NBFC,53.72,,,,,,,,
3765,Axel Polymers Ltd.,AXELPOLY,Plastic Products,Plastic Products,53.63,,,,,,,,
3766,Naman Industries Proxima Ltd.,NAMAN,Fast Moving Consumer Goods,Household & Personal Products,53.51,,,,,,,,
3767,Shlokka Dyes Ltd.,SHLOKKA,Chemicals,Dyes & Pigments,53.46,,,,,,,,
3768,Krypton Industries Ltd.,KRYPTONQ,Diversified,Diversified,53.38,,,,,,,,
3769,DhanSafal Finserve Ltd.,DHANSAFAL,Finance,Finance - NBFC,53.38,,,,,,,,
3770,Malu Paper Mills Ltd.,MALUPAPER,Paper,Paper & Paper Products,53.31,31.49,32.19,31.11,0.0,31.24,31.11,0.13,0.42
3771,Sampre Nutritions Ltd.,SAMPRE,Fast Moving Consumer Goods,Consumer Food,53.3,,,,,,,,
3772,Hira Automobiles Ltd.,HIRAUTO,Trading,Trading,53.14,,,,,,,,
3773,Biofil Chemicals & Pharmaceuticals Ltd.,BIOFILCHEM,Trading,Trading,53.12,30.63,31.45,30.12,0.0,30.26,30.78,-0.52,-1.69
3774,Acrow India Ltd.,ACROW,Trading,Trading,53.11,,,,,,,,
3775,Jamshri Realty Ltd.,JAMSHRI,Textile,Textile,53.1,,,,,,,,
3776,Suvidhaa Infoserve Ltd.,SUVIDHAA,Information Technology,Fintech,53.08,2.38,2.46,2.29,0.0,2.32,2.41,-0.09,-3.73
3777,VSF Projects Ltd.,VSFPROJ,Infrastructure,Engineering - Construction,52.98,,,,,,,,
3778,MKP Mobility Ltd.,MKPMOB,Textile,Textile - Spinning,52.85,,,,,,,,
3779,Pankaj Polymers Ltd.,PANKAJPO,Plastic Products,Plastic Products,52.81,,,,,,,,
3780,Rulka Electricals Ltd.,RULKA,Capital Goods,Electric Equipment,52.81,,,,,,,,
3781,Delta Autocorp Ltd.,DELTIC,Automobile & Ancillaries,Automobile Two & Three Wheelers,52.75,,,,,,,,
3782,Srestha Finvest Ltd.,SRESTHA,Finance,Finance - Investment,52.73,,,,,,,,
3783,Kemistar Corporation Ltd.,KEMISTAR,Trading,Trading,52.71,,,,,,,,
3784,Cella Space Ltd.,CELLA,Other,Business Support,52.68,,,,,,,,
3785,Bheema Cements Ltd.,BHEEMACEM,Construction Materials,Cement & Construction Materials,52.67,,,,,,,,
3786,Saboo Sodium Chloro Ltd.,SABOOSOD,Fast Moving Consumer Goods,Consumer Food,52.67,,,,,,,,
3787,Phaarmasia Ltd.,PHRMASI,Healthcare,Pharmaceuticals & Drugs,52.57,,,,,,,,
3788,City Crops Agro Ltd.,CCAL,Trading,Trading,52.54,,,,,,,,
3789,Nandani Creation Ltd.,JAIPURKURT,Textile,Textile,52.48,27.85,27.85,26.52,0.0,26.86,27.26,-0.4,-1.47
3790,Ultra Wiring Connectivity Systems Ltd.,UWCSL,Electricals,Electronics - Components,52.45,,,,,,,,
3791,Oasis Securities Ltd.,OASISEC,Finance,Finance - NBFC,52.45,,,,,,,,
3792,ICDS Ltd.,ICDSLTD,Finance,Finance - NBFC,52.43,42.5,42.6,41.0,0.0,41.12,42.0,-0.88,-2.1
3793,CLC Industries Ltd.,CLCIND,Textile,Textile - Spinning,52.42,,,,,,,,
3794,Raj Television Network Ltd.,RAJTV,Media & Entertainment,TV Broadcasting & Software Production,52.38,10.63,10.63,10.11,0.0,10.49,10.29,0.2,1.94
3795,Aeonx Digital Technology Ltd.,AEONXDIGI,Trading,Trading,52.35,,,,,,,,
3796,Victoria Mills Ltd.,VICTMILL,Realty,Construction - Real Estate,52.14,,,,,,,,
3797,Phoenix International Ltd.,PHOENXINTL,Fast Moving Consumer Goods,Leather,52.05,33.4,33.4,31.5,0.0,31.6,30.53,1.07,3.5
3798,Greenhitech Ventures Ltd.,GVL,Crude Oil,Petrochemicals,51.96,,,,,,,,
3799,Anjani Foods Ltd.,ANJANIFOODS,Fast Moving Consumer Goods,Consumer Food,51.96,,,,,,,,
3800,Future Consumer Ltd.,FCONSUMER,Retailing,Retailing,51.92,,,,,,,,
3801,Aastamangalam Finance Ltd.,AASTAFIN,Finance,Finance - NBFC,51.91,,,,,,,,
3802,Unique Organics Ltd.,UNIQUEO,Agriculture,Solvent  Extraction,51.73,,,,,,,,
3803,Sodhani Capital Ltd.,SODHACAP,Finance,Finance - Others,51.64,,,,,,,,
3804,Rodium Realty Ltd.,RODIUM,Realty,Construction - Real Estate,51.54,,,,,,,,
3805,Mapro Industries Ltd.,MAPROIN,Infrastructure,Engineering - Construction,51.47,,,,,,,,
3806,Luxury Time Ltd.,LUXURY,Trading,Trading,51.18,,,,,,,,
3807,Trom Industries Ltd.,TROM,Infrastructure,Engineering - Construction,50.99,,,,,,,,
3808,IB Infotech Enterprises Ltd.,IBINFO,Fast Moving Consumer Goods,Consumer Food,50.96,,,,,,,,
3809,Elegant Marbles & Grani Industries Ltd.,ELEMARB,Construction Materials,Ceramics/Marble/Granite/Sanitaryware,50.96,,,,,,,,
3810,Orchasp Ltd.,ORCHASP,Information Technology,IT - Software,50.92,1.39,1.43,1.37,0.0,1.41,1.36,0.05,3.68
3811,Advance Technoforge Ltd.,ADVTECH,Automobile & Ancillaries,Forgings,50.86,,,,,,,,
3812,Royal Sense Ltd.,ROYAL,Trading,Trading,50.83,,,,,,,,
3813,Cadsys India Ltd.,CADSYS,Information Technology,BPO/ITeS,50.81,,,,,,,,
3814,Mefcom Capital Markets Ltd.,MEFCOMCAP,Finance,Finance - Investment,50.73,,,,,,,,
3815,Vivid Mercantile Ltd.,VIVIDM,Realty,Construction - Real Estate,50.73,,,,,,,,
3816,Rapid Multimodal Logistics Ltd.,RAPID,Logistics,Logistics,50.69,,,,,,,,
3817,Yash Innoventures Ltd.,YASHINNO,Other,Business Support,50.68,,,,,,,,
3818,Gabriel Pet Straps Ltd.,GPSL,Fast Moving Consumer Goods,Packaging,50.65,,,,,,,,
3819,VMS Industries Ltd.,VMS,Ship Building,Ship Building,50.51,,,,,,,,
3820,The Phosphate Company Ltd.,PHOSPHATE,Chemicals,Fertilizers,50.5,,,,,,,,
3821,Divyashakti Ltd.,DIVSHKT,Construction Materials,Ceramics/Marble/Granite/Sanitaryware,50.37,,,,,,,,
3822,Vinny Overseas Ltd.,VINNY,Textile,Textile,50.25,1.06,1.07,1.06,0.0,1.06,1.06,0.0,0.0
3823,Country Condo's Ltd.,COUNCODOS,Realty,Construction - Real Estate,50.21,,,,,,,,
3824,Safa Systems & Technologies Ltd.,SSTL,Trading,Trading,50.2,,,,,,,,
3825,Vruddhi Engineering Works Ltd.,VRUDDHI,Capital Goods,Engineering,50.17,,,,,,,,
3826,Futuristic Solutions Ltd.,FUTSOL,Finance,Finance - NBFC,50.03,,,,,,,,
3827,Deccan Transcon Leasing Ltd.,DECCANTRAN,Logistics,Shipping,49.99,,,,,,,,
3828,Solitaire Machine Tools Ltd.,SOLIMAC,Capital Goods,Engineering - Industrial Equipments,49.96,,,,,,,,
3829,Ganga Bath Fittings Ltd.,GANGABATH,Construction Materials,Ceramics/Marble/Granite/Sanitaryware,49.86,,,,,,,,
3830,Shiva Mills Ltd.,SHIVAMILLS,Textile,Textile,49.86,61.5,61.5,59.1,0.0,59.91,60.01,-0.1,-0.17
3831,ATC Energies System Ltd.,ATCENERGY,Automobile & Ancillaries,Batteries,49.85,,,,,,,,
3832,Sundaram Multi Pap Ltd.,SUNDARAM,Fast Moving Consumer Goods,Printing & Stationery,49.76,1.28,1.28,1.22,0.0,1.23,1.26,-0.03,-2.38
3833,Blue Coast Hotels Ltd.,BLUECOAST,Hospitality,"Hotel, Resort & Restaurants",49.61,,,,,,,,
3834,Diligent Industries Ltd.,DILIGENT,Fast Moving Consumer Goods,Edible Oil,49.59,,,,,,,,
3835,Ind Bank Housing Ltd.,INDBNK,Finance,Finance - Housing,49.56,,,,,,,,
3836,Seacoast Shipping Services Ltd.,SEACOAST,Logistics,Shipping,49.56,,,,,,,,
3837,Ahlada Engineers Ltd.,AHLADA,Capital Goods,Engineering,49.56,38.2,38.78,37.67,0.0,37.93,38.59,-0.66,-1.71
3838,Cargotrans Maritime Ltd.,CARGOTRANS,Logistics,Logistics,49.45,,,,,,,,
3839,Shree Pacetronix Ltd.,SHREEPAC,Healthcare,Medical Equipment/Supplies/Accessories,49.44,,,,,,,,
3840,Manugraph India Ltd.,MANUGRAPH,Capital Goods,Engineering - Industrial Equipments,49.36,,,,,,,,
3841,Roopshri Resorts Ltd.,ROOPSHRI,Hospitality,"Hotel, Resort & Restaurants",49.23,,,,,,,,
3842,Clenon Enterprises Ltd.,CLENON,Electricals,Cable,49.2,,,,,,,,
3843,Tulsyan NEC Ltd.,TULSYAN,Iron & Steel,Steel & Iron Products,49.2,,,,,,,,
3844,Pulz Electronics Ltd.,PULZ,Electricals,Electronics - Components,49.18,,,,,,,,
3845,Electro Force (India) Ltd.,EFORCE,Electricals,Electronics - Components,49.14,,,,,,,,
3846,Yash Chemex Ltd.,YASHCHEM,Trading,Trading,49.01,,,,,,,,
3847,Vertex Securities Ltd.,VERTEX,Finance,Finance - Stock Broking,49.0,,,,,,,,
3848,Defrail Technologies Ltd.,DEFRAIL,Agriculture,Rubber  Products,48.95,,,,,,,,
3849,Bulkcorp International Ltd.,BULKCORP,Plastic Products,Plastic Products,48.84,,,,,,,,
3850,SVP Global Textiles Ltd.,SVPGLOB,Textile,Textile,48.83,3.8,3.8,3.64,0.0,3.73,3.78,-0.05,-1.32
3851,TruCap Finance Ltd.,TRU,Finance,Finance Term Lending,48.73,4.19,4.4,4.02,0.0,4.17,4.19,-0.02,-0.48
3852,Sona Machinery Ltd.,SONAMAC,Capital Goods,Engineering - Industrial Equipments,48.72,,,,,,,,
3853,Ecofinity Atomix Ltd.,ECOFINITY,Trading,Trading,48.66,,,,,,,,
3854,Polylink Polymers (India) Ltd.,POLYLINK,Chemicals,Chemicals,48.6,,,,,,,,
3855,Sunsky Logistics Ltd.,SUNSKY,Logistics,Logistics,48.47,,,,,,,,
3856,Graphisads Ltd.,GRAPHISAD,Media & Entertainment,Advertising & Media,48.43,,,,,,,,
3857,Amrapali Fincap Ltd.,AMRAFIN,Finance,Finance - NBFC,48.41,,,,,,,,
3858,Kaizen Agro Infrabuild Ltd.,KAIZENAGRO,Infrastructure,Engineering - Construction,48.33,,,,,,,,
3859,SA Tech Software India Ltd.,SATECH,Information Technology,IT - Software,48.25,,,,,,,,
3860,Kontor Space Ltd.,KONTOR,Miscellaneous,Miscellaneous,47.98,,,,,,,,
3861,Kshitij Polyline Ltd.,KSHITIJPOL,Fast Moving Consumer Goods,Printing & Stationery,47.97,2.85,2.88,2.81,0.0,2.82,2.85,-0.03,-1.05
3862,NAM Securities Ltd.,NAM,Finance,Finance - Stock Broking,47.88,,,,,,,,
3863,Snehaa Organics Ltd.,SNEHAA,Chemicals,Chemicals,47.84,,,,,,,,
3864,Priti International Ltd.,PRITI,Construction Materials,Wood & Wood Products,47.79,,,,,,,,
3865,Rithwik Facility Management Services Ltd.,RITHWIKFMS,Other,Professional Services,47.74,,,,,,,,
3866,DK Enterprises Global Ltd.,DKEGL,Fast Moving Consumer Goods,Packaging,47.71,,,,,,,,
3867,Abha Power And Steel Ltd.,ABHAPOWER,Iron & Steel,Steel & Iron Products,47.68,,,,,,,,
3868,Integra Switchgear Ltd.,INTEGSW,Capital Goods,Electric Equipment,47.65,,,,,,,,
3869,Shri Niwas Leasing And Finance Ltd.,SHRINIWAS,Finance,Finance - Investment,47.53,,,,,,,,
3870,Arex Industries Ltd.,AREXMIS,Textile,Textile,47.36,,,,,,,,
3871,Sacheta Metals Ltd.,SACHEMT,Non - Ferrous Metals,Aluminium & Aluminium Products,47.25,,,,,,,,
3872,Continental Securities Ltd.,CSL,Finance,Finance - NBFC,47.25,,,,,,,,
3873,Prime Property Development Corporation Ltd.,PRIMEPRO,Realty,Construction - Real Estate,47.09,,,,,,,,
3874,GTN Industries Ltd.,GTNINDS,Textile,Textile - Spinning,47.06,,,,,,,,
3875,Aureate Tradde Ltd.,AUREATE,Trading,Trading,47.01,,,,,,,,
3876,Real Eco-Energy Ltd.,REALECO,Realty,Construction - Real Estate,47.0,,,,,,,,
3877,Karma Energy Ltd.,KARMAENG,Power,Power Generation/Distribution,46.99,40.15,40.2,38.4,0.0,38.59,39.22,-0.63,-1.61
3878,We Win Ltd.,WEWIN,Information Technology,BPO/ITeS,46.91,45.55,47.0,45.5,0.0,47.0,46.13,0.87,1.89
3879,Gurunanak Agriculture India Ltd.,GURUNANAK,Capital Goods,Engineering - Industrial Equipments,46.8,,,,,,,,
3880,Rajasthan Tube Manufacturing Company Ltd.,RAJTUBE,Iron & Steel,Steel & Iron Products,46.79,,,,,,,,
3881,Archies Ltd.,ARCHIES,Retailing,Retailing,46.79,13.81,14.11,13.5,0.0,13.68,13.87,-0.19,-1.37
3882,Swashthik Plascon Ltd.,SPL,Plastic Products,Plastic Products,46.72,,,,,,,,
3883,Simandhar Impex Ltd.,SIMANDHAR,Trading,Trading,46.66,,,,,,,,
3884,Standard Surfactants Ltd.,STDSFAC,Fast Moving Consumer Goods,Detergents & Soaps,46.64,,,,,,,,
3885,Indobell Insulations Ltd.,INDOBELL,Capital Goods,Engineering,46.62,,,,,,,,
3886,Sam Industries Ltd.,SAMINDUS,Infrastructure,Engineering - Construction,46.57,,,,,,,,
3887,Starcom Information Technology Ltd.,STARCOM,Information Technology,IT - Software,46.46,,,,,,,,
3888,Moving Media Entertainment Ltd.,MMEL,Other,Business Support,46.45,,,,,,,,
3889,Royal Cushion Vinyl Products Ltd.,ROYALCU,Plastic Products,Plastic Products,46.25,,,,,,,,
3890,Rose Merc. Ltd.,ROSEMER,Trading,Trading,46.2,,,,,,,,
3891,Three M Paper Boards Ltd.,THREEMPAPE,Paper,Paper & Paper Products,46.17,,,,,,,,
3892,Spright Agro Ltd.,SPRIGHT,Textile,Textile,46.07,,,,,,,,
3893,Sanchay Finvest Ltd.,SANCF,Finance,Finance - Investment,46.0,,,,,,,,
3894,Duke Offshore Ltd.,DUKEOFS,Crude Oil,Oil Exploration,45.89,,,,,,,,
3895,Silky Overseas Ltd.,SILKY,Textile,Textile,45.85,,,,,,,,
3896,21st Century Management Services Ltd.,21STCENMGM,Finance,Finance - Investment,45.71,43.11,43.9,43.05,0.0,43.31,43.92,-0.61,-1.39
3897,Jupiter Infomedia Ltd.,JUPITERIN,Information Technology,BPO/ITeS,45.6,,,,,,,,
3898,Gayatri Highways Ltd.,GAYAHWS,Infrastructure,Engineering - Construction,45.53,1.92,2.05,1.92,0.0,1.95,1.92,0.03,1.56
3899,Dangee Dums Ltd.,DANGEE,Fast Moving Consumer Goods,Consumer Food,45.42,2.81,2.94,2.81,0.0,2.87,2.91,-0.04,-1.37
3900,Srigee DLM Ltd.,SRIGEE,Plastic Products,Plastic Products,45.4,,,,,,,,
3901,Vedavaag Systems Ltd.,VEDAVAAG,Information Technology,IT - Software,45.29,18.11,18.9,18.11,0.0,18.42,18.47,-0.05,-0.27
3902,Vahh Chemicals Ltd.,VAHH,Chemicals,Chemicals,45.27,,,,,,,,
3903,India Home Loan Ltd.,INDIAHOME,Finance,Finance - Housing,45.27,,,,,,,,
3904,Mask Investments Ltd.,MASKINVEST,Finance,Finance - Investment,45.2,146.66,146.66,146.66,0.0,146.66,146.66,0.0,0.0
3905,Bombay Metrics Supply Chain Ltd.,BMETRICS,Retailing,Retailing,45.19,,,,,,,,
3906,Presstonic Engineering Ltd.,PRESSTONIC,Capital Goods,Engineering,45.19,,,,,,,,
3907,Pranik Logistics Ltd.,PRANIK,Logistics,Logistics,45.14,,,,,,,,
3908,Chamunda Electrical Ltd.,CHAMUNDA,Capital Goods,Electric Equipment,45.12,,,,,,,,
3909,CCL International Ltd.,CCLINTER,Infrastructure,Engineering - Construction,45.08,,,,,,,,
3910,Italian Edibles Ltd.,ITALIANE,Fast Moving Consumer Goods,Consumer Food,45.07,,,,,,,,
3911,Mangalam Drugs And Organics Ltd.,MANGALAM,Healthcare,Pharmaceuticals & Drugs,45.03,26.95,28.0,26.34,0.0,27.68,26.95,0.73,2.71
3912,Manjeera Constructions Ltd.,MANJEERA,Realty,Construction - Real Estate,45.03,,,,,,,,
3913,Infonative Solutions Ltd.,INFONATIVE,Information Technology,IT - Education,45.01,,,,,,,,
3914,Gujarat Craft Industries Ltd.,GUJCRAFT,Plastic Products,Plastic Products,44.97,,,,,,,,
3915,Neptune Logitek Ltd.,NEPLOG,Logistics,Logistics,44.95,,,,,,,,
3916,Dhruv Consultancy Services Ltd.,DHRUV,Other,Engineering Consultancy,44.95,25.0,25.27,24.05,0.0,24.35,25.29,-0.94,-3.72
3917,Ambica Agarbathies & Aroma Industries Ltd.,AMBICAAGAR,Fast Moving Consumer Goods,Household & Personal Products,44.94,24.83,24.94,24.4,0.0,24.77,24.71,0.06,0.24
3918,Studio LSD Ltd.,STUDIOLSD,Media & Entertainment,"Film Production, Distribution & Entertainment",44.89,,,,,,,,
3919,Times Green Energy (India) Ltd.,TIMESGREEN,Agriculture,Agriculture,44.87,,,,,,,,
3920,IFL Enterprises Ltd.,IFL,Trading,Trading,44.82,,,,,,,,
3921,Aimco Pesticides Ltd.,AIMCOPEST,Chemicals,Pesticides & Agrochemicals,44.7,,,,,,,,
3922,Supertech EV Ltd.,SEVL,Automobile & Ancillaries,Automobile Two & Three Wheelers,44.68,,,,,,,,
3923,Vivo Bio Tech Ltd.,VIVOBIOT,Healthcare,Pharmaceuticals & Drugs,44.6,19.94,19.94,18.66,0.0,18.73,19.29,-0.56,-2.9
3924,Incap Ltd.,INCAP,Electricals,Electronics - Components,44.57,,,,,,,,
3925,Vivaa Tradecom Ltd.,VIVAA,Trading,Trading,44.53,,,,,,,,
3926,Shubham Polyspin Ltd.,SHUBHAM,Textile,Textile,44.48,,,,,,,,
3927,Lerthai Finance Ltd.,LERTHAI,Capital Goods,Refractories,44.45,,,,,,,,
3928,Key Corp Ltd.,KEYCORP,Finance,Finance - NBFC,44.39,,,,,,,,
3929,Superior Industrial Enterprises Ltd.,SIEL,Paper,Paper & Paper Products,44.17,38.29,40.3,38.29,0.0,38.29,40.3,-2.01,-4.99
3930,Swastik Pipes Ltd.,SWASTIK,Iron & Steel,Steel & Iron Products,44.14,,,,,,,,
3931,Parmax Pharma Ltd.,PARMAX,Healthcare,Pharmaceuticals & Drugs,44.05,,,,,,,,
3932,Shree Rajasthan Syntex Ltd.,SHRAJSYNQ,Textile,Textile - Manmade  Fibres,44.04,,,,,,,,
3933,Ravi Kumar Distilleries Ltd.,RKDL,Alcohol,Breweries & Distilleries,43.97,18.27,18.6,18.0,0.0,18.28,18.27,0.01,0.05
3934,Caspian Corporate Services Ltd.,CASPIAN,Finance,Finance - Others,43.94,,,,,,,,
3935,Sambandam Spinning Mills Ltd.,SAMBANDAM,Textile,Textile - Spinning,43.93,143.0,151.2,141.06,0.0,151.2,126.0,25.2,20.0
3936,Chiraharit Ltd.,CHIRAHARIT,Infrastructure,Engineering - Construction,43.89,,,,,,,,
3937,Prudential Sugar Corporation Ltd.,PRUDMOULI,Trading,Trading,43.86,,,,,,,,
3938,KMS Medisurgi Ltd.,KMSMEDI,Healthcare,Medical Equipment/Supplies/Accessories,43.82,,,,,,,,
3939,Annvrridhhi Ventures Ltd.,ANVRDHI,Trading,Trading,43.81,,,,,,,,
3940,Sofcom Systems Ltd.,SOFCOM,Information Technology,IT - Software,43.79,,,,,,,,
3941,Tirupati Foam Ltd.,TIRUFOAM,Textile,Textile,43.63,,,,,,,,
3942,ARC Finance Ltd.,ARCFIN,Finance,Finance - NBFC,43.58,,,,,,,,
3943,Morgan Ventures Ltd.,MORGAN,Finance,Finance - NBFC,43.57,,,,,,,,
3944,JFL Life Sciences Ltd.,JFLLIFE,Healthcare,Pharmaceuticals & Drugs,43.55,,,,,,,,
3945,OSIA Hyper Retail Ltd.,OSIAHYPER,Retailing,Retailing,43.53,,,,,,,,
3946,B2B Software Technologies Ltd.,B2BSOFT,Information Technology,IT - Software,43.46,,,,,,,,
3947,AKI India Ltd.,AKI,Fast Moving Consumer Goods,Leather,43.45,4.36,4.36,4.15,0.0,4.18,4.24,-0.06,-1.42
3948,Diana Tea Company Ltd.,DIANATEA,Agriculture,Tea/Coffee,43.43,,,,,,,,
3949,Baweja Studios Ltd.,BAWEJA,Media & Entertainment,"Film Production, Distribution & Entertainment",43.3,,,,,,,,
3950,Celebrity Fashions Ltd.,CELEBRITY,Textile,Textile,43.18,6.61,6.94,6.61,0.0,6.75,6.72,0.03,0.45
3951,Sai Capital Ltd.,SAICAPI,Finance,Finance - Investment,43.18,151.0,151.1,145.0,0.0,146.44,150.8,-4.36,-2.89
3952,Jindal Hotels Ltd.,JINDHOT,Hospitality,"Hotel, Resort & Restaurants",43.18,,,,,,,,
3953,Picturehouse Media Ltd.,PICTUREHS,Media & Entertainment,"Film Production, Distribution & Entertainment",43.16,,,,,,,,
3954,Ruparel Food Products Ltd.,RFL,Finance,Finance - Housing,43.15,,,,,,,,
3955,Dhanlaxmi Fabrics Ltd.,DHANFAB,Textile,Textile,43.15,,,,,,,,
3956,Kiduja India Ltd.,KIDUJA,Finance,Finance - NBFC,43.06,,,,,,,,
3957,Storage Technologies & Automation Ltd.,STAL,Capital Goods,Engineering - Industrial Equipments,43.01,,,,,,,,
3958,Nova Iron & Steel Ltd.,NOVIS,Iron & Steel,Steel & Iron Products,42.97,,,,,,,,
3959,Sonu Infratech Ltd.,SONUINFRA,Infrastructure,Engineering - Construction,42.94,,,,,,,,
3960,PBM Polytex Ltd.,PBMPOLY,Textile,Textile - Spinning,42.75,60.6,60.6,60.3,0.0,60.3,60.0,0.3,0.5
3961,Siti Networks Ltd.,SITINET,Media & Entertainment,TV Broadcasting & Software Production,42.73,,,,,,,,
3962,Rexpro Enterprises Ltd.,REXPRO,Fast Moving Consumer Goods,Household & Personal Products,42.64,,,,,,,,
3963,Shelter Pharma Ltd.,SHELTER,Healthcare,Pharmaceuticals & Drugs,42.43,,,,,,,,
3964,Vista Pharmaceuticals Ltd.,VISTAPH,Healthcare,Pharmaceuticals & Drugs,42.41,,,,,,,,
3965,Avax Apparels And Ornaments Ltd.,AVAX,Trading,Trading,42.36,,,,,,,,
3966,Golden Tobacco Ltd.,GOLDENTOBC,Fast Moving Consumer Goods,Cigarettes/Tobacco,42.26,,,,,,,,
3967,Grameva Ltd.,GRAMEVA,Agriculture,Agriculture,42.23,,,,,,,,
3968,Jagan Lamps Ltd.,JAGANLAM,Automobile & Ancillaries,Auto Ancillary,42.1,,,,,,,,
3969,Lakshmi Finance & Industrial Corporation Ltd.,LFIC,Finance,Finance - NBFC,42.06,137.55,142.49,137.55,0.0,140.94,138.24,2.7,1.95
3970,Spectrum Foods Ltd.,SPECFOOD,Fast Moving Consumer Goods,Consumer Food,42.06,,,,,,,,
3971,Austere Systems Ltd.,AUSTERE,Information Technology,IT - Software,42.02,,,,,,,,
3972,PAN HR Solution Ltd.,PANHR,Other,Professional Services,42.0,,,,,,,,
3973,Netlink Solutions (India) Ltd.,NETLINK,Information Technology,IT - Software,41.88,,,,,,,,
3974,Sita Enterprises Ltd.,SITAENT,Finance,Finance - NBFC,41.7,,,,,,,,
3975,Vinit Mobile Ltd.,VMOBILE,Retailing,Retailing,41.65,,,,,,,,
3976,Dhanlaxmi Crop Science Ltd.,DHANLAXMI,Agriculture,Agriculture,41.64,,,,,,,,
3977,Source Industries (India) Ltd.,SOURCEIND,Textile,Textile,41.64,,,,,,,,
3978,Rajnish Wellness Ltd.,RAJNISH,Healthcare,Pharmaceuticals & Drugs,41.63,,,,,,,,
3979,Rolcon Engineering Company Ltd.,ROLCOEN,Capital Goods,Engineering - Industrial Equipments,41.58,,,,,,,,
3980,Tamilnadu Telecommunications Ltd.,TNTELE,Electricals,Cable,41.57,9.12,9.12,8.86,0.0,8.95,8.91,0.04,0.45
3981,Ad-Manum Finance Ltd.,ADMANUM,Finance,Finance - NBFC,41.5,,,,,,,,
3982,Akash Infra-Projects Ltd.,AKASH,Infrastructure,Engineering - Construction,41.48,24.75,25.8,24.37,0.0,24.97,25.01,-0.04,-0.16
3983,Rekvina Laboratories Ltd.,VINRKLB,Trading,Trading,41.44,,,,,,,,
3984,Nirmitee Robotics India Ltd.,NIRMITEE,Other,Professional Services,41.41,,,,,,,,
3985,Jain Irrigation Systems Ltd. (DVR),JISLDVREQS,Plastic Products,Plastic Products,41.33,21.0,21.55,21.0,0.0,21.14,21.35,-0.21,-0.98
3986,Auri Grow India Ltd.,AURIGROW,Capital Goods,Engineering - Industrial Equipments,41.33,,,,,,,,
3987,Salem Erode Investments Ltd.,SALEM,Finance,Finance - NBFC,41.22,,,,,,,,
3988,Cybele Industries Ltd.,CYBELEIND,Electricals,Cable,41.09,,,,,,,,
3989,Kaushalya Logistics Ltd.,KLL,Logistics,Logistics,41.04,,,,,,,,
3990,ANG Lifesciences India Ltd.,ANG,Healthcare,Pharmaceuticals & Drugs,41.03,,,,,,,,
3991,Atma Industries Ltd.,ATMAIND,Trading,Trading,41.0,,,,,,,,
3992,Sarup Industries Ltd.,SARUPINDUS,Retailing,Footwear,40.96,,,,,,,,
3993,Simplex Realty Ltd.,SIMPLXREA,Realty,Construction - Real Estate,40.94,122.5,123.05,116.1,0.0,120.4,121.77,-1.37,-1.13
3994,Wires & Fabriks (S.A.) Ltd.,WIREFABR,Textile,Textile,40.94,,,,,,,,
3995,HB Stockholdings Ltd.,HBSL,Finance,Finance - NBFC,40.94,55.0,55.99,54.79,0.0,55.13,55.07,0.06,0.11
3996,Zodiac-JRD-MKJ Ltd.,ZODJRDMKJ,Diamond & Jewellery,Diamond  &  Jewellery,40.94,,,,,,,,
3997,Aatmaj Healthcare Ltd.,AATMAJ,Healthcare,Hospital & Healthcare Services,40.91,,,,,,,,
3998,Vivimed Labs Ltd.,VIVIMEDLAB,Healthcare,Pharmaceuticals & Drugs,40.88,,,,,,,,
3999,Camex Ltd.,CAMEXLTD,Chemicals,Dyes & Pigments,40.87,,,,,,,,
4000,Pentagon Rubber Ltd.,PENTAGON,Agriculture,Rubber  Products,40.79,,,,,,,,
4001,NewMalayalam Steel Ltd.,NMSTEEL,Iron & Steel,Steel & Iron Products,40.71,,,,,,,,
4002,Sri KPR Industries Ltd.,SRIKPRIND,Power,Power Generation/Distribution,40.71,19.99,20.8,19.4,0.0,20.48,19.9,0.58,2.91
4003,Walchand Peoplefirst Ltd.,WALCHPF,Finance,Finance - Investment,40.68,,,,,,,,
4004,Bang Overseas Ltd.,BANG,Textile,Textile,40.68,28.51,29.44,28.11,0.0,28.69,28.65,0.04,0.14
4005,Modern Engineering And Projects Ltd.,MEAPL,Infrastructure,Engineering - Construction,40.63,,,,,,,,
4006,SM Auto Stamping Ltd.,SMAUTO,Automobile & Ancillaries,Auto Ancillary,40.63,,,,,,,,
4007,VL Infraprojects Ltd.,VLINFRA,Infrastructure,Engineering - Construction,40.62,,,,,,,,
4008,Lee & Nee Softwares (Exports) Ltd.,LEENEE,Information Technology,IT - Software,40.6,8.44,9.51,7.56,0.0,9.19,8.36,0.83,9.93
4009,Raghuvansh Agrofarms Ltd.,RAFL,Agriculture,Agriculture,40.58,,,,,,,,
4010,Crestchem Ltd.,CRSTCHM,Chemicals,Chemicals,40.55,,,,,,,,
4011,Grand Foundry Ltd.,GFSTEELS,Iron & Steel,Steel & Iron Products,40.53,,,,,,,,
4012,Sagardeep Alloys Ltd.,SAGARDEEP,Non - Ferrous Metals,Metal - Non Ferrous,40.44,24.0,24.2,23.4,0.0,23.4,23.53,-0.13,-0.55
4013,HP Cotton Textile Mills Ltd.,HPCOTTON,Textile,Textile,40.42,,,,,,,,
4014,Mittal Life Style Ltd.,MITTAL,Trading,Trading,40.4,0.9,0.92,0.88,0.0,0.88,0.9,-0.02,-2.22
4015,Austin Engineering Company Ltd.,AUSTENG,Automobile & Ancillaries,Bearings,40.39,125.0,128.99,125.0,0.0,126.82,126.7,0.12,0.09
4016,PCS Technology Ltd.,PCS,Consumer Durables,IT - Hardware,40.33,,,,,,,,
4017,Sugal & Damani Share Brokers Ltd.,SUGALDAM,Finance,Finance - Stock Broking,40.31,,,,,,,,
4018,Roni Households Ltd.,RONI,Trading,Trading,40.23,,,,,,,,
4019,Happy Square Outsourcing Services Ltd.,WHITEFORCE,Other,Professional Services,40.2,,,,,,,,
4020,Metal Coatings (India) Ltd.,METALCO,Iron & Steel,Steel & Iron Products,40.11,,,,,,,,
4021,Amalgamated Electricity Company Ltd.,AMALGAM,Power,Power Generation/Distribution,40.01,,,,,,,,
4022,Guru Krupa Gems And Jewellery Ltd.,GKL,Trading,Trading,39.91,,,,,,,,
4023,Dhatre Udyog Ltd.,DHATRE,Iron & Steel,Steel & Iron Products,39.88,4.71,4.71,4.15,0.0,4.52,4.6,-0.08,-1.74
4024,Amkay Products Ltd.,AMKAY,Healthcare,Medical Equipment/Supplies/Accessories,39.82,,,,,,,,
4025,Liotech Industries Ltd.,LIOTECH,Capital Goods,Engineering - Industrial Equipments,39.78,,,,,,,,
4026,Minal Industries Ltd.,MINALIND,Trading,Trading,39.72,3.09,3.18,3.09,0.0,3.18,2.65,0.53,20.0
4027,Esha Media Research Ltd.,ESHAMEDIA,Media & Entertainment,TV Broadcasting & Software Production,39.71,,,,,,,,
4028,Star Housing Finance Ltd.,STARHFL,Finance,Finance - Housing,39.64,,,,,,,,
4029,Orient Beverages Ltd.,ORIBEVER,Fast Moving Consumer Goods,Consumer Food,39.5,,,,,,,,
4030,Helloji Holidays Ltd.,HELLOJI,Hospitality,Travel Services,39.43,,,,,,,,
4031,Modipon Ltd.,MODIPON,Miscellaneous,Miscellaneous,39.42,,,,,,,,
4032,Welcast Steels Ltd.,ZWELCAST,Automobile & Ancillaries,Castings/Forgings,39.4,,,,,,,,
4033,Faalcon Concepts Ltd.,FAALCON,Infrastructure,Engineering - Construction,39.38,,,,,,,,
4034,Toyam Sports Ltd.,TOYAMSL,Other,Professional Services,39.29,0.67,0.67,0.65,0.0,0.65,0.66,-0.01,-1.52
4035,Mohit Paper Mills Ltd.,MOHITPPR,Paper,Paper & Paper Products,39.19,,,,,,,,
4036,Aro Granite Industries Ltd.,AROGRANITE,Construction Materials,Ceramics/Marble/Granite/Sanitaryware,39.14,24.87,25.18,24.8,0.0,25.0,24.8,0.2,0.81
4037,Ansal Housing Ltd.,ANSALHSG,Realty,Construction - Real Estate,39.14,,,,,,,,
4038,Madhucon Projects Ltd.,MADHUCON,Infrastructure,Engineering - Construction,39.11,,,,,,,,
4039,Gothi Plascon (India) Ltd.,GOTHIPL,Realty,Construction - Real Estate,38.92,,,,,,,,
4040,ARC Insulation & Insulators Ltd.,ARCIIL,Plastic Products,Plastic Products,38.92,,,,,,,,
4041,Victory Electric Vehicles International Ltd.,VICTORYEV,Automobile & Ancillaries,Automobile Two & Three Wheelers,38.91,,,,,,,,
4042,SVC Industries Ltd.,SVCIND,Crude Oil,Petrochemicals,38.82,,,,,,,,
4043,Sri Ramakrishna Mills (Coimbatore) Ltd.,SRMCL,Textile,Textile - Spinning,38.81,,,,,,,,
4044,Rasandik Engineering Industries India Ltd.,RASANDIK,Automobile & Ancillaries,Auto Ancillary,38.78,,,,,,,,
4045,Archidply Decor Ltd.,ADL,Construction Materials,Wood & Wood Products,38.71,71.0,72.87,70.1,0.0,71.98,71.99,-0.01,-0.01
4046,Eighty Jewellers Ltd.,EIGHTY,Diamond & Jewellery,Diamond  &  Jewellery,38.66,,,,,,,,
4047,Vera Synthetic Ltd.,VERA,Textile,Textile,38.62,,,,,,,,
4048,Sainik Finance & Industries Ltd.,SAINIK,Finance,Finance - NBFC,38.57,,,,,,,,
4049,Artefact Projects Ltd.,ARTEFACT,Other,Engineering Consultancy,38.56,,,,,,,,
4050,Gokak Textiles Ltd.,GOKAKTEX,Textile,Textile,38.55,,,,,,,,
4051,Sundrex Oil Company Ltd.,SOCL,Automobile & Ancillaries,Lubricants,38.51,,,,,,,,
4052,Goldline Pharmaceutical Ltd.,GLPL,Healthcare,Pharmaceuticals & Drugs,38.49,,,,,,,,
4053,Rasi Electrodes Ltd.,RASIELEC,Capital Goods,Electrodes & Welding Equipment,38.45,,,,,,,,
4054,Evans Electric Ltd.,EVANS,Other,Business Support,38.42,,,,,,,,
4055,Homesfy Realty Ltd.,HOMESFY,Realty,Construction - Real Estate,38.41,,,,,,,,
4056,Homre Ltd.,HOM,Information Technology,BPO/ITeS,38.38,,,,,,,,
4057,Shiva Global Agro Industries Ltd.,SHIVAAGRO,Chemicals,Fertilizers,38.37,39.0,42.0,39.0,0.0,39.4,41.82,-2.42,-5.79
4058,Nanavati Ventures Ltd.,NVENTURES,Trading,Trading,38.35,,,,,,,,
4059,Alfavision Overseas (India) Ltd.,ALFAVIO,Agriculture,Agriculture,38.3,,,,,,,,
4060,Roopa Industries Ltd.,ROOPAIND,Healthcare,Pharmaceuticals & Drugs,38.28,,,,,,,,
4061,Krishna Ventures Ltd.,KRISHNA,Trading,Trading,38.23,,,,,,,,
4062,Shaival Reality Ltd.,SHAIVAL,Realty,Construction - Real Estate,38.19,,,,,,,,
4063,Relicab Cable Manufacturing Ltd.,RELICAB,Electricals,Cable,38.18,,,,,,,,
4064,Oriental Trimex Ltd.,ORIENTALTL,Construction Materials,Ceramics/Marble/Granite/Sanitaryware,38.15,5.22,5.22,4.9,0.0,5.02,5.02,0.0,0.0
4065,Vishwas Agri Seeds Ltd.,VISHWAS,Agriculture,Agriculture,38.15,,,,,,,,
4066,Unilex Colours And Chemicals Ltd.,UNILEX,Chemicals,Dyes & Pigments,38.13,,,,,,,,
4067,Lasa Supergenerics Ltd.,LASA,Healthcare,Pharmaceuticals & Drugs,38.03,6.99,7.5,6.6,0.0,7.2,6.99,0.21,3.0
4068,Felix Global Venture Ltd.,TATIAGLOB,Textile,Textile,37.91,,,,,,,,
4069,NG Industries Ltd.,NGIND,Healthcare,Hospital & Healthcare Services,37.86,,,,,,,,
4070,CFSL Ltd.,CUBIFIN,Finance,Finance - NBFC,37.86,,,,,,,,
4071,Toss the Coin Ltd.,TTC,Other,Business Support,37.78,,,,,,,,
4072,Manoj Jewellers Ltd.,MANOJJEWEL,Retailing,Retailing,37.74,,,,,,,,
4073,Shakti Press Ltd.,SHAKTIPR,Media & Entertainment,Printing And Publishing,37.74,,,,,,,,
4074,Umiya Tubes Ltd.,UMIYA,Iron & Steel,Steel & Iron Products,37.7,,,,,,,,
4075,LGT Global Hospitality Ltd.,LGT,Hospitality,Travel Services,37.68,,,,,,,,
4076,KG Denim Ltd.,KGDENIM,Textile,Textile - Weaving,37.66,,,,,,,,
4077,Jivial Industries Ltd.,JIVIAL,Non - Ferrous Metals,Aluminium & Aluminium Products,37.65,,,,,,,,
4078,Chandra Bhagat Pharma Ltd.,CBPL,Healthcare,Pharmaceuticals & Drugs,37.65,,,,,,,,
4079,Rajnandini Fashion India Ltd.,RFIL,Textile,Textile,37.64,,,,,,,,
4080,Shipwaves Online Ltd.,SHIPWAVES,Logistics,Logistics,37.64,,,,,,,,
4081,EL Forge Ltd.,ELFORGE,Automobile & Ancillaries,Forgings,37.6,,,,,,,,
4082,Surbhi Industries Ltd.,SURBHIN,Textile,Textile,37.57,,,,,,,,
4083,Prima Innovation Ltd.,PRIMAINNO,Plastic Products,Plastic Products,37.4,,,,,,,,
4084,Ram Info Ltd.,RAMINFO,Information Technology,IT - Software,37.32,,,,,,,,
4085,Prolife Industries Ltd.,PROLIFE,Chemicals,Dyes & Pigments,37.24,,,,,,,,
4086,Yug Decor Ltd.,YUG,Chemicals,Chemicals,37.22,,,,,,,,
4087,Yaan Enterprises Ltd.,YAANENT,Hospitality,Travel Services,37.2,,,,,,,,
4088,Stanbik Agro Ltd.,STANBIK,Trading,Trading,37.18,,,,,,,,
4089,Morarjee Textiles Ltd.,MORARJEE,Textile,Textile - Weaving,37.1,,,,,,,,
4090,Accedere Ltd.,Accedere,Information Technology,IT - Software,37.07,,,,,,,,
4091,Prism Medico and Pharmacy Ltd.,PRISMMEDI,Trading,Trading,37.01,,,,,,,,
4092,Swojas Foods Ltd.,SWOJAS,Fast Moving Consumer Goods,Consumer Food,37.0,,,,,,,,
4093,Kabsons Industries Ltd.,KABSON,Trading,Trading,36.99,,,,,,,,
4094,National Plastic Industries Ltd.,NATPLAS,Plastic Products,Plastic Products,36.77,,,,,,,,
4095,USG Tech Solutions Ltd.,USGTECH,Information Technology,IT - Software,36.69,,,,,,,,
4096,MM Rubber Company Ltd.,MMRUBBR-B,Agriculture,Rubber  Products,36.43,,,,,,,,
4097,Ajcon Global Services Ltd.,AJCON,Finance,Finance - Investment,36.39,,,,,,,,
4098,Bhanderi Infracon Ltd.,BHANDERI,Realty,Construction - Real Estate,36.35,,,,,,,,
4099,Baba Food Processing (India) Ltd.,BABAFP,Fast Moving Consumer Goods,Consumer Food,36.24,,,,,,,,
4100,Rajnish Retail Ltd.,RRETAIL,Trading,Trading,36.21,,,,,,,,
4101,Sanwaria Consumer Ltd.,SANWARIA,Fast Moving Consumer Goods,Edible Oil,36.07,,,,,,,,
4102,Glance Finance Ltd.,GLANCE,Finance,Finance - NBFC,36.06,,,,,,,,
4103,Khyati Global Ventures Ltd.,KGVL,Trading,Trading,35.98,,,,,,,,
4104,Shoora Designs Ltd.,SHOORA,Trading,Trading,35.93,,,,,,,,
4105,Vadivarhe Speciality Chemicals Ltd.,VSCL,Chemicals,Chemicals,35.85,,,,,,,,
4106,Misquita Engineering Ltd.,MISQUITA,Capital Goods,Engineering - Industrial Equipments,35.82,,,,,,,,
4107,Poddar Housing and Development Ltd.,PODDARHOUS,Realty,Construction - Real Estate,35.76,,,,,,,,
4108,Sandu Pharmaceuticals Ltd.,SANDUPHQ,Healthcare,Pharmaceuticals & Drugs,35.71,,,,,,,,
4109,Anjani Synthetics Ltd.,ANJANI,Textile,Textile,35.7,,,,,,,,
4110,Yuranus Infrastructure Ltd.,YURANUS,Trading,Trading,35.68,,,,,,,,
4111,Deem Roll-Tech Ltd.,DEEM,Iron & Steel,Steel & Iron Products,35.68,,,,,,,,
4112,Alfa Transformers Ltd.,ALFATRAN,Capital Goods,Electric Equipment,35.65,,,,,,,,
4113,LEX Nimble Solutions Ltd.,LEX,Information Technology,IT - Software,35.62,,,,,,,,
4114,Galactico Corporate Services Ltd.,GALACTICO,Finance,Finance - Investment,35.56,,,,,,,,
4115,Kalyan Capitals Ltd.,KALYANCAP,Finance,Finance - NBFC,35.5,,,,,,,,
4116,Spinaroo Commercial Ltd.,SPINAROO,Fast Moving Consumer Goods,Packaging,35.5,,,,,,,,
4117,Anupam Finserv Ltd.,ANUPAM,Finance,Finance - NBFC,35.49,,,,,,,,
4118,Supra Trends Ltd.,SUPRATRE,Finance,Finance - NBFC,35.49,,,,,,,,
4119,Nuway Organic Naturals India Ltd.,NUWAY,Fast Moving Consumer Goods,Household & Personal Products,35.46,,,,,,,,
4120,Manav Infra Projects Ltd.,MANAV,Infrastructure,Engineering - Construction,35.4,,,,,,,,
4121,Poona Dal & Oil Industries Ltd.,POONADAL,Fast Moving Consumer Goods,Edible Oil,35.39,,,,,,,,
4122,Vapi Enterprise Ltd.,VAPIENTER,Paper,Paper & Paper Products,35.35,,,,,,,,
4123,Alfa Ica (India) Ltd.,ALFAICA,Construction Materials,Laminates/Decoratives,35.31,,,,,,,,
4124,JMJ Fintech Ltd.,JMJFIN,Finance,Finance - NBFC,35.31,,,,,,,,
4125,GSS Infotech Ltd.,GSS,Information Technology,IT - Software,35.31,12.5,13.29,12.5,0.0,12.68,12.5,0.18,1.44
4126,Informed Technologies India Ltd.,INFORTEC,Information Technology,BPO/ITeS,35.21,,,,,,,,
4127,Suryaamba Spinning Mills Ltd.,SURYAAMBA,Textile,Textile - Spinning,35.18,,,,,,,,
4128,Relic Technologies Ltd.,RELICTEC,Finance,Finance - Stock Broking,35.11,,,,,,,,
4129,Bridge Securities Ltd.,BRIDGESE,Finance,Finance - Investment,34.99,,,,,,,,
4130,Mahip Industries Ltd.,MAHIP,Paper,Paper & Paper Products,34.94,,,,,,,,
4131,Bhatia Colour Chem Ltd.,BCCL,Chemicals,Chemicals,34.94,,,,,,,,
4132,BSEL Algo Ltd.,BSELALGO,Realty,Construction - Real Estate,34.91,,,,,,,,
4133,NK Industries Ltd.,NKIND,Fast Moving Consumer Goods,Edible Oil,34.68,60.0,67.92,58.1,0.0,67.62,56.6,11.02,19.47
4134,Ashoka Metcast Ltd.,ASHOKAMET,Trading,Trading,34.62,13.85,13.85,13.52,0.0,13.75,13.82,-0.07,-0.51
4135,Tusaldah Ltd.,TUSALDAH,Trading,Trading,34.61,,,,,,,,
4136,Jindal Leasefin Ltd.,JLL,Finance,Finance - Investment,34.45,,,,,,,,
4137,Acceleratebs India Ltd.,ACCELERATE,Information Technology,IT - Software,34.45,,,,,,,,
4138,Sunil Industries Ltd.,SUNILTX,Textile,Textile,34.4,,,,,,,,
4139,IEC Education Ltd.,IECEDU,Information Technology,IT - Education,34.34,,,,,,,,
4140,Shri Kanha Stainless Ltd.,SHRIKANHA,Iron & Steel,Steel & Iron Products,34.28,,,,,,,,
4141,Duropack Ltd.,DUROPACK,Plastic Products,Plastic Products,34.27,,,,,,,,
4142,Innovatus Entertainment Networks Ltd.,INNOVATUS,Other,Professional Services,34.25,,,,,,,,
4143,Sunrest Lifescience Ltd.,SUNREST,Trading,Trading,34.24,,,,,,,,
4144,Dindigul Farm Product Ltd.,DFPL,Fast Moving Consumer Goods,Consumer Food,34.2,,,,,,,,
4145,Saven Technologies Ltd.,7TEC,Information Technology,IT - Software,34.19,,,,,,,,
4146,RSC International Ltd.,RSCINT,Trading,Trading,34.18,,,,,,,,
4147,MSL Global Ltd.,MSLGLOBAL,Finance,Finance - Investment,34.14,,,,,,,,
4148,Srichakra Cement Ltd.,SRICC,Construction Materials,Cement & Construction Materials,34.12,,,,,,,,
4149,Cyber Media (India) Ltd.,CYBERMEDIA,Media & Entertainment,Printing And Publishing,34.09,16.24,17.32,16.24,0.0,16.9,16.56,0.34,2.05
4150,Pan India Corporation Ltd.,PANINDIAC,Finance,Finance - Investment,34.07,,,,,,,,
4151,Carnation Industries Ltd.,CARNATIN,Automobile & Ancillaries,Castings/Forgings,33.97,,,,,,,,
4152,Innovative Tech Pack Ltd.,INNOVTEC,Plastic Products,Plastic Products,33.94,,,,,,,,
4153,Shreeshay Engineers Ltd.,SHREESHAY,Infrastructure,Engineering - Construction,33.93,,,,,,,,
4154,ABC India Ltd.,ABCINDQ,Logistics,Logistics,33.89,,,,,,,,
4155,Medi-Caps Ltd.,MEDICAPQ,Chemicals,Chemicals,33.78,25.28,25.28,24.15,0.0,25.2,25.28,-0.08,-0.32
4156,Seya Industries Ltd.,SEYAIND,Chemicals,Chemicals,33.74,,,,,,,,
4157,Valson Industries Ltd.,VALSONQ,Textile,Textile - Spinning,33.71,,,,,,,,
4158,Quadrant Televentures Ltd.,QUADRANT,Telecom,Telecommunication - Equipment,33.67,,,,,,,,
4159,Mohit Industries Ltd.,MOHITIND,Textile,Textile,33.61,24.9,24.94,23.61,0.0,24.04,24.5,-0.46,-1.88
4160,Kanishk Aluminium India Ltd.,KANISHK,Non - Ferrous Metals,Aluminium & Aluminium Products,33.6,,,,,,,,
4161,Ravalgaon Sugar Farm Ltd.,RAVALSUGAR,Fast Moving Consumer Goods,Consumer Food,33.55,,,,,,,,
4162,3B Films Ltd.,3BFILMS,Fast Moving Consumer Goods,Packaging,33.54,,,,,,,,
4163,Swasti Vinayaka Synthetics Ltd.,SWASTIVI,Textile,Textile,33.3,,,,,,,,
4164,Dynamic Industries Ltd.,DYNAMIND,Chemicals,Dyes & Pigments,33.21,,,,,,,,
4165,Parle Industries Ltd.,PARLEIND,Realty,Construction - Real Estate,33.21,,,,,,,,
4166,Inland Printers Ltd.,INLANPR,Media & Entertainment,Printing And Publishing,33.17,,,,,,,,
4167,Trident Texofab Ltd.,TTFL,Textile,Textile,33.11,,,,,,,,
4168,Jai Mata Glass Ltd.,JAIMATAG,Construction Materials,Glass,33.1,,,,,,,,
4169,Jaihind Industries Ltd.,JAIHIND,Trading,Trading,33.09,,,,,,,,
4170,GDL Leasing & Finance Ltd.,GDLLEAS,Finance,Finance - NBFC,33.07,,,,,,,,
4171,Akshar Spintex Ltd.,AKSHAR,Textile,Textile,33.07,0.41,0.42,0.41,0.0,0.41,0.41,0.0,0.0
4172,Comrade Appliances Ltd.,COMRADE,Consumer Durables,Consumer Durables - Domestic Appliances,33.06,,,,,,,,
4173,Pecos Hotels and Pubs Ltd.,PECOS,Hospitality,Restaurants,33.01,,,,,,,,
4174,Chambal Breweries & Distilleries Ltd.,CHMBBRW,Trading,Trading,33.0,,,,,,,,
4175,Associated Ceramics Ltd.,ASSOCER,Capital Goods,Refractories,32.89,,,,,,,,
4176,HRH Next Services Ltd.,HRHNEXT,Information Technology,BPO/ITeS,32.88,,,,,,,,
4177,G.G. Dandekar Properties Ltd.,GGDPROP,Capital Goods,Engineering - Industrial Equipments,32.85,,,,,,,,
4178,Kay Power and Paper Ltd.,KAYPOWR,Paper,Paper & Paper Products,32.84,,,,,,,,
4179,Panjon Ltd.,PANJON,Healthcare,Pharmaceuticals & Drugs,32.77,,,,,,,,
4180,GKB Ophthalmics Ltd.,GKB,Healthcare,Medical Equipment/Supplies/Accessories,32.76,65.0,65.0,65.0,0.0,65.0,61.75,3.25,5.26
4181,Walpar Nutritions Ltd.,WALPAR,Healthcare,Pharmaceuticals & Drugs,32.73,,,,,,,,
4182,Pace E-Commerce Ventures Ltd.,PACE,Information Technology,e-Commerce,32.67,,,,,,,,
4183,Spenta International Ltd.,SPENTA,Textile,Textile,32.65,,,,,,,,
4184,Yamini Investments Ltd.,YAMNINV,Finance,Finance - Investment,32.6,,,,,,,,
4185,Amit Securities Ltd.,AMITSEC,Trading,Trading,32.59,,,,,,,,
4186,Kaiser Corporation Ltd.,KACL,Plastic Products,Plastic Products,32.57,,,,,,,,
4187,Kretto Syscon Ltd.,KRETTOSYS,Healthcare,Medical Equipment/Supplies/Accessories,32.51,,,,,,,,
4188,Arnold Holdings Ltd.,ARNOLD,Finance,Finance - NBFC,32.5,,,,,,,,
4189,Swasti Vinayaka Art & Heritage Corporation Ltd.,SVARTCORP,Other,Business Support,32.49,,,,,,,,
4190,Bandaram Pharma Packtech Ltd.,BANDARAM,Healthcare,Pharmaceuticals & Drugs,32.44,,,,,,,,
4191,Keerthi Industries Ltd.,KEERTHI,Construction Materials,Cement & Construction Materials,32.44,,,,,,,,
4192,Vantage Knowledge Academy Ltd.,VKAL,Other,Educational Institutions,32.44,,,,,,,,
4193,Nettlinx Ltd.,NETTLINX,Information Technology,IT - Software,32.42,,,,,,,,
4194,Deccan Health Care Ltd.,DECCAN,Healthcare,Pharmaceuticals & Drugs,32.4,,,,,,,,
4195,Hipolin Ltd.,HIPOLIN,Fast Moving Consumer Goods,Detergents & Soaps,32.35,,,,,,,,
4196,Arigato Universe Ltd.,ARIGATO,Capital Goods,Engineering - Industrial Equipments,32.31,,,,,,,,
4197,MCON Rasayan India Ltd.,MCON,Chemicals,Chemicals,32.28,,,,,,,,
4198,KK Fincorp Ltd.,KKFIN,Finance,Finance - NBFC,32.27,,,,,,,,
4199,Impex Ferro Tech Ltd.,IMPEXFERRO,Ferro Manganese,Ferro & Silica Manganese,32.27,,,,,,,,
4200,Sampat Aluminium Ltd.,SAMPAT,Non - Ferrous Metals,Aluminium & Aluminium Products,32.23,,,,,,,,
4201,TeleCanor Global Ltd.,TELECANOR,Information Technology,BPO/ITeS,32.19,,,,,,,,
4202,Madhav Marbles And Granites Ltd.,MADHAV,Construction Materials,Ceramics/Marble/Granite/Sanitaryware,32.12,35.5,36.95,35.5,0.0,36.25,35.51,0.74,2.08
4203,Gujarat Petrosynthese Ltd.,GUJPETR,Plastic Products,Plastic Products,32.1,,,,,,,,
4204,Jhandewalas Foods Ltd.,JFL,Fast Moving Consumer Goods,Consumer Food,32.04,,,,,,,,
4205,Sihora Industries Ltd.,SIHORA,Textile,Textile,32.02,,,,,,,,
4206,SP Capital Financing Ltd.,SPCAPIT,Finance,Finance - NBFC,31.97,,,,,,,,
4207,Auro Impex & Chemicals Ltd.,AUROIMPEX,Capital Goods,Engineering - Industrial Equipments,31.84,,,,,,,,
4208,ISL Consulting Ltd.,ISLCONSUL,Finance,Finance - Investment,31.82,,,,,,,,
4209,Shyamkamal Investments Ltd.,SHYMINV,Finance,Finance - NBFC,31.8,,,,,,,,
4210,Super Spinning Mills Ltd.,SUPERSPIN,Textile,Textile - Spinning,31.73,,,,,,,,
4211,Sharma East India Hospitals & Medical Research Ltd,SHARMEH,Healthcare,Hospital & Healthcare Services,31.69,,,,,,,,
4212,Chandra Prabhu International Ltd.,CHANDRAP,Trading,Trading,31.67,,,,,,,,
4213,Gogia Capital Growth Ltd.,GOGIACAPGL,Finance,Finance - Stock Broking,31.67,,,,,,,,
4214,Gini Silk Mills Ltd.,GINISILK,Textile,Textile,31.6,,,,,,,,
4215,TCM Ltd.,TCMLMTD,Chemicals,Chemicals,31.56,,,,,,,,
4216,Burnpur Cement Ltd.,BURNPUR,Construction Materials,Cement & Construction Materials,31.56,,,,,,,,
4217,Kaushalya Infrastructure Development Corporation Ltd.,KAUSHALYA,Infrastructure,Engineering - Construction,31.55,,,,,,,,
4218,Asia Capital Ltd.,ASIACAP,Finance,Finance - NBFC,31.54,,,,,,,,
4219,Citadel Realty & Developers Ltd.,CITADEL,Realty,Construction - Real Estate,31.52,,,,,,,,
4220,Advance Metering Technology Ltd.,AMTL,Capital Goods,Engineering - Industrial Equipments,31.5,,,,,,,,
4221,Margo Finance Ltd.,MARGOFIN,Finance,Finance - NBFC,31.46,,,,,,,,
4222,Bohra Industries Ltd.,BOHRAIND,Chemicals,Fertilizers,31.42,14.15,14.99,13.7,0.0,14.8,14.15,0.65,4.59
4223,Mudunuru Ltd.,MUDUNURU,Information Technology,IT - Software,31.41,,,,,,,,
4224,Armour Security (India) Ltd.,ARMOUR,Other,Professional Services,31.38,,,,,,,,
4225,East West Freight Carriers Ltd.,EASTWEST,Logistics,Logistics,31.38,2.5,2.5,2.35,0.0,2.39,2.43,-0.04,-1.65
4226,Sumedha Fiscal Services Ltd.,SUMEDHA,Finance,Finance - Investment,31.35,39.0,40.4,37.9,0.0,38.04,38.27,-0.23,-0.6
4227,Diligent Media Corporation Ltd.,DNAMEDIA,Media & Entertainment,Printing And Publishing,31.31,2.58,2.76,2.47,0.0,2.6,2.51,0.09,3.59
4228,Fine-Line Circuits Ltd.,FINELINE,Electricals,Electronics - Components,31.25,,,,,,,,
4229,Mittal Sections Ltd.,MITTALSTL,Iron & Steel,Steel & Iron Products,31.23,,,,,,,,
4230,Cell Point (India) Ltd.,CELLPOINT,Trading,Trading,31.2,,,,,,,,
4231,Bodhtree Consulting Ltd.,BODHTREE,Information Technology,IT - Software,31.2,,,,,,,,
4232,Soni Medicare Ltd.,SML,Healthcare,Hospital & Healthcare Services,31.13,,,,,,,,
4233,RGF Capital Markets Ltd.,RGF,Finance,Finance - NBFC,31.05,,,,,,,,
4234,Pasupati Spinning & Weaving Mills Ltd.,PASUSPG,Textile,Textile - Spinning,31.05,,,,,,,,
4235,Vaxtex Cotfab Ltd.,VCL,Trading,Trading,31.05,,,,,,,,
4236,Rex Sealing and Packing Industries Ltd.,REXSEAL,Agriculture,Rubber  Products,31.02,,,,,,,,
4237,Contil India Ltd.,CONTILI,Trading,Trading,31.01,,,,,,,,
4238,Sylph Industries Ltd.,SYLPH,Information Technology,IT - Software,30.83,,,,,,,,
4239,Katare Spinning Mills Ltd.,KATRSPG,Trading,Trading,30.73,,,,,,,,
4240,UH Zaveri Ltd.,UHZAVERI,Trading,Trading,30.7,,,,,,,,
4241,Phoenix Overseas Ltd.,PHOGLOBAL,Trading,Trading,30.57,,,,,,,,
4242,Biogen Pharmachem Industries Ltd.,BIOGEN,Finance,Finance - Others,30.54,,,,,,,,
4243,Reliable Ventures India Ltd.,RELIABVEN,Hospitality,"Hotel, Resort & Restaurants",30.49,,,,,,,,
4244,Agni Green Power Ltd.,AGNI,Capital Goods,Electric Equipment,30.47,,,,,,,,
4245,National Oxygen Ltd.,NOL,Industrials Gases & Fuels,Industrial  Gases & Fuels,30.43,,,,,,,,
4246,Best Eastern Hotels Ltd.,BESTEAST,Hospitality,"Hotel, Resort & Restaurants",30.41,,,,,,,,
4247,Uma Converter Ltd.,UMA,Fast Moving Consumer Goods,Packaging,30.41,,,,,,,,
4248,Sameera Agro & Infra Ltd.,SAIFL,Trading,Trading,30.37,,,,,,,,
4249,DSJ Keep Learning Ltd.,KEEPLEARN,Media & Entertainment,Printing And Publishing,30.36,1.99,2.01,1.86,0.0,1.91,1.81,0.1,5.52
4250,Rishi Techtex Ltd.,RISHITECH,Plastic Products,Plastic Products,30.3,,,,,,,,
4251,Pearl Green Clubs And Resorts Ltd.,PGCRL,Trading,Trading,30.2,,,,,,,,
4252,Gujarat Terce Laboratories Ltd.,GUJTERC,Healthcare,Pharmaceuticals & Drugs,30.15,,,,,,,,
4253,Mindpool Technologies Ltd.,MINDPOOL,Information Technology,IT - Software,30.13,,,,,,,,
4254,Galaxy Medicare Ltd.,GML,Healthcare,Medical Equipment/Supplies/Accessories,30.04,,,,,,,,
4255,Aanchal Ispat Ltd.,AANCHALISP,Iron & Steel,Steel & Iron Products,30.01,,,,,,,,
4256,AA Plus Tradelink Ltd.,AAPLUSTRAD,Trading,Trading,29.92,,,,,,,,
4257,Neelkanth Rockminerals Ltd.,NEELKAN,Construction Materials,Ceramics/Marble/Granite/Sanitaryware,29.91,,,,,,,,
4258,Tirupati Sarjan Ltd.,TIRSARJ,Realty,Construction - Real Estate,29.91,,,,,,,,
4259,Haryana Leather Chemicals Ltd.,HARLETH,Chemicals,Chemicals,29.91,,,,,,,,
4260,KK Shah Hospitals Ltd.,KKSHL,Healthcare,Hospital & Healthcare Services,29.89,,,,,,,,
4261,Centenial Surgical Suture Ltd.,CSURGSU,Healthcare,Medical Equipment/Supplies/Accessories,29.88,,,,,,,,
4262,Gita Renewable Energy Ltd.,GITARENEW,Power,Power Generation/Distribution,29.86,,,,,,,,
4263,BYLD Capital Finance Ltd.,BYLD,Finance,Finance - NBFC,29.71,,,,,,,,
4264,Challani Capital Ltd.,CHALLANI,Finance,Finance - NBFC,29.7,,,,,,,,
4265,Welcure Drugs & Pharmaceuticals Ltd.,WELCURE,Trading,Trading,29.66,,,,,,,,
4266,Medicamen Organics Ltd.,MEDIORG,Healthcare,Pharmaceuticals & Drugs,29.62,,,,,,,,
4267,Tyroon Tea Company Ltd.,TYROON,Agriculture,Tea/Coffee,29.61,,,,,,,,
4268,Subhash Silk Mills Ltd.,SUBSM,Textile,Textile,29.61,,,,,,,,
4269,Blue Pebble Ltd.,BLUEPEBBLE,Other,Engineering Consultancy,29.58,,,,,,,,
4270,Riddhi Display Equipments Ltd.,RDEL,Capital Goods,Engineering - Industrial Equipments,29.57,,,,,,,,
4271,G-Tec Jainx Education Ltd.,GTECJAINX,Information Technology,IT - Education,29.54,,,,,,,,
4272,Classic Filaments Ltd.,CFL,Textile,Textile,29.53,,,,,,,,
4273,Nagreeka Capital & Infrastructure Ltd.,NAGREEKCAP,Finance,Finance - NBFC,29.46,22.38,24.0,22.38,0.0,22.7,22.99,-0.29,-1.26
4274,Gujarat Cotex Ltd.,GUJCOTEX,Trading,Trading,29.43,,,,,,,,
4275,Chennai Meenakshi Multispeciality Hospital Ltd.,CMMHOSP,Healthcare,Hospital & Healthcare Services,29.43,,,,,,,,
4276,AG Universal Ltd.,AGUL,Trading,Trading,29.42,,,,,,,,
4277,Premier Energy & Infrastructure Ltd.,PEIL,Realty,Construction - Real Estate,29.4,,,,,,,,
4278,Adarsh Plant Protect Ltd.,ADARSHPL,Capital Goods,Engineering - Industrial Equipments,29.35,,,,,,,,
4279,Vivo Collaboration Solutions Ltd.,VIVO,Information Technology,IT - Software,29.3,,,,,,,,
4280,Sharpline Broadcast Ltd.,SHARPLINE,Media & Entertainment,TV Broadcasting & Software Production,29.29,,,,,,,,
4281,Hawa Engineers Ltd.,HAWAENG,Capital Goods,Engineering - Industrial Equipments,29.2,,,,,,,,
4282,Yarn Syndicate Ltd.,YARNSYN,Trading,Trading,29.19,,,,,,,,
4283,Chennai Ferrous Industries Ltd.,CHENFERRO,Trading,Trading,29.18,,,,,,,,
4284,June Industries Ltd.,JUNE,Information Technology,IT - Software,29.16,,,,,,,,
4285,Sattva Sukun Lifecare Ltd.,SATTVASUKU,Trading,Trading,29.15,,,,,,,,
4286,Gem Spinners India Ltd.,GEMSPIN,Textile,Textile - Spinning,29.15,,,,,,,,
4287,Samtel India Ltd.,SAMTELIN,Electricals,Electronics - Components,29.06,,,,,,,,
4288,NFP Sampoorna Foods Ltd.,NFPSAMPOOR,Fast Moving Consumer Goods,Consumer Food,29.06,,,,,,,,
4289,Silver Oak (India) Ltd.,SILVOAK,Alcohol,Breweries & Distilleries,29.03,,,,,,,,
4290,Cerebra Integrated Technologies Ltd.,CEREBRAINT,Trading,Trading,29.0,,,,,,,,
4291,Chordia Food Products Ltd.,CHORDIA,Other,Business Support,29.0,,,,,,,,
4292,Naturewings Holidays Ltd.,NHL,Hospitality,Travel Services,28.83,,,,,,,,
4293,TGB Banquets And Hotels Ltd.,TGBHOTELS,Hospitality,"Hotel, Resort & Restaurants",28.73,9.34,10.1,8.7,0.0,9.82,9.34,0.48,5.14
4294,Timescan Logistics (India) Ltd.,TIMESCAN,Logistics,Logistics,28.65,,,,,,,,
4295,Kkalpana Plastick Ltd.,KKPLASTICK,Trading,Trading,28.64,,,,,,,,
4296,Kanani Industries Ltd.,KANANIIND,Diamond & Jewellery,Diamond  &  Jewellery,28.49,1.49,1.51,1.48,0.0,1.5,1.48,0.02,1.35
4297,Simbhaoli Sugars Ltd.,SIMBHALS,Agriculture,Sugar,28.48,,,,,,,,
4298,Ashirwad Steels & Industries Ltd.,ASHSI,Iron & Steel,Steel & Iron Products,28.45,,,,,,,,
4299,Medistep Healthcare Ltd.,MEDISTEP,Trading,Trading,28.42,,,,,,,,
4300,Deep Health AI India Ltd.,DEEPAI,Diamond & Jewellery,Diamond  &  Jewellery,28.4,,,,,,,,
4301,Eastern Silk Industries Ltd.,EASTSILK,Textile,Textile,28.35,,,,,,,,
4302,Skybiotech Healthcare Ltd.,SKYBIOTECH,Textile,Textile,28.34,,,,,,,,
4303,Medico Intercontinental Ltd.,MIL,Trading,Trading,28.21,,,,,,,,
4304,Lexus Granito (India) Ltd.,LEXUS,Construction Materials,Ceramics/Marble/Granite/Sanitaryware,28.21,13.88,14.4,13.61,0.0,14.31,13.88,0.43,3.1
4305,TCFC Finance Ltd.,TCFCFINQ,Finance,Finance - NBFC,28.17,,,,,,,,
4306,Polyspin Exports Ltd.,POLYSPIN,Plastic Products,Plastic Products,28.16,31.58,31.58,28.0,0.0,30.97,29.29,1.68,5.74
4307,KKV Agro Powers Ltd.,KKVAPOW,Trading,Trading,28.15,,,,,,,,
4308,Jainex Aamcol Ltd.,JAINEX,Automobile & Ancillaries,Auto Ancillary,28.15,,,,,,,,
4309,Switching Technologies Gunther Ltd.,SWITCHTE,Capital Goods,Electric Equipment,28.06,,,,,,,,
4310,Promax Power Ltd.,PROMAX,Infrastructure,Engineering - Construction,28.02,,,,,,,,
4311,Tarapur Transformers Ltd.,TARAPUR,Capital Goods,Electric Equipment,27.94,15.0,16.0,14.21,0.0,15.5,15.18,0.32,2.11
4312,Jay Kailash Namkeen Ltd.,JAYKAILASH,Trading,Trading,27.84,,,,,,,,
4313,PAOS Industries Ltd,PAOS,Agriculture,Solvent  Extraction,27.77,,,,,,,,
4314,Intec Capital Ltd.,INTECCAP,Finance,Finance - NBFC,27.73,,,,,,,,
4315,Seemax Resources Ltd.,SEEMAX,Other,Business Support,27.72,,,,,,,,
4316,AKG Exim Ltd.,AKG,Trading,Trading,27.71,8.85,9.34,8.85,0.0,8.99,8.87,0.12,1.35
4317,Ranjeet Mechatronics Ltd.,RANJEET,Infrastructure,Engineering - Construction,27.68,,,,,,,,
4318,Narendra Properties Ltd.,NARPROP,Realty,Construction - Real Estate,27.68,,,,,,,,
4319,Aditya Spinners Ltd.,ADITYASP,Textile,Textile - Spinning,27.61,,,,,,,,
4320,Stanrose Mafatlal Investments & Finance Ltd.,STANROS,Finance,Finance - Investment,27.58,,,,,,,,
4321,Abril Paper Tech Ltd.,ABRIL,Paper,Paper & Paper Products,27.54,,,,,,,,
4322,Sulabh Engineers & Services Ltd.,SULABEN,Finance,Finance - NBFC,27.53,,,,,,,,
4323,CMX Holdings Ltd.,CMXLTD,Finance,Finance - Investment,27.52,,,,,,,,
4324,Epic Energy Ltd.,EPIC,Capital Goods,Electric Equipment,27.52,,,,,,,,
4325,Williamson Magor & Company Ltd.,WILLAMAGOR,Finance,Finance - NBFC,27.51,25.35,25.89,24.1,0.0,25.04,24.85,0.19,0.76
4326,Gulf Lloyds (India) Ltd.,GULF,Other,Professional Services,27.49,,,,,,,,
4327,GSB Finance Ltd.,GSBFIN,Finance,Finance - NBFC,27.48,,,,,,,,
4328,Khandwala Securities Ltd.,KHANDSE,Finance,Finance - Stock Broking,27.44,18.2,18.2,16.76,0.0,17.5,16.63,0.87,5.23
4329,Sahara Housingfina Corporation Ltd.,SAHARAHOUS,Finance,Finance - Housing,27.43,,,,,,,,
4330,Sonal Adhesives Ltd.,SONALAD,Plastic Products,Plastic Products,27.4,,,,,,,,
4331,Olatech Solutions Ltd.,OLATECH,Information Technology,IT - Software,27.39,,,,,,,,
4332,Pearl Polymers Ltd.,PEARLPOLY,Plastic Products,Plastic Products,27.36,15.79,16.0,15.65,0.0,15.71,16.01,-0.3,-1.87
4333,Takyon Networks Ltd.,TAKYON,Information Technology,IT - Networking,27.36,,,,,,,,
4334,Supha Pharmachem Ltd.,SUPHA,Trading,Trading,27.34,,,,,,,,
4335,National General Industries Ltd.,NATGENI,Iron & Steel,Steel & Iron Products,27.32,,,,,,,,
4336,Lake Shore Realty Ltd.,LAKESHORE,Fast Moving Consumer Goods,Consumer Food,27.31,,,,,,,,
4337,KJMC Financial Services Ltd.,KJMCFIN,Finance,Finance - NBFC,27.28,79.7,79.7,79.7,0.0,79.7,66.42,13.28,19.99
4338,Salasar Exteriors & Contour Ltd.,SECL,Infrastructure,Engineering - Construction,27.28,,,,,,,,
4339,Qgo Finance Ltd.,QGO,Finance,Finance - Investment,27.23,,,,,,,,
4340,ERP Soft Systems Ltd.,ERPSOFT,Information Technology,IT - Software,27.22,,,,,,,,
4341,Morarka Finance Ltd.,MORARKFI,Finance,Finance - NBFC,27.18,,,,,,,,
4342,Tejnaksh Healthcare Ltd.,TEJNAKSH,Healthcare,Hospital & Healthcare Services,27.18,,,,,,,,
4343,ECS Biztech Ltd.,ECS,Consumer Durables,IT - Hardware,27.13,,,,,,,,
4344,Libord Finance Ltd.,LIBORDFIN,Finance,Finance - NBFC,27.11,,,,,,,,
4345,Infomedia Press Ltd.,INFOMEDIA,Media & Entertainment,Printing And Publishing,27.1,5.26,5.35,5.1,0.0,5.11,5.19,-0.08,-1.54
4346,Manas Polymers And Energies Ltd.,MPEL,Plastic Products,Plastic Products,27.1,,,,,,,,
4347,Suvifin Credit Solutions Ltd.,PURSHOTTAM,Finance,Finance - NBFC,27.1,,,,,,,,
4348,Sprayking Ltd.,SPRAYKING,Capital Goods,Engineering - Industrial Equipments,27.05,,,,,,,,
4349,Thinkink Picturez Ltd.,THINKINK,Media & Entertainment,"Film Production, Distribution & Entertainment",27.02,,,,,,,,
4350,Konark Synthetic Ltd.,KONARKSY,Textile,Textile,27.01,,,,,,,,
4351,Indianivesh Ltd.,INDIANVSH,Finance,Finance - NBFC,26.92,,,,,,,,
4352,Unick Fix-A-Form And Printers Ltd.,UNICK,Healthcare,Pharmaceuticals & Drugs,26.89,,,,,,,,
4353,Inducto Steel Ltd.,INDCTST,Iron & Steel,Steel & Iron Products,26.88,,,,,,,,
4354,Nirav Commercials Ltd.,NIRAVCOM,Non - Ferrous Metals,Aluminium & Aluminium Products,26.81,,,,,,,,
4355,Amco India Ltd.,AMCOIND,Plastic Products,Plastic Products,26.81,,,,,,,,
4356,Datiware Maritime Infra Ltd.,DATIWARE,Agriculture,Aquaculture,26.77,,,,,,,,
4357,Pritish Nandy Communications Ltd.,PNC,Media & Entertainment,"Film Production, Distribution & Entertainment",26.74,18.93,18.93,18.05,0.0,18.15,18.33,-0.18,-0.98
4358,Invigorated Business Consulting Ltd.,INVIGO,Finance,Finance - NBFC,26.73,,,,,,,,
4359,Polymechplast Machines Ltd.,POLYCHMP,Capital Goods,Engineering - Industrial Equipments,26.65,,,,,,,,
4360,Goenka Diamond and Jewels Ltd.,GOENKA,Diamond & Jewellery,Diamond  &  Jewellery,26.63,,,,,,,,
4361,Yudiz Solutions Ltd.,YUDIZ,Information Technology,IT - Software,26.62,,,,,,,,
4362,Sunil Agro Foods Ltd.,SUNILAGR,Fast Moving Consumer Goods,Consumer Food,26.59,,,,,,,,
4363,Shalimar Productions Ltd.,SHALPRO,Media & Entertainment,"Film Production, Distribution & Entertainment",26.58,,,,,,,,
4364,Angel Fibers Ltd.,ANGEL,Textile,Textile,26.57,,,,,,,,
4365,Next Mediaworks Ltd.,NEXTMEDIA,Media & Entertainment,Printing And Publishing,26.56,3.74,3.97,3.67,0.0,3.91,3.74,0.17,4.55
4366,KMG Milk Food Ltd.,KMGMILK,Fast Moving Consumer Goods,Consumer Food,26.52,,,,,,,,
4367,Daikaffil Chemicals India Ltd.,DAIKAFFI,Chemicals,Pesticides & Agrochemicals,26.52,,,,,,,,
4368,Orosil Smiths India Ltd.,OROSMITHS,Diamond & Jewellery,Diamond  &  Jewellery,26.48,,,,,,,,
4369,Cargosol Logistics Ltd.,CARGOSOL,Logistics,Logistics,26.42,,,,,,,,
4370,Swarna Securities Ltd.,SWRNASE,Finance,Finance - NBFC,26.4,,,,,,,,
4371,TGIF Agribusiness Ltd.,TGIF,Agriculture,Agriculture,26.39,,,,,,,,
4372,AGS Transact Technologies Ltd.,AGSTRA,Other,Business Support,26.33,,,,,,,,
4373,Hindoostan Mills Ltd.,HINDMILL,Textile,Textile,26.28,,,,,,,,
4374,Samsrita Labs Ltd.,SAMSRITA,Healthcare,Hospital & Healthcare Services,26.25,,,,,,,,
4375,Rathi Bars Ltd.,RATHIBAR,Iron & Steel,Steel & Iron Products,26.24,,,,,,,,
4376,Jet Knitwears Ltd.,JETKNIT,Textile,Textile,26.16,,,,,,,,
4377,Harshil Agrotech Ltd.,HARSHILAGR,Capital Goods,Engineering - Industrial Equipments,26.14,,,,,,,,
4378,PlatinumOne Business Services Ltd.,POBS,Information Technology,BPO/ITeS,26.11,,,,,,,,
4379,QVC Exports Ltd.,QVCEL,Trading,Trading,26.02,,,,,,,,
4380,Tree House Education & Accessories Ltd.,TREEHOUSE,Other,Educational Institutions,26.02,6.22,6.34,6.04,0.0,6.17,6.22,-0.05,-0.8
4381,DMR Engineering Ltd.,DMR,Other,Engineering Consultancy,25.99,,,,,,,,
4382,Miven Machine Tools Ltd.,MIVENMACH,Capital Goods,Engineering - Industrial Equipments,25.97,,,,,,,,
4383,Micropro Software Solutions Ltd.,MICROPRO,Information Technology,IT - Software,25.95,,,,,,,,
4384,STL Global Ltd.,SGL,Textile,Textile,25.86,9.51,9.98,9.51,0.0,9.8,9.72,0.08,0.82
4385,Johnson Pharmacare Ltd.,JOHNPHARMA,Trading,Trading,25.85,,,,,,,,
4386,Maris Spinners Ltd.,MARIS,Textile,Textile - Spinning,25.83,,,,,,,,
4387,Abhishek Finlease Ltd.,ABHIFIN,Finance,Finance - NBFC,25.83,,,,,,,,
4388,Longspur International Ventures Ltd.,LONGSPUR,Finance,Finance - Others,25.8,,,,,,,,
4389,Vikram Aroma Ltd.,VIKRAMAR,Chemicals,Chemicals,25.73,,,,,,,,
4390,Globtier Infotech Ltd.,GLOBTIER,Information Technology,IT - Software,25.71,,,,,,,,
4391,Megri Soft Ltd.,MEGRISOFT,Information Technology,IT - Software,25.69,,,,,,,,
4392,Sparkle Gold Rock Ltd.,SPARKLEGR,Textile,Textile - Spinning,25.66,,,,,,,,
4393,Prabhhans Industries Ltd.,PRABHHANS,Trading,Trading,25.62,,,,,,,,
4394,Arunaya Organics Ltd.,ARUNAYA,Chemicals,Dyes & Pigments,25.61,,,,,,,,
4395,Libas Consumer Products Ltd.,LIBAS,Textile,Textile,25.61,9.83,10.2,9.6,0.0,10.02,9.83,0.19,1.93
4396,Nalin Lease Finance Ltd.,NLFL,Finance,Finance - NBFC,25.58,,,,,,,,
4397,Shreenath Paper Products Ltd.,SHREENATH,Paper,Paper & Paper Products,25.55,,,,,,,,
4398,Esaar (India) Ltd.,ESARIND,Finance,Finance - NBFC,25.49,,,,,,,,
4399,Prismx Global Ventures Ltd.,PRISMX,Finance,Finance - Investment,25.47,0.54,0.55,0.52,0.0,0.53,0.54,-0.01,-1.85
4400,Gorani Industries Ltd.,GORANIN,Consumer Durables,Consumer Durables - Domestic Appliances,25.47,,,,,,,,
4401,Franklin Industries Ltd.,FRANKLININD,Trading,Trading,25.45,,,,,,,,
4402,Aritas Vinyl Ltd.,ARITAS,Textile,Textile,25.4,,,,,,,,
4403,Pratik Panels Ltd.,PRATIK,Construction Materials,Wood & Wood Products,25.37,,,,,,,,
4404,Munoth Financial Services Ltd.,MUNOTHFI,Finance,Finance - Stock Broking,25.36,,,,,,,,
4405,Agarwal Float Glass India Ltd.,AGARWALFT,Trading,Trading,25.32,,,,,,,,
4406,Healthy Life Agritec Ltd.,HEALTHYLIFE,Trading,Trading,25.31,,,,,,,,
4407,Padam Cotton Yarns Ltd.,PADAMCO,Textile,Textile,25.24,,,,,,,,
4408,Sangal Papers Ltd.,SANPA,Paper,Paper & Paper Products,25.22,,,,,,,,
4409,Future Lifestyle Fashions Ltd.,FLFL,Retailing,Retailing,25.22,,,,,,,,
4410,Greencrest Financial Services Ltd.,GREENCREST,Finance,Finance - NBFC,25.22,,,,,,,,
4411,Vertexplus Technologies Ltd.,VERTEXPLUS,Information Technology,IT - Software,25.21,,,,,,,,
4412,Popular Estate Management Ltd.,POPULARES,Realty,Construction - Real Estate,25.16,,,,,,,,
4413,Kanco Tea & Industries Ltd.,KANCOTEA,Agriculture,Tea/Coffee,25.12,56.0,57.2,52.0,0.0,54.3,52.78,1.52,2.88
4414,Enbee Trade & Finance Ltd.,ENBETRD,Finance,Finance - NBFC,25.1,,,,,,,,
4415,Smart Finsec Ltd.,SMARTFIN,Finance,Finance - NBFC,25.05,,,,,,,,
4416,Om Metallogic Ltd.,OML,Non - Ferrous Metals,Aluminium & Aluminium Products,25.05,,,,,,,,
4417,Dynamic Archistructures Ltd.,DAL,Finance,Finance - NBFC,24.99,,,,,,,,
4418,Mewar Hi-Tech Engineering Ltd.,MHEL,Capital Goods,Engineering - Industrial Equipments,24.98,,,,,,,,
4419,Salguti Industries Ltd.,SALGUTI,Textile,Textile,24.95,,,,,,,,
4420,Chemiesynth (Vapi) Ltd.,CHEMIESYNT,Chemicals,Chemicals,24.93,,,,,,,,
4421,Impera Worldwide Ltd.,RISHYRN,Textile,Textile - Manmade  Fibres,24.92,,,,,,,,
4422,Sinnar Bidi Udyog Ltd.,SINNAR,Fast Moving Consumer Goods,Cigarettes/Tobacco,24.92,,,,,,,,
4423,Centuple Global Ltd.,CENTUPLE,Trading,Trading,24.9,,,,,,,,
4424,Benchmark Computer Solutions Ltd.,BENCHMARK,Retailing,Retailing,24.88,,,,,,,,
4425,Kalana Ispat Ltd.,KALANA,Iron & Steel,Steel & Iron Products,24.84,,,,,,,,
4426,Machhar Industries Ltd.,MACIND,Chemicals,Chemicals,24.83,,,,,,,,
4427,Trans India House Impex Ltd,TIHIL,Capital Goods,Engineering - Industrial Equipments,24.8,,,,,,,,
4428,Sudal Industries Ltd.,SUDAI,Non - Ferrous Metals,Aluminium & Aluminium Products,24.79,,,,,,,,
4429,Bervin Investment & Leasing Ltd.,BERVINL,Finance,Finance - Investment,24.77,,,,,,,,
4430,NACDAC Infrastructure Ltd.,NACDAC,Infrastructure,Engineering - Construction,24.73,,,,,,,,
4431,Ramsons Projects Ltd.,RAMSONS,Finance,Finance - NBFC,24.72,,,,,,,,
4432,AMS Polymers Ltd.,AMS,Trading,Trading,24.71,,,,,,,,
4433,Kridhan Infra Ltd.,KRIDHANINF,Iron & Steel,Steel & Iron Products,24.66,,,,,,,,
4434,Ahasolar Technologies Ltd.,AHASOLAR,Information Technology,IT - Software,24.66,,,,,,,,
4435,Ashirwad Capital Ltd.,ASHCAP,Finance,Finance - Investment,24.66,,,,,,,,
4436,Innovative Ideals And Services (India) Ltd.,INNOVATIVE,Trading,Trading,24.65,,,,,,,,
4437,Deco-Mica Ltd.,DECOMIC,Construction Materials,Laminates/Decoratives,24.57,,,,,,,,
4438,Kenvi Jewels Ltd.,KENVI,Diamond & Jewellery,Diamond  &  Jewellery,24.52,,,,,,,,
4439,Venmax Drugs And Pharmaceuticals Ltd.,VENMAX,Healthcare,Pharmaceuticals & Drugs,24.52,,,,,,,,
4440,Nirman Agri Genetics Ltd.,NIRMAN,Agriculture,Agriculture,24.51,,,,,,,,
4441,Paramount Dye Tec Ltd.,PARAMOUNT,Textile,Textile,24.51,,,,,,,,
4442,Arshiya Ltd.,ARSHIYA,Logistics,Logistics,24.5,,,,,,,,
4443,RKD Agri & Retail Ltd.,RKDAGRRTL,Finance,Finance - Investment,24.49,,,,,,,,
4444,Aruna Hotels Ltd.,ARUNAHTEL,Hospitality,"Hotel, Resort & Restaurants",24.48,,,,,,,,
4445,Quicktouch Technologies Ltd.,QUICKTOUCH,Information Technology,IT - Software,24.48,,,,,,,,
4446,Koura Fine Diamond Jewelry Ltd.,KOURA,Diamond & Jewellery,Diamond  &  Jewellery,24.45,,,,,,,,
4447,Easy Fincorp Ltd.,EASYFIN,Finance,Finance - Investment,24.25,,,,,,,,
4448,Neeraj Paper Marketing Ltd.,NEERAJ,Trading,Trading,24.25,,,,,,,,
4449,Adeshwar Meditex Ltd.,ADESHWAR,Healthcare,Pharmaceuticals & Drugs,24.24,,,,,,,,
4450,Valencia India Ltd.,VALINDIA,Hospitality,"Hotel, Resort & Restaurants",24.11,,,,,,,,
4451,United Cotfab Ltd.,COTFAB,Textile,Textile,24.07,,,,,,,,
4452,Teerth Gopicon Ltd.,TGL,Infrastructure,Engineering - Construction,24.06,,,,,,,,
4453,Salora International Ltd.,SALORAINTL,Trading,Trading,24.03,,,,,,,,
4454,Transvoy Logistics India Ltd.,TRANSVOY,Logistics,Logistics,23.97,,,,,,,,
4455,Globesecure Technologies Ltd.,GSTL,Information Technology,IT - Software,23.91,,,,,,,,
4456,Monotype India Ltd.,MONOT,Finance,Finance - Stock Broking,23.91,,,,,,,,
4457,Vani Commercials Ltd.,VANICOM,Finance,Finance - NBFC,23.91,,,,,,,,
4458,Cian Healthcare Ltd.,CHCL,Healthcare,Pharmaceuticals & Drugs,23.88,,,,,,,,
4459,Milestone Furniture Ltd.,MILEFUR,Fast Moving Consumer Goods,Household & Personal Products,23.83,,,,,,,,
4460,West Leisure Resorts Ltd.,WESTLEIRES,Hospitality,"Hotel, Resort & Restaurants",23.78,,,,,,,,
4461,Virtual Global Education Ltd.,VIRTUALG,Other,Educational Institutions,23.78,0.59,0.6,0.51,0.0,0.55,0.51,0.04,7.84
4462,Shreevatsa Finance & Leasing Ltd.,SHVFL,Finance,Finance - NBFC,23.73,,,,,,,,
4463,MPIL Corporation Ltd.,MPILCORPL,Finance,Finance - Others,23.71,,,,,,,,
4464,Sarthak Industries Ltd.,SARTHAKIND,Trading,Trading,23.69,,,,,,,,
4465,Standard Batteries Ltd.,STDBAT,Trading,Trading,23.6,,,,,,,,
4466,Cochin Malabar Estates & Industries Ltd.,COCHMAL,Agriculture,Rubber  Products,23.6,,,,,,,,
4467,Marc Loire Fashions Ltd.,MARCLOIRE,Trading,Trading,23.57,,,,,,,,
4468,Diva Organic Living Ltd.,WORL,Retailing,Retailing,23.56,,,,,,,,
4469,Indo Cotspin Ltd.,ICL,Textile,Textile - Spinning,23.56,,,,,,,,
4470,KJMC Corporate Advisors (India) Ltd.,KJMCCORP,Finance,Finance - Stock Broking,23.5,,,,,,,,
4471,Rap Corp Ltd.,RAP,Realty,Construction - Real Estate,23.46,,,,,,,,
4472,Vama Industries Ltd.,VAMA,Information Technology,IT - Software,23.43,,,,,,,,
4473,Ajwa Fun World & Resort Ltd.,AJWAFUN,Hospitality,"Hotel, Resort & Restaurants",23.39,,,,,,,,
4474,Goel Food Products Ltd.,GOEL,Fast Moving Consumer Goods,Consumer Food,23.38,,,,,,,,
4475,Vivanta Industries Ltd.,VIVANTA,Infrastructure,Engineering - Construction,23.32,,,,,,,,
4476,Gujarat Raffia Industries Ltd.,GUJRAFFIA,Plastic Products,Plastic Products,23.29,41.01,43.45,40.59,0.0,41.22,41.01,0.21,0.51
4477,Kamanwala Housing Construction Ltd.,KAMANWALA,Realty,Construction - Real Estate,23.25,17.55,17.55,16.4,0.0,16.77,16.68,0.09,0.54
4478,Martin Burn Ltd.,MARBU,Realty,Construction - Real Estate,23.19,,,,,,,,
4479,Logiciel Solutions Ltd.,LOGICIEL,Information Technology,IT - Software,23.16,,,,,,,,
4480,Vinyoflex Ltd.,VINYOFL,Plastic Products,Plastic Products,23.11,,,,,,,,
4481,Khoobsurat Ltd.,KHOOBSURAT,Finance,Finance - Investment,23.04,,,,,,,,
4482,Pentokey Organy (India) Ltd.,PNTKYOR,Trading,Trading,23.04,,,,,,,,
4483,JMD Ventures Ltd.,JMDVL,Media & Entertainment,"Film Production, Distribution & Entertainment",23.03,,,,,,,,
4484,Laxmi Cotspin Ltd.,LAXMICOT,Textile,Textile - Spinning,23.01,14.39,14.39,13.6,0.0,13.92,13.96,-0.04,-0.29
4485,Iykot Hitech Toolroom Ltd.,IYKOTHITE,Capital Goods,Engineering - Industrial Equipments,23.0,,,,,,,,
4486,Navigant Corporate Advisors Ltd.,NAVIGANT,Finance,Finance - Others,22.99,,,,,,,,
4487,Bombay Wire Ropes Ltd.,BOMBWIR,Iron & Steel,Steel & Iron Products,22.96,,,,,,,,
4488,Aspire & Innovative Advertising Ltd.,ASPIRE,Trading,Trading,22.92,,,,,,,,
4489,Marinetrans India Ltd.,MARINETRAN,Logistics,Logistics,22.91,,,,,,,,
4490,Manglam Infra & Engineering Ltd.,MIEL,Other,Engineering Consultancy,22.88,,,,,,,,
4491,Thinking Hats Entertainment Solutions Ltd.,THESL,Media & Entertainment,"Film Production, Distribution & Entertainment",22.85,,,,,,,,
4492,Parshwanath Corporation Ltd.,PARSHWANA,Finance,Finance - Housing,22.85,,,,,,,,
4493,Octaware Technologies Ltd.,OCTAWARE,Information Technology,IT - Software,22.84,,,,,,,,
4494,Ambo Agritec Ltd.,AMBOAGRI,Fast Moving Consumer Goods,Edible Oil,22.8,,,,,,,,
4495,Abhishek Integrations Ltd.,AILIMITED,Other,Business Support,22.72,,,,,,,,
4496,Prospect Consumer Products Ltd.,PCL,Trading,Trading,22.7,,,,,,,,
4497,Velan Hotels Ltd.,VELHO,Hospitality,"Hotel, Resort & Restaurants",22.69,,,,,,,,
4498,Harish Textile Engineers Ltd.,HARISH,Textile,Textile - Machinery,22.68,,,,,,,,
4499,Blue chip Tex Industries Ltd.,BLUECHIPT,Textile,Textile - Manmade  Fibres,22.66,,,,,,,,
4500,ACI Infocom Ltd.,ACIIN,Consumer Durables,IT - Hardware,22.65,,,,,,,,
4501,Asian Tea & Exports Ltd.,ASIANTNE,Trading,Trading,22.62,9.0,9.6,9.0,0.0,9.33,9.42,-0.09,-0.96
4502,Landmark Global Learning Ltd.,LGLL,Other,Professional Services,22.61,,,,,,,,
4503,Prakash Woollen & Synthetic Mills Ltd.,PWASML,Textile,Textile,22.57,,,,,,,,
4504,IITL Projects Ltd.,IITLPROJ,Realty,Construction - Real Estate,22.56,,,,,,,,
4505,Jaipan Industries Ltd.,JAIPAN,Fast Moving Consumer Goods,Household & Personal Products,22.53,,,,,,,,
4506,Ishita Drugs & Industries Ltd.,ISHITADR,Healthcare,Pharmaceuticals & Drugs,22.53,,,,,,,,
4507,Jindal Capital Ltd.,JINDCAP,Finance,Finance - Investment,22.52,,,,,,,,
4508,Asian Petroproducts & Exports Ltd.,ASINPET,Chemicals,Chemicals,22.47,,,,,,,,
4509,Shree Bhavya Fabrics Ltd,SBFL,Textile,Textile,22.46,,,,,,,,
4510,Triliance Polymers Ltd.,TRILIANCE,Miscellaneous,Miscellaneous,22.42,,,,,,,,
4511,Identical Brains Studios Ltd.,IDENTICAL,Media & Entertainment,"Film Production, Distribution & Entertainment",22.37,,,,,,,,
4512,UHM Vacation Ltd.,UHMVL,Hospitality,Travel Services,22.33,,,,,,,,
4513,Future Enterprises Ltd.,FEL,Retailing,Retailing,22.29,,,,,,,,
4514,Balurghat Technologies Ltd.,BALTE,Logistics,Logistics,22.26,,,,,,,,
4515,Sati Poly Plast Ltd.,SATIPOLY,Fast Moving Consumer Goods,Packaging,22.24,,,,,,,,
4516,Ankit Metal & Power Ltd.,ANKITMETAL,Iron & Steel,Steel & Iron Products,22.15,,,,,,,,
4517,NAPS Global India Ltd.,NAPSGLOBAL,Trading,Trading,22.15,,,,,,,,
4518,Shashijit Infraprojects Ltd.,SHASHIJIT,Realty,Construction - Real Estate,22.09,,,,,,,,
4519,Glaam Up Jwel Ltd.,GLAAMUP,Trading,Trading,22.04,,,,,,,,
4520,LWS Knitwear Ltd.,LWSKNIT,Trading,Trading,21.99,,,,,,,,
4521,Span Divergent Ltd.,SDL,Chemicals,Chemicals,21.96,,,,,,,,
4522,Mandeep Auto Industries Ltd.,MANDEEP,Automobile & Ancillaries,Auto Ancillary,21.96,,,,,,,,
4523,Unison Metals Ltd.,UNISON,Iron & Steel,Steel & Iron Products,21.92,,,,,,,,
4524,Lesha Industries Ltd.,LESHAIND,Trading,Trading,21.91,,,,,,,,
4525,Aten Papers & Foam Ltd.,ATENPAPERS,Paper,Paper & Paper Products,21.89,,,,,,,,
4526,Pulsar International Ltd.,PULSRIN,Finance,Finance - NBFC,21.85,,,,,,,,
4527,Envair Electrodyne Ltd.,ENVAIREL,Capital Goods,Engineering - Industrial Equipments,21.81,,,,,,,,
4528,Safecure Services Ltd.,SAFECURE,Other,Professional Services,21.76,,,,,,,,
4529,Kotia Enterprises Ltd.,KEL,Textile,Textile,21.76,,,,,,,,
4530,Zenith Fibres Ltd.,ZENIFIB,Textile,Textile - Manmade  Fibres,21.74,,,,,,,,
4531,TechIndia Nirman Ltd.,TECHIN,Infrastructure,Engineering - Construction,21.73,,,,,,,,
4532,Richfield Financial Services Ltd.,RFSL,Finance,Finance - NBFC,21.72,,,,,,,,
4533,Darshan Orna Ltd.,DARSHANORNA,Trading,Trading,21.71,,,,,,,,
4534,Helpage Finlease Ltd.,HELPAGE,Finance,Finance - NBFC,21.64,,,,,,,,
4535,Silly Monks Entertainment Ltd.,SILLYMONKS,Media & Entertainment,"Film Production, Distribution & Entertainment",21.63,16.2,16.2,15.4,0.0,15.69,15.6,0.09,0.58
4536,Tapi Fruit Processing Ltd.,TAPIFRUIT,Fast Moving Consumer Goods,Consumer Food,21.5,,,,,,,,
4537,Mediaone Global Entertainment Ltd.,MEDIAONE,Media & Entertainment,"Film Production, Distribution & Entertainment",21.49,,,,,,,,
4538,Tulasee Bio-Ethanol Ltd.,TULASEEBIOE,Chemicals,Chemicals,21.47,,,,,,,,
4539,Ras Resorts & Apart Hotels Ltd.,RASRESOR,Hospitality,"Hotel, Resort & Restaurants",21.44,,,,,,,,
4540,Laffans Petrochemicals Ltd.,LAFFANSQ,Trading,Trading,21.41,,,,,,,,
4541,Hamps Bio Ltd.,HAMPS,Trading,Trading,21.34,,,,,,,,
4542,SI Capital & Financial Services Ltd.,SICAPIT,Finance,Finance - Investment,21.32,,,,,,,,
4543,Cedaar Textile Ltd.,CEDAAR,Textile,Textile,21.3,,,,,,,,
4544,DJS Stock & Shares Ltd.,DJSSS,Finance,Finance - Stock Broking,21.28,,,,,,,,
4545,Utique Enterprises Ltd.,UTIQUE,Trading,Trading,21.27,,,,,,,,
4546,Ind-Agiv Commerce Ltd.,INDAGIV,Trading,Trading,21.23,,,,,,,,
4547,Senthil Infotek Ltd.,SENINFO,Information Technology,IT - Software,21.19,,,,,,,,
4548,Paragon Finance Ltd.,PARAGONF,Finance,Finance - NBFC,21.16,,,,,,,,
4549,Southern Magnesium & Chemicals Ltd.,SOUTHMG,Non - Ferrous Metals,Metal - Non Ferrous,21.14,,,,,,,,
4550,Transgene Biotek Ltd.,TRABI,Other,Business Support,21.14,,,,,,,,
4551,Lynx Machinery & Commercials Ltd.,LYNMC,Logistics,Logistics,21.1,,,,,,,,
4552,TTI Enterprise Ltd.,TTIENT,Finance,Finance - NBFC,21.09,,,,,,,,
4553,KK Silk Mills Ltd.,KKSILK,Textile,Textile,21.09,,,,,,,,
4554,Mahalaxmi Fabric Mills Ltd.,MFML,Textile,Textile,21.08,19.87,19.9,18.72,0.0,19.22,19.66,-0.44,-2.24
4555,Rama Petrochemicals Ltd.,RAMAPETRO,Trading,Trading,21.05,,,,,,,,
4556,Vrundavan Plantation Ltd.,VPL,Agriculture,Agriculture,21.04,,,,,,,,
4557,Madhya Pradesh Today Media Ltd.,MPTODAY,Media & Entertainment,Printing And Publishing,21.01,,,,,,,,
4558,Shricon Industries Ltd.,SHRICON,Information Technology,e-Commerce,20.97,,,,,,,,
4559,Vandan Foods Ltd.,VANDAN,Agriculture,Solvent  Extraction,20.96,,,,,,,,
4560,Southern Latex Ltd.,SOUTLAT,Textile,Textile,20.95,,,,,,,,
4561,Caprolactam Chemicals Ltd.,CAPRO,Chemicals,Chemicals,20.91,,,,,,,,
4562,Ind Renewable Energy Ltd.,INDRENEW,Infrastructure,Engineering - Construction,20.89,,,,,,,,
4563,Sonalis Consumer Products Ltd.,SONALIS,Fast Moving Consumer Goods,Consumer Food,20.83,,,,,,,,
4564,Mansi Finance (Chennai) Ltd.,MANSIFIN,Finance,Finance - NBFC,20.82,,,,,,,,
4565,Disha Resources Ltd.,DRL,Trading,Trading,20.74,,,,,,,,
4566,Shree Ganesh Bio-Tech (India) Ltd.,SHREEGANES,Agriculture,Agriculture,20.73,,,,,,,,
4567,Neo Infracon Ltd.,NEOINFRA,Realty,Construction - Real Estate,20.73,,,,,,,,
4568,Sri Havisha Hospitality and Infrastructure Ltd.,HAVISHA,Hospitality,"Hotel, Resort & Restaurants",20.73,1.36,1.44,1.36,0.0,1.42,1.4,0.02,1.43
4569,Uniroyal Industries Ltd.,UNIROYAL,Textile,Textile,20.72,,,,,,,,
4570,Patspin India Ltd.,PATSPINLTD,Textile,Textile - Spinning,20.69,,,,,,,,
4571,SBEC Systems (India) Ltd.,SBECSYS,Capital Goods,Engineering,20.5,,,,,,,,
4572,Prime Urban Development India Ltd.,PRIMEURB,Textile,Textile,20.49,,,,,,,,
4573,Command Polymers Ltd.,COMMAND,Plastic Products,Plastic Products,20.49,,,,,,,,
4574,Containerway International Ltd.,CONTAINER,Trading,Trading,20.47,,,,,,,,
4575,OP Chains Ltd.,OPCHAINS,Trading,Trading,20.38,,,,,,,,
4576,Rishabh Digha Steel & Allied Products Ltd.,RISHDIGA,Trading,Trading,20.28,,,,,,,,
4577,Fruition Venture Ltd.,FRUTION,Finance,Finance - Stock Broking,20.26,,,,,,,,
4578,DRA Consultants Ltd.,DRA,Other,Engineering Consultancy,20.24,,,,,,,,
4579,Shubhlaxmi Jewel Art Ltd.,SHUBHLAXMI,Diamond & Jewellery,Diamond  &  Jewellery,20.2,,,,,,,,
4580,Boss Packaging Solutions Ltd.,BOSS,Fast Moving Consumer Goods,Packaging,20.16,,,,,,,,
4581,Veejay Lakshmi Engineering Works Ltd.,VJLAXMIE,Textile,Textile - Machinery,20.15,,,,,,,,
4582,Crystal Business System Ltd.,CRYSTAL,Media & Entertainment,TV Broadcasting & Software Production,20.15,,,,,,,,
4583,Colinz Laboratories Ltd.,COLINZ,Healthcare,Pharmaceuticals & Drugs,20.12,,,,,,,,
4584,Labelkraft Technologies Ltd.,LABELKRAFT,Fast Moving Consumer Goods,Printing & Stationery,20.11,,,,,,,,
4585,Shree Metalloys Ltd.,SHREMETAL,Trading,Trading,20.08,,,,,,,,
4586,Tridhya Tech Ltd.,TRIDHYA,Information Technology,IT - Software,20.03,,,,,,,,
4587,Paramount Cosmetics (India) Ltd.,PARMCOS-B,Trading,Trading,20.0,,,,,,,,
4588,Trio Mercantile & Trading Ltd.,TRIOMERC,Trading,Trading,19.97,,,,,,,,
4589,York Exports Ltd.,YORKEXP,Textile,Textile,19.91,,,,,,,,
4590,Novateor Research Laboratories Ltd.,NOVATEOR,Fast Moving Consumer Goods,Household & Personal Products,19.88,,,,,,,,
4591,Precision Metaliks Ltd.,PRECISION,Automobile & Ancillaries,Auto Ancillary,19.86,,,,,,,,
4592,Dalmia Industrial Development Ltd.,DIDL,Trading,Trading,19.84,,,,,,,,
4593,Inter State Oil Carrier Ltd.,INTSTOIL,Logistics,Logistics,19.84,,,,,,,,
4594,Maitri Enterprises Ltd.,MAITRI,Trading,Trading,19.8,,,,,,,,
4595,SRM Energy Ltd.,SRMENERGY,Textile,Textile,19.79,,,,,,,,
4596,Roselabs Finance Ltd.,ROSELABS,Finance,Finance - NBFC,19.78,,,,,,,,
4597,Cindrella Hotels Ltd.,CINDHO,Hospitality,"Hotel, Resort & Restaurants",19.76,,,,,,,,
4598,MPDL Ltd.,MPDL,Realty,Construction - Real Estate,19.74,39.99,41.18,39.2,0.0,41.18,34.32,6.86,19.99
4599,Orient Tradelink Ltd.,ORIENTTR,Media & Entertainment,"Film Production, Distribution & Entertainment",19.69,,,,,,,,
4600,GB Logistics Commerce Ltd.,GBLOGISTIC,Logistics,Logistics,19.67,,,,,,,,
4601,7NR Retail Ltd.,7NR,Trading,Trading,19.6,,,,,,,,
4602,TCI Finance Ltd.,TCIFINANCE,Finance,Finance - NBFC,19.57,,,,,,,,
4603,Cyber Media Research & Services Ltd.,CMRSL,Media & Entertainment,Printing And Publishing,19.49,,,,,,,,
4604,Mukat Pipes Ltd.,MUKATPIP,Iron & Steel,Steel & Iron Products,19.48,,,,,,,,
4605,K-Lifestyle Industries Ltd.,KLIFESTYL,Textile,Textile,19.43,,,,,,,,
4606,Veer Energy & Infrastructure Ltd.,VEERENRGY,Power,Power Generation/Distribution,19.42,,,,,,,,
4607,Vikas WSP Ltd.,VIKASWSP,Chemicals,Chemicals,19.42,,,,,,,,
4608,Kahan Packaging Ltd.,KAHAN,Fast Moving Consumer Goods,Packaging,19.3,,,,,,,,
4609,Visagar Financial Services Ltd.,VISAGAR,Finance,Finance - NBFC,19.27,,,,,,,,
4610,Maharashtra Corporation Ltd.,MAHACORP,Trading,Trading,19.25,,,,,,,,
4611,SPP Polymer Ltd.,SPPPOLY,Fast Moving Consumer Goods,Packaging,19.24,,,,,,,,
4612,IMEC Services Ltd.,IMEC,Other,Professional Services,19.23,,,,,,,,
4613,Prima Industries Ltd.,PRIMAIN,Fast Moving Consumer Goods,Animal Feed,19.21,,,,,,,,
4614,Colorchips New Media Ltd.,COLORCHIPS,Media & Entertainment,TV Broadcasting & Software Production,19.17,,,,,,,,
4615,Advance Lifestyles Ltd.,ADVLIFE,Textile,Textile,19.14,,,,,,,,
4616,Sterling Powergensys Ltd.,STERPOW,Capital Goods,Engineering - Industrial Equipments,19.07,,,,,,,,
4617,SKIL Infrastructure Ltd.,SKIL,Capital Goods,Engineering,19.06,,,,,,,,
4618,MSR Copper Ltd.,MSRINDIA,Non - Ferrous Metals,Metal - Non Ferrous,19.05,,,,,,,,
4619,Abram Food Ltd.,ABRFL,Fast Moving Consumer Goods,Consumer Food,19.03,,,,,,,,
4620,Shrenik Ltd.,SHRENIK,Trading,Trading,18.97,,,,,,,,
4621,Add-Shop E-Retail Ltd.,ASRL,Trading,Trading,18.94,,,,,,,,
4622,Bacil Pharma Ltd.,BACPHAR,Healthcare,Pharmaceuticals & Drugs,18.83,,,,,,,,
4623,Venlon Enterprises Ltd.,VENLONENT,Trading,Trading,18.76,,,,,,,,
4624,ND Metal Industries Ltd.,NDMETAL,Non - Ferrous Metals,Metal - Non Ferrous,18.72,,,,,,,,
4625,Yasons Chemex Care Ltd.,YCCL,Chemicals,Dyes & Pigments,18.63,,,,,,,,
4626,Madhusudan Industries Ltd.,MADHUDIN,Trading,Trading,18.62,,,,,,,,
4627,Travels & Rentals Ltd.,TRAVELS,Hospitality,Travel Services,18.58,,,,,,,,
4628,Modern Steels Ltd.,MDRNSTL,Iron & Steel,Steel & Iron Products,18.58,,,,,,,,
4629,Saffron Industries Ltd.,SAFFRON,Paper,Paper & Paper Products,18.58,,,,,,,,
4630,Benara Bearings And Pistons Ltd.,BENARA,Automobile & Ancillaries,Bearings,18.5,,,,,,,,
4631,Nidan Laboratories And Healthcare Ltd.,NIDAN,Healthcare,Hospital & Healthcare Services,18.49,,,,,,,,
4632,Hisar Spinning Mills Ltd.,HISARSP,Textile,Textile - Spinning,18.43,,,,,,,,
4633,Bazel International Ltd.,BAZELINTER,Finance,Finance - NBFC,18.41,,,,,,,,
4634,Dynamic Portfolio Management & Services Ltd.,DYNAMICP,Finance,Finance - NBFC,18.39,,,,,,,,
4635,Gallops Enterprises Ltd.,GALLOPENT,Finance,Finance - NBFC,18.27,,,,,,,,
4636,SP Refractories Ltd.,SPRL,Capital Goods,Refractories,18.24,,,,,,,,
4637,Rapid Investments Ltd.,RAPIDIN,Finance,Finance - NBFC,18.17,,,,,,,,
4638,ACE Integrated Solutions Ltd.,ACEINTEG,Information Technology,BPO/ITeS,18.16,17.75,18.2,17.3,0.0,17.89,17.73,0.16,0.9
4639,Bloom Industries Ltd.,BLOIN,Trading,Trading,18.05,,,,,,,,
4640,Cil Securities Ltd.,CILSEC,Finance,Finance - NBFC,18.0,,,,,,,,
4641,Abirami Financial Services (India) Ltd.,ABIRAFN,Finance,Finance - NBFC,17.98,,,,,,,,
4642,Premier Capital Services Ltd.,PREMCAP,Finance,Finance - NBFC,17.97,,,,,,,,
4643,Global Capital Markets Ltd.,GLOBALCA,Finance,Finance - NBFC,17.92,,,,,,,,
4644,Quality Foils (India) Ltd.,QFIL,Iron & Steel,Steel & Iron Products,17.92,,,,,,,,
4645,Harig Crankshafts Ltd.,HARCR,Capital Goods,Engineering - Industrial Equipments,17.91,,,,,,,,
4646,HS India Ltd.,HOTLSILV,Hospitality,"Hotel, Resort & Restaurants",17.86,,,,,,,,
4647,Jayshree Chemicals Ltd.,JAYCH,Chemicals,Chemicals,17.86,,,,,,,,
4648,Metalyst Forgings Ltd.,METALFORGE,Automobile & Ancillaries,Forgings,17.86,,,,,,,,
4649,Onesource Industries And Ventures Ltd.,OIVL,Finance,Finance - Others,17.84,,,,,,,,
4650,SSPDL Ltd.,SSPDL,Realty,Construction - Real Estate,17.8,,,,,,,,
4651,Howard Hotels Ltd.,HOWARHO,Hospitality,"Hotel, Resort & Restaurants",17.76,,,,,,,,
4652,Step Two Corporation Ltd.,STEP2COR,Finance,Finance - NBFC,17.7,,,,,,,,
4653,Radiowalla Network Ltd.,RADIOWALLA,Information Technology,e-Commerce,17.66,,,,,,,,
4654,Poojawestern Metaliks Ltd.,POOJA,Non - Ferrous Metals,Metal - Non Ferrous,17.63,,,,,,,,
4655,Gilada Finance & Investments Ltd.,GILADAFINS,Finance,Finance - NBFC,17.58,,,,,,,,
4656,Bharat Textiles & Proofing Industries Ltd.,BHATEXT,Textile,Textile,17.57,,,,,,,,
4657,Vedant Asset Ltd.,VEDANTASSET,Finance,Finance - Asset Management,17.57,,,,,,,,
4658,KCL Infra Projects Ltd.,KCLINFRA,Realty,Construction - Real Estate,17.57,,,,,,,,
4659,Prism Finance Ltd.,PRISMFN,Finance,Finance - NBFC,17.55,,,,,,,,
4660,Containe Technologies Ltd.,CONTAINE,Electricals,Electronics - Components,17.48,,,,,,,,
4661,Olympia Industries Ltd.,OLYMPTX,Retailing,Retailing,17.47,,,,,,,,
4662,Regent Enterprises Ltd.,REGENTRP,Trading,Trading,17.46,,,,,,,,
4663,Crimson Metal Engineering Company Ltd.,CRIMSON,Iron & Steel,Steel & Iron Products,17.42,,,,,,,,
4664,Shahi Shipping Ltd.,SHAHISHIP,Logistics,Shipping,17.38,,,,,,,,
4665,Earthstahl & Alloys Ltd.,EARTH,Iron & Steel,Steel & Iron Products,17.38,,,,,,,,
4666,Aik Pipes & Polymers Ltd.,AIKPIPES,Plastic Products,Plastic Products,17.38,,,,,,,,
4667,Le Lavoir Ltd.,LELAVOIR,Trading,Trading,17.38,,,,,,,,
4668,Bhagawati Gas Ltd.,BHAGGAS,Industrials Gases & Fuels,Industrial  Gases & Fuels,17.36,,,,,,,,
4669,Tijaria Polypipes Ltd.,TIJARIA,Plastic Products,Plastic Products,17.35,6.14,6.15,5.6,0.0,5.92,5.79,0.13,2.25
4670,Darjeeling Industriies Ltd.,DARJEELING,Finance,Finance - Investment,17.34,,,,,,,,
4671,AVI Products India Ltd.,APIL,Trading,Trading,17.33,,,,,,,,
4672,Kizi Apparels Ltd.,KIZI,Textile,Textile,17.31,,,,,,,,
4673,Alchemist Corporation Ltd.,ALCHCORP,Trading,Trading,17.3,,,,,,,,
4674,Pro CLB Global Ltd.,PROCLB,Finance,Finance - Investment,17.3,,,,,,,,
4675,Tacent Projects Ltd.,TACENT,Textile,Textile,17.26,,,,,,,,
4676,PDP Shipping & Projects Ltd.,PSPL,Logistics,Logistics,17.25,,,,,,,,
4677,Vivid Global Industries Ltd.,VIVIDIND,Chemicals,Chemicals,17.24,,,,,,,,
4678,Cityman Ltd.,CITYMAN,Textile,Textile,17.24,,,,,,,,
4679,Davin Sons Retail Ltd.,DAVIN,Retailing,Retailing,17.19,,,,,,,,
4680,Sawaca Enterprises Ltd.,SAWACA,Trading,Trading,17.16,,,,,,,,
4681,Hemang Resources Ltd.,HEMANG,Trading,Trading,17.16,,,,,,,,
4682,Organic Coatings Ltd.,ORGCOAT,Chemicals,Chemicals,17.15,,,,,,,,
4683,Easun Capital Markets Ltd.,EASUN,Finance,Finance - NBFC,17.15,,,,,,,,
4684,Ranjit Securities Ltd.,RANJITSE,Finance,Finance - NBFC,17.13,,,,,,,,
4685,Zenlabs Ethica Ltd.,ZENLABS,Trading,Trading,17.08,,,,,,,,
4686,Rajeshwari Cans Ltd.,RCAN,Fast Moving Consumer Goods,Packaging,17.06,,,,,,,,
4687,Maruti Global Industries Ltd.,MGIL,Finance,Finance - Investment,17.05,,,,,,,,
4688,Ontic Finserve Ltd.,ONTIC,Finance,Finance - Others,17.01,,,,,,,,
4689,Manraj Housing Finance Ltd.,MANRAJH,Finance,Finance - Housing,17.0,,,,,,,,
4690,South Asian Enterprises Ltd.,SAENTER,Trading,Trading,16.97,,,,,,,,
4691,Kapil Raj Finance Ltd.,KAPILRAJ,Finance,Finance - NBFC,16.96,,,,,,,,
4692,Vamshi Rubber Ltd.,VAMSHIRU,Agriculture,Rubber  Products,16.84,,,,,,,,
4693,Taparia Tools Ltd.,TAPARIA,Iron & Steel,Steel & Iron Products,16.73,,,,,,,,
4694,Zenith Health Care Ltd.,ZENITHHE,Healthcare,Pharmaceuticals & Drugs,16.61,,,,,,,,
4695,Hindustan Agrigenetics Ltd.,HINDUST,Agriculture,Agriculture,16.61,,,,,,,,
4696,Tecil Chemicals & Hydro Power Ltd.,TECILCHEM,Chemicals,Chemicals,16.59,9.44,9.6,9.0,0.0,9.06,9.14,-0.08,-0.88
4697,Radaan Mediaworks India Ltd.,RADAAN,Media & Entertainment,"Film Production, Distribution & Entertainment",16.57,2.98,3.04,2.96,0.0,3.0,2.96,0.04,1.35
4698,Inani Marbles & Industries Ltd.,INANI,Construction Materials,Ceramics/Marble/Granite/Sanitaryware,16.55,,,,,,,,
4699,Indong Tea Company Ltd.,INDONG,Agriculture,Tea/Coffee,16.51,,,,,,,,
4700,Neelam Linens and Garments (India) Ltd.,NEELAM,Textile,Textile,16.48,,,,,,,,
4701,RTCL Ltd.,RAGHUTOB,Realty,Construction - Real Estate,16.44,,,,,,,,
4702,DRS Cargo Movers Ltd.,DRSCARGO,Logistics,Logistics,16.42,,,,,,,,
4703,Steel Strips Infrastructures Ltd.,STLSTRINF,Realty,Construction - Real Estate,16.41,14.59,20.98,14.59,0.0,18.87,18.23,0.64,3.51
4704,Visagar Polytex Ltd.,VIVIDHA,Textile,Textile,16.39,0.55,0.55,0.53,0.0,0.54,0.54,0.0,0.0
4705,Frontier Capital Ltd.,FRONTCAP,Finance,Finance - NBFC,16.39,,,,,,,,
4706,S&T Corporation Ltd.,STCORP,Realty,Construction - Real Estate,16.33,,,,,,,,
4707,Max Heights Infrastructure Ltd.,MAXHEIGHTS,Realty,Construction - Real Estate,16.33,,,,,,,,
4708,Ventura Textiles Ltd.,VENTURA,Textile,Textile,16.3,,,,,,,,
4709,Equilateral Enterprises Ltd.,EQUILATERA,Trading,Trading,16.28,,,,,,,,
4710,Gujarat Lease Financing Ltd.,GLFL,Finance,Finance - NBFC,16.28,5.99,5.99,5.55,0.0,5.94,5.78,0.16,2.77
4711,Advance Petrochemicals Ltd.,ADVPETR-B,Chemicals,Chemicals,16.25,,,,,,,,
4712,Shashwat Furnishing Solutions Ltd.,SFSL,Fast Moving Consumer Goods,Household & Personal Products,16.24,,,,,,,,
4713,Krupalu Metals Ltd.,KRUPALU,Non - Ferrous Metals,Metal - Non Ferrous,16.24,,,,,,,,
4714,Manglam Global Corporations Ltd.,MANGLAM,Trading,Trading,16.23,,,,,,,,
4715,Otco International Ltd.,OTCO,Information Technology,IT - Software,16.21,,,,,,,,
4716,Bombay Talkies Ltd.,BOMTALKIES,Finance,Finance - NBFC,16.2,,,,,,,,
4717,Continental Seeds and Chemicals Ltd.,CONTI,Trading,Trading,16.17,,,,,,,,
4718,Adhbhut Infrastructure Ltd.,ADHBHUTIN,Infrastructure,Engineering - Construction,16.16,,,,,,,,
4719,EP Biocomposites Ltd.,EPBIO,Plastic Products,Plastic Products,16.15,,,,,,,,
4720,Shree Marutinandan Tubes Ltd.,SHREE,Trading,Trading,16.14,,,,,,,,
4721,Beryl Securities Ltd.,BERYLSE,Finance,Finance - NBFC,16.11,,,,,,,,
4722,Solvex Edibles Ltd.,SOLVEX,Fast Moving Consumer Goods,Edible Oil,16.1,,,,,,,,
4723,Comfort Commotrade Ltd.,COMCL,Finance,Finance - Stock Broking,16.1,,,,,,,,
4724,TV Vision Ltd.,TVVISION,Media & Entertainment,TV Broadcasting & Software Production,16.08,,,,,,,,
4725,Piotex Industries Ltd.,PIOTEX,Trading,Trading,16.08,,,,,,,,
4726,Square Four Projects India Ltd.,SFPIL,Miscellaneous,Miscellaneous,16.01,,,,,,,,
4727,Frontline Corporation Ltd.,FRONTCORP,Logistics,Logistics,16.0,,,,,,,,
4728,Shyam Telecom Ltd.,SHYAMTEL,Telecom,Telecommunication - Equipment,15.99,15.0,15.0,14.0,0.0,14.67,15.0,-0.33,-2.2
4729,RAW Edge Industrial Solutions Ltd.,RAWEDGE,Mining,Mining & Minerals,15.98,,,,,,,,
4730,Yash Management & Satellite Ltd.,YASHMGM,Finance,Finance - Investment,15.95,,,,,,,,
4731,Eastern Treads Ltd.,EASTRED,Agriculture,Rubber  Products,15.92,,,,,,,,
4732,Astron Paper & Board Mill Ltd.,ASTRON,Paper,Paper & Paper Products,15.9,,,,,,,,
4733,Norris Medicines Ltd.,NORRIS,Healthcare,Pharmaceuticals & Drugs,15.9,,,,,,,,
4734,Natraj Proteins Ltd.,NATRAJPR,Fast Moving Consumer Goods,Edible Oil,15.82,,,,,,,,
4735,Neelkanth Ltd.,NEELKANTH,Trading,Trading,15.81,,,,,,,,
4736,Response Informatics Ltd.,RESPONSINF,Information Technology,IT - Software,15.81,,,,,,,,
4737,SK International Export Ltd.,SKIEL,Textile,Textile,15.78,,,,,,,,
4738,Rajasthan Petro Synthetics Ltd.,RAJSPTR,Other,Professional Services,15.78,,,,,,,,
4739,Getalong Enterprise Ltd.,GETALONG,Trading,Trading,15.76,,,,,,,,
4740,Bharat Bhushan Finance & Commodity Brokers Ltd.,BHARAT,Finance,Finance - Investment,15.76,,,,,,,,
4741,Pressure Sensitive Systems (India) Ltd.,PRESSURS,Trading,Trading,15.73,,,,,,,,
4742,Infronics Systems Ltd.,INFRONICS,Information Technology,IT - Software,15.71,,,,,,,,
4743,Gajanan Securities Services Ltd.,GAJANANSEC,Finance,Finance - Stock Broking,15.68,,,,,,,,
4744,Heads UP Ventures Ltd.,HEADSUP,Retailing,Retailing,15.68,7.0,7.0,6.62,0.0,6.69,6.87,-0.18,-2.62
4745,Amin Tannery Ltd.,AMINTAN,Fast Moving Consumer Goods,Leather,15.66,,,,,,,,
4746,Sungold Media And Entertainment Ltd.,SMEL,Media & Entertainment,"Film Production, Distribution & Entertainment",15.64,,,,,,,,
4747,GSL Securities Ltd.,GSLSEC,Finance,Finance - NBFC,15.64,,,,,,,,
4748,Meyer Apparel Ltd.,MAL,Textile,Textile,15.62,,,,,,,,
4749,COSYN Ltd.,COSYN,Information Technology,IT - Software,15.59,,,,,,,,
4750,Mid East Portfolio Management Ltd.,MIDEASTP,Finance,Finance - Investment,15.56,,,,,,,,
4751,NDA Securities Ltd.,NDASEC,Finance,Finance - Stock Broking,15.53,,,,,,,,
4752,Shiva Granito Export Ltd.,SHIVAEXPO,Construction Materials,Ceramics/Marble/Granite/Sanitaryware,15.52,,,,,,,,
4753,Gujarat Hy-Spin Ltd.,GUJHYSPIN,Textile,Textile - Spinning,15.44,,,,,,,,
4754,Kinetic Trust Ltd.,KINETRU,Finance,Finance - NBFC,15.43,,,,,,,,
4755,Sovereign Diamonds Ltd.,SOVERDIA,Diamond & Jewellery,Diamond  &  Jewellery,15.36,,,,,,,,
4756,SMVD Poly Pack Ltd.,SMVD,Plastic Products,Plastic Products,15.35,,,,,,,,
4757,Desh Rakshak Aushdhalaya Ltd.,DESHRAK,Healthcare,Pharmaceuticals & Drugs,15.33,,,,,,,,
4758,SM Gold Ltd.,SMGOLD,Trading,Trading,15.32,,,,,,,,
4759,Simplex Mills Company Ltd.,SIMPLXMIL,Trading,Trading,15.24,,,,,,,,
4760,Tai Industries Ltd.,TAIIND,Trading,Trading,15.24,,,,,,,,
4761,Usha Martin Education & Solutions Ltd.,UMESLTD,Information Technology,IT - Education,15.24,6.08,6.08,5.37,0.0,5.46,5.96,-0.5,-8.39
4762,Niks Technology Ltd.,NIKSTECH,Information Technology,IT - Software,15.22,,,,,,,,
4763,Kandagiri Spinning Mills Ltd.,KANDAGIRI,Textile,Textile - Spinning,15.21,,,,,,,,
4764,Astron Multigrain Ltd.,ASTRONMULT,Fast Moving Consumer Goods,Consumer Food,15.2,,,,,,,,
4765,Brisk Technovision Ltd.,BRISK,Trading,Trading,15.2,,,,,,,,
4766,Gyan Developers & Builders Ltd.,GYANDEV,Realty,Construction - Real Estate,15.19,,,,,,,,
4767,Gajanand International Ltd.,GAJANAND,Trading,Trading,15.16,,,,,,,,
4768,Shree Securities Ltd.,SHREESEC,Finance,Finance - Investment,15.16,,,,,,,,
4769,Golechha Global Finance Ltd.,GOLECHA,Finance,Finance - NBFC,15.15,,,,,,,,
4770,Dipna Pharmachem Ltd.,DPL,Trading,Trading,15.14,,,,,,,,
4771,Omkar Pharmachem Ltd.,OMKARPH,Other,Business Support,15.13,,,,,,,,
4772,PALM Jewels Ltd.,PALMJEWELS,Trading,Trading,15.11,,,,,,,,
4773,Tirupati Innovar Ltd.,TIRUPATIIN,Trading,Trading,15.03,,,,,,,,
4774,Rajkamal Synthetics Ltd.,RAJKSYN,Trading,Trading,15.03,,,,,,,,
4775,PM Telelinks Ltd.,PMTELELIN,Trading,Trading,14.93,,,,,,,,
4776,NMS Global Ltd.,NMSGLOBAL,Trading,Trading,14.87,,,,,,,,
4777,Ahimsa Industries Ltd.,AHIMSA,Plastic Products,Plastic Products,14.86,,,,,,,,
4778,KBS India Ltd.,KBSINDIA,Finance,Finance - Stock Broking,14.83,,,,,,,,
4779,VR Films & Studios Ltd.,VRFILMS,Media & Entertainment,"Film Production, Distribution & Entertainment",14.8,,,,,,,,
4780,Rander Corporation Ltd.,RANDER,Realty,Construction - Real Estate,14.8,,,,,,,,
4781,Vashishtha Luxury Fashion Ltd.,VASHISHTHA,Textile,Textile,14.77,,,,,,,,
4782,Market Creators Ltd.,MKTCREAT,Finance,Finance - Investment,14.74,,,,,,,,
4783,Natura Hue Chem Ltd.,NATHUEC,Agriculture,Agriculture,14.72,,,,,,,,
4784,LK Mehta Polymers Ltd.,LKMEHTA,Plastic Products,Plastic Products,14.71,,,,,,,,
4785,JHS Svendgaard Retail Ventures Ltd.,RETAIL,Retailing,Retailing,14.69,17.64,17.95,16.56,0.0,17.01,17.64,-0.63,-3.57
4786,Moongipa Capital Finance Ltd.,MONGIPA,Finance,Finance - NBFC,14.65,,,,,,,,
4787,Indergiri Finance Ltd.,INDERGR,Finance,Finance - NBFC,14.63,,,,,,,,
4788,NEIL Industries Ltd.,NEIL,Finance,Finance - NBFC,14.63,,,,,,,,
4789,Sarvottam Finvest Ltd.,SARVOTTAM,Finance,Finance - NBFC,14.62,,,,,,,,
4790,Citi Port Financial Services Ltd.,CITIPOR,Finance,Finance - NBFC,14.57,,,,,,,,
4791,Super Fine Knitters Ltd.,SKL,Textile,Textile,14.57,,,,,,,,
4792,Asia Pack Ltd.,ASIAPAK,Trading,Trading,14.51,,,,,,,,
4793,Kiran Print-Pack Ltd.,KIRANPR,Trading,Trading,14.51,,,,,,,,
4794,Daulat Securities Ltd.,DAULAT,Finance,Finance - Stock Broking,14.5,,,,,,,,
4795,Mono Pharmacare Ltd.,MONOPHARMA,Trading,Trading,14.49,,,,,,,,
4796,Kachchh Minerals Ltd.,KACHCHH,Mining,Mining & Minerals,14.44,,,,,,,,
4797,Trans Freight Containers Ltd.,TRANSFRE,Capital Goods,Engineering - Industrial Equipments,14.44,,,,,,,,
4798,Gautam Gems Ltd.,GGL,Trading,Trading,14.25,,,,,,,,
4799,Stellar Capital Services Ltd.,STELLAR,Finance,Finance - NBFC,14.23,,,,,,,,
4800,Julien Agro Infratech Ltd.,JULIEN,Infrastructure,Engineering - Construction,14.18,,,,,,,,
4801,Shrydus Industries Ltd.,SHRYDUS,Finance,Finance - Investment,14.18,,,,,,,,
4802,UR Sugar Industries Ltd.,URSUGAR,Trading,Trading,14.18,,,,,,,,
4803,Aurus Gem Corporation Ltd.,AURUS,Trading,Trading,14.15,4.58,4.7,4.5,0.0,4.68,4.62,0.06,1.3
4804,Raj Packaging Industries Ltd.,RAJPACK,Plastic Products,Plastic Products,14.14,,,,,,,,
4805,Shree Karthik Papers Ltd.,SHKARTP,Paper,Paper & Paper Products,14.14,,,,,,,,
4806,Mehta Integrated Finance Ltd.,MEHIF,Finance,Finance - Investment,14.12,,,,,,,,
4807,ANS Industries Ltd.,ANSINDUS,Fast Moving Consumer Goods,Consumer Food,14.11,,,,,,,,
4808,Shamrock Industrial Company Ltd.,SHAMROIN,Healthcare,Pharmaceuticals & Drugs,14.09,,,,,,,,
4809,BKV Industries Ltd.,BKV,Agriculture,Aquaculture,14.07,,,,,,,,
4810,Technopack Polymers Ltd.,TECHNOPACK,Plastic Products,Plastic Products,14.07,,,,,,,,
4811,Franklin Leasing And Finance Ltd.,FRANKLIN,Finance,Finance - NBFC,14.06,,,,,,,,
4812,Galada Power & Telecommunication Ltd.,GALADA,Non - Ferrous Metals,Aluminium & Aluminium Products,14.05,,,,,,,,
4813,Samyak International Ltd.,SAMYAKINT,Trading,Trading,14.02,,,,,,,,
4814,Sanblue Corporation Ltd.,SANBLUE,Trading,Trading,14.0,,,,,,,,
4815,SRG Fingrow Finance Ltd.,SRGFFL,Finance,Finance - NBFC,13.98,,,,,,,,
4816,Karnavati Finance Ltd.,KARNAVATI,Finance,Finance - NBFC,13.97,,,,,,,,
4817,Vanta Bioscience Ltd.,VANTABIO,Other,Business Support,13.97,,,,,,,,
4818,Ashiana Ispat Ltd.,ASHIS,Iron & Steel,Steel & Iron Products,13.94,,,,,,,,
4819,Thakral Services (India) Ltd.,THAKRAL,Consumer Durables,Consumer Durables - Electronics,13.89,,,,,,,,
4820,Frontline Financial Services Ltd.,FRONTFN,Trading,Trading,13.89,,,,,,,,
4821,PBA Infrastructure Ltd.,PBAINFRA,Infrastructure,Engineering - Construction,13.88,,,,,,,,
4822,Shivamshree Business Ltd.,SBL,Trading,Trading,13.84,,,,,,,,
4823,Kalyani Commercials Ltd.,KALYANI,Automobile & Ancillaries,Automobiles - Dealers & Distributors,13.81,,,,,,,,
4824,FGP Ltd.,FGP,Finance,Finance - NBFC,13.81,,,,,,,,
4825,Clio Infotech Ltd.,CLIOINFO,Finance,Finance - Investment,13.77,,,,,,,,
4826,Prag Bosimi Synthetics Ltd.,PRAGBOS,Textile,Textile,13.76,,,,,,,,
4827,NCC Blue Water Products Ltd.,NCCBLUE,Agriculture,Aquaculture,13.75,,,,,,,,
4828,Zodiac Ventures Ltd.,ZODIACVEN,Finance,Finance - Investment,13.73,,,,,,,,
4829,Tamilnadu Steel Tubes Ltd.,TNSTLTU,Iron & Steel,Steel & Iron Products,13.71,,,,,,,,
4830,Continental Chemicals Ltd.,CONTCHM,Information Technology,IT - Software,13.7,,,,,,,,
4831,Epuja Spiritech Ltd.,EPUJA,Trading,Trading,13.68,,,,,,,,
4832,Regal Entertainment & Consultants Ltd.,REGAL,Finance,Finance - NBFC,13.68,,,,,,,,
4833,Seasons Textiles Ltd.,SEASONST,Textile,Textile,13.65,,,,,,,,
4834,Sabar Flex India Ltd.,SABAR,Fast Moving Consumer Goods,Packaging,13.65,,,,,,,,
4835,Muller & Phipps (India) Ltd.,MULLER,Trading,Trading,13.63,,,,,,,,
4836,B.C. Power Controls Ltd.,BCP,Non - Ferrous Metals,Metal - Non Ferrous,13.61,,,,,,,,
4837,Associated Coaters Ltd.,ASSOCIATED,Miscellaneous,Miscellaneous,13.59,,,,,,,,
4838,RJ Shah & Company Ltd.,RJSHAH,Infrastructure,Engineering - Construction,13.57,,,,,,,,
4839,HCKK Ventures Ltd.,HCKKVENTURE,Finance,Finance - Investment,13.56,,,,,,,,
4840,JJ Finance Corporation Ltd.,JJFINCOR,Finance,Finance - NBFC,13.55,,,,,,,,
4841,Bothra Metals & Alloys Ltd.,BMAL,Trading,Trading,13.52,,,,,,,,
4842,Indo-City Infotech Ltd.,INDOCITY,Finance,Finance - NBFC,13.52,,,,,,,,
4843,MT Educare Ltd.,MTEDUCARE,Other,Educational Institutions,13.51,,,,,,,,
4844,New Light Industries Ltd.,NEWLIGHT,Textile,Textile,13.49,,,,,,,,
4845,Starsource Multitrade Ltd.,STARSOURCE,Healthcare,Pharmaceuticals & Drugs,13.47,,,,,,,,
4846,Solid Stone Company Ltd.,SOLIDSTON,Construction Materials,Ceramics/Marble/Granite/Sanitaryware,13.45,,,,,,,,
4847,Shukra Jewellery Ltd.,SHUKJEW,Trading,Trading,13.44,,,,,,,,
4848,GKP Printing & Packaging Ltd.,GKP,Fast Moving Consumer Goods,Packaging,13.42,,,,,,,,
4849,Varyaa Creations Ltd.,VARYAA,Diamond & Jewellery,Diamond  &  Jewellery,13.41,,,,,,,,
4850,Kunststoffe Industries Ltd.,KUNSTOFF,Plastic Products,Plastic Products,13.33,,,,,,,,
4851,Sabrimala Industries India Ltd.,SIIL,Retailing,Retailing,13.33,,,,,,,,
4852,MFL India Ltd.,MFLINDIA,Logistics,Logistics,13.33,,,,,,,,
4853,Titaanium Ten Enterprise Ltd.,TITAANIUM,Textile,Textile,13.32,,,,,,,,
4854,GCM Securities Ltd.,GCMSECU,Finance,Finance - Stock Broking,13.3,,,,,,,,
4855,DS Kulkarni Developers Ltd.,DSKULKARNI,Realty,Construction - Real Estate,13.3,,,,,,,,
4856,Arrowhead Seperation Engineering Ltd.,ARROWHEAD,Capital Goods,Engineering - Industrial Equipments,13.29,,,,,,,,
4857,Krishna Capital And Securities Ltd.,KRISHNACAP,Finance,Finance - NBFC,13.27,,,,,,,,
4858,Hit Kit Global Solutions Ltd.,HITKITGLO,Information Technology,IT - Software,13.26,,,,,,,,
4859,Octavius Plantations Ltd.,OCTAVIUSPL,Agriculture,Tea/Coffee,13.23,,,,,,,,
4860,Ashtasidhhi Industries Ltd.,GUJINV,Finance,Finance - NBFC,13.22,,,,,,,,
4861,Tuni Textile Mills Ltd.,TUNITEX,Textile,Textile - Weaving,13.19,,,,,,,,
4862,SV Trading & Agencies Ltd.,ZSVTRADI,Finance,Finance - Stock Broking,13.18,,,,,,,,
4863,Diggi Multitrade Ltd.,DML,Trading,Trading,13.16,,,,,,,,
4864,JMG Corporation Ltd.,JMGCORP,Trading,Trading,13.15,,,,,,,,
4865,Triumph International Finance India Ltd.,TRIUMPIN,Finance,Finance - Investment,13.08,,,,,,,,
4866,Northlink Fiscal and Capital Services Ltd.,NORTHLINK,Finance,Finance - NBFC,13.07,,,,,,,,
4867,Fone4 Communications (India) Ltd.,FONE4,Information Technology,e-Commerce,13.07,,,,,,,,
4868,HB Leasing & Finance Company Ltd.,HBLEAS,Finance,Finance - NBFC,13.06,,,,,,,,
4869,Decillion Finance Ltd.,DFL,Finance,Finance - Investment,13.05,,,,,,,,
4870,BIL Vyapar Ltd.,BILVYAPAR,Diversified,Diversified,13.02,,,,,,,,
4871,Galada Finance Ltd.,GALADAFIN,Finance,Finance - NBFC,13.01,,,,,,,,
4872,GK Consultants Ltd.,GKCONS,Finance,Finance - NBFC,13.01,,,,,,,,
4873,BLT Logistics Ltd.,BLT,Logistics,Logistics,12.95,,,,,,,,
4874,Tradewell Holdings Ltd.,TRADEWELL,Finance,Finance - Investment,12.92,,,,,,,,
4875,Tokyo Finance Ltd.,TOKYOFIN,Finance,Finance - NBFC,12.89,,,,,,,,
4876,United Credit Ltd.,UNITDCR,Finance,Finance - NBFC,12.87,,,,,,,,
4877,SVS Ventures Ltd.,SVS,Realty,Construction - Real Estate,12.87,,,,,,,,
4878,Vishvprabha Ventures Ltd.,VISVEN,Diversified,Diversified,12.84,,,,,,,,
4879,Kairosoft Ai Solutions Ltd.,VOLKAI,Finance,Finance - Investment,12.84,,,,,,,,
4880,Bindal Exports Ltd.,BINDALEXPO,Textile,Textile,12.79,,,,,,,,
4881,Sibar Auto Parts Ltd.,SIBARAUT,Automobile & Ancillaries,Auto Ancillary,12.79,,,,,,,,
4882,Manipal Finance Corporation Ltd.,MNPLFIN,Finance,Finance - NBFC,12.78,,,,,,,,
4883,Magnus Steel And Infra Ltd.,MAGNUS,Electricals,Cable,12.78,,,,,,,,
4884,Rajvi Logitrade Ltd.,RAJVI,Logistics,Logistics,12.78,,,,,,,,
4885,Santosh Fine-Fab Ltd.,SANTOSHF,Textile,Textile - Weaving,12.76,,,,,,,,
4886,Creative Eye Ltd.,CREATIVEYE,Media & Entertainment,TV Broadcasting & Software Production,12.76,6.3,6.75,5.95,0.0,6.36,6.1,0.26,4.26
4887,Gravity (India) Ltd.,GRAVITY,Textile,Textile,12.71,,,,,,,,
4888,DAPS Advertising Ltd.,DAPS,Media & Entertainment,Advertising & Media,12.66,,,,,,,,
4889,Niraj Ispat Industries Ltd.,NIRAJISPAT,Plastic Products,Plastic Products,12.66,0.0,224.0,202.0,0.0,216.0,216.0,0.0,0.0
4890,Saroja Pharma Industries India Ltd.,SAROJA,Healthcare,Pharmaceuticals & Drugs,12.64,,,,,,,,
4891,Global Longlife Hospital and Research Ltd.,GLHRL,Healthcare,Hospital & Healthcare Services,12.64,,,,,,,,
4892,Innokaiz India Ltd.,INNOKAIZ,Media & Entertainment,Advertising & Media,12.63,,,,,,,,
4893,SW Investments Ltd.,SW1,Finance,Finance - Investment,12.6,,,,,,,,
4894,NPR Finance Ltd.,NPRFIN,Finance,Finance - NBFC,12.58,,,,,,,,
4895,DCM Financial Services Ltd.,DCMFINSERV,Finance,Finance - NBFC,12.57,5.5,5.5,5.33,0.0,5.43,5.5,-0.07,-1.27
4896,Shukra Bullions Ltd.,SKRABUL,Diamond & Jewellery,Diamond  &  Jewellery,12.56,,,,,,,,
4897,Anuroop Packaging Ltd.,ANUROOP,Fast Moving Consumer Goods,Packaging,12.55,,,,,,,,
4898,Uniinfo Telecom Services Ltd.,UNIINFO,Telecom,Telecommunication - Equipment,12.51,11.6,11.7,11.01,0.0,11.37,11.32,0.05,0.44
4899,White Organic Agro Ltd.,WHITEORG,Trading,Trading,12.46,,,,,,,,
4900,Panabyte Technologies Ltd.,PANABYTE,Trading,Trading,12.46,,,,,,,,
4901,Inani Securities Ltd.,INANISEC,Finance,Finance - Stock Broking,12.43,,,,,,,,
4902,Ladam Affordable Housing Ltd.,LAHL,Finance,Finance - Investment,12.43,,,,,,,,
4903,Univa Foods Ltd.,UNIVAFOODS,Hospitality,"Hotel, Resort & Restaurants",12.42,,,,,,,,
4904,Ortin Global Ltd.,ORTINGLOBE,Healthcare,Pharmaceuticals & Drugs,12.42,15.95,15.95,15.41,0.0,15.89,15.95,-0.06,-0.38
4905,Vikas Proppant & Granite Ltd.,VIKASPROP,Chemicals,Chemicals,12.35,,,,,,,,
4906,Unjha Formulations Ltd.,UNJHAFOR,Healthcare,Pharmaceuticals & Drugs,12.34,,,,,,,,
4907,Inspire Films Ltd.,INSPIRE,Media & Entertainment,TV Broadcasting & Software Production,12.32,,,,,,,,
4908,Uniroyal Marine Exports Ltd.,UNRYLMA,Fast Moving Consumer Goods,Consumer Food,12.25,,,,,,,,
4909,Goenka Business & Finance Ltd.,GBFL,Finance,Finance - NBFC,12.25,,,,,,,,
4910,Progrex Ventures Ltd.,PROGREXV,Agriculture,Solvent  Extraction,12.25,,,,,,,,
4911,Kobo Biotech Ltd.,KOBO,Healthcare,Pharmaceuticals & Drugs,12.22,,,,,,,,
4912,Shanthala FMCG Products Ltd.,SHANTHALA,Trading,Trading,12.19,,,,,,,,
4913,Eurotex Industries And Exports Ltd.,EUROTEXIND,Textile,Textile - Spinning,12.18,,,,,,,,
4914,Integrated Capital Services Ltd.,ICSL,Finance,Finance - NBFC,12.17,,,,,,,,
4915,Rajdarshan Industries Ltd.,ARENTERP,Mining,Mining & Minerals,12.17,36.5,37.13,36.5,0.0,37.13,37.44,-0.31,-0.83
4916,Econo Trade (India) Ltd.,ETIL,Finance,Finance - NBFC,12.14,,,,,,,,
4917,Quadpro ITeS Ltd.,QUADPRO,Information Technology,BPO/ITeS,12.13,,,,,,,,
4918,Lords Ishwar Hotels Ltd.,LORDSHOTL,Hospitality,"Hotel, Resort & Restaurants",12.09,,,,,,,,
4919,Raconteur Global Resources Ltd.,RACONTEUR,Media & Entertainment,"Film Production, Distribution & Entertainment",12.09,,,,,,,,
4920,Zinema Media & Entertainment Ltd.,ZINEMA,Chemicals,Chemicals,12.09,,,,,,,,
4921,Kallam Textiles Ltd.,KALLAM,Textile,Textile - Spinning,12.09,,,,,,,,
4922,Debock Industries Ltd.,DIL,Capital Goods,Engineering,12.04,,,,,,,,
4923,Sarthak Global Ltd.,SARTHAKGL,Trading,Trading,11.97,,,,,,,,
4924,Asian Warehousing Ltd.,ASIAN,Trading,Trading,11.94,,,,,,,,
4925,Perfect-Octave Media Projects Ltd.,OCTAVE,Media & Entertainment,TV Broadcasting & Software Production,11.94,,,,,,,,
4926,BKM Industries Ltd.,BKMINDST,Capital Goods,Engineering - Industrial Equipments,11.93,,,,,,,,
4927,Jiwanram Sheoduttrai Industries Ltd.,JIWANRAM,Textile,Textile,11.88,,,,,,,,
4928,United Interactive Ltd.,UNITEDINT,Information Technology,BPO/ITeS,11.87,,,,,,,,
4929,Emmessar Biotech & Nutrition Ltd.,EMMESSA,Healthcare,Pharmaceuticals & Drugs,11.83,,,,,,,,
4930,Globale Tessile Ltd.,GLOBALE,Textile,Textile,11.82,11.9,12.18,11.3,0.0,11.81,11.6,0.21,1.81
4931,Suryo Foods & Industries Ltd.,SURFI,Fast Moving Consumer Goods,Consumer Food,11.8,,,,,,,,
4932,Golden Legand Leasing & Finance Ltd.,GOLDLEG,Finance,Finance - NBFC,11.79,,,,,,,,
4933,Elegant Floriculture & Agrotech (India) Ltd.,ELEFLOR,Trading,Trading,11.78,,,,,,,,
4934,Suvidha Infraestate Corporation Ltd.,SICL,Other,Business Support,11.77,,,,,,,,
4935,Janus Corporation Ltd.,JANUSCORP,Infrastructure,Engineering - Construction,11.76,,,,,,,,
4936,Dhillon Freight Carrier Ltd.,DHILLON,Logistics,Logistics,11.76,,,,,,,,
4937,Shangar Decor Ltd.,SHANGAR,Other,Business Support,11.75,,,,,,,,
4938,Panther Industrial Products Ltd.,PANIDPR,Fast Moving Consumer Goods,Packaging,11.74,,,,,,,,
4939,MEP Infrastructure Developers Ltd.,MEP,Infrastructure,Engineering - Construction,11.73,,,,,,,,
4940,SDC Techmedia Ltd.,SDC,Media & Entertainment,"Film Production, Distribution & Entertainment",11.72,,,,,,,,
4941,Cemantic Infra-Tech Ltd.,CEMAINFRA,Realty,Construction - Real Estate,11.71,,,,,,,,
4942,Parampara Dairy Delights Ltd.,PARAMPARA,Trading,Trading,11.71,,,,,,,,
4943,Pioneer Agro Extracts Ltd.,PIONAGR,Agriculture,Solvent  Extraction,11.7,,,,,,,,
4944,Garware Marine Industries Ltd.,GARWAMAR,Textile,Textile,11.67,,,,,,,,
4945,Shantiguru Industries Ltd.,SHANTIGURU,Retailing,Retailing,11.65,,,,,,,,
4946,VCU Data Management Ltd.,VCU,Information Technology,IT - Software,11.64,,,,,,,,
4947,Beryl Drugs Ltd.,BERLDRG,Healthcare,Pharmaceuticals & Drugs,11.64,,,,,,,,
4948,Shivagrico Implements Ltd.,SHIVAGR,Capital Goods,Engineering - Industrial Equipments,11.63,,,,,,,,
4949,Jackson Investments Ltd.,JACKSON,Finance,Finance - Investment,11.63,,,,,,,,
4950,Dalal Street Investments Ltd.,DSINVEST,Finance,Finance - Investment,11.63,,,,,,,,
4951,Sri Nachammai Cotton Mills Ltd.,SRINACHA,Textile,Textile - Spinning,11.61,,,,,,,,
4952,Rama Paper Mills Ltd.,RAMAPPR-B,Paper,Paper & Paper Products,11.6,,,,,,,,
4953,Svaraj Trading & Agencies Ltd.,ZSVARAJT,Finance,Finance - Investment,11.58,,,,,,,,
4954,Neopolitan Pizza and Foods Ltd.,NPFL,Hospitality,Restaurants,11.56,,,,,,,,
4955,Citichem India Ltd.,CITICHEM,Trading,Trading,11.56,,,,,,,,
4956,Jauss Polymers Ltd.,JAUSPOL,Plastic Products,Plastic Products,11.56,,,,,,,,
4957,Rita Finance and Leasing Ltd.,RFLL,Finance,Finance - NBFC,11.53,,,,,,,,
4958,Educomp Solutions Ltd.,EDUCOMP,Information Technology,IT - Education,11.51,,,,,,,,
4959,N2N Technologies Ltd.,NNTL,Finance,Finance - Investment,11.51,,,,,,,,
4960,Vas Infrastructure Ltd.,VASINFRA,Realty,Construction - Real Estate,11.5,,,,,,,,
4961,Dhanvantri Jeevan Rekha Ltd.,ZDHJERK,Healthcare,Hospital & Healthcare Services,11.47,,,,,,,,
4962,Suncare Traders Ltd.,SCTL,Construction Materials,Laminates/Decoratives,11.47,,,,,,,,
4963,Groarc Industries India Ltd.,GROARC,Information Technology,IT - Software,11.44,,,,,,,,
4964,Raunaq lnternational Ltd.,RAUNAQ,Infrastructure,Engineering - Construction,11.41,,,,,,,,
4965,Brandbucket Media & Technology Ltd.,BRANDBUCKT,Media & Entertainment,Advertising & Media,11.39,,,,,,,,
4966,Incon Engineers Ltd.,INCON,Capital Goods,Engineering - Industrial Equipments,11.39,,,,,,,,
4967,Sanghvi Brands Ltd.,SBRANDS,Other,Professional Services,11.38,,,,,,,,
4968,Amiable Logistics (India) Ltd.,AMIABLE,Logistics,Logistics,11.36,,,,,,,,
4969,Antarctica Ltd.,ANTGRAPHIC,Agriculture,Agriculture,11.32,0.72,0.75,0.72,0.0,0.74,0.72,0.02,2.78
4970,Dolphin Medical Services Ltd.,DOLPHMED,Healthcare,Hospital & Healthcare Services,11.31,,,,,,,,
4971,Scarnose International Ltd.,SCARNOSE,Trading,Trading,11.31,,,,,,,,
4972,Kuber Udyog Ltd.,KUBERJI,Finance,Finance - NBFC,11.3,,,,,,,,
4973,Maks Energy Solutions India Ltd.,MAKS,Capital Goods,Electric Equipment,11.3,,,,,,,,
4974,Lyons Corporate Market Ltd.,LYONSCO,Finance,Finance - NBFC,11.23,,,,,,,,
4975,Link Pharma Chem Ltd.,LINKPH,Chemicals,Chemicals,11.22,,,,,,,,
4976,Mitshi India Ltd.,MITSHI,Trading,Trading,11.22,,,,,,,,
4977,Mish Designs Ltd.,MISHDESIGN,Textile,Textile - Weaving,11.2,,,,,,,,
4978,Jonjua Overseas Ltd.,JONJUA,Trading,Trading,11.18,,,,,,,,
4979,Blue Chip India Ltd.,BLUECHIP,Finance,Finance - Investment,11.17,1.96,1.96,1.96,0.0,1.96,1.93,0.03,1.55
4980,India Lease Development Ltd.,INDLEASE,Finance,Finance - NBFC,11.17,,,,,,,,
4981,Humming Bird Education Ltd.,HBEL,Other,Educational Institutions,11.16,,,,,,,,
4982,Sanathnagar Enterprises Ltd.,SEL,Realty,Construction - Real Estate,11.11,,,,,,,,
4983,Goblin India Ltd.,GOBLIN,Trading,Trading,11.1,,,,,,,,
4984,Broach Lifecare Hospital Ltd.,BROACH,Healthcare,Hospital & Healthcare Services,11.05,,,,,,,,
4985,Dhyaani Tradeventtures Ltd.,DHYAANITR,Trading,Trading,10.93,,,,,,,,
4986,Welterman International Ltd.,WELTI,Fast Moving Consumer Goods,Leather,10.92,,,,,,,,
4987,Adhata Global Ltd.,ADHHATA,Trading,Trading,10.89,,,,,,,,
4988,BNR Udyog Ltd.,BNRUDY,Diversified,Diversified,10.89,,,,,,,,
4989,Sashwat Technocrats Ltd.,SASHWAT,Finance,Finance - Investment,10.88,,,,,,,,
4990,Catvision Ltd.,CATVISION,Consumer Durables,Consumer Durables - Electronics,10.88,,,,,,,,
4991,Kaarya Facilities And Services Ltd.,KAARYAFSL,Other,Professional Services,10.84,,,,,,,,
4992,CJ Gelatine Products Ltd.,CJGEL,Chemicals,Chemicals,10.83,,,,,,,,
4993,Globe Commercials Ltd.,GLCL,Trading,Trading,10.82,,,,,,,,
4994,Patrona Risk Solutions Ltd.,CRPRISK,Trading,Trading,10.81,,,,,,,,
4995,Sumeru Industries Ltd.,SUMERUIND,Finance,Finance - Investment,10.8,,,,,,,,
4996,Tarini International Ltd.,TARINI,Other,Engineering Consultancy,10.79,,,,,,,,
4997,Rajasthan Cylinders & Containers Ltd.,RCCL,Industrials Gases & Fuels,Industrial  Gases & Fuels,10.78,,,,,,,,
4998,Khandelwal Extractions Ltd.,ZKHANDEN,Agriculture,Solvent  Extraction,10.78,,,,,,,,
4999,Net Pix Shorts Digital Media Ltd.,NETPIX,Media & Entertainment,"Film Production, Distribution & Entertainment",10.75,,,,,,,,
5000,VB Industries Ltd.,VBIND,Finance,Finance - Investment,10.74,,,,,,,,
5001,Net Avenue Technologies Ltd.,CBAZAAR,Information Technology,e-Commerce,10.73,,,,,,,,
5002,Gradiente Infotainment Ltd.,GRADIENTE,Media & Entertainment,TV Broadcasting & Software Production,10.72,2.97,2.98,2.8,0.0,2.93,2.9,0.03,1.03
5003,Scintilla Commercial & Credit Ltd.,SCC,Finance,Finance - NBFC,10.72,,,,,,,,
5004,Nexus Surgical And Medicare Ltd.,NEXUSSURGL,Trading,Trading,10.69,,,,,,,,
5005,Eastcoast Steel Ltd.,ECSTSTL,Iron & Steel,Steel & Iron Products,10.69,,,,,,,,
5006,Southern Infoconsultants Ltd.,SOUTHERNIN,Information Technology,IT - Software,10.67,,,,,,,,
5007,Flexituff Ventures International Ltd.,FLEXITUFF,Textile,Textile,10.67,,,,,,,,
5008,Yogi Infra Projects Ltd.,YOGISUNG,Realty,Construction - Real Estate,10.66,,,,,,,,
5009,Anna Infrastructures Ltd.,ANNAINFRA,Realty,Construction - Real Estate,10.64,,,,,,,,
5010,Ghushine Fintrrade Ocean Ltd.,GHUSHINE,Textile,Textile,10.63,,,,,,,,
5011,Dolphin Kitchen Utensils And Appliances Ltd.,DKUAL,Trading,Trading,10.61,,,,,,,,
5012,Suumaya Industries Ltd.,SUULD,Textile,Textile,10.57,,,,,,,,
5013,Mayur Leather Products Ltd.,MAYUR,Retailing,Footwear,10.55,,,,,,,,
5014,Quantum Digital Vision (India) Ltd.,QUANTDIA,Media & Entertainment,"Film Production, Distribution & Entertainment",10.55,,,,,,,,
5015,Shashank Traders Ltd.,SHASHANK,Trading,Trading,10.53,,,,,,,,
5016,Garware Synthetics Ltd.,GARWSYN,Textile,Textile - Spinning,10.51,,,,,,,,
5017,Coastal Roadways Ltd.,COARO,Logistics,Logistics,10.49,,,,,,,,
5018,Modern Shares & Stockbrokers Ltd.,MODRNSH,Finance,Finance - Stock Broking,10.46,,,,,,,,
5019,Adinath Textiles Ltd.,ADINATH,Textile,Textile - Spinning,10.45,,,,,,,,
5020,Sparc Electrex Ltd.,SPAR,Capital Goods,Electric Equipment,10.44,,,,,,,,
5021,Docmode Health Technologies Ltd.,DHTL,Other,Educational Institutions,10.42,,,,,,,,
5022,Mid India Industries Ltd.,MIDINDIA,Trading,Trading,10.38,,,,,,,,
5023,Samtex Fashions Ltd.,SAMTEX,Textile,Textile,10.36,,,,,,,,
5024,KMF Builders & Developers Ltd.,KMFBLDR,Realty,Construction - Real Estate,10.35,,,,,,,,
5025,Mihika Industries Ltd.,MIHIKA,Trading,Trading,10.34,,,,,,,,
5026,Family Care Hospitals Ltd.,FAMILYCARE,Healthcare,Hospital & Healthcare Services,10.32,,,,,,,,
5027,Sreechem Resins Ltd.,SRECR,Chemicals,Chemicals,10.31,,,,,,,,
5028,Euro Leder Fashion Ltd.,EUROLED,Fast Moving Consumer Goods,Leather,10.29,,,,,,,,
5029,Garbi Finvest Ltd.,GARBIFIN,Finance,Finance - NBFC,10.26,,,,,,,,
5030,Universal Office Automation Ltd.,UNIOFFICE,Consumer Durables,IT - Hardware,10.26,,,,,,,,
5031,Yunik Managing Advisors Ltd.,YunikM,Finance,Finance - Investment,10.23,,,,,,,,
5032,Ganesh Holdings Ltd.,GANHOLD,Finance,Finance - NBFC,10.22,,,,,,,,
5033,Encash Entertainment Ltd.,ENCASH,Media & Entertainment,"Film Production, Distribution & Entertainment",10.2,,,,,,,,
5034,United Leasing & Industries Ltd.,UNTTEMI,Textile,Textile,10.2,,,,,,,,
5035,Quality RO Industries Ltd.,QRIL,Plastic Products,Plastic Products,10.17,,,,,,,,
5036,Computer Point Ltd.,COMPUPN,Information Technology,IT - Education,10.17,,,,,,,,
5037,Kumbhat Financial Services Ltd.,KUMPFIN,Finance,Finance - NBFC,10.12,,,,,,,,
5038,Adcon Capital Services Ltd.,ADCON,Finance,Finance - NBFC,10.12,,,,,,,,
5039,Saptak Chem And Business Ltd.,SCBL,Chemicals,Fertilizers,10.11,,,,,,,,
5040,Shri Ram Switchgears Ltd.,SRIRAM,Capital Goods,Electric Equipment,10.11,,,,,,,,
5041,Transwind Infrastructures Ltd.,TRANSWIND,Infrastructure,Engineering - Construction,10.06,,,,,,,,
5042,Ashish Polyplast Ltd.,ASHISHPO,Plastic Products,Plastic Products,10.06,,,,,,,,
5043,Resourceful Automobile Ltd.,RAL,Automobile & Ancillaries,Automobiles - Dealers & Distributors,10.01,,,,,,,,
5044,Swasth Foodtech India Ltd.,SWASTH,Fast Moving Consumer Goods,Edible Oil,9.95,,,,,,,,
5045,Octal Credit Capital Ltd.,OCTAL,Finance,Finance - NBFC,9.94,,,,,,,,
5046,East Buildtech Ltd.,EASTBUILD,Realty,Construction - Real Estate,9.94,,,,,,,,
5047,Libord Securities Ltd.,LIBORD,Finance,Finance - Investment,9.86,,,,,,,,
5048,Sri Lakshmi Saraswathi Textiles (Arni) Ltd.,SLSTLQ,Textile,Textile - Spinning,9.83,,,,,,,,
5049,Kisaan Parivar Industries Ltd.,KISAAN,Agriculture,Solvent  Extraction,9.83,,,,,,,,
5050,Natural Biocon (India) Ltd.,NATURAL,Trading,Trading,9.82,,,,,,,,
5051,Polycon International Ltd.,POLYCON,Plastic Products,Plastic Products,9.8,,,,,,,,
5052,Pan Electronics (India) Ltd.,PANELEC,Electricals,Electronics - Components,9.8,,,,,,,,
5053,Western Overseas Study Abroad Ltd.,WOSAL,Other,Educational Institutions,9.8,,,,,,,,
5054,Svam Softwares Ltd.,SVAMSOF,Information Technology,IT - Software,9.8,,,,,,,,
5055,Shree Manufacturing Company Ltd.,SHRMFGC,Textile,Textile - Spinning,9.78,,,,,,,,
5056,Lime Chemicals Ltd.,LIMECHM,Chemicals,Chemicals,9.76,,,,,,,,
5057,Ekennis Software Service Ltd.,EKENNIS,Information Technology,IT - Software,9.75,,,,,,,,
5058,Ishan International Ltd.,ISHAN,Capital Goods,Engineering,9.73,,,,,,,,
5059,Sterling Green Woods Ltd.,STRGRENWO,Realty,Construction - Real Estate,9.66,,,,,,,,
5060,I Power Solutions India Ltd.,IPOWER,Information Technology,IT - Software,9.63,,,,,,,,
5061,Kush Industries Ltd.,KUSHIND,Textile,Textile,9.61,,,,,,,,
5062,Interworld Digital Ltd.,INTERDIGI,Media & Entertainment,"Film Production, Distribution & Entertainment",9.57,,,,,,,,
5063,Typhoon Financial Services Ltd.,TFSL,Finance,Finance - NBFC,9.57,,,,,,,,
5064,Global Infratech & Finance Ltd.,GBLINFRA,Finance,Finance - Investment,9.53,,,,,,,,
5065,Mount Housing & Infrastructure Ltd.,MOUNT,Realty,Construction - Real Estate,9.53,,,,,,,,
5066,Looks Health Services Ltd.,LOOKS,Healthcare,Hospital & Healthcare Services,9.51,,,,,,,,
5067,ArihantS Securities Ltd.,ARISE,Finance,Finance - Investment,9.49,,,,,,,,
5068,Future Enterprises Ltd.-B-DVR,FELDVR,Retailing,Retailing,9.49,,,,,,,,
5069,GACM Technologies Ltd. - (DVR),GATECHDVR,Finance,Finance - Stock Broking,9.48,,,,,,,,
5070,GTN Textiles Ltd.,GTNTEX,Textile,Textile - Spinning,9.44,,,,,,,,
5071,Compuage Infocom Ltd.,COMPINFO,Consumer Durables,IT - Hardware,9.43,,,,,,,,
5072,Mathew Easow Research Securities Ltd.,MATHEWE,Finance,Finance - NBFC,9.42,,,,,,,,
5073,Shree Rajivlochan Oil Extraction Ltd.,SHRAJOI,Agriculture,Solvent  Extraction,9.41,,,,,,,,
5074,RLF Ltd.,RLF,Textile,Textile,9.4,,,,,,,,
5075,Veritaas Advertising Ltd.,VERITAAS,Media & Entertainment,Advertising & Media,9.4,,,,,,,,
5076,Shree Ganesh Elastoplast Ltd.,SHGANEL,Trading,Trading,9.35,,,,,,,,
5077,Scan Projects Ltd.,SCANPRO,Trading,Trading,9.34,,,,,,,,
5078,Crane Infrastructure Ltd.,CRANEINFRA,Infrastructure,Engineering - Construction,9.33,,,,,,,,
5079,Hathway Bhawani Cabletel & Datacom Ltd.,HATHWAYB,Media & Entertainment,TV Broadcasting & Software Production,9.31,,,,,,,,
5080,Genomic Valley Biotech Ltd.,GVBL,Agriculture,Agriculture,9.29,,,,,,,,
5081,Interactive Financial Services Ltd.,IFINSER,Finance,Finance - Others,9.24,,,,,,,,
5082,Woodsvilla Ltd.,WOODSVILA,Hospitality,"Hotel, Resort & Restaurants",9.21,,,,,,,,
5083,Sharp Investments Ltd.,SHARPINV,Finance,Finance - Investment,9.2,,,,,,,,
5084,3C IT Solutions & Telecom (India) Ltd.,3CIT,Retailing,Retailing,9.18,,,,,,,,
5085,Dhanuka Infra Realty Ltd.,DIRL,Realty,Construction - Real Estate,9.16,,,,,,,,
5086,Euphoria Infotech (India) Ltd.,EUPHORIAIT,Information Technology,IT - Software,9.16,,,,,,,,
5087,Clinitech Laboratory Ltd.,CTLLAB,Healthcare,Hospital & Healthcare Services,9.13,,,,,,,,
5088,Kuwer Industries Ltd.,KUWERIN,Plastic Products,Plastic Products,9.09,,,,,,,,
5089,Sujala Trading & Holdings Ltd.,SUJALA,Finance,Finance - Investment,9.09,,,,,,,,
5090,Super Bakers (India) Ltd.,SUPERBAK,Fast Moving Consumer Goods,Consumer Food,9.08,,,,,,,,
5091,ACE Engitech Ltd.,ACEENGITEC,Finance,Finance - NBFC,8.99,,,,,,,,
5092,Jet Solar Ltd.,JETSOLAR,Realty,Construction - Real Estate,8.98,,,,,,,,
5093,Mayur Floorings Ltd.,MAYURFL,Construction Materials,Ceramics/Marble/Granite/Sanitaryware,8.95,,,,,,,,
5094,SRU Steels Ltd.,SRUSteels,Trading,Trading,8.93,,,,,,,,
5095,Shree Steel Wire Ropes Ltd.,SSWRL,Iron & Steel,Steel & Iron Products,8.91,,,,,,,,
5096,Chothani Foods Ltd.,CHOTHANI,Fast Moving Consumer Goods,Consumer Food,8.9,,,,,,,,
5097,VK Global Industries Ltd.,VKGLOBAL,Trading,Trading,8.9,,,,,,,,
5098,Tirth Plastic Ltd.,TIRTPLS,Plastic Products,Plastic Products,8.89,,,,,,,,
5099,Gagan Gases Ltd.,GAGAN,Industrials Gases & Fuels,Industrial  Gases & Fuels,8.87,,,,,,,,
5100,Pasari Spinning Mills Ltd.,PASARI,Textile,Textile - Spinning,8.87,,,,,,,,
5101,BCL Enterprises Ltd.,BCLENTERPR,Finance,Finance - NBFC,8.86,,,,,,,,
5102,Anjani Finance Ltd.,ANJANIFIN,Finance,Finance - NBFC,8.81,,,,,,,,
5103,Continental Controls Ltd.,CONTICON,Electricals,Electronics - Components,8.81,,,,,,,,
5104,Kenrik Industries Ltd.,KENRIK,Diamond & Jewellery,Diamond  &  Jewellery,8.8,,,,,,,,
5105,Picturepost Studios Ltd.,PPSL,Media & Entertainment,TV Broadcasting & Software Production,8.79,,,,,,,,
5106,Bhagawati Oxygen Ltd.,BHAGWOX,Industrials Gases & Fuels,Industrial  Gases & Fuels,8.79,,,,,,,,
5107,Shivansh Finserve Ltd.,SHIVA,Trading,Trading,8.74,,,,,,,,
5108,Indifra Ltd.,INDIFRA,Infrastructure,Engineering - Construction,8.71,,,,,,,,
5109,Marshall Machines Ltd.,MARSHALL,Capital Goods,Engineering - Industrial Equipments,8.7,,,,,,,,
5110,Mahamaya Investments Ltd.,MILLENNIUM,Finance,Finance - Investment,8.7,,,,,,,,
5111,First Custodian Fund (India) Ltd.,1STCUS,Finance,Finance - Stock Broking,8.66,,,,,,,,
5112,KCD Industries India Ltd.,KCDGROUP,Trading,Trading,8.6,,,,,,,,
5113,Afloat Enterprises Ltd.,ADISHAKTI,Trading,Trading,8.59,,,,,,,,
5114,Devine Impex Ltd.,DEVINE,Trading,Trading,8.58,,,,,,,,
5115,Photoquip (India) Ltd.,PHOTOQUP,Trading,Trading,8.58,,,,,,,,
5116,Standard Shoe Sole & Mould (India) Ltd.,STDSHOE,Trading,Trading,8.58,,,,,,,,
5117,Jayatma Enterprises Ltd.,JAYATMA,Other,Business Support,8.56,,,,,,,,
5118,Shree Krishna Infrastructure Ltd.,SKIFL,Realty,Construction - Real Estate,8.55,,,,,,,,
5119,Triveni Glass Ltd.,TRIVENIGQ,Construction Materials,Glass,8.52,,,,,,,,
5120,Yashraj Containeurs Ltd.,YASHRAJC,Capital Goods,Engineering - Industrial Equipments,8.5,,,,,,,,
5121,Vision Cinemas Ltd.,VISIONCINE,Media & Entertainment,"Film Production, Distribution & Entertainment",8.5,,,,,,,,
5122,Amforge Industries Ltd.,AMFORG,Automobile & Ancillaries,Auto Ancillary,8.49,,,,,,,,
5123,Unipro Technologies Ltd.,UPROTECH,Information Technology,IT - Software,8.48,,,,,,,,
5124,Phyto Chem (India) Ltd.,PHYTO,Chemicals,Pesticides & Agrochemicals,8.47,,,,,,,,
5125,Rajputana Investment & Finance Ltd.,RAJPUTANA,Finance,Finance - Investment,8.43,,,,,,,,
5126,Haria Apparels Ltd.,HARIAAPL,Textile,Textile,8.41,,,,,,,,
5127,Monind Ltd.,MONIND,Iron & Steel,Steel & Iron Products,8.4,,,,,,,,
5128,RCC Cements Ltd.,RCCEMEN,Construction Materials,Cement & Construction Materials,8.37,,,,,,,,
5129,BFL Asset Finvest Ltd.,BFLAFL,Finance,Finance - NBFC,8.37,,,,,,,,
5130,Raasi Refractories Ltd.,RASSIREF,Capital Goods,Refractories,8.37,,,,,,,,
5131,Premier Ltd.,PREMIER,Capital Goods,Engineering - Industrial Equipments,8.35,,,,,,,,
5132,Trinity League India Ltd.,TRINITYLEA,Finance,Finance - Others,8.35,,,,,,,,
5133,Kalahridhaan Trendz Ltd.,KTL,Textile,Textile,8.34,,,,,,,,
5134,Unistar Multimedia Ltd.,UNISTRMU,Media & Entertainment,"Film Production, Distribution & Entertainment",8.33,,,,,,,,
5135,Sheshadri Industries Ltd.,SHESHAINDS,Textile,Textile - Spinning,8.31,,,,,,,,
5136,Haria Exports Ltd.,HARIAEXPO,Trading,Trading,8.3,,,,,,,,
5137,Milestone Global Ltd.,MILESTONE,Construction Materials,Cement & Construction Materials,8.28,,,,,,,,
5138,Prima Agro Ltd.,PRIMAGR,Fast Moving Consumer Goods,Animal Feed,8.28,,,,,,,,
5139,International Data Management Ltd.,IDM,Consumer Durables,IT - Hardware,8.27,,,,,,,,
5140,Kalpa Commercial Ltd.,KALPACOMME,Retailing,Retailing,8.24,,,,,,,,
5141,Croissance Ltd.,CROISSANCE,Realty,Construction - Real Estate,8.23,,,,,,,,
5142,Tasty Dairy Specialities Ltd.,TDSL,Fast Moving Consumer Goods,Consumer Food,8.17,,,,,,,,
5143,NB Footwear Ltd.,NBFOOT,Retailing,Footwear,8.13,,,,,,,,
5144,Aadi Industries Ltd.,AADIIND,Plastic Products,Plastic Products,8.1,,,,,,,,
5145,Suryavanshi Spinning Mills Ltd.,SURYVANSP,Textile,Textile - Spinning,8.08,,,,,,,,
5146,Mipco Seamless Rings (Gujarat) Ltd.,MPCOSEMB,Information Technology,IT - Software,8.07,,,,,,,,
5147,PS IT Infrastructure & Services Ltd.,PSITINFRA,Finance,Finance - Investment,8.06,,,,,,,,
5148,Indo Euro Indchem Ltd.,INDOEURO,Chemicals,Chemicals,8.06,,,,,,,,
5149,Mahesh Developers Ltd.,MAHESH,Realty,Construction - Real Estate,8.05,,,,,,,,
5150,VB Desai Financial Services Ltd.,VBDESAI,Finance,Finance - Investment,8.03,,,,,,,,
5151,MPL Plastics Ltd.,MPL,Plastic Products,Plastic Products,8.0,,,,,,,,
5152,Ambassador Intra Holdings Ltd.,AIHL,Trading,Trading,7.98,,,,,,,,
5153,RO Jewels Ltd.,ROJL,Trading,Trading,7.97,,,,,,,,
5154,Jagjanani Textiles Ltd.,JAGJANANI,Textile,Textile - Weaving,7.96,,,,,,,,
5155,Ortel Communications Ltd.,ORTEL,Media & Entertainment,TV Broadcasting & Software Production,7.95,,,,,,,,
5156,Solve Plastic Products Ltd.,BALCO,Plastic Products,Plastic Products,7.86,,,,,,,,
5157,Konndor Industries Ltd.,KONNDOR,Trading,Trading,7.84,,,,,,,,
5158,Plada Infotech Services Ltd.,PLADAINFO,Information Technology,BPO/ITeS,7.8,,,,,,,,
5159,BGIL Films & Technologies Ltd.,BGIL,Media & Entertainment,"Film Production, Distribution & Entertainment",7.73,,,,,,,,
5160,Rite Zone Chemcon India Ltd.,RITEZONE,Chemicals,Chemicals,7.72,,,,,,,,
5161,Arcee Industries Ltd.,ARCEEIN,Plastic Products,Plastic Products,7.71,,,,,,,,
5162,ISF Ltd.,ISFL,Finance,Finance - NBFC,7.7,,,,,,,,
5163,Jayatma Industries Ltd.,JAYIND,Textile,Textile,7.69,,,,,,,,
5164,Shiva Suitings Ltd.,SHVSUIT,Trading,Trading,7.67,,,,,,,,
5165,Adline Chem Lab Ltd.,ADLINE,Healthcare,Pharmaceuticals & Drugs,7.62,,,,,,,,
5166,Vivanza Biosciences Ltd.,VIVANZA,Trading,Trading,7.6,,,,,,,,
5167,Nihar Info Global Ltd.,NIHARINF,Information Technology,IT - Software,7.6,,,,,,,,
5168,Rich Universe Network Ltd.,RICHUNV,Finance,Finance - Investment,7.54,,,,,,,,
5169,Hittco Tools Ltd.,HITTCO,Capital Goods,Engineering - Industrial Equipments,7.5,,,,,,,,
5170,Peeti Securities Ltd.,PEETISEC,Trading,Trading,7.48,,,,,,,,
5171,Gratex Industries Ltd.,GRATEXI,Paper,Paper & Paper Products,7.47,,,,,,,,
5172,Sirohia & Sons Ltd.,SIROHIA,Trading,Trading,7.42,,,,,,,,
5173,Vinayak Polycon International Ltd.,VINAYAKPOL,Plastic Products,Plastic Products,7.42,,,,,,,,
5174,Explicit Finance Ltd.,EXPLICITFIN,Finance,Finance - NBFC,7.41,,,,,,,,
5175,Fraser and Co Ltd.,FRASER,Trading,Trading,7.4,,,,,,,,
5176,Union Quality Plastics Ltd.,UNQTYMI,Plastic Products,Plastic Products,7.38,,,,,,,,
5177,IGC Industries Ltd.,IGCIL,Trading,Trading,7.36,,,,,,,,
5178,Omega Ag-Seeds (Punjab) Ltd.,OMEAG,Agriculture,Agriculture,7.36,,,,,,,,
5179,Premier Synthetics Ltd.,PREMSYN,Textile,Textile - Spinning,7.35,,,,,,,,
5180,Tarai Foods Ltd.,TARAI,Agriculture,Agriculture,7.34,,,,,,,,
5181,Ajel Ltd.,AJEL,Information Technology,IT - Software,7.33,,,,,,,,
5182,Shree Ram Proteins Ltd.,SRPL,Agriculture,Solvent  Extraction,7.28,,,,,,,,
5183,SAB Events & Governance Now Media Ltd.,SABEVENTS,Media & Entertainment,Printing And Publishing,7.28,,,,,,,,
5184,Hemo Organic Ltd.,HEMORGANIC,Trading,Trading,7.26,,,,,,,,
5185,Minaxi Textiles Ltd.,MINAXI,Textile,Textile,7.26,,,,,,,,
5186,Parker Agrochem Exports Ltd.,PARKERAC,Trading,Trading,7.26,,,,,,,,
5187,Melstar Information Technologies Ltd.,MELSTAR,Information Technology,IT - Software,7.26,,,,,,,,
5188,Karnawati Innovation Ltd.,KARNAWATI,Trading,Trading,7.24,,,,,,,,
5189,Aravali Securities & Finance Ltd.,ARAVALIS,Finance,Finance - Investment,7.23,,,,,,,,
5190,Vijay Textiles Ltd.,VIJAYTX,Textile,Textile,7.23,,,,,,,,
5191,Thirani Projects Ltd.,TPROJECT,Finance,Finance - NBFC,7.22,,,,,,,,
5192,Aarcon Facilities Ltd.,AARCON,Miscellaneous,Miscellaneous,7.22,,,,,,,,
5193,Gala Global Products Ltd.,GGPL,Fast Moving Consumer Goods,Printing & Stationery,7.21,,,,,,,,
5194,Mehta Securities Ltd.,MEHSECU,Finance,Finance - Investment,7.19,,,,,,,,
5195,Ganon Products Ltd.,GANONPRO,Trading,Trading,7.18,,,,,,,,
5196,Jayabharat Credit Ltd.,JAYBHCR,Finance,Finance - NBFC,7.17,,,,,,,,
5197,Oscar Global Ltd.,OSCARGLO,Fast Moving Consumer Goods,Leather,7.13,,,,,,,,
5198,Siddheswari Garments Ltd.,SIDDHEGA,Textile,Textile,7.12,,,,,,,,
5199,Hindustan Bio Sciences Ltd.,HINDBIO,Healthcare,Pharmaceuticals & Drugs,7.1,,,,,,,,
5200,Golden Carpets Ltd.,GOLCA,Textile,Textile,7.09,,,,,,,,
5201,Ganga Pharmaceuticals Ltd.,GANGAPHARM,Healthcare,Pharmaceuticals & Drugs,7.09,,,,,,,,
5202,Mystic Electronics Ltd.,MYSTICELE,Trading,Trading,7.08,,,,,,,,
5203,Sahara Maritime Ltd.,SMARITIME,Logistics,Logistics,7.06,,,,,,,,
5204,Sunraj Diamond Exports Ltd.,SUNRAJDI,Trading,Trading,7.05,,,,,,,,
5205,Nutech Global Ltd.,NUTECGLOB,Textile,Textile - Weaving,7.05,,,,,,,,
5206,First Fintec Ltd.,FIRSTFIN,Information Technology,IT - Software,7.05,,,,,,,,
5207,Alexander Stamps And Coin Ltd.,ALEXANDER,Finance,Finance - Investment,7.03,,,,,,,,
5208,Padmanabh Alloys & Polymers Ltd.,PADALPO,Plastic Products,Plastic Products,7.02,,,,,,,,
5209,Nikki Global Finance Ltd.,NIKKIGL,Finance,Finance - NBFC,6.99,,,,,,,,
5210,Indo Credit Capital Ltd.,INDOCRED,Finance,Finance - NBFC,6.98,,,,,,,,
5211,Winny Immigration & Education Services Ltd.,WINNY,Other,Professional Services,6.97,,,,,,,,
5212,ObjectOne Information Systems Ltd.,OONE,Information Technology,IT - Software,6.94,,,,,,,,
5213,Olympic Oil Industries Ltd.,OLYOI,Trading,Trading,6.91,,,,,,,,
5214,Shanti Overseas (India) Ltd.,SHANTI,Agriculture,Solvent  Extraction,6.91,6.55,6.55,6.28,0.0,6.3,6.38,-0.08,-1.25
5215,National Plywood Industries Ltd.,NATPLY,Construction Materials,Wood & Wood Products,6.9,,,,,,,,
5216,Shree Hanuman Sugar & Industries Ltd.,HANSUGAR,Agriculture,Sugar,6.9,,,,,,,,
5217,Jain Marmo Industries Ltd.,JAINMARMO,Construction Materials,Ceramics/Marble/Granite/Sanitaryware,6.89,,,,,,,,
5218,Padmalaya Telefilms Ltd.,PADMALAYAT,Media & Entertainment,TV Broadcasting & Software Production,6.88,,,,,,,,
5219,Agarwal Fortune India Ltd.,AGARWAL,Finance,Finance - NBFC,6.87,,,,,,,,
5220,Nyssa Corporation Ltd.,NYSSACORP,Trading,Trading,6.84,,,,,,,,
5221,Systematix Securities Ltd.,SYTIXSE,Finance,Finance - Investment,6.83,,,,,,,,
5222,Dharani Finance Ltd.,DHARFIN,Finance,Finance - NBFC,6.82,,,,,,,,
5223,AF Enterprises Ltd.,AFEL,Finance,Finance - Investment,6.81,,,,,,,,
5224,Atharv Enterprises Ltd.,ATHARVENT,Finance,Finance - Others,6.8,,,,,,,,
5225,Ushakiran Finance Ltd.,USHAKIRA,Finance,Finance - NBFC,6.79,,,,,,,,
5226,Novyra Pharmachem Ltd.,BANSTEA,Agriculture,Tea/Coffee,6.75,,,,,,,,
5227,Kuberan Global Edu Solutions Ltd.,KGES,Other,Educational Institutions,6.74,,,,,,,,
5228,Mahaveer Infoway Ltd.,MAHAVEER,Information Technology,IT - Software,6.71,,,,,,,,
5229,Vellora Impact Ltd.,VELLORA,Chemicals,Dyes & Pigments,6.71,,,,,,,,
5230,RISA International Ltd.,RISAINTL,Trading,Trading,6.7,,,,,,,,
5231,Billwin Industries Ltd.,BILLWIN,Textile,Textile,6.7,,,,,,,,
5232,Newtrac Foods & Beverages Ltd.,NEWTRAC,Trading,Trading,6.7,,,,,,,,
5233,SecUR Credentials Ltd.,SECURCRED,Information Technology,BPO/ITeS,6.69,,,,,,,,
5234,Gujarat Credit Corporation Ltd.,GUJCRED,Finance,Finance - NBFC,6.67,,,,,,,,
5235,Flora Corporation Ltd.,FLORACORP,Trading,Trading,6.64,,,,,,,,
5236,Money Masters Leasing & Finance Ltd.,MMLF,Finance,Finance - NBFC,6.63,,,,,,,,
5237,Amraworld Agrico Ltd.,AMRAAGRI,Trading,Trading,6.62,,,,,,,,
5238,Falcon Technoprojects India Ltd.,FALCONTECH,Other,Engineering Consultancy,6.62,,,,,,,,
5239,M Lakhamsi Industries Ltd.,MLINDLTD,Finance,Finance - NBFC,6.6,,,,,,,,
5240,Laddu Gopal Online Services Ltd.,LADDU,Realty,Construction - Real Estate,6.6,,,,,,,,
5241,Koiya International Ltd.,KOIYAIN,Information Technology,IT - Software,6.59,,,,,,,,
5242,Premium Capital Market & Investment Ltd.,PREMCAPM,Finance,Finance - Investment,6.57,,,,,,,,
5243,Priya Ltd.,PRIYALT,Trading,Trading,6.56,,,,,,,,
5244,Hasti Finance Ltd.,HASTIFIN,Finance,Finance - NBFC,6.54,,,,,,,,
5245,Worldwide Aluminium Ltd.,WWALUM,Trading,Trading,6.54,,,,,,,,
5246,Inditrade Capital Ltd.,INDICAP,Finance,Finance - Investment,6.54,,,,,,,,
5247,Promact Plastics Ltd.,PROMACT,Plastic Products,Plastic Products,6.51,,,,,,,,
5248,Ambitious Plastomac Company Ltd.,AMBIT,Trading,Trading,6.51,,,,,,,,
5249,Lexoraa Industries Ltd.,LEXORAA,Trading,Trading,6.5,,,,,,,,
5250,KLG Capital Services Ltd.,KLGCAP,Finance,Finance - Investment,6.49,,,,,,,,
5251,Supertex Industries Ltd.,SUPERTEX,Textile,Textile - Manmade  Fibres,6.43,,,,,,,,
5252,Stanpacks (India) Ltd.,STANPACK,Plastic Products,Plastic Products,6.4,,,,,,,,
5253,Voltaire Leasing & Finance Ltd.,VOLLF,Finance,Finance - NBFC,6.35,,,,,,,,
5254,Ashram Online.Com Ltd.,ASHRAM,Hospitality,"Hotel, Resort & Restaurants",6.35,,,,,,,,
5255,Ishaan Infrastructures & Shelters Ltd.,IISL,Realty,Construction - Real Estate,6.35,,,,,,,,
5256,Reetech International Ltd.,REETECH,Trading,Trading,6.34,,,,,,,,
5257,Swagtam Trading & Services Ltd.,SWAGTAM,Other,Business Support,6.33,,,,,,,,
5258,Prime Capital Market Ltd.,PRIMECAPM,Finance,Finance - NBFC,6.33,,,,,,,,
5259,Integra Capital Ltd.,INTCAPL,Finance,Finance - NBFC,6.32,,,,,,,,
5260,KZ Leasing & Finance Ltd.,KZLFIN,Finance,Finance - NBFC,6.31,,,,,,,,
5261,Veerkrupa Jewellers Ltd.,VEERKRUPA,Trading,Trading,6.29,,,,,,,,
5262,Manor Estates & Industries Ltd.,KARANWO,Miscellaneous,Miscellaneous,6.26,,,,,,,,
5263,Symbiox Investment & Trading Co Ltd.,SYMBIOX,Trading,Trading,6.26,,,,,,,,
5264,GCM Capital Advisors Ltd.,GCMCAPI,Finance,Finance - Investment,6.23,,,,,,,,
5265,Space Incubatrics Technologies Ltd.,SPACEINCUBA,Information Technology,IT - Software,6.23,,,,,,,,
5266,Kanungo Financiers Ltd.,KANUNGO,Finance,Finance - Investment,6.23,,,,,,,,
5267,Mercury Trade Links Ltd.,MERCTRD,Finance,Finance - Investment,6.22,,,,,,,,
5268,Starlite Components Ltd.,STARLITE,Capital Goods,Electric Equipment,6.22,,,,,,,,
5269,Audroc Ltd.,AUDROC,Textile,Textile,6.13,,,,,,,,
5270,Modella Woollens Ltd.,MODWOOL,Trading,Trading,6.09,,,,,,,,
5271,Brawn Biotech Ltd.,BRAWN,Healthcare,Pharmaceuticals & Drugs,6.09,,,,,,,,
5272,Decipher Labs Ltd.,DECIPHER,Healthcare,Pharmaceuticals & Drugs,6.06,,,,,,,,
5273,MFS Intercorp Ltd.,MFSINTRCRP,Iron & Steel,Metal - Ferrous,6.05,,,,,,,,
5274,Prashant India Ltd.,PRSNTIN,Textile,Textile,6.04,,,,,,,,
5275,Epsom Properties Ltd.,EPSOMPRO,Realty,Construction - Real Estate,6.04,,,,,,,,
5276,Noble Polymers Ltd.,NOBPOL,Plastic Products,Plastic Products,6.02,,,,,,,,
5277,Transglobe Foods Ltd.,TRANSFD,Fast Moving Consumer Goods,Consumer Food,6.01,,,,,,,,
5278,Oswal Yarns Ltd.,OSWAYRN,Textile,Textile,6.0,,,,,,,,
5279,Padmanabh Industries Ltd.,PADMAIND,Trading,Trading,5.99,,,,,,,,
5280,Enterprise International Ltd.,ENTRINT,Textile,Textile,5.97,,,,,,,,
5281,Mahalaxmi Seamless Ltd.,MAHALXSE,Iron & Steel,Steel & Iron Products,5.91,,,,,,,,
5282,Amarnath Securities Ltd.,AMARSEC,Finance,Finance - NBFC,5.9,,,,,,,,
5283,Abhinav Leasing & Finance Ltd.,ALFL,Finance,Finance - NBFC,5.9,,,,,,,,
5284,Aryan Share And Stock Brokers Ltd.,ARYAN,Finance,Finance - Stock Broking,5.85,,,,,,,,
5285,Kiran Syntex Ltd.,KIRANSY-B,Textile,Textile - Spinning,5.84,,,,,,,,
5286,JPT Securities Ltd.,JPTSEC,Finance,Finance - NBFC,5.84,,,,,,,,
5287,Brijlaxmi Leasing & Finance Ltd.,BRIJLEAS,Finance,Finance - Investment,5.82,,,,,,,,
5288,Magenta Lifecare Ltd.,MAGENTA,Fast Moving Consumer Goods,Household & Personal Products,5.8,,,,,,,,
5289,Wherrelz IT Solutions Ltd.,WITS,Information Technology,IT - Software,5.8,,,,,,,,
5290,Delta Industrial Resources Ltd.,DELTA,Trading,Trading,5.72,,,,,,,,
5291,Agio Paper & Industries Ltd.,AGIOPAPER,Paper,Paper & Paper Products,5.72,,,,,,,,
5292,Jointeca Education Solutions Ltd.,JOINTECAED,Information Technology,IT - Education,5.71,,,,,,,,
5293,Pasupati Fincap Ltd.,PASUFIN,Finance,Finance - Investment,5.68,,,,,,,,
5294,Mukta Agriculture Ltd.,MUKTA,Trading,Trading,5.66,,,,,,,,
5295,Tranway21 Technologies Ltd.,TRANWAY21,Information Technology,IT - Software,5.66,,,,,,,,
5296,Wagend Infra Venture Ltd.,WAGEND,Finance,Finance - Investment,5.66,,,,,,,,
5297,BP Capital Ltd.,BPCAP,Finance,Finance - NBFC,5.65,,,,,,,,
5298,Shikhar Consultants Ltd.,SHIKHAR,Finance,Finance - NBFC,5.65,,,,,,,,
5299,Purohit Construction Ltd.,PUROHITCON,Realty,Construction - Real Estate,5.62,,,,,,,,
5300,Triveni Enterprises Ltd.,TRIVENIENT,Trading,Trading,5.61,,,,,,,,
5301,Goyal Associates Ltd.,GOYALASS,Finance,Finance - NBFC,5.56,,,,,,,,
5302,Nivaka Fashions Ltd.,NIVAKA,Retailing,Retailing,5.55,,,,,,,,
5303,Dr Lalchandani Labs Ltd.,DLCL,Healthcare,Hospital & Healthcare Services,5.52,,,,,,,,
5304,Cistro Telelink Ltd.,CISTRO,Telecom,Telecommunication - Equipment,5.49,,,,,,,,
5305,Mahan Industries Ltd.,MAHANIN,Finance,Finance - NBFC,5.49,,,,,,,,
5306,Oxford Industries Ltd.,OXFORDIN,Textile,Textile,5.48,,,,,,,,
5307,Amanaya Ventures Ltd.,AMANAYA,Trading,Trading,5.44,,,,,,,,
5308,Adjia Technologies Ltd.,ADJIA,Information Technology,IT - Software,5.44,,,,,,,,
5309,Vision Corporation Ltd.,VISIONCO,Media & Entertainment,"Film Production, Distribution & Entertainment",5.43,,,,,,,,
5310,Amerise Biosciences Ltd.,AMERISE,Finance,Finance - Investment,5.42,,,,,,,,
5311,Sailani Tours N Travels Ltd.,SAILANI,Hospitality,Travel Services,5.42,,,,,,,,
5312,Ashiana Agro Industries Ltd.,ASHAI,Trading,Trading,5.41,,,,,,,,
5313,Antriksh Service Technologies Ltd.,SESHACHAL,Information Technology,IT - Software,5.4,,,,,,,,
5314,Superior Finlease Ltd.,SUPERIOR,Finance,Finance - NBFC,5.37,,,,,,,,
5315,Shelter Infra Projects Ltd.,SIPL,Infrastructure,Engineering - Construction,5.36,,,,,,,,
5316,United Textiles Ltd.,UNITEDTE,Textile,Textile - Spinning,5.36,,,,,,,,
5317,Polytex India Ltd.,POLYTEX,Finance,Finance - NBFC,5.35,,,,,,,,
5318,Omni AxS Software Ltd.,OMNIAX,Information Technology,IT - Software,5.34,,,,,,,,
5319,Omkar Overseas Ltd.,OMKAR,Trading,Trading,5.34,,,,,,,,
5320,Deccan Polypacks Ltd.,DECPO,Plastic Products,Plastic Products,5.34,,,,,,,,
5321,Integrated Thermoplastics Ltd.,INTETHR,Plastic Products,Plastic Products,5.33,,,,,,,,
5322,Vintage Securities Ltd.,VINTAGES,Finance,Finance - NBFC,5.32,,,,,,,,
5323,Jainco Projects (India) Ltd.,JAINCO,Realty,Construction - Real Estate,5.3,,,,,,,,
5324,Eureka Industries Ltd.,EUREKAI,Textile,Textile - Spinning,5.29,,,,,,,,
5325,Setubandhan Infrastructure Ltd.,SETUINFRA,Infrastructure,Engineering - Construction,5.28,,,,,,,,
5326,Universal Arts Ltd.,UNIVARTS,Media & Entertainment,"Film Production, Distribution & Entertainment",5.27,,,,,,,,
5327,Ashoka Refineries Ltd.,ASHOKRE,Agriculture,Solvent  Extraction,5.26,,,,,,,,
5328,Lakshmi Precision Screws Ltd.,LAKPRE,Automobile & Ancillaries,Fasteners,5.25,,,,,,,,
5329,Amit International Ltd.,AMITINT,Textile,Textile - Spinning,5.23,,,,,,,,
5330,Grandma Trading & Agencies Ltd.,GRANDMA,Trading,Trading,5.22,,,,,,,,
5331,Vikalp Securities Ltd.,VIKALPS,Finance,Finance - Investment,5.22,,,,,,,,
5332,Williamson Financial Services Ltd.,WILLIMFI,Finance,Finance - NBFC,5.17,,,,,,,,
5333,Castora Agri Commodities Ltd.,CASTORA,Trading,Trading,5.11,,,,,,,,
5334,Raghunath International Ltd.,RAGHUNAT,Realty,Construction - Real Estate,5.1,,,,,,,,
5335,Bharatiya Global Infomedia Ltd.,BGLOBAL,Information Technology,IT - Software,5.1,,,,,,,,
5336,VXL Instruments Ltd.,VXLINSTR,Consumer Durables,IT - Hardware,5.1,,,,,,,,
5337,SGN Telecoms Ltd.,SGNTE,Electricals,Cable,5.09,,,,,,,,
5338,Sahaj Fashions Ltd.,SAHAJ,Textile,Textile,5.07,,,,,,,,
5339,Retro Green Revolution Ltd.,RGRL,Agriculture,Tea/Coffee,5.02,,,,,,,,
5340,Sungold Capital Ltd.,SUNGOLD,Finance,Finance - NBFC,5.01,,,,,,,,
5341,Nouveau Global Ventures Ltd.,NOUVEAU,Media & Entertainment,"Film Production, Distribution & Entertainment",5.01,,,,,,,,
5342,Sword-Edge Commercials Ltd.,SWORDEDGE,Trading,Trading,5.0,,,,,,,,
5343,Saianand Commercial Ltd.,SAICOM,Chemicals,Chemicals,5.0,,,,,,,,
5344,UTL Industries Ltd.,UTLINDS,Realty,Construction - Real Estate,4.94,,,,,,,,
5345,Naturo Agrotech India Ltd.,NATURO,Trading,Trading,4.92,,,,,,,,
5346,Shree Precoated Steels Ltd.,SPSL,Infrastructure,Engineering - Construction,4.9,,,,,,,,
5347,Gian Life Care Ltd.,GIANLIFE,Healthcare,Hospital & Healthcare Services,4.89,,,,,,,,
5348,Kakatiya Textiles Ltd.,KAKTEX,Textile,Textile - Spinning,4.88,,,,,,,,
5349,Goldcoin Health Foods Ltd.,GOLDCOINHF,Trading,Trading,4.88,,,,,,,,
5350,CHD Chemicals Ltd.,CHDCHEM,Trading,Trading,4.85,,,,,,,,
5351,Dhruv Wellness Ltd.,DWL,Trading,Trading,4.83,,,,,,,,
5352,Munoth Communication Ltd.,MCLTD,Trading,Trading,4.79,,,,,,,,
5353,Pithampur Poly Products Ltd.,PITHP,Plastic Products,Plastic Products,4.76,,,,,,,,
5354,RR Securities Ltd.,RRSECUR,Finance,Finance - Investment,4.75,,,,,,,,
5355,Olympic Cards Ltd.,OLPCL,Media & Entertainment,Printing And Publishing,4.73,,,,,,,,
5356,Peoples Investments Ltd.,PEOPLIN,Finance,Finance - Investment,4.72,,,,,,,,
5357,Lead Financial Services Ltd.,LEADFIN,Finance,Finance - NBFC,4.7,,,,,,,,
5358,Siddha Ventures Ltd.,SIDDHA,Finance,Finance - Investment,4.67,,,,,,,,
5359,MP Agro Industries Ltd.,MPAGI,Chemicals,Fertilizers,4.64,,,,,,,,
5360,Patron Exim Ltd.,PATRON,Trading,Trading,4.64,,,,,,,,
5361,Aditya Ispat Ltd.,ADITYA,Iron & Steel,Steel & Iron Products,4.6,,,,,,,,
5362,Quintegra Solutions Ltd.,QUINTEGRA,Information Technology,IT - Software,4.56,,,,,,,,
5363,Bloom Dekor Ltd.,BLOOM,Construction Materials,Wood & Wood Products,4.56,,,,,,,,
5364,Purple Agrotech Industries Ltd.,PURPLE,Media & Entertainment,"Film Production, Distribution & Entertainment",4.54,,,,,,,,
5365,Abhishek Infraventures Ltd.,ABHIINFRA,Realty,Construction - Real Estate,4.53,,,,,,,,
5366,EVOQ Remedies Ltd.,EVOQ,Trading,Trading,4.53,,,,,,,,
5367,Finelistings Technologies Ltd.,FTL,Diversified,Diversified,4.51,,,,,,,,
5368,52 Weeks Entertainment Ltd.,SHAQUAK,Media & Entertainment,"Film Production, Distribution & Entertainment",4.5,,,,,,,,
5369,AAR Shyam India Investment Co Ltd.,AARSHYAM,Finance,Finance - Investment,4.49,,,,,,,,
5370,Coral Newsprints Ltd.,CORNE,Paper,Paper & Paper Products,4.48,,,,,,,,
5371,CMI Ltd.,CMICABLES,Electricals,Cable,4.47,,,,,,,,
5372,Gconnect Logitech And Supply Chain Ltd.,GCONNECT,Logistics,Logistics,4.46,,,,,,,,
5373,Thakkers Group Ltd.,THAKKERS,Agriculture,Agriculture,4.46,,,,,,,,
5374,Automobile Products Of India Ltd.,AUTOPRD,Other,Business Support,4.44,,,,,,,,
5375,Rajkot Investment Trust Ltd.,RAJKOTINV,Finance,Finance - NBFC,4.44,,,,,,,,
5376,Longview Tea Company Ltd.,LONTE,Trading,Trading,4.44,,,,,,,,
5377,Polymac Thermoformers Ltd.,POLYMAC,Plastic Products,Plastic Products,4.42,,,,,,,,
5378,Ambition Mica Ltd.,AMBITION,Construction Materials,Laminates/Decoratives,4.42,,,,,,,,
5379,Aananda Lakshmi Spinning Mills Ltd.,AANANDALAK,Textile,Textile - Spinning,4.4,,,,,,,,
5380,Mahasagar Travels Ltd.,MHSGRMS,Hospitality,Travel Services,4.4,,,,,,,,
5381,Navoday Enterprises Ltd.,NAVODAYENT,Media & Entertainment,Advertising & Media,4.39,,,,,,,,
5382,Cindrella Financial Services Ltd.,CINDRELL,Finance,Finance - NBFC,4.37,,,,,,,,
5383,Sun Retail Ltd.,SUNRETAIL,Trading,Trading,4.34,,,,,,,,
5384,Hanman Fit Ltd.,HANMAN,Hospitality,Amusement Parks/Recreation/Club,4.34,,,,,,,,
5385,ACE EduTrend Ltd.,ACEEDU,Other,Educational Institutions,4.31,,,,,,,,
5386,Fabino Enterprises Ltd.,FABINO,Trading,Trading,4.27,,,,,,,,
5387,Multipurpose Trading & Agencies Ltd.,ZMULTIPU,Miscellaneous,Miscellaneous,4.25,,,,,,,,
5388,BMB Music & Magnetics Ltd.,BMBMUMG,Media & Entertainment,"Film Production, Distribution & Entertainment",4.24,,,,,,,,
5389,Suncity Synthetics Ltd.,SUNCITYSY,Textile,Textile - Manmade  Fibres,4.19,,,,,,,,
5390,TMT (India) Ltd.,TMTIND-B1,Capital Goods,Engineering,4.19,,,,,,,,
5391,Tridev InfraEstates Ltd.,ASHUTPM,Paper,Paper & Paper Products,4.17,,,,,,,,
5392,SBL Infratech Ltd.,SBLI,Realty,Construction - Real Estate,4.14,,,,,,,,
5393,Perfect Infraengineers Ltd.,PERFECT,Capital Goods,Engineering,4.11,,,,,,,,
5394,Foundry Fuel Products Ltd.,FFPL,Industrials Gases & Fuels,Industrial  Gases & Fuels,4.11,,,,,,,,
5395,Futuristic Securities Ltd.,FUTURSEC,Finance,Finance - Investment,4.08,,,,,,,,
5396,Elango Industries Ltd.,ELANGO,Iron & Steel,Steel/Sponge Iron/Pig Iron,4.0,,,,,,,,
5397,T Spiritual World Ltd.,TSPIRITUAL,Information Technology,IT - Software,3.98,,,,,,,,
5398,City Online Services Ltd.,CITYONLINE,Telecom,Telecommunication - Service  Provider,3.98,,,,,,,,
5399,Krishna Filament Industries Ltd.,KRIFILIND,Plastic Products,Plastic Products,3.96,,,,,,,,
5400,Vasudhagama Enterprises Ltd.,VASUDHAGAM,Trading,Trading,3.95,,,,,,,,
5401,Oswal Leasing Ltd.,OSWALEA,Finance,Finance - NBFC,3.93,,,,,,,,
5402,Simplex Papers Ltd.,SIMPLXPAP,Trading,Trading,3.93,,,,,,,,
5403,Silver Pearl Hospitality & Luxury Spaces Ltd.,SILVERPRL,Hospitality,"Hotel, Resort & Restaurants",3.93,,,,,,,,
5404,Karnimata Cold Storage Ltd.,KCSL,Logistics,Logistics,3.89,,,,,,,,
5405,Richa Industries Ltd.,RICHAIND,Textile,Textile,3.87,,,,,,,,
5406,Vardhman Concrete Ltd.,VARDHMAN,Infrastructure,Engineering - Construction,3.81,,,,,,,,
5407,Befound Movement Ltd.,BEFOUNDMOL,Finance,Finance - NBFC,3.8,,,,,,,,
5408,Vallabh Steels Ltd.,VALLABHSQ,Iron & Steel,Steel & Iron Products,3.8,,,,,,,,
5409,MPS Pharmaa Ltd.,ADVIKLA,Healthcare,Pharmaceuticals & Drugs,3.8,,,,,,,,
5410,Ken Financial Services Ltd.,KENFIN,Finance,Finance - NBFC,3.79,,,,,,,,
5411,Naksh Precious Metals Ltd.,NAKSH,Trading,Trading,3.79,,,,,,,,
5412,Integrated Hitech Ltd.,INTEGHIT,Information Technology,IT - Software,3.76,,,,,,,,
5413,Decorous Investment & Trading Co Ltd.,DITCO,Realty,Construction - Real Estate,3.74,,,,,,,,
5414,Transpact Enterprises Ltd.,TRANSPACT,Healthcare,Medical Equipment/Supplies/Accessories,3.67,,,,,,,,
5415,Revati Media Ltd.,REVAMEDIA,Chemicals,Chemicals,3.66,,,,,,,,
5416,Shyama Computronics And Services Ltd.,SHYAMACOMP,Other,Business Support,3.65,,,,,,,,
5417,Tricom Fruit Products Ltd.,TRICOMFRU,Fast Moving Consumer Goods,Consumer Food,3.63,,,,,,,,
5418,Sturdy Industries Ltd.,STURDY,Plastic Products,Plastic Products,3.63,,,,,,,,
5419,Starlit Power Systems Ltd.,STARLIT,Non - Ferrous Metals,Metal - Non Ferrous,3.61,,,,,,,,
5420,Ekam Leasing & Finance Company Ltd.,EKAMLEA,Finance,Finance - NBFC,3.58,,,,,,,,
5421,Geetanjali Credit and Capital Ltd.,GEETANJ,Finance,Finance - NBFC,3.58,,,,,,,,
5422,Filmcity Media Ltd.,FILME,Media & Entertainment,"Film Production, Distribution & Entertainment",3.58,,,,,,,,
5423,Pagaria Energy Ltd.,WOMENNET,Information Technology,IT - Software,3.54,,,,,,,,
5424,Gujarat Winding Systems Ltd.,GUJWIND,Paper,Paper & Paper Products,3.48,,,,,,,,
5425,Encode Packaging India Ltd,ENCODE,Media & Entertainment,Printing And Publishing,3.45,,,,,,,,
5426,Sea TV Network Ltd.,SEATV,Media & Entertainment,TV Broadcasting & Software Production,3.43,,,,,,,,
5427,Heera Ispat Ltd.,HEERAISP,Iron & Steel,Steel & Iron Products,3.42,,,,,,,,
5428,Innocorp Ltd.,INNOCORP,Plastic Products,Plastic Products,3.35,,,,,,,,
5429,Beeyu Overseas Ltd.,BEEYU,Agriculture,Agriculture,3.34,,,,,,,,
5430,Unitech International Ltd.,UNITINT,Trading,Trading,3.33,,,,,,,,
5431,Khyati Multimedia Entertainment Ltd.,KHYATI,Media & Entertainment,"Film Production, Distribution & Entertainment",3.29,,,,,,,,
5432,Neogem India Ltd.,NOGMIND,Diamond & Jewellery,Diamond  &  Jewellery,3.2,,,,,,,,
5433,Olympic Management & Financial Services Ltd.,OLYMTFI,Finance,Finance - Investment,3.19,,,,,,,,
5434,Brilliant Portfolios Ltd.,BRIPORT,Finance,Finance - NBFC,3.18,,,,,,,,
5435,Boston Commerce Ltd.,BOSTON,Healthcare,Medical Equipment/Supplies/Accessories,3.14,,,,,,,,
5436,Unishire Urban Infra Ltd.,UNISHIRE,Realty,Construction - Real Estate,3.07,,,,,,,,
5437,CMM Infraprojects Ltd.,CMMIPL,Realty,Construction - Real Estate,3.06,,,,,,,,
5438,Anand Projects Ltd.,ANANDPROJ,Infrastructure,Engineering - Construction,3.06,,,,,,,,
5439,Athena Constructions Ltd.,ATHCON,Realty,Construction - Real Estate,3.01,,,,,,,,
5440,GCM Commodity & Derivatives Ltd.,GCMCOMM,Finance,Finance - Investment,3.01,,,,,,,,
5441,Gaekwar Mills Ltd.,ZGAEKWAR,Textile,Textile - Spinning,3.01,,,,,,,,
5442,PFL Infotech Ltd.,PFLINFOTC,Information Technology,IT - Software,3.0,,,,,,,,
5443,Radhagobind Commercial Ltd.,RCL,Trading,Trading,2.88,,,,,,,,
5444,Indo Gulf Industries Ltd.,IGLFXPL-B,Chemicals,Chemicals,2.85,,,,,,,,
5445,Charms Industries Ltd.,CHARMS,Finance,Finance - Others,2.82,,,,,,,,
5446,SSPN Finance Ltd.,SSPNFIN,Finance,Finance - Investment,2.81,,,,,,,,
5447,Ramasigns Industries Ltd.,RAMASIGNS,Trading,Trading,2.77,,,,,,,,
5448,Patidar Buildcon Ltd.,PATIDAR,Realty,Construction - Real Estate,2.75,,,,,,,,
5449,Svarnim Trade Udyog Ltd.,SNIM,Trading,Trading,2.74,,,,,,,,
5450,Spectra Industries Ltd.,SPECTRA,Automobile & Ancillaries,Auto Ancillary,2.69,,,,,,,,
5451,Diamant Infrastructure Ltd.,DIAMANT,Infrastructure,Engineering - Construction,2.68,,,,,,,,
5452,Swadha Nature Ltd.,SWADHATURE,Finance,Finance - Investment,2.68,,,,,,,,
5453,VASA Retail And Overseas Ltd.,VASA,Fast Moving Consumer Goods,Printing & Stationery,2.67,,,,,,,,
5454,G-Tech Info Training Ltd.,GTEIT,Information Technology,BPO/ITeS,2.62,,,,,,,,
5455,Virgo Global Ltd.,VIRGOGLOB,Information Technology,IT - Software,2.59,,,,,,,,
5456,Madhur Industries Ltd.,MADHURIND,Fast Moving Consumer Goods,Consumer Food,2.56,,,,,,,,
5457,HEM Holdings & Trading Ltd.,ZHEMHOLD,Finance,Finance - Investment,2.55,,,,,,,,
5458,Suumaya Corporation Ltd.,SUUMAYA,Trading,Trading,2.5,,,,,,,,
5459,Vaishno Cement Company Ltd.,VAICC,Construction Materials,Cement & Construction Materials,2.43,,,,,,,,
5460,Jalan Transolutions (India) Ltd.,JALAN,Logistics,Logistics,2.4,,,,,,,,
5461,Kome-On Communication Ltd.,KOCL,Media & Entertainment,"Film Production, Distribution & Entertainment",2.39,,,,,,,,
5462,Mcnally Bharat Engineering Company Ltd.,MBECL,Infrastructure,Engineering - Construction,2.3,,,,,,,,
5463,Rajvir Industries Ltd.,RAJVIR,Textile,Textile - Spinning,2.25,,,,,,,,
5464,Rajeswari Infrastructure Ltd.,RAJINFRA,Realty,Construction - Real Estate,2.21,,,,,,,,
5465,Cresanto Global Ltd.,CRESANTO,Healthcare,Pharmaceuticals & Drugs,2.19,,,,,,,,
5466,Fourth Generation Information Systems Ltd.,4THGEN,Information Technology,IT - Software,2.17,,,,,,,,
5467,Gangotri Textiles Ltd.,GANGOTRI,Textile,Textile - Spinning,2.02,,,,,,,,
5468,Mafia Trends Ltd.,MAFIA,Retailing,Retailing,2.0,,,,,,,,
5469,Technojet Consultants Ltd.,TECHCON,Miscellaneous,Miscellaneous,1.99,,,,,,,,
5470,Baron Infotech Ltd.,BARONINF,Information Technology,IT - Software,1.94,,,,,,,,
5471,Global Defence Industries Ltd.,GDIL,Capital Goods,Aerospace & Defense,1.87,,,,,,,,
5472,Signature Green Corporation Ltd.,SIGNGCL,Agriculture,Solvent  Extraction,1.8,,,,,,,,
5473,Silveroak Commercials Ltd.,SILVERO,Capital Goods,Electric Equipment,1.7,,,,,,,,
5474,JLA Infraville Shoppers Ltd.,JSHL,Retailing,Retailing,1.54,,,,,,,,
5475,Aurique Ltd.,AURIQUE,Trading,Trading,1.48,,,,,,,,
5476,Omnipotent Industries Ltd.,OMNIPOTENT,Trading,Trading,1.4,,,,,,,,
5477,Sybly Industries Ltd.,SYBLY,Textile,Textile - Spinning,1.21,,,,,,,,
5478,MPF Systems Ltd.,MPFSL,Capital Goods,Engineering - Industrial Equipments,1.18,,,,,,,,
5479,Wardwizard Healthcare Ltd.,WARDHEALTH,Trading,Trading,1.11,,,,,,,,
5480,Shah Construction Company Ltd.,SHAHCON,Infrastructure,Engineering - Construction,0.98,,,,,,,,
5481,Diksha Greens Ltd.,DGL,Trading,Trading,0.96,,,,,,,,
5482,Gold Rock Investments Ltd.,ZGOLDINV,Finance,Finance - Investment,0.95,,,,,,,,
5483,Sikozy Realtors Ltd.,SIKOZY,Realty,Construction - Real Estate,0.81,,,,,,,,
5484,Trustwave Securities Ltd.,TRUSTWAVE,Finance,Finance - NBFC,0.74,,,,,,,,
5485,E & E Enterprises Ltd.,EENTER,Finance,Finance - NBFC,0.59,,,,,,,,
5486,Magnanimous Trade & Finance Ltd.,MAGANTR,Finance,Finance - Investment,0.54,,,,,,,,
5487,Jupiter Industries & Leasing Ltd.,JPTRLES,Finance,Finance - Investment,0.4,,,,,,,,
5488,Silicon Valley Infotech Ltd.,SILICON,Finance,Finance - Investment,0.39,,,,,,,,
5489,Omkar Speciality Chemicals Ltd.,OMKARCHEM,Chemicals,Chemicals,0.37,,,,,,,,
5490,Turner Industries Ltd.,LADIAMO,Diamond & Jewellery,Diamond  &  Jewellery,0.28,,,,,,,,
5491,Garodia Chemicals Ltd.,GARODCH,Chemicals,Chemicals,0.28,,,,,,,,
5492,Purity Flex Pack Ltd.,PURITY,Fast Moving Consumer Goods,Packaging,0.26,,,,,,,,
5493,Antariksh Industries Ltd.,ANTARIKSH,Trading,Trading,0.25,,,,,,,,
5494,Arur Footwear Ltd.,ARUR,Fast Moving Consumer Goods,Household & Personal Products,0.25,,,,,,,,
5495,Arco Leasing Ltd.,ZARCOLEA,Finance,Finance - NBFC,0.09,,,,,,,,
5496,The Southern Gas Ltd.,ZSOUTGAS,Industrials Gases & Fuels,Industrial  Gases & Fuels,0.06,,,,,,,,
5497,Springform Technology Ltd.,SFTL,Information Technology,IT - Software,0.06,,,,,,,,
5498,Winsome Yarns Ltd.,WINSOME,Textile,Textile - Spinning,0.03,,,,,,,,
5499,Sundaram Finance Holdings Ltd. - Rights Entitlement,SFHL-RE,Other,Other,0.0,,,,,,,,
5500,Bodhi Tree Multimedia Ltd. - (Rights Entitlements (REs)),BTML-RE1,Media & Entertainment,TV Broadcasting & Software Production,0.0,,,,,,,,
5501,Cyber Media (India) Ltd. - (Rights Entitlements (REs)),CYBER-RE,Media & Entertainment,Printing And Publishing,0.0,,,,,,,,
5502,Mahindra Logistics Ltd. - (Rights Entitlements (REs)),MAHLOG-RE,Logistics,Logistics,0.0,,,,,,,,
5503,Allcargo Terminals Ltd. - (Rights Entitlements (REs)),ATL-RE,Logistics,Logistics,0.0,,,,,,,,
5504,Shanti Gold International Ltd. - (Rights Entitlements (REs)),SHANTI-RE,Diamond & Jewellery,Diamond  &  Jewellery,0.0,,,,,,,,
5505,Zodiac-Jrd-Mkj Ltd. - (Rights Entitlements (REs)),ZODJRD-RE,Diamond & Jewellery,Diamond  &  Jewellery,0.0,,,,,,,,
5506,Allcargo Terminals Ltd. - (Rights Entitlements (REs)),ATLPP,Logistics,Logistics,0.0,,,,,,,,
5507,Globesecure Technologies Ltd. - (Rights Entitlements),GSTL-RE,Other,Other,0.0,,,,,,,,
5508,Ajooni Biotech Ltd. - (Rights Entitlements (REs)),AJOONI-RE,Other,Other,0.0,,,,,,,,
5509,Akg Exim Ltd. - (AKG-RE),AKG-RE,Other,Other,0.0,,,,,,,,
5510,Grasim Industries Ltd. - (Rights Issue Partly Paidup),GRASIMPP1,Other,Other,0.0,,,,,,,,
5511,Nagreeka Exports Ltd. - (Rights Entitlements pursuant),NAGREE-RE,Other,Other,0.0,,,,,,,,
5512,Silgo Retail Ltd. - (Rights Entitlements (REs)),SILGO-RE,Other,Other,0.0,,,,,,,,
5513,Aurum PropTech Ltd.- Partly Paid up Equity Shares (Rights Issue),AURUMPP1,Other,Other,0.0,,,,,,,,
5514,Tembo Global Industries Ltd. - (Rights Entitlement ),TEMBO-RE,Other,Other,0.0,,,,,,,,
5515,Libas Consumer Products Ltd. (Rights Entitlement),LIBAS-RE,Other,Other,0.0,,,,,,,,
5516,Ushanti Colour Chem Ltd. - RE,UCL-RE,Chemicals,Chemicals,0.0,,,,,,,,
5517,Asian Petroproducts And Exports Ltd. - (Rights Entitlements (REs)),ASIANP-RE,Chemicals,Chemicals,0.0,,,,,,,,
5518,Sikko Industries Ltd. - (Rights Entitlements),SIKKO-RE,Chemicals,Pesticides & Agrochemicals,0.0,,,,,,,,
5519,Shah Metacorp Ltd. - (Rights Entitlements (REs)),SHAH-RE1,Iron & Steel,Steel & Iron Products,0.0,,,,,,,,
5520,MITCON Consultancy & Engineering Services Ltd. - (Parly Paidup),MITCONPP,Other,Other,0.0,,,,,,,,
5521,Sharat Industries Ltd - Partly Paid-up Equity Shares (Rights Issue),890207,Other,Other,0.0,,,,,,,,
5522,Sahana System Ltd. - (Right Entitlements),SAHANA-RE,Other,Other,0.0,,,,,,,,
5523,Mittal Life Style Ltd. - (Rights Entitlements),MITTAL-RE1,Other,Other,0.0,,,,,,,,
5524,Mercury Trade Links Ltd. - (Rights Entitlements (REs)),MERTRA-RE,Other,Other,0.0,,,,,,,,
5525,Shangar Decor Ltd. - (Rights Entitlements (REs)),SHADEC-RE,Other,Business Support,0.0,,,,,,,,
5526,Dmr Hydroengineering And Infrastructures Ltd. - (Rights Entitlements (REs)),DMRHYD-RE,Other,Engineering Consultancy,0.0,,,,,,,,
5527,Nakoda Group Of Industries Ltd. - (Partly Paidup),NGILPP1,Other,Other,0.0,,,,,,,,
5528,Scanpoint Geomatics Ltd. - (Rights Entitlements (REs)),SCANPG-RE3,Other,Unspecified,0.0,,,,,,,,
5529,Valiant Laboratories Ltd. - (Rights Entitlements (REs)),VALIANT-RE,Healthcare,Pharmaceuticals & Drugs,0.0,,,,,,,,
5530,Vineet Laboratories Ltd. - (Rights Entitlements (REs)),VINEET-RE,Healthcare,Pharmaceuticals & Drugs,0.0,,,,,,,,
5531,Dr Lalchandani Labs Ltd. - (Rights Entitlements (REs)),DLCL-RE,Healthcare,Hospital & Healthcare Services,0.0,,,,,,,,
5532,Healthcare Global Enterprises Ltd. - (Rights Entitlements (REs)),HCG-RE,Healthcare,Hospital & Healthcare Services,0.0,,,,,,,,
5533,A B Infrabuild Ltd. - (ABIN-RE1),ABIN-RE1,Other,Other,0.0,,,,,,,,
5534,Bisil Plast Ltd. - (Rights Entitlements (REs)),BISIL-RE,Plastic Products,Plastic Products,0.0,,,,,,,,
5535,Cool Caps Industries Ltd. - (Rights Entitlements (REs)),COOLCAP-RE,Plastic Products,Plastic Products,0.0,,,,,,,,
5536,Sumeet Industries Ltd. - (Rights Entitlements (REs)),SUMEET-RE,Textile,Textile - Spinning,0.0,,,,,,,,
5537,UPL Ltd.- (Rights Entitlements (REs)),UPL-RE,Other,Unspecified,0.0,,,,,,,,
5538,Onix Solar Energy Ltd. - (Rights Entitlements (REs)),ONIX-RE,Non - Ferrous Metals,Metal - Non Ferrous,0.0,,,,,,,,
5539,Shrem InvIT,SHREMINVIT,Finance,Finance - Investment,0.0,,,,,,,,
5540,National Highways Infra Trust,NHIT,Finance,Finance Term Lending,0.0,,,,,,,,
5541,Vertis Infrastructure Trust,VERTIS,Finance,Finance Term Lending,0.0,,,,,,,,
5542,Bhandari Hosiery Exports Ltd. - (Rights Entitlements (REs1)),BHANDA-RE2,Textile,Textile,0.0,,,,,,,,
5543,Gravity (India) Ltd. - (Rights Entitlements (REs)),GRAVITY-RE,Textile,Textile,0.0,,,,,,,,
5544,Viceroy Hotels Ltd. - (Rights Entitlements (REs)),VHLTD-RE,Other,Other,0.0,,,,,,,,
5545,Globe Textiles (India) Ltd. - (Rights Entitlements),GLOBE-RE1,Other,Other,0.0,,,,,,,,
5546,Iris Clothings Ltd. - (Rights Entitlement),IRIS-RE,Other,Other,0.0,,,,,,,,
5547,UPL Ltd. - (Partly Paid-up Equity Shares),UPLPP1,Chemicals,Pesticides & Agrochemicals,0.0,,,,,,,,
5548,Camlin Fine Sciences Ltd. - (Rights Entitlements (REs)),CAMLIN-RE,Chemicals,Chemicals,0.0,,,,,,,,
5549,Vipul Organics Ltd. - (Rights Entitlements (REs)),VIPUL-RE,Chemicals,Dyes & Pigments,0.0,,,,,,,,
5550,Indra Industries Ltd. - (Rights Entitlements (REs)),INDRA-RE,Chemicals,Fertilizers,0.0,,,,,,,,
5551,Astec Lifesciences Ltd. - (Rights Entitlements (REs)),ASTEC-RE,Chemicals,Pesticides & Agrochemicals,0.0,,,,,,,,
5552,Sunshield Chemicals Ltd. - (Rights Entitlements (REs)),SUNSHI-RE,Chemicals,Chemicals,0.0,,,,,,,,
5553,NACL Industries Ltd. - (Rights Entitlements (REs)),NACL-RE,Chemicals,Pesticides & Agrochemicals,0.0,,,,,,,,
5554,Yug Decor Ltd. - ( Rights Entitlements (REs) ),YUG-RE1,Chemicals,Chemicals,0.0,,,,,,,,
5555,Sadhana Nitro Chem Ltd. - (Rights Entitlements (REs1)),SADHNA-RE,Chemicals,Chemicals,0.0,,,,,,,,
5556,Bluegod Entertainment Ltd. - (Rights Entitlements (REs)),BLUGOD-RE,Chemicals,Fertilizers,0.0,,,,,,,,
5557,Anzen India Energy Yield Plus Trust.,ANZEN,Finance,Finance - Investment,0.0,,,,,,,,
5558,Nexus Select Trust,NXST,Finance,Finance - Investment,0.0,,,,,,,,
5559,IRB Infrastructure Trust - (IRBIT),IRBIT,Finance,Finance - Investment,0.0,,,,,,,,
5560,Aplab Ltd. - (Rights Entitlements (REs)),750991,Capital Goods,Electric Equipment,0.0,,,,,,,,
5561,Exicom Tele-Systems Ltd. - (Rights Entitlements (REs)),EXICOM-RE,Capital Goods,Electric Equipment,0.0,,,,,,,,
5562,Inox Wind Ltd. - (Rights Entitlements (REs)),INOXWI-RE,Capital Goods,Electric Equipment,0.0,,,,,,,,
5563,JostS Engineering Company Ltd. - (Rights Entitlements (REs),JOSTS-RE,Capital Goods,Engineering - Industrial Equipments,0.0,,,,,,,,
5564,Presstonic Engineering Ltd. -  (Rights Entitlement),PRESS-RE,Capital Goods,Engineering,0.0,,,,,,,,
5565,Prabha Energy Ltd. - (Partly Paid-up1),PRABHAPP1,Miscellaneous,Miscellaneous,0.0,,,,,,,,
5566,Gujarat Natural Resources Ltd. - (Rights Entitlements (REs)),GNRL-RE,Crude Oil,Oil Exploration,0.0,,,,,,,,
5567,Mirc Electronics Ltd. - (Rights Entitlements (REs)),MIRC-RE,Consumer Durables,Consumer Durables - Electronics,0.0,,,,,,,,
5568,D&H India Ltd. - (Rights Entitlements (REs)),DHINDIA-RE,Capital Goods,Electrodes & Welding Equipment,0.0,,,,,,,,
5569,TIL Ltd. - (Rights Entitlements),TIL-RE1,Capital Goods,Construction Vehicles,0.0,,,,,,,,
5570,Harshil Agrotech Ltd. - (Rights Entitlements (REs)),HARSHIL-RE,Capital Goods,Engineering - Industrial Equipments,0.0,,,,,,,,
5571,Trans India House Impex Ltd. - (Rights Entitlements (REs)),TIHIL-RE,Capital Goods,Engineering - Industrial Equipments,0.0,,,,,,,,
5572,Sharanam Infraproject And Trading Ltd. - (Rights Entitlements (REs)),SIPTL-RE2,Trading,Trading,0.0,,,,,,,,
5573,Annvrridhhi Ventures Ltd. - (Rights Entitlements (REs)),ANVRDH-RE,Trading,Trading,0.0,,,,,,,,
5574,Tirupati Tyres Ltd. - (Rights Entitlements (REs)),TTIL-RE,Trading,Trading,0.0,,,,,,,,
5575,Remedium Lifecare Ltd. - (Rights Entitlements (REs)),REMLIF-RE,Trading,Trading,0.0,,,,,,,,
5576,Franklin Industries Ltd. - (Rights Entitlements (REs)),FRANKI-RE1,Trading,Trading,0.0,,,,,,,,
5577,Lloyds Enterprises Ltd. - (Rights Entitlements (REs)),LLOYDSE-RE,Trading,Trading,0.0,,,,,,,,
5578,Mangalam Global Enterprise Ltd. - (Rights Entitlements (REs)),MGEL-RE,Agriculture,Agriculture,0.0,,,,,,,,
5579,Vistar Amar Ltd. - (Rights Entitlements (REs)),VISTA-RE,Agriculture,Aquaculture,0.0,,,,,,,,
5580,IEL Ltd. - (Rights Entitlements (REs)),INDXTR-RE,Agriculture,Solvent  Extraction,0.0,,,,,,,,
5581,Dollex Agrotech Ltd. - (Rights Entitlements),DOLLEX-RE,Agriculture,Sugar,0.0,,,,,,,,
5582,Himalaya Food lnternational Ltd. - (Rights Entitlements (REs)),750992,Agriculture,Agriculture,0.0,,,,,,,,
5583,Davangere Sugar Company Ltd. - (Rights Entitlements (REs)),DAVAN-RE1,Agriculture,Sugar,0.0,,,,,,,,
5584,Times Green Energy (India) Ltd. Rights Entitlements (REs),751054,Agriculture,Agriculture,0.0,,,,,,,,
5585,Prabha Energy Ltd. - (Rights Entitlements (REs)),PRABHA-RE,Miscellaneous,Miscellaneous,0.0,,,,,,,,
5586,Prabha Energy Ltd. - (Partly Paid-up),PRABHAPP1,Miscellaneous,Miscellaneous,0.0,,,,,,,,
5587,Healthy Life Agritec Ltd. (Rights Entitlements (REs),751040,Trading,Trading,0.0,,,,,,,,
5588,Pro Fin Capital Services Ltd. - (Rights Entitlements (REs)),PROFIN-RE,Finance,Finance - NBFC,0.0,,,,,,,,
5589,Anupam Finserv Ltd. - (Rights Entitlements (REs)),ANUFIN-RE,Finance,Finance - NBFC,0.0,,,,,,,,
5590,Ganesh Holdings Ltd. - (Rights Entitlements (REs)),750953,Finance,Finance - NBFC,0.0,,,,,,,,
5591,Kairosoft Ai Solutions Ltd. - (Rights Entitlements (REs)),750956,Finance,Finance - Investment,0.0,,,,,,,,
5592,NDR INVIT Trust,NDRINVIT,Finance,Finance - Investment,0.0,,,,,,,,
5593,Sustainable Energy Infra Trust,SEITINVIT,Finance,Finance - Investment,0.0,,,,,,,,
5594,IRB InvIT Fund,IRBINVIT,Finance,Finance - Investment,0.0,,,,,,,,
5595,IndiGrid Infrastructure Trust,INDIGRID,Finance,Finance - Investment,0.0,,,,,,,,
5596,LWS Knitwear Ltd. - (Rights Entitlements (REs),KNIT-RE,Textile,Textile,0.0,,,,,,,,
5597,Eureka Industries Ltd. - (Rights Entitlements (REs)),EUREKA-RE,Textile,Textile - Spinning,0.0,,,,,,,,
5598,Garment Mantra Lifestyle Ltd. - (Rights Entitlements (REs)),GARMNT-RE,Textile,Textile,0.0,,,,,,,,
5599,Bannari Amman Spinning Mills Ltd. - (BASML-RE1),BASML-RE1,Textile,Textile,0.0,,,,,,,,
5600,Garment Mantra Lifestyle Ltd. - (Partly Paid-up Equity Shares (Rights Issue)),GARMENTPP,Textile,Textile,0.0,,,,,,,,
5601,Markobenz Ventures Ltd. - (Rights Entitlements (REs)),MARKOB-RE1,Textile,Textile - Weaving,0.0,,,,,,,,
5602,T T Ltd. - (Rights Entitlements (REs)),TTL-RE,Textile,Textile,0.0,,,,,,,,
5603,Scoobee Day Garments (India) Ltd. - (Rights Entitlements (REs)),SCOOBEE-RE,Textile,Textile,0.0,,,,,,,,
5604,Tuni Textile Mills Ltd. - (Rights Entitlements (REs)),TUNTEX-RE,Textile,Textile - Weaving,0.0,,,,,,,,
5605,Anirit Ventures Ltd. - (Rights Entitlements (REs)),ANIRIT-RE,Textile,Textile - Weaving,0.0,,,,,,,,
5606,Anirit Ventures Ltd. - (Partly Paid-up),ANIRITPP,Textile,Textile - Weaving,0.0,,,,,,,,
5607,Padam Cotton Yarns Ltd. - (Rights Entitlements (REs)),PADAM-RE,Textile,Textile,0.0,,,,,,,,
5608,Interise Trust,INTERISE,Finance,Finance - Investment,0.0,,,,,,,,
5609,Embassy Office Parks REIT,EMBASSY,Finance,Finance - Investment,0.0,,,,,,,,
5610,Energy Infrastructure Trust,ENERGYINF,Finance,Finance - Investment,0.0,,,,,,,,
5611,Mindspace Business Parks REIT,MINDSPACE,Finance,Finance - Investment,0.0,,,,,,,,
5612,Altius Telecom Infrastructure Trust,ALTIUSINVIT,Finance,Finance - Investment,0.0,,,,,,,,
5613,Brookfield India Real Estate Trust REIT,BIRET,Finance,Finance - Investment,0.0,,,,,,,,
5614,POWERGRID Infrastructure Investment Trust.,PGINVIT,Finance,Finance - Investment,0.0,,,,,,,,
5615,Stallion India Fluorochemicals Ltd. - (Rights Entitlements (REs)),STALL-RE,Industrials Gases & Fuels,Industrial  Gases & Fuels,0.0,,,,,,,,
5616,Deccan Gold Mines Ltd. - (Rights Entitlements (REs)),DECNGO-RE,Mining,Mining & Minerals,0.0,,,,,,,,
5617,New Delhi Television Ltd. - (Rights Entitlements (REs)),NDTV-RE,Media & Entertainment,TV Broadcasting & Software Production,0.0,,,,,,,,
5618,Shakti Press Ltd. - (Rights Entitlements (REs)),SHAKTI-RE,Media & Entertainment,Printing And Publishing,0.0,,,,,,,,
5619,Welspun Specialty Solutions Ltd. - (Rights Entitlements (REs)),WELSPL-RE,Iron & Steel,Steel & Iron Products,0.0,,,,,,,,
5620,Unison Metals Ltd. - (Rights Entitlements (REs)),UNISON-RE,Iron & Steel,Steel & Iron Products,0.0,,,,,,,,
5621,GTT Data Solutions Ltd. - (Rights Entitlements (REs)),GTTDA-RE,Media & Entertainment,"Film Production, Distribution & Entertainment",0.0,,,,,,,,
5622,GTT Data Solutions Ltd. - (Rights Entitlements (REs)),GTTDATAPP,Media & Entertainment,"Film Production, Distribution & Entertainment",0.0,,,,,,,,
5623,Mega Corporation Ltd. - (Rights Entitlements (REs)),MEGACO-RE,Hospitality,Travel Services,0.0,,,,,,,,
5624,Eco Hotels And Resorts Ltd. - (Rights Entitlements (REs)),ECOHO-RE,Hospitality,"Hotel, Resort & Restaurants",0.0,,,,,,,,
5625,Travels & Rentals Ltd. - (Rights Entitlements (REs)),TRAVELS-RE,Hospitality,Travel Services,0.0,,,,,,,,
5626,Ashnisha Industries Ltd. - (Rights Entitlements (REs)),ASHNI-RE,Trading,Trading,0.0,,,,,,,,
5627,Suraj Industries Ltd. - (Rights Entitlements (REs)),SURAJ-RE,Trading,Trading,0.0,,,,,,,,
5628,Mahindra And Mahindra Financial Services Ltd. - (Rights Entitlements (REs)),M&MFIN-RE1,Finance,Finance - NBFC,0.0,,,,,,,,
5629,Yamini Investments Company Ltd. - (Rights Entitlements (REs)),YAMNIN-RE,Finance,Finance - Investment,0.0,,,,,,,,
5630,Purple Finance Ltd. - (Rights Entitlements (REs)),PURFIN-RE1,Finance,Finance - NBFC,0.0,,,,,,,,
5631,Ugro Capital Ltd. - (Rights Entitlements (REs)),UGRO-RE,Finance,Finance - NBFC,0.0,,,,,,,,
5632,Bharat Bhushan Finance & Commodity Brokers Ltd. - (Rights Entitlements (REs)),BHARAT-RE,Finance,Finance - Investment,0.0,,,,,,,,
5633,Som Datt Finance Corporation Ltd. - (Rights Entitlements (REs)),SODFC-RE,Finance,Finance - Investment,0.0,,,,,,,,
5634,Cube Highways Trust - (CUBEINVIT),CUBEINVIT,Finance,Finance - Investment,0.0,,,,,,,,
5635,Maple Infrastructure Trust,MIT,Finance,Finance - Investment,0.0,,,,,,,,
5636,Intelligent Supply Chain Infrastructure Trust,ISCITRUST,Finance,Finance - Investment,0.0,,,,,,,,
5637,Indus Infra Trust,INDUSINVIT,Finance,Finance - Investment,0.0,,,,,,,,
5638,Nxt-Infra Trust - (NXT-INFRA),NXT-INFRA,Finance,Finance - Investment,0.0,,,,,,,,
5639,Property Share Investment Trust - Propshare Platina,PSPLATINA,Finance,Finance - Investment,0.0,,,,,,,,
5640,Enbee Trade And Finance Ltd. - (Rights Entitlements (REs)),750929,Finance,Finance - NBFC,0.0,,,,,,,,
5641,Moongipa Capital Finance Ltd. - (Rights Entitlements (REs)),MOONGI-RE,Finance,Finance - NBFC,0.0,,,,,,,,
5642,Aastamangalam Finance Ltd. - (Rights Entitlements (REs)),AASTA-RE,Finance,Finance - NBFC,0.0,,,,,,,,
5643,Capital Infra Trust,CAPINVIT,Finance,Finance - Investment,0.0,,,,,,,,
5644,Suraj Industries Ltd.- Partly Paid-up Equity Shares (Rights Issue),SURAJINDPP,Trading,Trading,0.0,,,,,,,,
5645,Annvrridhhi Ventures Ltd. - (Rights Entitlements (REs)),751056,Trading,Trading,0.0,,,,,,,,
5646,Adani Enterprises Ltd. - (Rights Entitlements (REs)),ADANI-RE,Trading,Trading,0.0,,,,,,,,
5647,Annvrridhhi Ventures Ltd. - (partly paid-up),ANNVRPP,Trading,Trading,0.0,,,,,,,,
5648,AVI Polymers Ltd. - (Rights Entitlements (REs)),AVI-RE,Trading,Trading,0.0,,,,,,,,
5649,Dhariwalcorp Ltd. - (Rights Entitlements (REs)),DHARI-RE,Trading,Trading,0.0,,,,,,,,
5650,Anantam Highways Trust,ANANTAM,Finance,Finance - Investment,0.0,,,,,,,,
5651,LKP Finance Ltd. - (Rights Entitlements (REs)),LKPFIN-RE,Finance,Finance - Investment,0.0,,,,,,,,
5652,Star Housing Finance Ltd. - (Rights Entitlements (REs)),STARHF-RE,Finance,Finance - Housing,0.0,,,,,,,,
5653,Trustedge Capital Ltd. - (Rights Entitlements (REs)),TRUCAP-RE,Finance,Finance - Investment,0.0,,,,,,,,
5654,Capital Trust Ltd. - (Rights Entitlements (REs)),CAPTRU-RE1,Finance,Finance - NBFC,0.0,,,,,,,,
5655,Mangalam Industrial Finance Ltd. - (Rights Entitlements (REs)),MANGIN-RE,Finance,Finance - NBFC,0.0,,,,,,,,
5656,Rajath Finance Ltd. - (Rights Entitlements (REs)),750959,Finance,Finance - NBFC,0.0,,,,,,,,
5657,Shri Niwas Leasing And Finance Ltd. - (Rights Entitlements (REs)),SHRINI-RE,Finance,Finance - Investment,0.0,,,,,,,,
5658,Roadstar Infra Investment Trust,ROADSTAR,Finance,Finance - Investment,0.0,,,,,,,,
5659,Fusion Finance Ltd. - (Rights Entitlements (REs)),FUSI-RE,Finance,Finance - NBFC,0.0,,,,,,,,
5660,Shri Niwas Leasing and Finance Ltd. - (Partly Paid-up Equity Shares (Rights Issue),SNLFPP,Finance,Finance - Investment,0.0,,,,,,,,
5661,Onesource Industries And Ventures Ltd. - (Rights Entitlements (REs)),OIVL-RE,Finance,Finance - Others,0.0,,,,,,,,
5662,GACM Technologies Ltd. - (Rights Entitlements),GATDVR-RE,Finance,Finance - Stock Broking,0.0,,,,,,,,
5663,GACM Technologies Ltd. - (DVR) - (Rights Entitlements),GATECH-RE1,Finance,Finance - Stock Broking,0.0,,,,,,,,
5664,Max India Ltd. - (Rights Entitlement),MAXIND-RE,Finance,Finance - Investment,0.0,,,,,,,,
5665,Fusion Finance Ltd- Partly Paid-up Equity Shares (Rights Issue).,FUSIONPP,Finance,Finance - NBFC,0.0,,,,,,,,
5666,Enbee Trade & Finance Ltd. - (Rights Entitlements (REs-1)),ENBEE-RE2,Finance,Finance - NBFC,0.0,,,,,,,,
5667,Nexome Capital Markets Ltd. - (Rights Entitlements (REs)),NEXOME-RE,Finance,Finance - Investment,0.0,,,,,,,,
5668,Vertex Securities Ltd. - (Rights Entitlements (REs)),VERTEX-RE,Finance,Finance - Stock Broking,0.0,,,,,,,,
5669,Supra Pacific Financial Services Ltd. - (Rights Entitlements (REs)),SUPRA-RE,Finance,Finance - NBFC,0.0,,,,,,,,
5670,5Paisa Capital Ltd. - (Rights Entitlements(REs)),5PAISA-RE,Finance,Finance - Stock Broking,0.0,,,,,,,,
5671,Maha Rashtra Apex Corporation Ltd. - (Rights Entitlements (REs)),MAHAPE-RE,Finance,Finance - Investment,0.0,,,,,,,,
5672,Capital Trust Ltd. - (Rights Entitlements (REs)),CAPTRU-RE,Finance,Finance - NBFC,0.0,,,,,,,,
5673,TVS Infrastructure Trust - (TVSINVIT),TVSINVIT,Finance,Finance - Investment,0.0,,,,,,,,
5674,JMJ Fintech Ltd. - (Rights Entitlements (REs)),JMJFIN-RE,Finance,Finance - NBFC,0.0,,,,,,,,
5675,Zodiac Ventures Ltd. - (Rights Entitlements (REs)),ZODIAC-RE,Finance,Finance - Investment,0.0,,,,,,,,
5676,Spandana Sphoorty Financial Ltd. - (Rights Entitlements (REs)),SPAND-RE,Finance,Finance - NBFC,0.0,,,,,,,,
5677,Property Share Investment Trust - PropShare Titania,PSTITANIA,Finance,Finance - Investment,0.0,,,,,,,,
5678,Indian Infotech & Software Ltd. - (Rights Entitlements (REs)),INDINF-RE1,Finance,Finance - Investment,0.0,,,,,,,,
5679,Spandana Sphoorty Financial Ltd. - (Partly Paid-up Equity Shares (Rights Issue)),SSFLPP,Finance,Finance - NBFC,0.0,,,,,,,,
5680,JMJ Fintech Ltd. - (Partly Paid-up Equity Shares (Rights Issue)),JMJFINPP,Finance,Finance - NBFC,0.0,,,,,,,,
5681,Arunis Abode Ltd. - (Rights Entitlements (REs)),ARUNIS-RE,Finance,Finance - Investment,0.0,,,,,,,,
5682,Oasis Securities Ltd. - (Rights Entitlements (REs)),OASISE-RE,Finance,Finance - NBFC,0.0,,,,,,,,
5683,Marg Techno Projects Ltd. - (Rights Entitlements (REs)),MTPL-RE,Finance,Finance - NBFC,0.0,,,,,,,,
5684,Minolta Finance Ltd. (Rights Entitlements (REs)),MINOLT-RE,Finance,Finance - NBFC,0.0,,,,,,,,
5685,SI Capital & Financial Services Ltd. - (Rights Entitlements (REs)),SICAPI-RE,Finance,Finance - Investment,0.0,,,,,,,,
5686,Delphi World Money Ltd. - (Rights Entitlements (REs)),DELPH-RE,Finance,Finance - Others,0.0,,,,,,,,
5687,Baid Finserv Ltd. - (Rights Entitlements (REs)),BAIDFIN-RE,Finance,Finance - NBFC,0.0,,,,,,,,
5688,Tilak Ventures Ltd. - (Rights Entitlements (REs-2)),TILAK-RE2,Finance,Finance - Investment,0.0,,,,,,,,
5689,Pulsar International Ltd. - (Rights Entitlements (REs)),PULSRIN-RE,Finance,Finance - NBFC,0.0,,,,,,,,
5690,Avasara Finance Ltd. - (Rights Entitlements (REs)),AVASA-RE,Finance,Finance - NBFC,0.0,,,,,,,,
5691,Viram Suvarn Ltd. - (Rights Entitlements (REs)),VSL-RE,Finance,Finance - Others,0.0,,,,,,,,
5692,Arunis Abode Ltd. - (Rights Entitlements (REs-1)),ARUNIS-RE1,Finance,Finance - Investment,0.0,,,,,,,,
5693,Galactico Corporate Services Ltd. - (Rights Entitlements (REs)),751083,Finance,Finance - Investment,0.0,,,,,,,,
5694,Onelife Capital Advisors Ltd. - (Rights Entitlements (REs)),ONECAP-RE,Finance,Finance - Investment,0.0,,,,,,,,
5695,Raajmarg Infra Investment Trust,RIIT,Finance,Finance - Investment,0.0,,,,,,,,
5696,Galaxy Agrico Exports Ltd. - (Rights Entitlements (REs)),GALAGEX-RE,Automobile & Ancillaries,Bearings,0.0,,,,,,,,
5697,Hilton Metal Forging Ltd. - (Rights Entitlements (REs1)),HILTON-RE2,Automobile & Ancillaries,Forgings,0.0,,,,,,,,
5698,GS Auto International Ltd. - (Rights Entitlements (REs)),GSAUTO-RE,Automobile & Ancillaries,Auto Ancillary,0.0,,,,,,,,
5699,GS Auto International Ltd. - (Partly Paid-up),GSAILPP,Automobile & Ancillaries,Auto Ancillary,0.0,,,,,,,,
5700,Ganga Forging Ltd. - RE,GANGAFO-RE,Automobile & Ancillaries,Forgings,0.0,,,,,,,,
5701,Dhanlaxmi Bank Ltd. - (Rights Entitlements (REs)),DHAN-RE,Banking,Bank - Private,0.0,,,,,,,,
5702,Utkarsh Small Finance Bank Ltd. - (Rights Entitlements (REs)),UTKAR-RE,Banking,Bank - Private,0.0,,,,,,,,
5703,Vertex Securities Ltd. - (Partly Paid-up),VERTEXPP,Finance,Finance - Stock Broking,0.0,,,,,,,,
5704,Regal Entertainment & Consultants Ltd. - (Rights Entitlements (REs)),REGAL-RE,Finance,Finance - NBFC,0.0,,,,,,,,
5705,Panafic Industrials Ltd. - (Rights Entitlements (REs)),PANAFIC-RE,Finance,Finance - NBFC,0.0,,,,,,,,
5706,Innovassynth Technologies (India) Ltd. - (Rights Entitlements (REs)),INOVSYN-RE,Finance,Finance - NBFC,0.0,,,,,,,,
5707,Covance Softsol Ltd. - (Rights Entitlements (REs)),COVAN-RE,Information Technology,IT - Software,0.0,,,,,,,,
5708,3I Infotech Ltd. - (Rights Entitlements (REs),3IINFO-RE,Information Technology,IT - Software,0.0,,,,,,,,
5709,Covidh Technologies Ltd. - (Rights Entitlements (REs)),COVIDH-RE,Information Technology,IT - Software,0.0,,,,,,,,
5710,Titan Intech Ltd. (Rights Entitlements (REs),751053,Information Technology,IT - Software,0.0,,,,,,,,
5711,Ace Software Exports Ltd. - (Rights Entitlements (REs),ACES-RE1,Information Technology,IT - Software,0.0,,,,,,,,
5712,ACE Software Exports Ltd. - (Partly Paid-up 2),ACESEPP,Information Technology,IT - Software,0.0,,,,,,,,
5713,Capricorn Systems Global Solutions Ltd. - (Rights Entitlements (REs)),CAPRI-RE,Information Technology,IT - Software,0.0,,,,,,,,
5714,Genesys International Corporation Ltd. - (Rights Entitlements (REs)),GENESYS-RE,Information Technology,IT - Software,0.0,,,,,,,,
5715,JTEKT India Ltd. - (Rights Entitlements (REs)),JTEKT-RE,Automobile & Ancillaries,Auto Ancillary,0.0,,,,,,,,
5716,Jainex Aamcol Ltd. - (Rights Entitlements (REs)),JAINEX-RE,Automobile & Ancillaries,Auto Ancillary,0.0,,,,,,,,
5717,Hilton Metal Forging Ltd. - (Rights Entitlements (REs)),HILTON-RE1,Automobile & Ancillaries,Forgings,0.0,,,,,,,,
5718,Khfm Hospitality And Facility Management Services Ltd. - RE,KHFM-RE,Other,Other,0.0,,,,,,,,
5719,Bright Solar Ltd. - (BRIGHT-RE),BRIGHT-RE,Other,Other,0.0,,,,,,,,
5720,Godha Cabcon & Insulation Ltd. - (Rights Entitlements),GODHA-RE,Other,Unspecified,0.0,,,,,,,,
5721,Debock Industries Ltd. - RE,DIL-RE,Other,Other,0.0,,,,,,,,
5722,Kilitch Drugs (India) Ltd. - (Rights Entitlements (REs)),KILITC-RE,Healthcare,Pharmaceuticals & Drugs,0.0,,,,,,,,
5723,Murae Organisor Ltd. - (Rights Entitlements (REs)),MURAE-RE1,Healthcare,Pharmaceuticals & Drugs,0.0,,,,,,,,
5724,Ravindra Energy Ltd. - (Rights Entitlements (REs)),RELTD-RE,Power,Power Generation/Distribution,0.0,,,,,,,,
5725,Rajnish Wellness Ltd. - (Rights Entitlements (REs)),RAJNI-RE,Healthcare,Pharmaceuticals & Drugs,0.0,,,,,,,,
5726,Starlineps Enterprises Ltd. - (Rights Entitlements (REs)),STAR-RE,Diamond & Jewellery,Diamond  &  Jewellery,0.0,,,,,,,,
5727,Jonjua Overseas Ltd. - (Rights Entitlements (REs)),JONJUA-RE,Information Technology,IT - Software,0.0,,,,,,,,
5728,Ace Software Exports Ltd. - (Rights Entitlements (REs)),ACES-RE,Information Technology,IT - Software,0.0,,,,,,,,
5729,Ace Software Exports ltd. - (Partly Paid-up),ASEPP,Information Technology,IT - Software,0.0,,,,,,,,
5730,California Software Company Ltd. - (Rights Entitlements (REs)),CALSOFT-RE,Information Technology,IT - Software,0.0,,,,,,,,
5731,Interactive Financial Services Ltd. - (Rights Entitlements (REs)),INTFIN-RE,Information Technology,IT - Software,0.0,,,,,,,,
5732,Sylph Technologies Ltd. - (Rights Entitlements (REs)),SYLPH-RE,Information Technology,IT - Software,0.0,,,,,,,,
5733,Bodhtree Consulting Ltd. - (Rights Entitlements (REs)),BODH-RE,Information Technology,IT - Software,0.0,,,,,,,,
5734,Kati Patang Lifestyle Ltd. - (Rights Entitlements (REs)),KATIPA-RE,Information Technology,IT - Software,0.0,,,,,,,,
5735,Infibeam Avenues Ltd. - (Partly Paid-up Equity Shares (Rights Issue)),INFIBPP,Information Technology,Fintech,0.0,,,,,,,,
5736,GVP Infotech Ltd. - (Partly paid-up Rights),GVPTECHPP,Information Technology,IT - Software,0.0,,,,,,,,
5737,Kati Patang Lifestyle Ltd- Partly Paid-up Equity Shares,890220,Information Technology,IT - Software,0.0,,,,,,,,
5738,Sunrest Lifescience Ltd. - (Rights Entitlements),SUNREST-RE,Trading,Trading,0.0,,,,,,,,
5739,Gujarat Cotex Ltd. - (Rights Entitlements (REs)),GUJCOT-RE,Trading,Trading,0.0,,,,,,,,
5740,Tirupati Innovar Ltd. - (Rights Entitlements (REs)),TIRUIN-RE,Trading,Trading,0.0,,,,,,,,
5741,Integra Essentia Ltd. - (Rights Entitlements (REs1)),ESSEN-RE3,Trading,Trading,0.0,,,,,,,,
5742,Consecutive Commodities Ltd. - (Rights Entitlements (REs)),CCDL-RE,Trading,Trading,0.0,,,,,,,,
5743,Lloyds Engineering Works Ltd. - (Rights Entitlements (REs)),LLOYDS-RE1,Other,Other,0.0,,,,,,,,
5744,Growington Ventures India Ltd. - (Rights Entitlements (REs)),GROWIN-RE,Other,Other,0.0,,,,,,,,
5745,Avantel Ltd. - (Rights Entitlements (REs)),AVANTEL-RE,Other,Other,0.0,,,,,,,,
5746,Alan Scott Industries Ltd. - (Rights Entitlements (REs)),ALAN-RE1,Other,Other,0.0,,,,,,,,
5747,Solara Active Pharma Sciences Ltd. - (Partly Paidup),SOLARAPP1,Other,Other,0.0,,,,,,,,
5748,Sattva Sukun Lifecare Ltd. - (Rights Entitlements (REs)),SATTVA-RE,Other,Other,0.0,,,,,,,,
5749,Deep Diamond India Ltd. - (Rights Entitlements (REs)),DEEP-RE,Diamond & Jewellery,Diamond  &  Jewellery,0.0,,,,,,,,
5750,IFL Enterprises Ltd. - (Rights Entitlements (REs)),IFL-RE1,Other,Other,0.0,,,,,,,,
5751,7NR Retail Ltd. - (Rights Entitlements (REs),7NR-RE1,Other,Other,0.0,,,,,,,,
5752,Knowledge Realty Trust,KRT,Other,Business Support,0.0,,,,,,,,
5753,Infibeam Avenues Ltd. - (Rights Entitlements (REs)),INFIBE-RE,Other,Other,0.0,,,,,,,,
5754,Aplab Ltd. -  Partly Paid-up Equity Shares (Rights Issue),APLABPP,Other,Other,0.0,,,,,,,,
5755,GVP Infotech Ltd. - (Rights Entitlement (RE)),GVPTECH-RE,Other,Other,0.0,,,,,,,,
5756,Gsm Foils Ltd. - (Rights Entitlements),GSM-RE,Other,Other,0.0,,,,,,,,
5757,QMS Medical Allied Services Ltd. - (Rights Entitlements),QMSMEDI-RE,Other,Other,0.0,,,,,,,,
5758,Lloyds Enterprises Ltd- Partly Paid-up Equity Shares (Rights Issue),LLOYDPP,Other,Other,0.0,,,,,,,,
5759,Indian Emulsifiers Ltd. - RE,IEML-RE,Other,Other,0.0,,,,,,,,
5760,Silgo Retail Ltd. - (Rights Entitlements),SILGO-RE1,Other,Unspecified,0.0,,,,,,,,
5761,Durlax Top Surface Ltd. - RE,DURLAX-RE,Other,Other,0.0,,,,,,,,
5762,Oneclick Logistics Ltd. - RE,OLIL-RE,Other,Other,0.0,,,,,,,,
5763,JFL Life Sciences Ltd. - (Rights Entitlement),JFL-RE,Other,Other,0.0,,,,,,,,
5764,Maruti Interior Products Ltd. - (Rights Entitlements (REs)),SPITZE-RE,Other,Professional Services,0.0,,,,,,,,
5765,Property Share Investment Trust - PropShare Celestia,PSCELESTIA,Other,Unspecified,0.0,,,,,,,,
5766,Falcon Technoprojects India Ltd. - (Rights Entitlements (REs)),FALTECH-RE,Other,Engineering Consultancy,0.0,,,,,,,,
5767,Citius Transnet Investment Trust,CITIUSINVT,Other,Unspecified,0.0,,,,,,,,
5768,Automobile Products Of India Ltd. - (Rights Entitlements (REs)),AUTOPRD-RE,Other,Business Support,0.0,,,,,,,,
5769,Bagmane Prime Office REIT,BAGMANE,Other,Unspecified,0.0,,,,,,,,
5770,EFC (I) Ltd. - (Rights Entitlements (REs)),EFCIL-RE,Other,Business Support,0.0,,,,,,,,
5771,Steelco Gujarat Ltd. - (Rights Entitlements (REs)),STEEL-RE,Other,Other,0.0,,,,,,,,
5772,Diligent Industries Ltd. - (Rights Entitlements (REs)),DILIND-RE,Fast Moving Consumer Goods,Edible Oil,0.0,,,,,,,,
5773,Nhc Foods Ltd. - (Rights Entitlements (REs)),NHCFO-RE,Fast Moving Consumer Goods,Consumer Food,0.0,,,,,,,,
5774,Sonalis Consumer Products Ltd. - (Rights Entitlements (REs)),SONALI-RE,Fast Moving Consumer Goods,Consumer Food,0.0,,,,,,,,
5775,Bio Green Papers Ltd. - (Rights Entitlements (REs)),BGPL-RE,Paper,Paper & Paper Products,0.0,,,,,,,,
5776,Globe Textiles (India) Ltd. - (Rights Entitlement),Globe-RE,Other,Other,0.0,,,,,,,,
5777,Shree Ram Proteins Ltd. - (SRPL-RE),SRPL-RE,Other,Other,0.0,,,,,,,,
5778,Vaxtex Cotfab Ltd. - (VCL-RE),VCL-RE,Other,Other,0.0,,,,,,,,
5779,Perfect infraengineers Ltd. - (Rights Entitlement),PERF-RE,Other,Other,0.0,,,,,,,,
5780,Perfect Infraengineers Ltd. - (Partly Paidup),PERFECTPP,Other,Unspecified,0.0,,,,,,,,
5781,Varanium Cloud Ltd. - (Rights Entitlement),CLOUD-RE,Other,Other,0.0,,,,,,,,
5782,Dudigital Global Ltd. - (Dudigital Global Ltd-RE),DUDIG-RE,Other,Other,0.0,,,,,,,,
5783,Globe International Carriers Ltd. - (Rights Entitlements),GICL-RE,Other,Other,0.0,,,,,,,,
5784,Marshall Machines Ltd. - (Marshall Machines Ltd-RE),MARSHAL-RE,Other,Other,0.0,,,,,,,,
5785,Indowind Energy Ltd. - (Rights Entitlements (REs)),INDO-RE2,Power,Power Generation/Distribution,0.0,,,,,,,,
5786,Adroit Infotech Ltd. - (Rights Entitlements (REs)),ADROITPP,Other,Other,0.0,,,,,,,,
5787,Yarn Syndicate Ltd. - (Rights Entitlements (REs)),YARNPP,Other,Other,0.0,,,,,,,,
5788,Sanginita Chemicals Ltd. - (Rights Entitlement,SANG-RE,Other,Other,0.0,,,,,,,,
5789,Destiny Logistics & Infra Ltd. - RE,DESTIN-RE,Other,Other,0.0,,,,,,,,
5790,Mittal Life Style Ltd. - RE,MITTAL-RE,Other,Other,0.0,,,,,,,,
5791,Onix Solar Energy Ltd. - (Rights Entitlements (REs)),ONIX-RE1,Other,Other,0.0,,,,,,,,
5792,Ultracab (India) Ltd. - (Rights Entitlements (REs)),ULTACA-RE,Electricals,Cable,0.0,,,,,,,,
5793,Accent Microcell Ltd. - (Rights Entitlements),ACCENT-RE,Other,Other,0.0,,,,,,,,
5794,Srivari Spices & Foods Ltd. - RE,SSFL-RE,Fast Moving Consumer Goods,Consumer Food,0.0,,,,,,,,
5795,Mehai Technology Ltd. - (Rights Entitlements (REs)),MEHAI-RE,Other,Other,0.0,,,,,,,,
5796,Wardwizard Innovations & Mobility Ltd. - (Rights Entitlements (REs)),WARWIZ-RE,Other,Other,0.0,,,,,,,,
5797,Eco Hotels and Resorts Ltd- (Partly Paid-up Equity Shares (Rights Issue)),ECOPP,Other,Other,0.0,,,,,,,,
5798,Silgo Retail Ltd. - (Partly paid-up Rights),SILGOPP,Diamond & Jewellery,Diamond  &  Jewellery,0.0,,,,,,,,
5799,Patel Engineering Ltd. - (Rights Entitlements (REs)),PATELEG-RE,Infrastructure,Engineering - Construction,0.0,,,,,,,,
5800,PVV Infra Ltd. -  Rights Entitlements (REs),751084,Realty,Construction - Real Estate,0.0,,,,,,,,
5801,AB Infrabuild Ltd. - RE,ABIN-RE,Infrastructure,Engineering - Construction,0.0,,,,,,,,
5802,Jyoti Structures Ltd. - (Rights Entitlements (REs)),JYOTI-RE1,Infrastructure,Transmission Towers / Equipments,0.0,,,,,,,,
5803,Manav Infra Projects Ltd. - (Rights Entitlements),MANAV-RE,Infrastructure,Engineering - Construction,0.0,,,,,,,,
5804,SEPC Ltd. - (Rights Entitlements (REs)),SEPC-RE3,Infrastructure,Engineering - Construction,0.0,,,,,,,,
5805,Adroit Infotech Ltd. - Partly Paid Up,ADROITPP1,Other,Unspecified,0.0,,,,,,,,
5806,Pradhin Ltd. - (Rights Entitlements (REs)),PRADH-RE,Trading,Trading,0.0,,,,,,,,
5807,UH Zaveri Ltd. - (Rights Entitlements (REs)),UHZAVE-RE,Diamond & Jewellery,Diamond  &  Jewellery,0.0,,,,,,,,
5808,Darshan Orna Ltd. - Rights Entitlements (REs),751055,Diamond & Jewellery,Diamond  &  Jewellery,0.0,,,,,,,,
5809,Sarveshwar Foods Ltd. - (Rights Entitlements (REs)),SARVES-RE,Fast Moving Consumer Goods,Consumer Food,0.0,,,,,,,,
5810,Krishival Foods Ltd. - (Rights Entitlements (REs)),KRISHFL-RE,Fast Moving Consumer Goods,Consumer Food,0.0,,,,,,,,
5811,Krishival Foods Ltd. - (Partly Paid-up),KRISHPP,Fast Moving Consumer Goods,Consumer Food,0.0,,,,,,,,
5812,Suryo Foods & Industries Ltd. - (Rights Entitlements (REs)),SURFI-RE,Fast Moving Consumer Goods,Consumer Food,0.0,,,,,,,,
5813,Ethos Ltd. - (Rights Entitlements (REs)),ETHOS-RE,Retailing,Retailing,0.0,,,,,,,,
5814,Praxis Home Retail Ltd. - (Rights Entitlements (REs)),PRAXIS-RE2,Retailing,Retailing,0.0,,,,,,,,
5815,Rockingdeals Circular Economy Ltd. - (Rights Entitlements),ROCK-RE,Retailing,Retailing,0.0,,,,,,,,
5816,Rockingdeals Circular Economy Ltd. - (Partly Paid-up Equity Shares on Rights),ROCKPP,Retailing,Retailing,0.0,,,,,,,,
5817,Moksh Ornaments Ltd. - (Rights Entitlement),MOKSH-RE,Diamond & Jewellery,Diamond  &  Jewellery,0.0,,,,,,,,
5818,Nibe Ordnance And Maritime Ltd. - (Rights Entitlements (REs)),NIBOR-RE,Diamond & Jewellery,Diamond  &  Jewellery,0.0,,,,,,,,
5819,Mahindra Lifespace Developers Ltd. - (Rights Entitlements (REs)),MAHLIFE-RE,Realty,Construction - Real Estate,0.0,,,,,,,,
5820,Shradha Infraprojects Ltd. - (Rights Entitlements),SHRADHA-RE,Realty,Construction - Real Estate,0.0,,,,,,,,
5821,AVG Logistics Ltd. - (Rights Entitlements (REs)),AVG-RE,Logistics,Logistics,0.0,,,,,,,,
5822,Sical Logistics Ltd. - (Rights Entitlements (REs)),SICAL-RE,Logistics,Logistics,0.0,,,,,,,,
5823,Magnus Steeland Infra Ltd. - (Rights Entitlements (REs)),MAGNUS-RE,Electricals,Cable,0.0,,,,,,,,
5824,BCC Fuba India Ltd. - (Rights Entitlements (REs)),BCCFUBA-RE,Electricals,Electronics - Components,0.0,,,,,,,,
5825,PVV Infra Ltd. - (Partly Paid-up),PVVIPP,Realty,Construction - Real Estate,0.0,,,,,,,,
5826,BCC Fuba India Ltd. - (Partly Paid-up),BCCPP,Electricals,Electronics - Components,0.0,,,,,,,,
5827,Nirman Agri Genetics Ltd. - (Rights Entitlements),NIRMAN-RE,Other,Other,0.0,,,,,,,,
5828,SEPC Ltd- Partly Paid-up Equity Shares (Rights Issue),SEPCPP,Infrastructure,Engineering - Construction,0.0,,,,,,,,
5829,Hindustan Construction Company Ltd. - (Rights Entitlements (REs)),HCC-RE1,Infrastructure,Engineering - Construction,0.0,,,,,,,,
5830,Ajooni Biotech Ltd. - (Rights Entitlements (REs)),AJOONI-RE1,Other,Other,0.0,,,,,,,,
5831,Iykot Hitech Toolroom Ltd. - (Partly Paid-up Equity Shares (Rights Issue),IYKOTPP,Other,Other,0.0,,,,,,,,
5832,Kshitij Polyline Ltd. - (Rights Entitlements),KSHITI-RE,Other,Other,0.0,,,,,,,,
5833,Mitcon Consultancy & Engineering Services Ltd. - (Rights Entitlements),MITCON-RE,Other,Other,0.0,,,,,,,,
5834,Nandani Creation Ltd. (Rights Entitlement),NANDANI-RE,Other,Other,0.0,,,,,,,,
5835,Sar Televenture Ltd. - (Rights Entitlements),SARTE-RE,Other,Other,0.0,,,,,,,,
5836,Nakoda Group of Industries Ltd. - (NGILPP),NGILPP,Other,Other,0.0,,,,,,,,
5837,Sobha Ltd. - Partly Paid-up Equity Shares (Rights Issue),SOBHAPP,Other,Other,0.0,,,,,,,,
