Rank,Stock_Name,Symbol,Sector,Industry,Market_Cap_Cr,Source_File
1,Reliance Industries Ltd.,RELIANCE,Crude Oil,Refineries,1770056.06,sectors\crudeoil.csv
2,Bharti Airtel Ltd.,BHARTIARTL,Telecom,Telecommunication - Service  Provider,1243237.94,sectors\telecom.csv
3,HDFC Bank Ltd.,HDFCBANK,Banking,Bank - Private,1120927.88,sectors\banking.csv
4,ICICI Bank Ltd.,ICICIBANK,Banking,Bank - Private,1017618.24,sectors\banking.csv
5,State Bank Of India,SBIN,Banking,Bank - Public,985829.96,sectors\banking.csv
6,Tata Consultancy Services Ltd.,TCS,Information Technology,IT - Software,853506.85,sectors\informationtechnology.csv
7,Bajaj Finance Ltd.,BAJFINANCE,Finance,Finance - NBFC,677197.05,sectors\finance.csv
8,Larsen & Toubro Ltd.,LT,Infrastructure,Engineering - Construction,558973.11,sectors\infrastructure.csv
9,Life Insurance Corporation of India,LICI,Finance,Insurance,523330.31,sectors\finance.csv
10,Hindustan Unilever Ltd.,HINDUNILVR,Fast Moving Consumer Goods,Household & Personal Products,490888.35,sectors\fastmovingconsumergoods.csv
11,Infosys Ltd.,INFY,Information Technology,IT - Software,474407.11,sectors\informationtechnology.csv
12,Sun Pharmaceutical Industries Ltd.,SUNPHARMA,Healthcare,Pharmaceuticals & Drugs,461847.99,sectors\healthcare.csv
13,Titan Company Ltd.,TITAN,Diamond & Jewellery,Diamond  &  Jewellery,450906.59,sectors\diamondjewellery.csv
14,Maruti Suzuki India Ltd.,MARUTI,Automobile & Ancillaries,Automobiles - Passenger Cars,435919.17,sectors\automobileancillaries.csv
15,Mahindra & Mahindra Ltd.,M&M,Automobile & Ancillaries,Automobiles - Passenger Cars,427649.56,sectors\automobileancillaries.csv
16,Adani Enterprises Ltd.,ADANIENT,Trading,Trading,411531.67,sectors\trading.csv
17,Adani Power Ltd.,ADANIPOWER,Power,Power Generation/Distribution,395818.36,sectors\power.csv
18,Kotak Mahindra Bank Ltd.,KOTAKBANK,Banking,Bank - Private,390931.67,sectors\banking.csv
19,Adani Ports and Special Economic Zone Ltd.,ADANIPORTS,Logistics,Port,390521.07,sectors\logistics.csv
20,Axis Bank Ltd.,AXISBANK,Banking,Bank - Private,378950.11,sectors\banking.csv
21,HCL Technologies Ltd.,HCLTECH,Information Technology,IT - Software,369058.45,sectors\informationtechnology.csv
22,ITC Ltd.,ITC,Fast Moving Consumer Goods,Cigarettes/Tobacco,347826.75,sectors\fastmovingconsumergoods.csv
23,Ultratech Cement Ltd.,ULTRACEMCO,Construction Materials,Cement & Construction Materials,345216.65,sectors\constructionmaterials.csv
24,Hindustan Aeronautics Ltd.,HAL,Capital Goods,Aerospace & Defense,335424.1,sectors\capitalgoods.csv
25,NTPC Ltd.,NTPC,Power,Power Generation/Distribution,330656.32,sectors\power.csv
26,Bajaj Finserv Ltd.,BAJAJFINSV,Finance,Finance - Investment,325218.45,sectors\finance.csv
27,Bajaj Auto Ltd.,BAJAJ-AUTO,Automobile & Ancillaries,Automobile Two & Three Wheelers,321520.49,sectors\automobileancillaries.csv
28,JSW Steel Ltd.,JSWSTEEL,Iron & Steel,Steel & Iron Products,309839.02,sectors\ironsteel.csv
29,Eternal Ltd.,ETERNAL,Information Technology,e-Commerce,306881.15,sectors\informationtechnology.csv
30,Bharat Electronics Ltd.,BEL,Capital Goods,Aerospace & Defense,299993.32,sectors\capitalgoods.csv
31,Oil & Natural Gas Corporation Ltd.,ONGC,Crude Oil,Oil Exploration,297397.8,sectors\crudeoil.csv
32,Nestle India Ltd.,NESTLEIND,Fast Moving Consumer Goods,Consumer Food,289285.71,sectors\fastmovingconsumergoods.csv
33,Shriram Finance Ltd.,SHRIRAMFIN,Finance,Finance - NBFC,264498.88,sectors\finance.csv
34,Avenue Supermarts Ltd.,DMART,Retailing,Retailing,264427.04,sectors\retailing.csv
35,Asian Paints Ltd.,ASIANPAINT,Chemicals,Paints,259942.6,sectors\chemicals.csv
36,Coal India Ltd.,COALINDIA,Mining,Mining & Minerals,251624.2,sectors\mining.csv
37,Power Grid Corporation Of India Ltd.,POWERGRID,Power,Power Generation/Distribution,247861.09,sectors\power.csv
38,Hindustan Zinc Ltd.,HINDZINC,Non - Ferrous Metals,Metal - Non Ferrous,237420.67,sectors\nonferrousmetals.csv
39,Hindalco Industries Ltd.,HINDALCO,Non - Ferrous Metals,Metal - Non Ferrous,232430.64,sectors\nonferrousmetals.csv
40,Tata Steel Ltd.,TATASTEEL,Iron & Steel,Steel & Iron Products,228946.58,sectors\ironsteel.csv
41,Divi's Laboratories Ltd.,DIVISLAB,Healthcare,Pharmaceuticals & Drugs,225648.29,sectors\healthcare.csv
42,Eicher Motors Ltd.,EICHERMOT,Automobile & Ancillaries,Automobile Two & Three Wheelers,223046.14,sectors\automobileancillaries.csv
43,Adani Green Energy Ltd.,ADANIGREEN,Power,Power Generation/Distribution,221545.19,sectors\power.csv
44,Grasim Industries Ltd.,GRASIM,Construction Materials,Cement & Construction Materials,221120.63,sectors\constructionmaterials.csv
45,Interglobe Aviation Ltd.,INDIGO,Aviation,Airlines,205513.3,sectors\aviation.csv
46,TVS Motor Company Ltd.,TVSMOTOR,Automobile & Ancillaries,Automobile Two & Three Wheelers,205513.18,sectors\automobileancillaries.csv
47,Adani Energy Solutions Ltd.,ADANIENSOL,Power,Power Generation/Distribution,197751.74,sectors\power.csv
48,Indian Oil Corporation Ltd.,IOC,Crude Oil,Refineries,196850.06,sectors\crudeoil.csv
49,Torrent Pharmaceuticals Ltd.,TORNTPHARM,Healthcare,Pharmaceuticals & Drugs,184109.45,sectors\healthcare.csv
50,Wipro Ltd.,WIPRO,Information Technology,IT - Software,182039.6,sectors\informationtechnology.csv
51,SBI Life Insurance Company Ltd.,SBILIFE,Finance,Insurance,181289.27,sectors\finance.csv
52,Solar Industries India Ltd.,SOLARINDS,Chemicals,Chemicals,180799.13,sectors\chemicals.csv
53,Hyundai Motor India Ltd.,HYUNDAI,Automobile & Ancillaries,Automobiles - Passenger Cars,178759.04,sectors\automobileancillaries.csv
54,Samvardhana Motherson International Ltd.,MOTHERSON,Automobile & Ancillaries,Auto Ancillary,177631.27,sectors\automobileancillaries.csv
55,Tata Motors Ltd.,TMCV,Automobile & Ancillaries,Automobiles-Trucks/Lcv,174504.75,sectors\automobileancillaries.csv
56,Vedanta Aluminium Metal Ltd.,VAML,Non - Ferrous Metals,Aluminium & Aluminium Products,173562.57,sectors\nonferrousmetals.csv
57,Pidilite Industries Ltd.,PIDILITIND,Chemicals,Chemicals,172006.57,sectors\chemicals.csv
58,JIO Financial Services Ltd.,JIOFIN,Finance,Finance - NBFC,165078.54,sectors\finance.csv
59,DLF Ltd.,DLF,Realty,Construction - Real Estate,164113.17,sectors\realty.csv
60,Cholamandalam Investment and Finance Company Ltd.,CHOLAFIN,Finance,Finance - NBFC,162699.57,sectors\finance.csv
61,ABB India Ltd.,ABB,Capital Goods,Electric Equipment,162003.95,sectors\capitalgoods.csv
62,Tech Mahindra Ltd.,TECHM,Information Technology,IT - Software,160214.46,sectors\informationtechnology.csv
63,Trent Ltd.,TRENT,Retailing,Retailing,159436.24,sectors\retailing.csv
64,Hitachi Energy India Ltd.,POWERINDIA,Capital Goods,Electric Equipment,159034.19,sectors\capitalgoods.csv
65,Tata Capital Ltd.,TATACAP,Finance,Finance - NBFC,154640.58,sectors\finance.csv
66,ICICI Prudential Asset Management Company Ltd.,ICICIAMC,Finance,Finance - Asset Management,153269.57,sectors\finance.csv
67,Vodafone Idea Ltd.,IDEA,Telecom,Telecommunication - Service  Provider,152763.68,sectors\telecom.csv
68,Cummins India Ltd.,CUMMINSIND,Automobile & Ancillaries,Diesel Engines,149800.27,sectors\automobileancillaries.csv
69,Varun Beverages Ltd.,VBL,Fast Moving Consumer Goods,Consumer Food,147509.29,sectors\fastmovingconsumergoods.csv
70,Bharat Heavy Electricals Ltd.,BHEL,Capital Goods,Engineering - Industrial Equipments,146977.89,sectors\capitalgoods.csv
71,Union Bank Of India,UNIONBANK,Banking,Bank - Public,142748.42,sectors\banking.csv
72,CG Power and Industrial Solutions Ltd.,CGPOWER,Capital Goods,Electric Equipment,140687.69,sectors\capitalgoods.csv
73,BSE Ltd.,BSE,Finance,Finance - Others,140597.64,sectors\finance.csv
74,LTM Ltd.,LTM,Information Technology,IT - Software,140301.88,sectors\informationtechnology.csv
75,Siemens Ltd.,SIEMENS,Capital Goods,Electric Equipment,139958.92,sectors\capitalgoods.csv
76,Polycab India Ltd.,POLYCAB,Electricals,Cable,139812.83,sectors\electricals.csv
77,Bosch Ltd.,BOSCHLTD,Automobile & Ancillaries,Auto Ancillary,138811.6,sectors\automobileancillaries.csv
78,Bharat Petroleum Corporation Ltd.,BPCL,Crude Oil,Refineries,138072.94,sectors\crudeoil.csv
79,Punjab National Bank,PNB,Banking,Bank - Public,135042.08,sectors\banking.csv
80,Britannia Industries Ltd.,BRITANNIA,Fast Moving Consumer Goods,Consumer Food,133681.9,sectors\fastmovingconsumergoods.csv
81,Bank Of Baroda,BANKBARODA,Banking,Bank - Public,128353.21,sectors\banking.csv
82,Apollo Hospitals Enterprise Ltd.,APOLLOHOSP,Healthcare,Hospital & Healthcare Services,128327.81,sectors\healthcare.csv
83,Bajaj Holdings & Investment Ltd.,BAJAJHLDNG,Finance,Finance - NBFC,126953.06,sectors\finance.csv
84,Siemens Energy India Ltd.,ENRIN,Capital Goods,Electric Equipment,126120.08,sectors\capitalgoods.csv
85,Power Finance Corporation Ltd.,PFC,Finance,Finance Term Lending,124430.34,sectors\finance.csv
86,Lodha Developers Ltd.,LODHA,Realty,Construction - Real Estate,123898.14,sectors\realty.csv
87,Tata Motors Passenger Vehicles Ltd.,TMPV,Automobile & Ancillaries,Automobiles - Passenger Cars,123082.24,sectors\automobileancillaries.csv
88,Billionbrains Garage Ventures Ltd.,GROWW,Finance,Finance - Stock Broking,123056.6,sectors\finance.csv
89,Tata Power Company Ltd.,TATAPOWER,Power,Power Generation/Distribution,122445.41,sectors\power.csv
90,Indian Bank,INDIANB,Banking,Bank - Public,121226.76,sectors\banking.csv
91,Canara Bank,CANBK,Banking,Bank - Public,118961.59,sectors\banking.csv
92,LG Electronics India Ltd.,LGEINDIA,Consumer Durables,Consumer Durables - Electronics,117556.59,sectors\consumerdurables.csv
93,Cipla Ltd.,CIPLA,Healthcare,Pharmaceuticals & Drugs,117138.71,sectors\healthcare.csv
94,HDFC Life Insurance Company Ltd.,HDFCLIFE,Finance,Insurance,116770.53,sectors\finance.csv
95,Hero MotoCorp Ltd.,HEROMOTOCO,Automobile & Ancillaries,Automobile Two & Three Wheelers,115981.83,sectors\automobileancillaries.csv
96,Indian Railway Finance Corporation Ltd.,IRFC,Finance,Finance Term Lending,114480.11,sectors\finance.csv
97,GAIL (India) Ltd.,GAIL,Gas Transmission,Gas Transmission/Marketing,114439.61,sectors\gastransmission.csv
98,Muthoot Finance Ltd.,MUTHOOTFIN,Finance,Finance - NBFC,114217.78,sectors\finance.csv
99,SBI Funds Management Ltd.,SBIFUNDS,Finance,Finance - Asset Management,113919.77,sectors\finance.csv
100,Zydus Lifesciences Ltd.,ZYDUSLIFE,Healthcare,Pharmaceuticals & Drugs,113715.44,sectors\healthcare.csv
101,Marico Ltd.,MARICO,Fast Moving Consumer Goods,Edible Oil,112440.39,sectors\fastmovingconsumergoods.csv
102,Jindal Steel Ltd.,JINDALSTEL,Iron & Steel,Steel/Sponge Iron/Pig Iron,112209.69,sectors\ironsteel.csv
103,GE Vernova T&D India Ltd.,GVT&D,Capital Goods,Electric Equipment,111421.21,sectors\capitalgoods.csv
104,United Spirits Ltd.,UNITDSPR,Alcohol,Breweries & Distilleries,110557.33,sectors\alcohol.csv
105,Aditya Birla Capital Ltd.,ABCAPITAL,Finance,Finance - NBFC,109828.02,sectors\finance.csv
106,Lloyds Metals & Energy Ltd.,LLOYDSME,Iron & Steel,Steel/Sponge Iron/Pig Iron,107974,sectors\ironsteel.csv
107,GMR Airports Ltd.,GMRAIRPORT,Aviation,Airport Management Services,107543.17,sectors\aviation.csv
108,HDFC Asset Management Company Ltd.,HDFCAMC,Finance,Finance - Asset Management,107196.7,sectors\finance.csv
109,Tata Consumer Products Ltd.,TATACONSUM,Agriculture,Tea/Coffee,106985.49,sectors\agriculture.csv
110,Lenskart Solutions Ltd.,LENSKART,Healthcare,Medical Equipment/Supplies/Accessories,106480.32,sectors\healthcare.csv
111,Vedanta Ltd.,VEDL,Non - Ferrous Metals,Metal - Non Ferrous,105384.96,sectors\nonferrousmetals.csv
112,Mazagon Dock Shipbuilders Ltd.,MAZDOCK,Ship Building,Ship Building,104072.04,sectors\shipbuilding.csv
113,Ambuja Cements Ltd.,AMBUJACEM,Construction Materials,Cement & Construction Materials,103741.12,sectors\constructionmaterials.csv
114,One97 Communications Ltd.,PAYTM,Information Technology,Fintech,102837.75,sectors\informationtechnology.csv
115,The Indian Hotels Company Ltd.,INDHOTEL,Hospitality,"Hotel, Resort & Restaurants",102686.4,sectors\hospitality.csv
116,Oracle Financial Services Software Ltd.,OFSS,Information Technology,IT - Software,102322.43,sectors\informationtechnology.csv
117,JSW Energy Ltd.,JSWENERGY,Power,Power Generation/Distribution,102253.33,sectors\power.csv
118,Lupin Ltd.,LUPIN,Healthcare,Pharmaceuticals & Drugs,102192,sectors\healthcare.csv
119,Indus Towers Ltd.,INDUSTOWER,Telecom,Telecommunication - Service  Provider,101450.55,sectors\telecom.csv
120,Ashok Leyland Ltd.,ASHOKLEY,Automobile & Ancillaries,Automobiles-Trucks/Lcv,100971.56,sectors\automobileancillaries.csv
121,Dr. Reddy's Laboratories Ltd.,DRREDDY,Healthcare,Pharmaceuticals & Drugs,100328.03,sectors\healthcare.csv
122,Mankind Pharma Ltd.,MANKIND,Healthcare,Pharmaceuticals & Drugs,99945.03,sectors\healthcare.csv
123,Bharat Forge Ltd.,BHARATFORG,Automobile & Ancillaries,Forgings,99203.39,sectors\automobileancillaries.csv
124,Max Healthcare Institute Ltd.,MAXHEALTH,Healthcare,Hospital & Healthcare Services,98300.93,sectors\healthcare.csv
125,Laurus Labs Ltd.,LAURUSLABS,Healthcare,Pharmaceuticals & Drugs,98063.97,sectors\healthcare.csv
126,Godrej Consumer Products Ltd.,GODREJCP,Fast Moving Consumer Goods,Household & Personal Products,95781.34,sectors\fastmovingconsumergoods.csv
127,Aurobindo Pharma Ltd.,AUROPHARMA,Healthcare,Pharmaceuticals & Drugs,95397.65,sectors\healthcare.csv
128,FSN E-Commerce Ventures Ltd.,NYKAA,Information Technology,e-Commerce,94802.17,sectors\informationtechnology.csv
129,Manipal Health Enterprises Ltd.,MANIPALHOS,Healthcare,Hospital & Healthcare Services,93043.21,sectors\healthcare.csv
130,Shree Cement Ltd.,SHREECEM,Construction Materials,Cement & Construction Materials,89179.88,sectors\constructionmaterials.csv
131,IDBI Bank Ltd.,IDBI,Banking,Bank - Private,88599.79,sectors\banking.csv
132,REC Ltd.,RECLTD,Finance,Finance Term Lending,88449.99,sectors\finance.csv
133,Meesho Ltd.,MEESHO,Information Technology,e-Commerce,88425.77,sectors\informationtechnology.csv
134,Persistent Systems Ltd.,PERSISTENT,Information Technology,IT - Software,88024.5,sectors\informationtechnology.csv
135,The Federal Bank Ltd.,FEDERALBNK,Banking,Bank - Private,87249.89,sectors\banking.csv
136,Info Edge (India) Ltd.,NAUKRI,Information Technology,BPO/ITeS,86959.69,sectors\informationtechnology.csv
137,Dixon Technologies (India) Ltd.,DIXON,Consumer Durables,Consumer Durables - Electronics,86448.86,sectors\consumerdurables.csv
138,AU Small Finance Bank Ltd.,AUBANK,Banking,Bank - Private,81569.98,sectors\banking.csv
139,Havells India Ltd.,HAVELLS,Capital Goods,Electric Equipment,81457.5,sectors\capitalgoods.csv
140,ICICI Lombard General Insurance Company Ltd.,ICICIGI,Finance,Insurance,81273.09,sectors\finance.csv
141,Bharti Hexacom Ltd.,BHARTIHEXA,Telecom,Telecommunication - Service  Provider,81055,sectors\telecom.csv
142,Coforge Ltd.,COFORGE,Information Technology,IT - Software,80611.53,sectors\informationtechnology.csv
143,PB Fintech Ltd.,POLICYBZR,Information Technology,Fintech,80462.64,sectors\informationtechnology.csv
144,IndusInd Bank Ltd.,INDUSINDBK,Banking,Bank - Private,80407.3,sectors\banking.csv
145,Hindustan Petroleum Corporation Ltd.,HINDPETRO,Crude Oil,Refineries,79367.78,sectors\crudeoil.csv
146,JSW Infrastructure Ltd.,JSWINFRA,Logistics,Port,79033.65,sectors\logistics.csv
147,NTPC Green Energy Ltd.,NTPCGREEN,Power,Power Generation/Distribution,77547.51,sectors\power.csv
148,SRF Ltd.,SRF,Chemicals,Chemicals,77340.2,sectors\chemicals.csv
149,NHPC Ltd.,NHPC,Power,Power Generation/Distribution,77246.32,sectors\power.csv
150,Waaree Energies Ltd.,WAAREEENER,Capital Goods,Electric Equipment,76975.5,sectors\capitalgoods.csv
151,L&T Finance Ltd.,LTF,Finance,Finance - NBFC,76797.77,sectors\finance.csv
152,Oil India Ltd.,OIL,Crude Oil,Oil Exploration,76434.3,sectors\crudeoil.csv
153,Swiggy Ltd.,SWIGGY,Information Technology,e-Commerce,76405.48,sectors\informationtechnology.csv
154,Multi Commodity Exchange Of India Ltd.,MCX,Finance,Finance - Stock Broking,74521.37,sectors\finance.csv
155,Nippon Life India Asset Management Ltd.,NAM-INDIA,Finance,Finance - Asset Management,74495.17,sectors\finance.csv
156,NMDC Ltd.,NMDC,Mining,Mining & Minerals,74185.36,sectors\mining.csv
157,IDFC First Bank Ltd.,IDFCFIRSTB,Banking,Bank - Private,73797.64,sectors\banking.csv
158,ICICI Prudential Life Insurance Company Ltd.,ICICIPRULI,Finance,Insurance,73411.07,sectors\finance.csv
159,Dabur India Ltd.,DABUR,Fast Moving Consumer Goods,Household & Personal Products,72306.49,sectors\fastmovingconsumergoods.csv
160,Adani Total Gas Ltd.,ATGL,Gas Transmission,Gas Transmission/Marketing,71872.59,sectors\gastransmission.csv
161,Aster DM Quality Care Ltd.,ASTERDM,Healthcare,Hospital & Healthcare Services,71743,sectors\healthcare.csv
162,UNO Minda Ltd.,UNOMINDA,Automobile & Ancillaries,Auto Ancillary,71605.93,sectors\automobileancillaries.csv
163,Yes Bank Ltd.,YESBANK,Banking,Bank - Private,71250.28,sectors\banking.csv
164,Fortis Healthcare Ltd.,FORTIS,Healthcare,Hospital & Healthcare Services,70588.59,sectors\healthcare.csv
165,Bajaj Housing Finance Ltd.,BAJAJHFL,Finance,Finance - Housing,70258.25,sectors\finance.csv
166,Steel Authority Of India Ltd.,SAIL,Iron & Steel,Steel & Iron Products,70012.4,sectors\ironsteel.csv
167,Apar Industries Ltd.,APARINDS,Capital Goods,Electric Equipment,69927.22,sectors\capitalgoods.csv
168,National Aluminium Company Ltd.,NATIONALUM,Non - Ferrous Metals,Aluminium & Aluminium Products,69057.36,sectors\nonferrousmetals.csv
169,The Phoenix Mills Ltd.,PHOENIXLTD,Realty,Construction - Real Estate,68528.37,sectors\realty.csv
170,Prestige Estates Projects Ltd.,PRESTIGE,Realty,Construction - Real Estate,68382.73,sectors\realty.csv
171,Biocon Ltd.,BIOCON,Healthcare,Pharmaceuticals & Drugs,67616.01,sectors\healthcare.csv
172,Oberoi Realty Ltd.,OBEROIRLTY,Realty,Construction - Real Estate,67019.16,sectors\realty.csv
173,Glenmark Pharmaceuticals Ltd.,GLENMARK,Healthcare,Pharmaceuticals & Drugs,66040.57,sectors\healthcare.csv
174,Torrent Power Ltd.,TORNTPOWER,Power,Power Generation/Distribution,66003.81,sectors\power.csv
175,Bank Of India,BANKINDIA,Banking,Bank - Public,65490.13,sectors\banking.csv
176,Suzlon Energy Ltd.,SUZLON,Capital Goods,Electric Equipment,64755.69,sectors\capitalgoods.csv
177,Indian Overseas Bank,IOB,Banking,Bank - Public,64682.89,sectors\banking.csv
178,Alkem Laboratories Ltd.,ALKEM,Healthcare,Pharmaceuticals & Drugs,64553.14,sectors\healthcare.csv
179,Berger Paints India Ltd.,BERGEPAINT,Chemicals,Paints,63628.77,sectors\chemicals.csv
180,Schaeffler India Ltd.,SCHAEFFLER,Automobile & Ancillaries,Bearings,63211.55,sectors\automobileancillaries.csv
181,Kalyan Jewellers India Ltd.,KALYANKJIL,Diamond & Jewellery,Diamond  &  Jewellery,62817.08,sectors\diamondjewellery.csv
182,Radico Khaitan Ltd.,RADICO,Alcohol,Breweries & Distilleries,62368.81,sectors\alcohol.csv
183,General Insurance Corporation of India,GICRE,Finance,Insurance,61807.51,sectors\finance.csv
184,Bank Of Maharashtra,MAHABANK,Banking,Bank - Public,61709.35,sectors\banking.csv
185,Coromandel International Ltd.,COROMANDEL,Chemicals,Fertilizers,61704.16,sectors\chemicals.csv
186,Jindal Stainless Ltd.,JSL,Iron & Steel,Steel & Iron Products,60772.09,sectors\ironsteel.csv
187,SBI Cards And Payment Services Ltd.,SBICARD,Finance,Finance - NBFC,60162.84,sectors\finance.csv
188,Godrej Properties Ltd.,GODREJPROP,Realty,Construction - Real Estate,59986.24,sectors\realty.csv
189,RBL Bank Ltd.,RBLBANK,Banking,Bank - Private,59756.67,sectors\banking.csv
190,Ather Energy Ltd.,ATHERENERG,Automobile & Ancillaries,Automobile Two & Three Wheelers,59609.89,sectors\automobileancillaries.csv
191,APL Apollo Tubes Ltd.,APLAPOLLO,Iron & Steel,Steel & Iron Products,58141.67,sectors\ironsteel.csv
192,Abbott India Ltd.,ABBOTINDIA,Healthcare,Pharmaceuticals & Drugs,57536.52,sectors\healthcare.csv
193,Linde India Ltd.,LINDEINDIA,Industrials Gases & Fuels,Industrial  Gases & Fuels,57093.1,sectors\industrialsgasesfuels.csv
194,HDB Financial Services Ltd.,HDBFS,Finance,Finance - NBFC,57044.47,sectors\finance.csv
195,MRF Ltd.,MRF,Automobile & Ancillaries,Tyres & Allied,56579.56,sectors\automobileancillaries.csv
196,KEI Industries Ltd.,KEI,Electricals,Cable,54492.34,sectors\electricals.csv
197,Mahindra & Mahindra Financial Services Ltd.,M&MFIN,Finance,Finance - NBFC,54188.03,sectors\finance.csv
198,Motilal Oswal Financial Services Ltd.,MOTILALOFS,Finance,Finance - Stock Broking,53992.25,sectors\finance.csv
199,Colgate-Palmolive (India) Ltd.,COLPAL,Fast Moving Consumer Goods,Household & Personal Products,53883.07,sectors\fastmovingconsumergoods.csv
200,Max Financial Services Ltd.,MFSL,Finance,Finance - Others,53320.23,sectors\finance.csv
201,Tube Investments of India Ltd.,TIINDIA,Automobile & Ancillaries,Auto Ancillary,53077.53,sectors\automobileancillaries.csv
202,The Fertilisers And Chemicals Travancore Ltd.,FACT,Chemicals,Fertilizers,52341.65,sectors\chemicals.csv
203,Gujarat Fluorochemicals Ltd.,FLUOROCHEM,Chemicals,Chemicals,52060.11,sectors\chemicals.csv
204,Bharat Dynamics Ltd.,BDL,Capital Goods,Aerospace & Defense,51282.09,sectors\capitalgoods.csv
205,Hindustan Copper Ltd.,HINDCOPPER,Non - Ferrous Metals,Metal - Non Ferrous,51141.07,sectors\nonferrousmetals.csv
206,Anthem Biosciences Ltd.,ANTHEM,Healthcare,Pharmaceuticals & Drugs,50157.4,sectors\healthcare.csv
207,Sundaram Finance Ltd.,SUNDARMFIN,Finance,Finance - NBFC,49611.76,sectors\finance.csv
208,Vishal Mega Mart Ltd.,VMM,Retailing,Retailing,49424.73,sectors\retailing.csv
209,Sona BLW Precision Forgings Ltd.,SONACOMS,Automobile & Ancillaries,Auto Ancillary,49412.14,sectors\automobileancillaries.csv
210,Welspun Corp Ltd.,WELCORP,Iron & Steel,Steel & Iron Products,49405.35,sectors\ironsteel.csv
211,Mphasis Ltd.,MPHASIS,Information Technology,IT - Software,49036.24,sectors\informationtechnology.csv
212,Gland Pharma Ltd.,GLAND,Healthcare,Pharmaceuticals & Drugs,48975.3,sectors\healthcare.csv
213,Tata Communications Ltd.,TATACOMM,Telecom,Telecommunication - Service  Provider,48967.3,sectors\telecom.csv
214,Thermax Ltd.,THERMAX,Capital Goods,Engineering - Industrial Equipments,48270.22,sectors\capitalgoods.csv
215,Authum Investment & Infrastructure Ltd.,AIIL,Finance,Finance - Investment,47989.73,sectors\finance.csv
216,UPL Ltd.,UPL,Chemicals,Pesticides & Agrochemicals,47678.68,sectors\chemicals.csv
217,360 One Wam Ltd.,360ONE,Finance,Finance - Stock Broking,47443.28,sectors\finance.csv
218,Rail Vikas Nigam Ltd.,RVNL,Infrastructure,Engineering - Construction,47225.71,sectors\infrastructure.csv
219,Piramal Finance Ltd.,PIRAMALFIN,Finance,Finance - Housing,46602.67,sectors\finance.csv
220,Premier Energies Ltd.,PREMIERENE,Trading,Trading,46126.01,sectors\trading.csv
221,Ajanta Pharma Ltd.,AJANTPHARM,Healthcare,Pharmaceuticals & Drugs,45924.32,sectors\healthcare.csv
222,Balkrishna Industries Ltd.,BALKRISIND,Automobile & Ancillaries,Tyres & Allied,45739.81,sectors\automobileancillaries.csv
223,Glaxosmithkline Pharmaceuticals Ltd.,GLAXO,Healthcare,Pharmaceuticals & Drugs,45554.98,sectors\healthcare.csv
224,Supreme Industries Ltd.,SUPREMEIND,Plastic Products,Plastic Products,45107.24,sectors\plasticproducts.csv
225,Aegis Logistics Ltd.,AEGISLOG,Trading,Trading,44396.23,sectors\trading.csv
226,Ipca Laboratories Ltd.,IPCALAB,Healthcare,Pharmaceuticals & Drugs,43983.43,sectors\healthcare.csv
227,Voltas Ltd.,VOLTAS,Consumer Durables,Air Conditioners,43842.23,sectors\consumerdurables.csv
228,Poonawalla Fincorp Ltd.,POONAWALLA,Finance,Finance - NBFC,43836.3,sectors\finance.csv
229,Petronet LNG Ltd.,PETRONET,Industrials Gases & Fuels,Industrial  Gases & Fuels,42352.5,sectors\industrialsgasesfuels.csv
230,Navin Fluorine International Ltd.,NAVINFLUOR,Chemicals,Chemicals,42237.36,sectors\chemicals.csv
231,Godrej Industries Ltd.,GODREJIND,Chemicals,Chemicals,42118.17,sectors\chemicals.csv
232,INDO-MIM Ltd.,INDOMIM,Capital Goods,Engineering - Industrial Equipments,41996.26,sectors\capitalgoods.csv
233,AIA Engineering Ltd.,AIAENG,Automobile & Ancillaries,Castings/Forgings,41912.04,sectors\automobileancillaries.csv
234,Astral Ltd.,ASTRAL,Plastic Products,Plastic Products,41775.1,sectors\plasticproducts.csv
235,Aditya Infotech Ltd.,CPPLUS,Trading,Trading,41634.66,sectors\trading.csv
236,Page Industries Ltd.,PAGEIND,Textile,Textile,41124.33,sectors\textile.csv
237,JK Cement Ltd.,JKCEMENT,Construction Materials,Cement & Construction Materials,40985.4,sectors\constructionmaterials.csv
238,Endurance Technologies Ltd.,ENDURANCE,Automobile & Ancillaries,Auto Ancillary,40757.06,sectors\automobileancillaries.csv
239,Exide Industries Ltd.,EXIDEIND,Automobile & Ancillaries,Batteries,40426,sectors\automobileancillaries.csv
240,Container Corporation Of India Ltd.,CONCOR,Logistics,Logistics,40137.27,sectors\logistics.csv
241,Indian Railway Catering And Tourism Corporation Ltd.,IRCTC,Hospitality,Travel Services,39796,sectors\hospitality.csv
242,3M India Ltd.,3MINDIA,Diversified,Diversified,39746.72,sectors\diversified.csv
243,Cupid Ltd.,CUPID,Fast Moving Consumer Goods,Household & Personal Products,39492.68,sectors\fastmovingconsumergoods.csv
244,Himadri Speciality Chemical Ltd.,HSCL,Chemicals,Carbon Black,39409.77,sectors\chemicals.csv
245,Cochin Shipyard Ltd.,COCHINSHIP,Ship Building,Ship Building,39330.58,sectors\shipbuilding.csv
246,Patanjali Foods Ltd.,PATANJALI,Fast Moving Consumer Goods,Edible Oil,38410.23,sectors\fastmovingconsumergoods.csv
247,Global Health Ltd.,MEDANTA,Healthcare,Hospital & Healthcare Services,38237.6,sectors\healthcare.csv
248,NLC India Ltd.,NLCINDIA,Power,Power Generation/Distribution,38181.04,sectors\power.csv
249,Housing & Urban Development Corporation Ltd.,HUDCO,Finance,Finance - Housing,38016.08,sectors\finance.csv
250,PI Industries Ltd.,PIIND,Chemicals,Pesticides & Agrochemicals,37929.53,sectors\chemicals.csv
251,K.P.R. Mill Ltd.,KPRMILL,Textile,Textile,37912.3,sectors\textile.csv
252,Narayana Hrudayalaya Ltd.,NH,Healthcare,Hospital & Healthcare Services,37459.34,sectors\healthcare.csv
253,Gujarat Energy Ltd.,GUJENERGY,Gas Transmission,Gas Transmission/Marketing,37117.38,sectors\gastransmission.csv
254,L&T Technology Services Ltd.,LTTS,Information Technology,IT - Software,36894.83,sectors\informationtechnology.csv
255,Emcure Pharmaceuticals Ltd.,EMCURE,Healthcare,Pharmaceuticals & Drugs,36679.4,sectors\healthcare.csv
256,United Breweries Ltd.,UBL,Alcohol,Breweries & Distilleries,36384.79,sectors\alcohol.csv
257,Anand Rathi Wealth Ltd.,ANANDRATHI,Finance,Finance - Others,36103.18,sectors\finance.csv
258,Tata Technologies Ltd.,TATATECH,Information Technology,IT - Software,35212.81,sectors\informationtechnology.csv
259,Hexaware Technologies Ltd.,HEXT,Information Technology,IT - Software,34815.69,sectors\informationtechnology.csv
260,Escorts Kubota Ltd.,ESCORTS,Automobile & Ancillaries,Automobiles-Tractors,34806.85,sectors\automobileancillaries.csv
261,Dalmia Bharat Ltd.,DALBHARAT,Construction Materials,Cement & Construction Materials,34555.28,sectors\constructionmaterials.csv
262,Star Health and Allied Insurance Company Ltd.,STARHEALTH,Finance,Insurance,34408.21,sectors\finance.csv
263,Delhivery Ltd.,DELHIVERY,Logistics,Logistics,34386.76,sectors\logistics.csv
264,ITC Hotels Ltd.,ITCHOTELS,Hospitality,"Hotel, Resort & Restaurants",34358.69,sectors\hospitality.csv
265,HFCL Ltd.,HFCL,Telecom,Telecom-Infrastructure,34163.05,sectors\telecom.csv
266,Physicswallah Ltd.,PWL,Other,Educational Institutions,33998.39,sectors\other.csv
267,Krishna Institute of Medical Sciences Ltd,KIMS,Healthcare,Hospital & Healthcare Services,33982.72,sectors\healthcare.csv
268,Tata Investment Corporation Ltd.,TATAINVEST,Finance,Finance - NBFC,33757.18,sectors\finance.csv
269,Godfrey Phillips India Ltd.,GODFRYPHLP,Fast Moving Consumer Goods,Cigarettes/Tobacco,33490.84,sectors\fastmovingconsumergoods.csv
270,Sterlite Technologies Ltd.,STLTECH,Electricals,Cable,33273.18,sectors\electricals.csv
271,Jubilant FoodWorks Ltd.,JUBLFOOD,Fast Moving Consumer Goods,Consumer Food,33137.43,sectors\fastmovingconsumergoods.csv
272,Honeywell Automation India Ltd.,HONAUT,Consumer Durables,Consumer Durables - Electronics,32915.75,sectors\consumerdurables.csv
273,CRISIL Ltd.,CRISIL,Ratings,Ratings,32758.59,sectors\ratings.csv
274,Manappuram Finance Ltd.,MANAPPURAM,Finance,Finance - NBFC,32735.86,sectors\finance.csv
275,Indian Renewable Energy Development Agency Ltd.,IREDA,Finance,Finance - NBFC,32727.54,sectors\finance.csv
276,Schneider Electric Infrastructure Ltd.,SCHNEIDER,Capital Goods,Electric Equipment,32719,sectors\capitalgoods.csv
277,UCO Bank,UCOBANK,Banking,Bank - Public,32590.31,sectors\banking.csv
278,Dr. Lal Pathlabs Ltd.,LALPATHLAB,Healthcare,Hospital & Healthcare Services,32174.1,sectors\healthcare.csv
279,Karur Vysya Bank Ltd.,KARURVYSYA,Banking,Bank - Private,32061.05,sectors\banking.csv
280,Inventurus Knowledge Solutions Ltd.,IKS,Information Technology,IT - Software,31542.01,sectors\informationtechnology.csv
281,RR Kabel Ltd.,RRKABEL,Electricals,Cable,31493.1,sectors\electricals.csv
282,Wockhardt Ltd.,WOCKPHARMA,Healthcare,Pharmaceuticals & Drugs,31398.36,sectors\healthcare.csv
283,Blue Star Ltd.,BLUESTARCO,Consumer Durables,Air Conditioners,30978.95,sectors\consumerdurables.csv
284,Sai Life Sciences Ltd.,SAILIFE,Healthcare,Pharmaceuticals & Drugs,30793.97,sectors\healthcare.csv
285,Nuvama Wealth Management Ltd.,NUVAMA,Finance,Finance - Stock Broking,30598.61,sectors\finance.csv
286,Kirloskar Oil Engines Ltd.,KIRLOSENG,Capital Goods,Engineering - Industrial Equipments,30558.44,sectors\capitalgoods.csv
287,Garden Reach Shipbuilders & Engineers Ltd.,GRSE,Ship Building,Ship Building,30001.74,sectors\shipbuilding.csv
288,Cholamandalam Financial Holdings Ltd.,CHOLAHLDNG,Finance,Finance - Investment,29999.33,sectors\finance.csv
289,PNB Housing Finance Ltd.,PNBHOUSING,Finance,Finance - Housing,29970.45,sectors\finance.csv
290,ZF Commercial Vehicle Control Systems India Ltd.,ZFCVINDIA,Automobile & Ancillaries,Auto Ancillary,29942.8,sectors\automobileancillaries.csv
291,Neuland Laboratories Ltd.,NEULANDLAB,Healthcare,Pharmaceuticals & Drugs,29908.4,sectors\healthcare.csv
292,Mangalore Refinery And Petrochemicals Ltd.,MRPL,Crude Oil,Refineries,29890.57,sectors\crudeoil.csv
293,Aegis Vopak Terminals Ltd.,AEGISVOPAK,Miscellaneous,Miscellaneous,29832.67,sectors\miscellaneous.csv
294,The New India Assurance Company Ltd.,NIACL,Finance,Insurance,29507.44,sectors\finance.csv
295,Aditya Birla Sun Life AMC Ltd.,ABSLAMC,Finance,Finance - Asset Management,29256.14,sectors\finance.csv
296,PTC Industries Ltd.,PTCIL,Automobile & Ancillaries,Castings/Forgings,28559.91,sectors\automobileancillaries.csv
297,Netweb Technologies India Ltd.,NETWEB,Consumer Durables,IT - Hardware,28503.08,sectors\consumerdurables.csv
298,Central Bank Of India,CENTRALBK,Banking,Bank - Public,28412.35,sectors\banking.csv
299,TVS Holdings Ltd.,TVSHLTD,Finance,Finance - Investment,28293.69,sectors\finance.csv
300,Apollo Tyres Ltd.,APOLLOTYRE,Automobile & Ancillaries,Tyres & Allied,28198.48,sectors\automobileancillaries.csv
301,Sumitomo Chemical India Ltd.,SUMICHEM,Chemicals,Pesticides & Agrochemicals,28184.26,sectors\chemicals.csv
302,Syrma SGS Technology Ltd.,SYRMA,Electricals,Electronics - Components,28182.18,sectors\electricals.csv
303,Bandhan Bank Ltd.,BANDHANBNK,Banking,Bank - Private,28146.12,sectors\banking.csv
304,Central Depository Services (India) Ltd.,CDSL,Finance,Depository Services,28097.96,sectors\finance.csv
305,Shyam Metalics And Energy Ltd.,SHYAMMETL,Iron & Steel,Steel & Iron Products,27897.83,sectors\ironsteel.csv
306,LIC Housing Finance Ltd.,LICHSGFIN,Finance,Finance - Housing,27508.65,sectors\finance.csv
307,Piramal Pharma Ltd.,PPLPHARMA,Healthcare,Pharmaceuticals & Drugs,27452.4,sectors\healthcare.csv
308,Procter & Gamble Hygiene and Health Care Ltd.,PGHH,Fast Moving Consumer Goods,Household & Personal Products,27368.46,sectors\fastmovingconsumergoods.csv
309,IIFL Finance Ltd.,IIFL,Finance,Finance - NBFC,26873.45,sectors\finance.csv
310,Craftsman Automation Ltd.,CRAFTSMAN,Automobile & Ancillaries,Auto Ancillary,26803.46,sectors\automobileancillaries.csv
311,Rubicon Research Ltd.,RUBICON,Miscellaneous,Miscellaneous,26782.24,sectors\miscellaneous.csv
312,Motherson Sumi Wiring India Ltd.,MSUMI,Automobile & Ancillaries,Auto Ancillary,26758.76,sectors\automobileancillaries.csv
313,ITI Ltd.,ITI,Telecom,Telecommunication - Equipment,26582.94,sectors\telecom.csv
314,Acutaas Chemicals Ltd.,ACUTAAS,Healthcare,Pharmaceuticals & Drugs,26472.62,sectors\healthcare.csv
315,Acme Solar Holdings Ltd.,ACMESOLAR,Power,Power Generation/Distribution,26458.31,sectors\power.csv
316,SJVN Ltd.,SJVN,Power,Power Generation/Distribution,26408.22,sectors\power.csv
317,Angel One Ltd.,ANGELONE,Finance,Finance - Stock Broking,26222.83,sectors\finance.csv
318,Redington Ltd.,REDINGTON,Trading,Trading,26076.09,sectors\trading.csv
319,Gabriel India Ltd.,GABRIEL,Automobile & Ancillaries,Auto Ancillary,25897.74,sectors\automobileancillaries.csv
320,Metro Brands Ltd.,METROBRAND,Retailing,Footwear,25750.61,sectors\retailing.csv
321,Sundram Fasteners Ltd.,SUNDRMFAST,Automobile & Ancillaries,Auto Ancillary,25578.93,sectors\automobileancillaries.csv
322,Amber Enterprises India Ltd.,AMBER,Consumer Durables,Air Conditioners,25470.38,sectors\consumerdurables.csv
323,AWL Agri Business Ltd.,AWL,Fast Moving Consumer Goods,Edible Oil,24986.32,sectors\fastmovingconsumergoods.csv
324,Data Patterns (India) Ltd.,DATAPATTNS,Capital Goods,Aerospace & Defense,24931.06,sectors\capitalgoods.csv
325,CreditAccess Grameen Ltd.,CREDITACC,Finance,Finance - NBFC,24873.38,sectors\finance.csv
326,ACC Ltd.,ACC,Construction Materials,Cement & Construction Materials,24802,sectors\constructionmaterials.csv
327,Gillette India Ltd.,GILLETTE,Fast Moving Consumer Goods,Household & Personal Products,24761.51,sectors\fastmovingconsumergoods.csv
328,Belrise Industries Ltd.,BELRISE,Automobile & Ancillaries,Auto Ancillary,24701.06,sectors\automobileancillaries.csv
329,Timken India Ltd.,TIMKEN,Automobile & Ancillaries,Bearings,24616.46,sectors\automobileancillaries.csv
330,Kaynes Technology India Ltd.,KAYNES,Electricals,Electronics - Components,24534.68,sectors\electricals.csv
331,Sansera Engineering Ltd.,SANSERA,Automobile & Ancillaries,Auto Ancillary,24481.23,sectors\automobileancillaries.csv
332,Force Motors Ltd.,FORCEMOT,Automobile & Ancillaries,Automobiles-Trucks/Lcv,24205.39,sectors\automobileancillaries.csv
333,NBCC (India) Ltd.,NBCC,Other,Engineering Consultancy,24097.5,sectors\other.csv
334,Go Digit General Insurance Ltd.,GODIGIT,Finance,Insurance,24080.17,sectors\finance.csv
335,Grindwell Norton Ltd.,GRINDWELL,Abrasives,Abrasives,23957.59,sectors\abrasives.csv
336,Asahi India Glass Ltd.,ASAHIINDIA,Construction Materials,Glass,23935.11,sectors\constructionmaterials.csv
337,KIOCL Ltd.,KIOCL,Mining,Mining & Minerals,23650.63,sectors\mining.csv
338,Affle 3i Ltd.,AFFLE,Information Technology,BPO/ITeS,23526.35,sectors\informationtechnology.csv
339,Deepak Nitrite Ltd.,DEEPAKNTR,Chemicals,Chemicals,23503.25,sectors\chemicals.csv
340,Tata Elxsi Ltd.,TATAELXSI,Information Technology,IT - Software,23480.7,sectors\informationtechnology.csv
341,IRB Infrastructure Developers Ltd.,IRB,Infrastructure,Engineering - Construction,23262.23,sectors\infrastructure.csv
342,TD Power Systems Ltd.,TDPOWERSYS,Capital Goods,Electric Equipment,23213.2,sectors\capitalgoods.csv
343,Kalpataru Projects International Ltd.,KPIL,Infrastructure,Engineering - Construction,23090.16,sectors\infrastructure.csv
344,Anant Raj Ltd.,ANANTRAJ,Realty,Construction - Real Estate,22663.25,sectors\realty.csv
345,Pfizer Ltd.,PFIZER,Healthcare,Pharmaceuticals & Drugs,22321.46,sectors\healthcare.csv
346,Cemindia Projects Ltd.,CEMPRO,Infrastructure,Engineering - Construction,22317.78,sectors\infrastructure.csv
347,Emmvee Photovoltaic Power Ltd.,EMMVEE,Capital Goods,Electric Equipment,22269.28,sectors\capitalgoods.csv
348,Urban Company Ltd.,URBANCO,Other,Professional Services,22261.38,sectors\other.csv
349,CESC Ltd.,CESC,Power,Power Generation/Distribution,22256.33,sectors\power.csv
350,Diamond Power Infrastructure Ltd.,DIACABS,Electricals,Cable,22056.86,sectors\electricals.csv
351,Carborundum Universal Ltd.,CARBORUNIV,Abrasives,Abrasives,21943.36,sectors\abrasives.csv
352,Hatsun Agro Product Ltd.,HATSUN,Fast Moving Consumer Goods,Consumer Food,21883.9,sectors\fastmovingconsumergoods.csv
353,Aadhar Housing Finance Ltd.,AADHARHFC,Finance,Finance - Housing,21843.1,sectors\finance.csv
354,Capri Global Capital Ltd.,CGCL,Finance,Finance - Investment,21797.6,sectors\finance.csv
355,Tenneco Clean Air India Ltd.,TENNIND,Automobile & Ancillaries,Auto Ancillary,21748.22,sectors\automobileancillaries.csv
356,MTAR Technologies Ltd.,MTARTECH,Capital Goods,Engineering,21713.2,sectors\capitalgoods.csv
357,Aether Industries Ltd.,AETHER,Chemicals,Chemicals,21617.38,sectors\chemicals.csv
358,The Ramco Cements Ltd.,RAMCOCEM,Construction Materials,Cement & Construction Materials,21428.17,sectors\constructionmaterials.csv
359,Granules India Ltd.,GRANULES,Healthcare,Pharmaceuticals & Drugs,21263.45,sectors\healthcare.csv
360,Indraprastha Gas Ltd.,IGL,Gas Transmission,Gas Transmission/Marketing,21245.02,sectors\gastransmission.csv
361,Prime Focus Ltd.,PFOCUS,Other,Business Support,20929.55,sectors\other.csv
362,IFCI Ltd.,IFCI,Finance,Finance Term Lending,20735.44,sectors\finance.csv
363,City Union Bank Ltd.,CUB,Banking,Bank - Private,20677.73,sectors\banking.csv
364,LMW Ltd.,LMW,Textile,Textile - Machinery,20164.8,sectors\textile.csv
365,Atul Ltd.,ATUL,Chemicals,Chemicals,19824.31,sectors\chemicals.csv
366,SPR Auto Technologies Ltd.,SHRIPISTON,Automobile & Ancillaries,Auto Ancillary,19783,sectors\automobileancillaries.csv
367,Sagility Ltd.,SAGILITY,Other,Business Support,19778.61,sectors\other.csv
368,Happy Forgings Ltd.,HAPPYFORGE,Automobile & Ancillaries,Forgings,19724.21,sectors\automobileancillaries.csv
369,Chennai Petroleum Corporation Ltd.,CHENNPETRO,Crude Oil,Refineries,19691.3,sectors\crudeoil.csv
370,Kajaria Ceramics Ltd.,KAJARIACER,Construction Materials,Ceramics/Marble/Granite/Sanitaryware,19688.45,sectors\constructionmaterials.csv
371,Astrazeneca Pharma India Ltd.,ASTRAZEN,Healthcare,Pharmaceuticals & Drugs,19384.25,sectors\healthcare.csv
372,Aarti Industries Ltd.,AARTIIND,Chemicals,Chemicals,19358.72,sectors\chemicals.csv
373,Brigade Enterprises Ltd.,BRIGADE,Realty,Construction - Real Estate,19317.81,sectors\realty.csv
374,Elgi Equipments Ltd.,ELGIEQUIP,Capital Goods,Compressors / Pumps,19301.34,sectors\capitalgoods.csv
375,Sun TV Network Ltd.,SUNTV,Media & Entertainment,TV Broadcasting & Software Production,19097.34,sectors\mediaentertainment.csv
376,Finolex Cables Ltd.,FINCABLES,Electricals,Cable,19031.01,sectors\electricals.csv
377,Pine Labs Ltd.,PINELABS,Information Technology,Fintech,19021.35,sectors\informationtechnology.csv
378,Deepak Fertilisers And Petrochemicals Corporation Ltd.,DEEPAKFERT,Chemicals,Chemicals,18969.67,sectors\chemicals.csv
379,Computer Age Management Services Ltd.,CAMS,Finance,Depository Services,18945.1,sectors\finance.csv
380,Firstsource Solutions Ltd.,FSL,Information Technology,BPO/ITeS,18933.13,sectors\informationtechnology.csv
381,Caplin Point Laboratories Ltd.,CAPLIPOINT,Healthcare,Pharmaceuticals & Drugs,18855.46,sectors\healthcare.csv
382,Triveni Turbine Ltd.,TRITURBINE,Capital Goods,Engineering - Industrial Equipments,18828.92,sectors\capitalgoods.csv
383,Eris Lifesciences Ltd.,ERIS,Healthcare,Pharmaceuticals & Drugs,18827.93,sectors\healthcare.csv
384,HBL Engineering Ltd.,HBLENGINE,Automobile & Ancillaries,Batteries,18811.84,sectors\automobileancillaries.csv
385,Jyoti CNC Automation Ltd.,JYOTICNC,Capital Goods,Engineering - Industrial Equipments,18780.6,sectors\capitalgoods.csv
386,EIH Ltd.,EIHOTEL,Hospitality,"Hotel, Resort & Restaurants",18773.43,sectors\hospitality.csv
387,Sarda Energy & Minerals Ltd.,SARDAEN,Iron & Steel,Steel & Iron Products,18700.87,sectors\ironsteel.csv
388,Gujarat Mineral Development Corporation Ltd.,GMDCLTD,Mining,Mining & Minerals,18474.21,sectors\mining.csv
389,Castrol India Ltd.,CASTROLIND,Automobile & Ancillaries,Lubricants,18457.02,sectors\automobileancillaries.csv
390,The Great Eastern Shipping Company Ltd.,GESHIP,Logistics,Shipping,18327.02,sectors\logistics.csv
391,Bayer CropScience Ltd.,BAYERCROP,Chemicals,Pesticides & Agrochemicals,18193.23,sectors\chemicals.csv
392,Poly Medicure Ltd.,POLYMED,Healthcare,Medical Equipment/Supplies/Accessories,18125.96,sectors\healthcare.csv
393,Chalet Hotels Ltd.,CHALET,Hospitality,"Hotel, Resort & Restaurants",18092.2,sectors\hospitality.csv
394,Travel Food Services Ltd.,TRAVELFOOD,Hospitality,Restaurants,17993.34,sectors\hospitality.csv
395,OLA Electric Mobility Ltd.,OLAELEC,Automobile & Ancillaries,Automobile Two & Three Wheelers,17921.2,sectors\automobileancillaries.csv
396,Choice International Ltd.,CHOICEIN,Finance,Finance - Stock Broking,17909,sectors\finance.csv
397,eClerx Services Ltd.,ECLERX,Information Technology,BPO/ITeS,17834.37,sectors\informationtechnology.csv
398,Onesource Specialty Pharma Ltd.,ONESOURCE,Healthcare,Pharmaceuticals & Drugs,17793.79,sectors\healthcare.csv
399,Devyani International Ltd.,DEVYANI,Fast Moving Consumer Goods,Consumer Food,17766.66,sectors\fastmovingconsumergoods.csv
400,Sammaan Capital Ltd.,SAMMAANCAP,Finance,Finance - Housing,17753.67,sectors\finance.csv
401,Chambal Fertilisers and Chemicals Ltd.,CHAMBLFERT,Chemicals,Fertilizers,17742.89,sectors\chemicals.csv
402,JSW Cement Ltd.,JSWCEMENT,Construction Materials,Cement & Construction Materials,17730.56,sectors\constructionmaterials.csv
403,TBO Tek Ltd.,TBOTEK,Hospitality,Travel Services,17706.32,sectors\hospitality.csv
404,BASF India Ltd.,BASF,Chemicals,Chemicals,17677.21,sectors\chemicals.csv
405,Inox India Ltd.,INOXINDIA,Capital Goods,Engineering - Industrial Equipments,17635.35,sectors\capitalgoods.csv
406,Emami Ltd.,EMAMILTD,Fast Moving Consumer Goods,Household & Personal Products,17588.77,sectors\fastmovingconsumergoods.csv
407,Azad Engineering Ltd.,AZAD,Capital Goods,Engineering - Industrial Equipments,17550.73,sectors\capitalgoods.csv
408,Amara Raja Energy & Mobility Ltd.,ARE&M,Automobile & Ancillaries,Batteries,17320.61,sectors\automobileancillaries.csv
409,PG Electroplast Ltd.,PGEL,Consumer Durables,Consumer Durables - Domestic Appliances,17234.1,sectors\consumerdurables.csv
410,Minda Corporation Ltd.,MINDACORP,Automobile & Ancillaries,Auto Ancillary,17207.74,sectors\automobileancillaries.csv
411,The Jammu & Kashmir Bank Ltd.,J&KBANK,Banking,Bank - Private,17145.41,sectors\banking.csv
412,Vardhman Textiles Ltd.,VTL,Textile,Textile,17105.13,sectors\textile.csv
413,Tata Chemicals Ltd.,TATACHEM,Chemicals,Chemicals,17078.86,sectors\chemicals.csv
414,Jindal Saw Ltd.,JINDALSAW,Iron & Steel,Steel & Iron Products,17039.7,sectors\ironsteel.csv
415,Leela Palaces Hotels & Resorts Ltd.,THELEELA,Hospitality,"Hotel, Resort & Restaurants",17031.85,sectors\hospitality.csv
416,Alivus Life Sciences Ltd.,ALIVUS,Healthcare,Pharmaceuticals & Drugs,16995.25,sectors\healthcare.csv
417,Central Mine Planning & Design Institute Ltd.,CMPDI,Other,Engineering Consultancy,16943.22,sectors\other.csv
418,Cohance Lifesciences Ltd.,COHANCE,Healthcare,Pharmaceuticals & Drugs,16872.54,sectors\healthcare.csv
419,Thangamayil Jewellery Ltd.,THANGAMAYL,Diamond & Jewellery,Diamond  &  Jewellery,16872.1,sectors\diamondjewellery.csv
420,Century Plyboards (India) Ltd.,CENTURYPLY,Construction Materials,Wood & Wood Products,16809.61,sectors\constructionmaterials.csv
421,KPIT Technologies Ltd.,KPITTECH,Information Technology,IT - Software,16805.02,sectors\informationtechnology.csv
422,Zen Technologies Ltd.,ZENTEC,Capital Goods,Aerospace & Defense,16780.04,sectors\capitalgoods.csv
423,Allied Blenders And Distillers Ltd.,ABDL,Alcohol,Breweries & Distilleries,16779.81,sectors\alcohol.csv
424,Aequs Ltd.,AEQUS,Capital Goods,Aerospace & Defense,16743.17,sectors\capitalgoods.csv
425,Punjab & Sind Bank,PSB,Banking,Bank - Public,16738.49,sectors\banking.csv
426,Kansai Nerolac Paints Ltd.,KANSAINER,Chemicals,Paints,16551.66,sectors\chemicals.csv
427,Astra Microwave Products Ltd.,ASTRAMICRO,Capital Goods,Aerospace & Defense,16518.53,sectors\capitalgoods.csv
428,Ratnamani Metals & Tubes Ltd.,RATNAMANI,Iron & Steel,Steel & Iron Products,16467.76,sectors\ironsteel.csv
429,Garware Hi-Tech Films Ltd.,GRWRHITECH,Plastic Products,Plastic Products,16456.2,sectors\plasticproducts.csv
430,Honasa Consumer Ltd.,HONASA,Trading,Trading,16390.87,sectors\trading.csv
431,Alembic Pharmaceuticals Ltd.,APLLTD,Healthcare,Pharmaceuticals & Drugs,16338.33,sectors\healthcare.csv
432,KFin Technologies Ltd.,KFINTECH,Finance,Depository Services,16267.26,sectors\finance.csv
433,Five-Star Business Finance Ltd.,FIVESTAR,Finance,Finance - NBFC,16263.42,sectors\finance.csv
434,Nava Ltd.,NAVA,Ferro Manganese,Ferro & Silica Manganese,16258.84,sectors\ferromanganese.csv
435,National Securities Depository Ltd.,NSDL,Finance,Depository Services,16248,sectors\finance.csv
436,IDream Film Infrastructure Company Ltd.,IDREAM,Information Technology,IT - Software,16246.72,sectors\informationtechnology.csv
437,Zydus Wellness Ltd.,ZYDUSWELL,Fast Moving Consumer Goods,Consumer Food,16235.74,sectors\fastmovingconsumergoods.csv
438,Syngene International Ltd.,SYNGENE,Healthcare,Pharmaceuticals & Drugs,16201.26,sectors\healthcare.csv
439,Natco Pharma Ltd.,NATCOPHARM,Healthcare,Pharmaceuticals & Drugs,16162.87,sectors\healthcare.csv
440,Shilpa Medicare Ltd.,SHILPAMED,Healthcare,Pharmaceuticals & Drugs,16074.87,sectors\healthcare.csv
441,Dr. Agarwal's Health Care Ltd.,AGARWALEYE,Healthcare,Hospital & Healthcare Services,16044.7,sectors\healthcare.csv
442,DCM Shriram Ltd.,DCMSHRIRAM,Diversified,Diversified,15949.78,sectors\diversified.csv
443,Godawari Power And Ispat Ltd.,GPIL,Iron & Steel,Steel & Iron Products,15858.18,sectors\ironsteel.csv
444,Crompton Greaves Consumer Electricals Ltd.,CROMPTON,Consumer Durables,Consumer Durables - Domestic Appliances,15840.31,sectors\consumerdurables.csv
445,Fine Organic Industries Ltd.,FINEORG,Chemicals,Chemicals,15795.1,sectors\chemicals.csv
446,Bharat Coking Coal Ltd.,BHARATCOAL,Industrials Gases & Fuels,Industrial  Gases & Fuels,15689.43,sectors\industrialsgasesfuels.csv
447,Aditya Birla Real Estate Ltd.,ABREL,Realty,Construction - Real Estate,15651.36,sectors\realty.csv
448,BEML Ltd.,BEML,Capital Goods,Construction Vehicles,15596.7,sectors\capitalgoods.csv
449,Arvind Ltd.,ARVIND,Textile,Textile,15553.92,sectors\textile.csv
450,Welspun Living Ltd.,WELSPUNLIV,Textile,Textile,15503.39,sectors\textile.csv
451,Shaily Engineering Plastics Ltd.,SHAILY,Plastic Products,Plastic Products,15489.82,sectors\plasticproducts.csv
452,CIE Automotive India Ltd.,CIEINDIA,Automobile & Ancillaries,Auto Ancillary,15470.4,sectors\automobileancillaries.csv
453,Bikaji Foods International Ltd.,BIKAJI,Fast Moving Consumer Goods,Consumer Food,15376.41,sectors\fastmovingconsumergoods.csv
454,Paradeep Phosphates Ltd.,PARADEEP,Chemicals,Fertilizers,15349.35,sectors\chemicals.csv
455,Niva Bupa Health Insurance Company Ltd.,NIVABUPA,Finance,Insurance,15309.81,sectors\finance.csv
456,Maharashtra Scooters Ltd.,MAHSCOOTER,Finance,Finance - Investment,15247.31,sectors\finance.csv
457,Vijaya Diagnostic Centre Ltd.,VIJAYA,Healthcare,Hospital & Healthcare Services,15190.62,sectors\healthcare.csv
458,CCL Products (India) Ltd.,CCL,Agriculture,Tea/Coffee,15164.1,sectors\agriculture.csv
459,Kirloskar Brothers Ltd.,KIRLOSBROS,Capital Goods,Compressors / Pumps,15157.18,sectors\capitalgoods.csv
460,Concord Biotech Ltd.,CONCORDBIO,Healthcare,Pharmaceuticals & Drugs,15128.55,sectors\healthcare.csv
461,Marksans Pharma Ltd.,MARKSANS,Healthcare,Pharmaceuticals & Drugs,15090.35,sectors\healthcare.csv
462,International Gemological Institute Ltd.,IGIL,Other,Business Support,14952.73,sectors\other.csv
463,Ceat Ltd.,CEATLTD,Automobile & Ancillaries,Tyres & Allied,14919.01,sectors\automobileancillaries.csv
464,Usha Martin Ltd.,USHAMART,Iron & Steel,Steel & Iron Products,14872.93,sectors\ironsteel.csv
465,Rainbow Children's Medicare Ltd.,RAINBOW,Healthcare,Hospital & Healthcare Services,14871.39,sectors\healthcare.csv
466,Shadowfax Technologies Ltd.,SHADOWFAX,Logistics,Logistics,14769.61,sectors\logistics.csv
467,JBM Auto Ltd.,JBMA,Automobile & Ancillaries,Auto Ancillary,14738.32,sectors\automobileancillaries.csv
468,Clean Max Enviro Energy Solutions Ltd.,CLEANMAX,Power,Power Generation/Distribution,14673.91,sectors\power.csv
469,Apollo Micro Systems Ltd.,APOLLO,Capital Goods,Aerospace & Defense,14587.14,sectors\capitalgoods.csv
470,LT Foods Ltd.,LTFOODS,Fast Moving Consumer Goods,Consumer Food,14570.73,sectors\fastmovingconsumergoods.csv
471,Ingersoll-Rand (India) Ltd.,INGERRAND,Capital Goods,Compressors / Pumps,14544.48,sectors\capitalgoods.csv
472,Vedanta Oil and Gas Ltd.,VOGL,Non - Ferrous Metals,Metal - Non Ferrous,14527.09,sectors\nonferrousmetals.csv
473,JSW Dulux Ltd.,JSWDULUX,Chemicals,Paints,14430.36,sectors\chemicals.csv
474,Vedanta Iron And Steel Ltd.,VISL,Iron & Steel,Steel & Iron Products,14421.51,sectors\ironsteel.csv
475,Fractal Analytics Ltd.,FRACTAL,Information Technology,IT - Software,14341.89,sectors\informationtechnology.csv
476,Juniper Green Energy Ltd.,JNPR,Power,Power Generation/Distribution,14310.31,sectors\power.csv
477,Vedanta Power Ltd.,VEDPOWER,Power,Power Generation/Distribution,14280.74,sectors\power.csv
478,V-Guard Industries Ltd.,VGUARD,Capital Goods,Electric Equipment,14276.2,sectors\capitalgoods.csv
479,Sobha Ltd.,SOBHA,Realty,Construction - Real Estate,14210.96,sectors\realty.csv
480,Black Box Ltd.,BBOX,Telecom,Telecommunication - Equipment,14151.99,sectors\telecom.csv
481,Ujjivan Small Finance Bank Ltd.,UJJIVANSFB,Banking,Bank - Private,14113.28,sectors\banking.csv
482,Canara HSBC Life Insurance Company Ltd.,CANHLIFE,Finance,Insurance,14112.25,sectors\finance.csv
483,Graphite India Ltd.,GRAPHITE,Capital Goods,Electrodes & Welding Equipment,14100.26,sectors\capitalgoods.csv
484,Tilaknagar Industries Ltd.,TI,Alcohol,Breweries & Distilleries,14070.13,sectors\alcohol.csv
485,Gallantt Ispat Ltd.,GALLANTT,Iron & Steel,Steel & Iron Products,14005.15,sectors\ironsteel.csv
486,Sedemac Mechatronics Ltd.,SEDEMAC,Telecom,Telecommunication - Equipment,13972.68,sectors\telecom.csv
487,KSB Ltd.,KSB,Capital Goods,Compressors / Pumps,13941.41,sectors\capitalgoods.csv
488,Lloyds Engineering Works Ltd.,LLOYDSENGG,Capital Goods,Engineering - Industrial Equipments,13848.17,sectors\capitalgoods.csv
489,Vinati Organics Ltd.,VINATIORGA,Chemicals,Chemicals,13837.29,sectors\chemicals.csv
490,Lumax Auto Technologies Ltd.,LUMAXTECH,Automobile & Ancillaries,Auto Ancillary,13800.57,sectors\automobileancillaries.csv
491,E.I.D. - Parry (India) Ltd.,EIDPARRY,Agriculture,Sugar,13794.24,sectors\agriculture.csv
492,Jubilant Pharmova Ltd.,JUBLPHARMA,Healthcare,Pharmaceuticals & Drugs,13769.06,sectors\healthcare.csv
493,Anupam Rasayan India Ltd.,ANURAS,Chemicals,Chemicals,13763.88,sectors\chemicals.csv
494,Engineers India Ltd.,ENGINERSIN,Infrastructure,Engineering - Construction,13699.78,sectors\infrastructure.csv
495,Nazara Technologies Ltd.,NAZARA,Information Technology,IT - Software,13685.56,sectors\informationtechnology.csv
496,Supreme Petrochem Ltd.,SPLPETRO,Crude Oil,Petrochemicals,13660.26,sectors\crudeoil.csv
497,E2E Networks Ltd.,E2E,Information Technology,IT - Software,13646.43,sectors\informationtechnology.csv
498,Shipping Corporation Of India Ltd.,SCI,Logistics,Shipping,13610.65,sectors\logistics.csv
499,Privi Speciality Chemicals Ltd.,PRIVISCL,Chemicals,Chemicals,13607.69,sectors\chemicals.csv
500,HEG Ltd.,HEG,Capital Goods,Electrodes & Welding Equipment,13521.94,sectors\capitalgoods.csv
501,Ventive Hospitality Ltd.,VENTIVE,Hospitality,"Hotel, Resort & Restaurants",13519.72,sectors\hospitality.csv
502,CarTrade Tech Ltd.,CARTRADE,Information Technology,e-Commerce,13517.16,sectors\informationtechnology.csv
503,Prudent Corporate Advisory Services Ltd.,PRUDENT,Finance,Finance - Others,13479.32,sectors\finance.csv
504,DOMS Industries Ltd.,DOMS,Fast Moving Consumer Goods,Printing & Stationery,13444.59,sectors\fastmovingconsumergoods.csv
505,Tamilnad Mercantile Bank Ltd.,TMB,Banking,Bank - Private,13435.33,sectors\banking.csv
506,Amagi Media Labs Ltd.,AMAGI,Information Technology,IT - Software,13383,sectors\informationtechnology.csv
507,Indegene Ltd.,INDGN,Other,Business Support,13364,sectors\other.csv
508,Ramkrishna Forgings Ltd.,RKFORGE,Automobile & Ancillaries,Forgings,13341.22,sectors\automobileancillaries.csv
509,SKF India (Industrial) Ltd.,SKFINDUS,Automobile & Ancillaries,Bearings,13281.01,sectors\automobileancillaries.csv
510,Gravita India Ltd.,GRAVITA,Non - Ferrous Metals,Metal - Non Ferrous,13238.28,sectors\nonferrousmetals.csv
511,Balrampur Chini Mills Ltd.,BALRAMCHIN,Agriculture,Sugar,13214.58,sectors\agriculture.csv
512,JSW Holdings Ltd.,JSWHL,Finance,Finance - Investment,13142.62,sectors\finance.csv
513,CORONA Remedies Ltd.,CORONA,Healthcare,Pharmaceuticals & Drugs,13113.03,sectors\healthcare.csv
514,NMDC Steel Ltd.,NSLNISP,Iron & Steel,Steel & Iron Products,13038.27,sectors\ironsteel.csv
515,Fujiyama Power Systems Ltd.,UTLSOLAR,Electricals,Electronics - Components,13008.03,sectors\electricals.csv
516,Avalon Technologies Ltd.,AVALON,Electricals,Electronics - Components,12984.2,sectors\electricals.csv
517,Varroc Engineering Ltd.,VARROC,Automobile & Ancillaries,Auto Ancillary,12963.93,sectors\automobileancillaries.csv
518,Action Construction Equipment Ltd.,ACE,Capital Goods,Construction Vehicles,12930.05,sectors\capitalgoods.csv
519,Bluestone Jewellery And Lifestyle Ltd.,BLUESTONE,Diamond & Jewellery,Diamond  &  Jewellery,12918.02,sectors\diamondjewellery.csv
520,Atlanta Electricals Ltd.,ATLANTAELE,Capital Goods,Electric Equipment,12902.1,sectors\capitalgoods.csv
521,Swan Defence and Heavy Industries Ltd.,SWANDEF,Ship Building,Ship Building,12846.28,sectors\shipbuilding.csv
522,Vedant Fashions Ltd.,MANYAVAR,Textile,Textile,12821.96,sectors\textile.csv
523,Tega Industries Ltd.,TEGA,Capital Goods,Engineering - Industrial Equipments,12804.39,sectors\capitalgoods.csv
524,Inox Wind Ltd.,INOXWIND,Capital Goods,Electric Equipment,12737.11,sectors\capitalgoods.csv
525,ASK Automotive Ltd.,ASKAUTOLTD,Automobile & Ancillaries,Auto Ancillary,12711.75,sectors\automobileancillaries.csv
526,Aptus Value Housing Finance India Ltd.,APTUS,Finance,Finance - Housing,12540.48,sectors\finance.csv
527,Sigma Advanced Systems Ltd.,SIGMAADV,Capital Goods,Aerospace & Defense,12531.51,sectors\capitalgoods.csv
528,Sudeep Pharma Ltd.,SUDEEPPHRM,Healthcare,Pharmaceuticals & Drugs,12509.06,sectors\healthcare.csv
529,Trident Ltd.,TRIDENT,Textile,Textile - Spinning,12398.46,sectors\textile.csv
530,Home First Finance Company India Ltd.,HOMEFIRST,Finance,Finance - Housing,12286.9,sectors\finance.csv
531,Blue Dart Express Ltd.,BLUEDART,Logistics,Courier  Services,12208.62,sectors\logistics.csv
532,PCBL Chemical Ltd.,PCBL,Chemicals,Carbon Black,12193.41,sectors\chemicals.csv
533,Park Medi World Ltd.,PARKHOSPS,Healthcare,Hospital & Healthcare Services,12148.06,sectors\healthcare.csv
534,JM Financial Ltd.,JMFINANCIL,Finance,Finance - Investment,12100.76,sectors\finance.csv
535,The South Indian Bank Ltd.,SOUTHBANK,Banking,Bank - Private,11986.06,sectors\banking.csv
536,Sky Gold and Diamonds Ltd.,SKYGOLD,Diamond & Jewellery,Diamond  &  Jewellery,11972.53,sectors\diamondjewellery.csv
537,Jaiprakash Power Ventures Ltd.,JPPOWER,Power,Power Generation/Distribution,11911.31,sectors\power.csv
538,VA Tech Wabag Ltd.,WABAG,Other,Environmental Services,11882.41,sectors\other.csv
539,Nuvoco Vistas Corporation Ltd.,NUVOCO,Construction Materials,Cement & Construction Materials,11834.37,sectors\constructionmaterials.csv
540,RRP Semiconductor Ltd.,RRP,Trading,Trading,11758.19,sectors\trading.csv
541,Jubilant Ingrevia Ltd.,JUBLINGREA,Chemicals,Chemicals,11754.95,sectors\chemicals.csv
542,Ircon International Ltd.,IRCON,Infrastructure,Engineering - Construction,11742.34,sectors\infrastructure.csv
543,Avanti Feeds Ltd.,AVANTIFEED,Fast Moving Consumer Goods,Animal Feed,11725.3,sectors\fastmovingconsumergoods.csv
544,KEC International Ltd.,KEC,Infrastructure,Engineering - Construction,11710.14,sectors\infrastructure.csv
545,The Karnataka Bank Ltd.,KTKBANK,Banking,Bank - Private,11710.06,sectors\banking.csv
546,Lloyds Enterprises Ltd.,LLOYDSENT,Trading,Trading,11685.76,sectors\trading.csv
547,UTI Asset Management Company Ltd.,UTIAMC,Finance,Finance - Asset Management,11671.33,sectors\finance.csv
548,The India Cements Ltd.,INDIACEM,Construction Materials,Cement & Construction Materials,11627.34,sectors\constructionmaterials.csv
549,Edelweiss Financial Services Ltd.,EDELWEISS,Finance,Finance - NBFC,11547.69,sectors\finance.csv
550,PVR Inox Ltd.,PVRINOX,Media & Entertainment,"Film Production, Distribution & Entertainment",11523.27,sectors\mediaentertainment.csv
551,BLS International Services Ltd.,BLS,Hospitality,Travel Services,11450.51,sectors\hospitality.csv
552,Akums Drugs & Pharmaceuticals Ltd.,AKUMS,Healthcare,Pharmaceuticals & Drugs,11446.48,sectors\healthcare.csv
553,Pearl Global Industries Ltd.,PGIL,Textile,Textile,11442.09,sectors\textile.csv
554,Signatureglobal (India) Ltd.,SIGNATURE,Realty,Construction - Real Estate,11407.53,sectors\realty.csv
555,Metropolis Healthcare Ltd.,METROPOLIS,Healthcare,Hospital & Healthcare Services,11311.95,sectors\healthcare.csv
556,Techno Electric & Engineering Company Ltd.,TECHNOE,Infrastructure,Engineering - Construction,11270.01,sectors\infrastructure.csv
557,Mahanagar Gas Ltd.,MGL,Gas Transmission,Gas Transmission/Marketing,11260.67,sectors\gastransmission.csv
558,Viyash Scientific Ltd.,VIYASH,Healthcare,Pharmaceuticals & Drugs,11244.04,sectors\healthcare.csv
559,Titagarh Rail Systems Ltd.,TITAGARH,Automobile & Ancillaries,Railways Wagons/Coaches,11210.92,sectors\automobileancillaries.csv
560,Zensar Technologies Ltd.,ZENSARTECH,Information Technology,IT - Software,11171.81,sectors\informationtechnology.csv
561,RateGain Travel Technologies Ltd.,RATEGAIN,Information Technology,IT - Software,11158.62,sectors\informationtechnology.csv
562,Godrej Agrovet Ltd.,GODREJAGRO,Fast Moving Consumer Goods,Animal Feed,11138.6,sectors\fastmovingconsumergoods.csv
563,Paras Defence And Space Technologies Ltd.,PARAS,Capital Goods,Aerospace & Defense,11105.74,sectors\capitalgoods.csv
564,Indian Energy Exchange Ltd.,IEX,Power,Power Generation/Distribution,11079.28,sectors\power.csv
565,JK Tyre & Industries Ltd.,JKTYRE,Automobile & Ancillaries,Tyres & Allied,11077.52,sectors\automobileancillaries.csv
566,Aavas Financiers Ltd.,AAVAS,Finance,Finance - Housing,11067.7,sectors\finance.csv
567,Blue Jet Healthcare Ltd.,BLUEJET,Healthcare,Pharmaceuticals & Drugs,11055.59,sectors\healthcare.csv
568,Manorama Industries Ltd.,MANORAMA,Fast Moving Consumer Goods,Consumer Food,10976.98,sectors\fastmovingconsumergoods.csv
569,Jupiter Wagons Ltd.,JWL,Automobile & Ancillaries,Railways Wagons/Coaches,10959.91,sectors\automobileancillaries.csv
570,Can Fin Homes Ltd.,CANFINHOME,Finance,Finance - Housing,10910.69,sectors\finance.csv
571,Aditya Birla Lifestyle Brands Ltd.,ABLBL,Retailing,Retailing,10838.23,sectors\retailing.csv
572,Olectra Greentech Ltd.,OLECTRA,Automobile & Ancillaries,Automobiles-Trucks/Lcv,10817.83,sectors\automobileancillaries.csv
573,Indiamart Intermesh Ltd.,INDIAMART,Information Technology,e-Commerce,10760.81,sectors\informationtechnology.csv
574,Brainbees Solutions Ltd.,FIRSTCRY,Information Technology,e-Commerce,10760.24,sectors\informationtechnology.csv
575,Healthcare Global Enterprises Ltd.,HCG,Healthcare,Hospital & Healthcare Services,10658.68,sectors\healthcare.csv
576,Rites Ltd.,RITES,Other,Engineering Consultancy,10630.96,sectors\other.csv
577,Shreeji Shipping Global Ltd.,SHREEJISPG,Logistics,Shipping,10552.22,sectors\logistics.csv
578,IIFL Capital Services Ltd.,IIFLCAPS,Finance,Finance - Stock Broking,10539.72,sectors\finance.csv
579,SBFC Finance Ltd.,SBFC,Finance,Finance - NBFC,10413.82,sectors\finance.csv
580,BlackBuck Ltd.,BLACKBUCK,Logistics,Logistics,10390.75,sectors\logistics.csv
581,Jupiter Life Line Hospitals Ltd.,JLHL,Healthcare,Hospital & Healthcare Services,10365.99,sectors\healthcare.csv
582,Voltamp Transformers Ltd.,VOLTAMP,Capital Goods,Electric Equipment,10248.34,sectors\capitalgoods.csv
583,Bombay Burmah Trading Corporation Ltd.,BBTC,Automobile & Ancillaries,Auto Ancillary,10240.77,sectors\automobileancillaries.csv
584,Sanofi Consumer Healthcare India Ltd.,SANOFICONR,Healthcare,Pharmaceuticals & Drugs,10235.84,sectors\healthcare.csv
585,Saregama India Ltd.,SAREGAMA,Media & Entertainment,"Film Production, Distribution & Entertainment",10161.06,sectors\mediaentertainment.csv
586,Jain Resource Recycling Ltd.,JAINREC,Non - Ferrous Metals,Metal - Non Ferrous,10135.17,sectors\nonferrousmetals.csv
587,Thyrocare Technologies Ltd.,THYROCARE,Healthcare,Hospital & Healthcare Services,9928.73,sectors\healthcare.csv
588,Kirloskar Pneumatic Company Ltd.,KIRLPNU,Capital Goods,Compressors / Pumps,9906.56,sectors\capitalgoods.csv
589,Whirlpool Of India Ltd.,WHIRLPOOL,Consumer Durables,Consumer Durables - Domestic Appliances,9884.58,sectors\consumerdurables.csv
590,Afcons Infrastructure Ltd.,AFCONS,Infrastructure,Engineering - Construction,9884.21,sectors\infrastructure.csv
591,Finolex Industries Ltd.,FINPIPE,Plastic Products,Plastic Products,9881.09,sectors\plasticproducts.csv
592,Relaxo Footwears Ltd.,RELAXO,Retailing,Footwear,9866.68,sectors\retailing.csv
593,Procter & Gamble Health Ltd.,PGHL,Healthcare,Pharmaceuticals & Drugs,9849.58,sectors\healthcare.csv
594,Zee Entertainment Enterprises Ltd.,ZEEL,Media & Entertainment,TV Broadcasting & Software Production,9816.51,sectors\mediaentertainment.csv
595,Intellect Design Arena Ltd.,INTELLECT,Information Technology,IT - Software,9815.16,sectors\informationtechnology.csv
596,Wework India Management Ltd.,WEWORK,Miscellaneous,Miscellaneous,9809.42,sectors\miscellaneous.csv
597,Alkyl Amines Chemicals Ltd.,ALKYLAMINE,Chemicals,Chemicals,9792.19,sectors\chemicals.csv
598,Bata India Ltd.,BATAINDIA,Retailing,Footwear,9709.61,sectors\retailing.csv
599,Elecon Engineering Company Ltd.,ELECON,Capital Goods,Engineering - Industrial Equipments,9705.3,sectors\capitalgoods.csv
600,Quality Power Electrical Equipments Ltd.,QPOWER,Capital Goods,Electric Equipment,9684.38,sectors\capitalgoods.csv
601,Suven Life Sciences Ltd.,SUVEN,Healthcare,Pharmaceuticals & Drugs,9673.53,sectors\healthcare.csv
602,MMTC Ltd.,MMTC,Trading,Trading,9648,sectors\trading.csv
603,Pricol Ltd.,PRICOLLTD,Automobile & Ancillaries,Auto Ancillary,9640.22,sectors\automobileancillaries.csv
604,Sandur Manganese & Iron Ores Ltd.,SANDUMA,Mining,Mining & Minerals,9632.17,sectors\mining.csv
605,KRN Heat Exchanger And Refrigeration Ltd.,KRN,Capital Goods,Engineering - Industrial Equipments,9613.89,sectors\capitalgoods.csv
606,Esab India Ltd.,ESABINDIA,Capital Goods,Electrodes & Welding Equipment,9596.24,sectors\capitalgoods.csv
607,Tejas Networks Ltd.,TEJASNET,Telecom,Telecommunication - Equipment,9567.88,sectors\telecom.csv
608,Time Technoplast Ltd.,TIMETECHNO,Plastic Products,Plastic Products,9551.84,sectors\plasticproducts.csv
609,Swan Corp Ltd.,SWANCORP,Textile,Textile,9535.36,sectors\textile.csv
610,Reliance Power Ltd.,RPOWER,Power,Power Generation/Distribution,9508.14,sectors\power.csv
611,Genus Power Infrastructures Ltd.,GENUSPOWER,Capital Goods,Electric Equipment,9425.44,sectors\capitalgoods.csv
612,PC Jeweller Ltd.,PCJEWELLER,Diamond & Jewellery,Diamond  &  Jewellery,9410.81,sectors\diamondjewellery.csv
613,Elantas Beck India Ltd.,ELANTAS,Chemicals,Chemicals,9354.51,sectors\chemicals.csv
614,Waaree Renewable Technologies Ltd.,WAAREERTL,Infrastructure,Engineering - Construction,9313.76,sectors\infrastructure.csv
615,SG Mart Ltd.,SGMART,Trading,Trading,9288.16,sectors\trading.csv
616,TSF Investments Ltd.,TSFINV,Finance,Finance - Investment,9227.3,sectors\finance.csv
617,Sonata Software Ltd.,SONATSOFTW,Information Technology,IT - Software,9140.45,sectors\informationtechnology.csv
618,Westlife Foodworld Ltd,WESTLIFE,Hospitality,Restaurants,9084.06,sectors\hospitality.csv
619,Cyient Ltd.,CYIENT,Information Technology,IT - Software,9076.32,sectors\informationtechnology.csv
620,Railtel Corporation Of India Ltd.,RAILTEL,Telecom,Telecommunication - Service  Provider,9053.67,sectors\telecom.csv
621,PN Gadgil Jewellers Ltd.,PNGJL,Diamond & Jewellery,Diamond  &  Jewellery,8983.77,sectors\diamondjewellery.csv
622,Transformers & Rectifiers (India) Ltd.,TARIL,Capital Goods,Electric Equipment,8940.44,sectors\capitalgoods.csv
623,Strides Pharma Science Ltd.,STAR,Healthcare,Pharmaceuticals & Drugs,8922.78,sectors\healthcare.csv
624,Sudarshan Chemical Industries Ltd.,SUDARSCHEM,Chemicals,Dyes & Pigments,8888.19,sectors\chemicals.csv
625,Galaxy Surfactants Ltd.,GALAXYSURF,Fast Moving Consumer Goods,Household & Personal Products,8883.54,sectors\fastmovingconsumergoods.csv
626,Banco Products (India) Ltd.,BANCOINDIA,Automobile & Ancillaries,Auto Ancillary,8849,sectors\automobileancillaries.csv
627,KRBL Ltd.,KRBL,Fast Moving Consumer Goods,Consumer Food,8844.31,sectors\fastmovingconsumergoods.csv
628,NCC Ltd.,NCC,Infrastructure,Engineering - Construction,8833.8,sectors\infrastructure.csv
629,Vesuvius India Ltd.,VESUVIUS,Capital Goods,Refractories,8772.98,sectors\capitalgoods.csv
630,Clean Science And Technology Ltd.,CLEAN,Chemicals,Chemicals,8728.45,sectors\chemicals.csv
631,Birlasoft Ltd.,BSOFT,Information Technology,IT - Software,8717.92,sectors\informationtechnology.csv
632,Lemon Tree Hotels Ltd.,LEMONTREE,Hospitality,"Hotel, Resort & Restaurants",8627.56,sectors\hospitality.csv
633,Jayaswal Neco Industries Ltd.,JAYNECOIND,Iron & Steel,Steel & Iron Products,8591.39,sectors\ironsteel.csv
634,Embassy Developments Ltd.,EMBDL,Realty,Construction - Real Estate,8581.6,sectors\realty.csv
635,Eureka Forbes Ltd.,EUREKAFORB,Consumer Durables,Consumer Durables - Domestic Appliances,8578.16,sectors\consumerdurables.csv
636,Tips Music Ltd.,TIPSMUSIC,Media & Entertainment,"Film Production, Distribution & Entertainment",8567.91,sectors\mediaentertainment.csv
637,Equitas Small Finance Bank Ltd.,EQUITASBNK,Banking,Bank - Private,8520.01,sectors\banking.csv
638,Borosil Renewables Ltd.,BORORENEW,Construction Materials,Glass,8486.61,sectors\constructionmaterials.csv
639,Kwality Wall's (India) Ltd.,KWIL,Fast Moving Consumer Goods,Consumer Food,8451.48,sectors\fastmovingconsumergoods.csv
640,GR Infraprojects Ltd.,GRINFRA,Infrastructure,Engineering - Construction,8434.62,sectors\infrastructure.csv
641,Sri Lotus Developers And Realty Ltd.,LOTUSDEV,Realty,Construction - Real Estate,8420.71,sectors\realty.csv
642,Precision Wires India Ltd.,PRECWIRE,Electricals,Cable,8356.99,sectors\electricals.csv
643,Gujarat Narmada Valley Fertilizers & Chemicals Ltd,GNFC,Chemicals,Chemicals,8352.84,sectors\chemicals.csv
644,Cello World Ltd.,CELLO,Trading,Trading,8341.72,sectors\trading.csv
645,Maharashtra Seamless Ltd.,MAHSEAMLES,Iron & Steel,Steel & Iron Products,8212.14,sectors\ironsteel.csv
646,Mahindra Lifespace Developers Ltd.,MAHLIFE,Realty,Construction - Real Estate,8211.69,sectors\realty.csv
647,TTK Prestige Ltd.,TTKPRESTIG,Consumer Durables,Consumer Durables - Domestic Appliances,8168.68,sectors\consumerdurables.csv
648,Yatharth Hospital & Trauma Care Services Ltd.,YATHARTH,Healthcare,Hospital & Healthcare Services,8141.94,sectors\healthcare.csv
649,SJS Enterprises Ltd.,SJS,Automobile & Ancillaries,Auto Ancillary,8133.49,sectors\automobileancillaries.csv
650,Religare Enterprises Ltd.,RELIGARE,Finance,Finance - Investment,8087.45,sectors\finance.csv
651,Star Cement Ltd.,STARCEMENT,Construction Materials,Cement & Construction Materials,8077.55,sectors\constructionmaterials.csv
652,Aditya Vision Ltd.,AVL,Retailing,Retailing,8056.92,sectors\retailing.csv
653,Medplus Health Services Ltd.,MEDPLUS,Retailing,Retailing,8034.17,sectors\retailing.csv
654,Gujarat Ambuja Exports Ltd.,GAEL,Agriculture,Solvent  Extraction,7928.12,sectors\agriculture.csv
655,Kingfa Science & Technology (India) Ltd.,KINGFA,Plastic Products,Plastic Products,7906.89,sectors\plasticproducts.csv
656,V2 Retail Ltd.,V2RETAIL,Retailing,Retailing,7890.76,sectors\retailing.csv
657,Kama Holdings Ltd.,KAMAHOLD,Finance,Finance - Investment,7886.9,sectors\finance.csv
658,RHI Magnesita India Ltd.,RHIM,Capital Goods,Refractories,7848.09,sectors\capitalgoods.csv
659,EPL Ltd.,EPL,Fast Moving Consumer Goods,Packaging,7842.89,sectors\fastmovingconsumergoods.csv
660,Mishra Dhatu Nigam Ltd.,MIDHANI,Iron & Steel,Steel & Iron Products,7810.2,sectors\ironsteel.csv
661,SKF India Ltd.,SKFINDIA,Automobile & Ancillaries,Bearings,7774.37,sectors\automobileancillaries.csv
662,Welspun Enterprises Ltd.,WELENT,Infrastructure,Engineering - Construction,7773.32,sectors\infrastructure.csv
663,Unimech Aerospace and Manufacturing Ltd.,UNIMECH,Capital Goods,Aerospace & Defense,7753.9,sectors\capitalgoods.csv
664,Power Mech Projects Ltd.,POWERMECH,Infrastructure,Engineering - Construction,7751.52,sectors\infrastructure.csv
665,Aarti Pharmalabs Ltd.,AARTIPHARM,Healthcare,Pharmaceuticals & Drugs,7727.28,sectors\healthcare.csv
666,Tanla Platforms Ltd.,TANLA,Information Technology,IT - Software,7720.63,sectors\informationtechnology.csv
667,Kennametal India Ltd.,KENNAMET,Capital Goods,Engineering - Industrial Equipments,7713.15,sectors\capitalgoods.csv
668,Le Travenues Technology Ltd.,IXIGO,Hospitality,Travel Services,7676.38,sectors\hospitality.csv
669,Gujarat Pipavav Port Ltd.,GPPL,Logistics,Port,7664.94,sectors\logistics.csv
670,Sheela Foam Ltd.,SFL,Fast Moving Consumer Goods,Household & Personal Products,7643.69,sectors\fastmovingconsumergoods.csv
671,Newgen Software Technologies Ltd.,NEWGEN,Information Technology,IT - Software,7625.71,sectors\informationtechnology.csv
672,Dynamatic Technologies Ltd.,DYNAMATECH,Capital Goods,Compressors / Pumps,7609.95,sectors\capitalgoods.csv
673,Cera Sanitaryware Ltd.,CERA,Construction Materials,Ceramics/Marble/Granite/Sanitaryware,7605.55,sectors\constructionmaterials.csv
674,GMR Power and Urban Infra Ltd.,GMRP&UI,Power,Power Generation/Distribution,7585.24,sectors\power.csv
675,Indian Metals & Ferro Alloys Ltd.,IMFA,Ferro Manganese,Ferro & Silica Manganese,7581.9,sectors\ferromanganese.csv
676,Tata Teleservices (Maharashtra) Ltd.,TTML,Telecom,Telecommunication - Service  Provider,7546.02,sectors\telecom.csv
677,Sapphire Foods India Ltd.,SAPPHIRE,Fast Moving Consumer Goods,Consumer Food,7544.46,sectors\fastmovingconsumergoods.csv
678,Orkla India Ltd.,ORKLAINDIA,Fast Moving Consumer Goods,Consumer Food,7524.82,sectors\fastmovingconsumergoods.csv
679,Indo Count Industries Ltd.,ICIL,Textile,Textile,7523.09,sectors\textile.csv
680,Tanfac Industries Ltd.,TANFACIND,Chemicals,Chemicals,7517.61,sectors\chemicals.csv
681,Sanofi India Ltd.,SANOFI,Healthcare,Pharmaceuticals & Drugs,7476.66,sectors\healthcare.csv
682,Inox Green Energy Services Ltd.,INOXGREEN,Infrastructure,Engineering - Construction,7475.78,sectors\infrastructure.csv
683,SML Mahindra Ltd.,SMLMAH,Automobile & Ancillaries,Automobiles-Trucks/Lcv,7431.84,sectors\automobileancillaries.csv
684,Madhya Bharat Agro Products Ltd.,MBAPL,Chemicals,Fertilizers,7380.82,sectors\chemicals.csv
685,Mrs. Bectors Food Specialities Ltd.,BECTORFOOD,Fast Moving Consumer Goods,Consumer Food,7376.98,sectors\fastmovingconsumergoods.csv
686,Ethos Ltd.,ETHOSLTD,Retailing,Retailing,7359.03,sectors\retailing.csv
687,Garware Technical Fibres Ltd.,GARFIBRES,Textile,Textile,7348.53,sectors\textile.csv
688,Safari Industries (India) Ltd.,SAFARI,Fast Moving Consumer Goods,Household & Personal Products,7335.63,sectors\fastmovingconsumergoods.csv
689,Jyothy Labs Ltd.,JYOTHYLAB,Fast Moving Consumer Goods,Household & Personal Products,7320.42,sectors\fastmovingconsumergoods.csv
690,Nesco Ltd.,NESCO,Other,Business Support,7320.09,sectors\other.csv
691,Electronics Mart India Ltd.,EMIL,Retailing,Retailing,7300.61,sectors\retailing.csv
692,India Shelter Finance Corporation Ltd.,INDIASHLTR,Finance,Finance - Housing,7299.14,sectors\finance.csv
693,Max Estates Ltd.,MAXESTATES,Realty,Construction - Real Estate,7241.02,sectors\realty.csv
694,Suprajit Engineering Ltd.,SUPRAJIT,Automobile & Ancillaries,Auto Ancillary,7199.86,sectors\automobileancillaries.csv
695,Hindustan Foods Ltd.,HNDFDS,Diversified,Diversified,7171.01,sectors\diversified.csv
696,Omnitech Engineering Ltd.,OMNI,Capital Goods,Engineering - Industrial Equipments,7144.8,sectors\capitalgoods.csv
697,Kirloskar Ferrous Industries Ltd.,KIRLFER,Iron & Steel,Steel & Iron Products,7118.6,sectors\ironsteel.csv
698,Sharda Cropchem Ltd.,SHARDACROP,Chemicals,Pesticides & Agrochemicals,7102.61,sectors\chemicals.csv
699,India Glycols Ltd.,INDIAGLYCO,Alcohol,Breweries & Distilleries,7093.78,sectors\alcohol.csv
700,Bengal & Assam Company Ltd.,BENGALASM,Finance,Finance - NBFC,7071.39,sectors\finance.csv
701,ASM Technologies Ltd.,ASMTEC,Information Technology,IT - Software,7056.14,sectors\informationtechnology.csv
702,Restaurant Brands Asia Ltd.,RBA,Hospitality,Restaurants,7053.13,sectors\hospitality.csv
703,Rain Industries Ltd.,RAIN,Crude Oil,Petrochemicals,7031.31,sectors\crudeoil.csv
704,Transport Corporation Of India Ltd.,TCI,Logistics,Logistics,7013.15,sectors\logistics.csv
705,Technocraft Industries (India) Ltd.,TIIL,Iron & Steel,Steel & Iron Products,7006.91,sectors\ironsteel.csv
706,Nephrocare Health Services Ltd.,NEPHROPLUS,Healthcare,Hospital & Healthcare Services,7003.43,sectors\healthcare.csv
707,Birla Corporation Ltd.,BIRLACORPN,Construction Materials,Cement & Construction Materials,6973.22,sectors\constructionmaterials.csv
708,KSH International Ltd.,KSHINTL,Capital Goods,Electric Equipment,6968.67,sectors\capitalgoods.csv
709,Powerica Ltd.,POWERICA,Capital Goods,Electric Equipment,6945.8,sectors\capitalgoods.csv
710,Knowledge Marine & Engineering Works Ltd.,KMEW,Ship Building,Ship Building,6928.26,sectors\shipbuilding.csv
711,Ganesh Housing Ltd.,GANESHHOU,Realty,Construction - Real Estate,6907.37,sectors\realty.csv
712,Balaji Amines Ltd.,BALAMINES,Chemicals,Chemicals,6899.95,sectors\chemicals.csv
713,JK Paper Ltd.,JKPAPER,Paper,Paper & Paper Products,6884.67,sectors\paper.csv
714,Rashtriya Chemicals and Fertilizers Ltd.,RCF,Chemicals,Fertilizers,6846.45,sectors\chemicals.csv
715,Gokul Agro Resources Ltd.,GOKULAGRO,Fast Moving Consumer Goods,Edible Oil,6838.63,sectors\fastmovingconsumergoods.csv
716,Aditya Birla Fashion and Retail Ltd.,ABFRL,Retailing,Retailing,6833.79,sectors\retailing.csv
717,JK Lakshmi Cement Ltd.,JKLAKSHMI,Construction Materials,Cement & Construction Materials,6814.91,sectors\constructionmaterials.csv
718,Senores Pharmaceuticals Ltd.,SENORES,Healthcare,Pharmaceuticals & Drugs,6803.04,sectors\healthcare.csv
719,Redtape Ltd.,REDTAPE,Retailing,Footwear,6755.31,sectors\retailing.csv
720,Dilip Buildcon Ltd.,DBL,Infrastructure,Engineering - Construction,6697.6,sectors\infrastructure.csv
721,Dodla Dairy Ltd,DODLA,Fast Moving Consumer Goods,Consumer Food,6690.66,sectors\fastmovingconsumergoods.csv
722,Campus Activewear Ltd.,CAMPUS,Retailing,Footwear,6676.05,sectors\retailing.csv
723,Ajax Engineering Ltd.,AJAXENGG,Capital Goods,Engineering - Industrial Equipments,6650.47,sectors\capitalgoods.csv
724,Kovai Medical Center & Hospital Ltd.,KOVAI,Healthcare,Hospital & Healthcare Services,6619.74,sectors\healthcare.csv
725,Seshaasai Technologies Ltd.,STYL,Information Technology,Fintech,6612.2,sectors\informationtechnology.csv
726,Raghav Productivity Enhancers Ltd.,RPEL,Capital Goods,Refractories,6603.35,sectors\capitalgoods.csv
727,Mrugesh Trading Ltd.,MRUTR,Finance,Finance - Investment,6552.62,sectors\finance.csv
728,Bajaj Consumer Care Ltd.,BAJAJCON,Fast Moving Consumer Goods,Household & Personal Products,6542.67,sectors\fastmovingconsumergoods.csv
729,Jeena Sikho Lifecare Ltd.,JSLL,Trading,Trading,6512.74,sectors\trading.csv
730,Jai Balaji Industries Ltd.,JAIBALAJI,Iron & Steel,Steel/Sponge Iron/Pig Iron,6460.56,sectors\ironsteel.csv
731,GNG Electronics Ltd.,EBGNG,Trading,Trading,6440.51,sectors\trading.csv
732,V-Mart Retail Ltd.,VMART,Retailing,Retailing,6426.51,sectors\retailing.csv
733,Skipper Ltd.,SKIPPER,Capital Goods,Engineering - Industrial Equipments,6418.41,sectors\capitalgoods.csv
734,Sun Pharma Advanced Research Company Ltd.,SPARC,Healthcare,Pharmaceuticals & Drugs,6415.79,sectors\healthcare.csv
735,Greenlam Industries Ltd.,GREENLAM,Construction Materials,Laminates/Decoratives,6413.14,sectors\constructionmaterials.csv
736,Sunflag Iron And Steel Company Ltd.,SUNFLAG,Iron & Steel,Steel & Iron Products,6405,sectors\ironsteel.csv
737,Happiest Minds Technologies Ltd.,HAPPSTMNDS,Information Technology,IT - Software,6397.06,sectors\informationtechnology.csv
738,Leap India Ltd.,LEAPIND,Other,Business Support,6392.18,sectors\other.csv
739,Gujarat State Fertilizers & Chemicals Ltd.,GSFC,Chemicals,Fertilizers,6387.59,sectors\chemicals.csv
740,Supriya Lifescience Ltd.,SUPRIYA,Healthcare,Pharmaceuticals & Drugs,6375.85,sectors\healthcare.csv
741,Piccadily Agro Industries Ltd.,PICCADIL,Alcohol,Breweries & Distilleries,6329.32,sectors\alcohol.csv
742,Kusumgar Ltd.,KUSUMGAR,Textile,Textile,6327.31,sectors\textile.csv
743,Axiscades Technologies Ltd.,AXISCADES,Capital Goods,Aerospace & Defense,6324.52,sectors\capitalgoods.csv
744,KPI Green Energy Ltd.,KPIGREEN,Power,Power Generation/Distribution,6299.81,sectors\power.csv
745,Indiabulls Ltd.,IBULLSLTD,Realty,Construction - Real Estate,6299.09,sectors\realty.csv
746,Transrail Lighting Ltd.,TRANSRAILL,Capital Goods,Electric Equipment,6296.61,sectors\capitalgoods.csv
747,Orchid Pharma Ltd.,ORCHPHARMA,Healthcare,Pharmaceuticals & Drugs,6270.58,sectors\healthcare.csv
748,Paisalo Digital Ltd.,PAISALO,Finance,Finance - NBFC,6252.05,sectors\finance.csv
749,Archean Chemical Industries Ltd.,ACI,Chemicals,Chemicals,6226.62,sectors\chemicals.csv
750,Fiem Industries Ltd.,FIEMIND,Automobile & Ancillaries,Auto Ancillary,6192.09,sectors\automobileancillaries.csv
751,Stylam Industries Ltd.,STYLAMIND,Construction Materials,Laminates/Decoratives,6175.11,sectors\constructionmaterials.csv
752,Shakti Pumps (India) Ltd.,SHAKTIPUMP,Capital Goods,Compressors / Pumps,6173.6,sectors\capitalgoods.csv
753,Praj Industries Ltd.,PRAJIND,Capital Goods,Engineering - Industrial Equipments,6169.69,sectors\capitalgoods.csv
754,Entero Healthcare Solutions Ltd.,ENTERO,Trading,Trading,6168.74,sectors\trading.csv
755,Jana Small Finance Bank Ltd.,JSFB,Banking,Bank - Private,6102.45,sectors\banking.csv
756,Aeroflex Industries Ltd.,AEROFLEX,Iron & Steel,Steel & Iron Products,6081.92,sectors\ironsteel.csv
757,SIS Ltd.,SIS,Other,Professional Services,6079.35,sectors\other.csv
758,Valor Estate Ltd.,DBREALTY,Realty,Construction - Real Estate,6077.67,sectors\realty.csv
759,Waterways Leisure Tourism Ltd.,CORDELIA,Hospitality,Travel Services,6063.4,sectors\hospitality.csv
760,Neogen Chemicals Ltd.,NEOGEN,Chemicals,Chemicals,6038.48,sectors\chemicals.csv
761,Balu Forge Industries Ltd.,BALUFORGE,Automobile & Ancillaries,Forgings,5993.73,sectors\automobileancillaries.csv
762,Shivalik Bimetal Controls Ltd.,SBCL,Iron & Steel,Steel & Iron Products,5991.99,sectors\ironsteel.csv
763,Arvind Fashions Ltd.,ARVINDFASN,Retailing,Retailing,5978.92,sectors\retailing.csv
764,India Tourism Development Corporation Ltd.,ITDC,Hospitality,"Hotel, Resort & Restaurants",5977.27,sectors\hospitality.csv
765,Standard Engineering Technology Ltd.,SETL,Capital Goods,Engineering - Industrial Equipments,5961.81,sectors\capitalgoods.csv
766,Innova Captab Ltd.,INNOVACAP,Healthcare,Pharmaceuticals & Drugs,5923.35,sectors\healthcare.csv
767,Krishana Phoschem Ltd.,KRISHANA,Chemicals,Fertilizers,5894.64,sectors\chemicals.csv
768,Latent View Analytics Ltd.,LATENTVIEW,Other,Business Support,5891.15,sectors\other.csv
769,Triveni Engineering & Industries Ltd.,TRIVENI,Agriculture,Sugar,5866.06,sectors\agriculture.csv
770,DCB Bank Ltd.,DCBBANK,Banking,Bank - Private,5865.01,sectors\banking.csv
771,Kalpataru Ltd.,KALPATARU,Realty,Construction - Real Estate,5861.57,sectors\realty.csv
772,Vikram Solar Ltd.,VIKRAMSOLR,Electricals,Electronics - Components,5803.11,sectors\electricals.csv
773,Alok Industries Ltd.,ALOKINDS,Textile,Textile,5774.57,sectors\textile.csv
774,Just Dial Ltd.,JUSTDIAL,Information Technology,BPO/ITeS,5769.3,sectors\informationtechnology.csv
775,FDC Ltd.,FDC,Healthcare,Pharmaceuticals & Drugs,5768.36,sectors\healthcare.csv
776,Ashapura Minechem Ltd.,ASHAPURMIN,Mining,Mining & Minerals,5764.04,sectors\mining.csv
777,Gulf Oil Lubricants India Ltd.,GULFOILLUB,Automobile & Ancillaries,Lubricants,5742.74,sectors\automobileancillaries.csv
778,Gokaldas Exports Ltd.,GOKEX,Textile,Textile,5738,sectors\textile.csv
779,Universal Cables Ltd.,UNIVCABLES,Electricals,Cable,5701.15,sectors\electricals.csv
780,Mastek Ltd.,MASTEK,Information Technology,IT - Software,5687.08,sectors\informationtechnology.csv
781,Nirlon Ltd.,NIRLON,Infrastructure,Engineering - Construction,5679.24,sectors\infrastructure.csv
782,Fedbank Financial Services Ltd,FEDFINA,Finance,Finance - NBFC,5659,sectors\finance.csv
783,Ahluwalia Contracts (India) Ltd.,AHLUCONT,Realty,Construction - Real Estate,5619.59,sectors\realty.csv
784,IFB Industries Ltd.,IFBIND,Consumer Durables,Consumer Durables - Electronics,5612.66,sectors\consumerdurables.csv
785,Lohia Corp Ltd.,LCL,Textile,Textile - Machinery,5599.45,sectors\textile.csv
786,Senco Gold Ltd.,SENCO,Diamond & Jewellery,Diamond  &  Jewellery,5598.86,sectors\diamondjewellery.csv
787,PNC Infratech Ltd.,PNCINFRA,Infrastructure,Engineering - Construction,5593.84,sectors\infrastructure.csv
788,Smartworks Coworking Spaces Ltd.,SMARTWORKS,Other,Business Support,5585.23,sectors\other.csv
789,MOIL Ltd.,MOIL,Mining,Mining & Minerals,5583.63,sectors\mining.csv
790,Bliss GVS Pharma Ltd.,BLISSGVS,Healthcare,Pharmaceuticals & Drugs,5569.35,sectors\healthcare.csv
791,Vadilal Industries Ltd.,VADILALIND,Fast Moving Consumer Goods,Consumer Food,5561.84,sectors\fastmovingconsumergoods.csv
792,Ceigall India Ltd.,CEIGALL,Infrastructure,Engineering - Construction,5555.39,sectors\infrastructure.csv
793,CSB Bank Ltd.,CSBBANK,Banking,Bank - Private,5549.81,sectors\banking.csv
794,Rashi Peripherals Ltd.,RPTECH,Trading,Trading,5538.9,sectors\trading.csv
795,Cyient DLM Ltd.,CYIENTDLM,Electricals,Electronics - Components,5513.97,sectors\electricals.csv
796,Goldiam International Ltd.,GOLDIAM,Diamond & Jewellery,Diamond  &  Jewellery,5490.07,sectors\diamondjewellery.csv
797,Indigo Paints Ltd.,INDIGOPNTS,Chemicals,Paints,5489.73,sectors\chemicals.csv
798,Ion Exchange (India) Ltd.,IONEXCHANG,Other,Environmental Services,5475.06,sectors\other.csv
799,MAS Financial Services Ltd.,MASFIN,Finance,Finance - NBFC,5472.63,sectors\finance.csv
800,TVS Supply Chain Solutions Ltd.,TVSSCS,Logistics,Logistics,5444.7,sectors\logistics.csv
801,Tourism Finance Corporation Of India Ltd.,TFCILTD,Finance,Finance Term Lending,5435.35,sectors\finance.csv
802,Lumax Industries Ltd.,LUMAXIND,Automobile & Ancillaries,Auto Ancillary,5430.94,sectors\automobileancillaries.csv
803,Saatvik Green Energy Ltd.,SAATVIKGL,Electricals,Electronics - Components,5424.21,sectors\electricals.csv
804,CE Info Systems Ltd.,MAPMYINDIA,Information Technology,IT - Software,5419.43,sectors\informationtechnology.csv
805,AvenuesAI Ltd.,CCAVENUE,Information Technology,Fintech,5401.97,sectors\informationtechnology.csv
806,ISGEC Heavy Engineering Ltd.,ISGEC,Infrastructure,Engineering - Construction,5381.62,sectors\infrastructure.csv
807,V-Marc India Ltd.,VMARCIND,Electricals,Cable,5359.85,sectors\electricals.csv
808,Timex Group India Ltd.,TIMEX,Consumer Durables,Watches & Accessories,5296.85,sectors\consumerdurables.csv
809,Prism Johnson Ltd.,PRSMJOHNSN,Construction Materials,Cement & Construction Materials,5290.28,sectors\constructionmaterials.csv
810,PDS Ltd.,PDSL,Trading,Trading,5253.13,sectors\trading.csv
811,Centum Electronics Ltd.,CENTUM,Electricals,Electronics - Components,5220.81,sectors\electricals.csv
812,OnEMI Technology Solutions Ltd.,KISSHT,Finance,Finance - NBFC,5212.86,sectors\finance.csv
813,Puravankara Ltd.,PURVA,Realty,Construction - Real Estate,5193.58,sectors\realty.csv
814,Hindustan Construction Company Ltd.,HCC,Infrastructure,Engineering - Construction,5191.79,sectors\infrastructure.csv
815,Marine Electricals (India) Ltd.,MARINE,Capital Goods,Electric Equipment,5187.74,sectors\capitalgoods.csv
816,VRL Logistics Ltd.,VRLLOG,Logistics,Logistics,5181.63,sectors\logistics.csv
817,Care Ratings Ltd.,CARERATING,Ratings,Ratings,5170.89,sectors\ratings.csv
818,GE Power India Ltd.,GVPIL,Infrastructure,Engineering - Construction,5169.12,sectors\infrastructure.csv
819,Sharda Motor Industries Ltd.,SHARDAMOTR,Automobile & Ancillaries,Auto Ancillary,5156.07,sectors\automobileancillaries.csv
820,Gujarat Alkalies And Chemicals Ltd.,GUJALKALI,Chemicals,Chemicals,5128.1,sectors\chemicals.csv
821,Datamatics Global Services Ltd.,DATAMATICS,Information Technology,IT - Software,5124.82,sectors\informationtechnology.csv
822,Yasho Industries Ltd.,YASHO,Chemicals,Chemicals,5120.11,sectors\chemicals.csv
823,Canara Robeco Asset Management Co Ltd.,CRAMC,Finance,Finance - Asset Management,5108.08,sectors\finance.csv
824,LG Balakrishnan & Bros Ltd.,LGBBROSLTD,Automobile & Ancillaries,Auto Ancillary,5088.91,sectors\automobileancillaries.csv
825,ICRA Ltd.,ICRA,Ratings,Ratings,5085.72,sectors\ratings.csv
826,Optiemus Infracom Ltd.,OPTIEMUS,Trading,Trading,5059.24,sectors\trading.csv
827,Quess Corp Ltd.,QUESS,Information Technology,BPO/ITeS,5054.34,sectors\informationtechnology.csv
828,Pilani Investment And Industries Corporation Ltd.,PILANIINVS,Finance,Finance - Investment,5047.34,sectors\finance.csv
829,Fineotex Chemical Ltd.,FCL,Chemicals,Chemicals,5045.78,sectors\chemicals.csv
830,Artemis Medicare Services Ltd.,ARTEMISMED,Healthcare,Hospital & Healthcare Services,4987.44,sectors\healthcare.csv
831,Thomas Cook (India) Ltd.,THOMASCOOK,Hospitality,Travel Services,4978.98,sectors\hospitality.csv
832,Bansal Wire Industries Ltd.,BANSALWIRE,Iron & Steel,Steel & Iron Products,4975.35,sectors\ironsteel.csv
833,Subros Ltd.,SUBROS,Automobile & Ancillaries,Auto Ancillary,4956.29,sectors\automobileancillaries.csv
834,Jamna Auto Industries Ltd.,JAMNAAUTO,Automobile & Ancillaries,Auto Ancillary,4921.82,sectors\automobileancillaries.csv
835,Steel Strips Wheels Ltd.,SSWL,Automobile & Ancillaries,Auto Ancillary,4916.11,sectors\automobileancillaries.csv
836,Laxmi Organic Industries Ltd.,LXCHEM,Chemicals,Chemicals,4895.47,sectors\chemicals.csv
837,IOL Chemicals And Pharmaceuticals Ltd.,IOLCP,Healthcare,Pharmaceuticals & Drugs,4853.48,sectors\healthcare.csv
838,Surya Roshni Ltd.,SURYAROSNI,Iron & Steel,Steel & Iron Products,4852.19,sectors\ironsteel.csv
839,KDDL Ltd.,KDDL,Consumer Durables,Watches & Accessories,4831.9,sectors\consumerdurables.csv
840,MPS Ltd.,MPSLTD,Media & Entertainment,Printing And Publishing,4808.44,sectors\mediaentertainment.csv
841,Savita Oil Technologies Ltd.,SOTL,Automobile & Ancillaries,Lubricants,4795.8,sectors\automobileancillaries.csv
842,PTC India Ltd.,PTC,Power,Power Generation/Distribution,4779.05,sectors\power.csv
843,Dee Development Engineers Ltd,DEEDEV,Capital Goods,Engineering - Industrial Equipments,4766.42,sectors\capitalgoods.csv
844,Epigral Ltd.,EPIGRAL,Chemicals,Chemicals,4738.43,sectors\chemicals.csv
845,Sterling and Wilson Renewable Energy Ltd.,SWSOLAR,Infrastructure,Engineering - Construction,4715.2,sectors\infrastructure.csv
846,GMM Pfaudler Ltd.,GMMPFAUDLR,Capital Goods,Engineering - Industrial Equipments,4699.15,sectors\capitalgoods.csv
847,Keystone Realtors Ltd,RUSTOMJEE,Realty,Construction - Real Estate,4690.85,sectors\realty.csv
848,Ellenbarrie Industrial Gases Ltd.,ELLEN,Industrials Gases & Fuels,Industrial  Gases & Fuels,4689.63,sectors\industrialsgasesfuels.csv
849,Dhenu Buildcon Infra Ltd.,DHENUBUILD,Finance,Finance - NBFC,4681.76,sectors\finance.csv
850,CMR Green Technologies Ltd.,CMRGREEN,Non - Ferrous Metals,Metal - Non Ferrous,4674.64,sectors\nonferrousmetals.csv
851,Shree Renuka Sugars Ltd.,RENUKA,Agriculture,Sugar,4672.04,sectors\agriculture.csv
852,Shoppers Stop Ltd.,SHOPERSTOP,Retailing,Retailing,4657.84,sectors\retailing.csv
853,Rolex Rings Ltd,ROLEXRINGS,Automobile & Ancillaries,Bearings,4623.62,sectors\automobileancillaries.csv
854,Morepen Laboratories Ltd.,MOREPENLAB,Healthcare,Pharmaceuticals & Drugs,4614.87,sectors\healthcare.csv
855,RPG Life Sciences Ltd.,RPGLIFE,Healthcare,Pharmaceuticals & Drugs,4588.92,sectors\healthcare.csv
856,Mahindra Holidays & Resorts India Ltd.,MHRIL,Hospitality,"Hotel, Resort & Restaurants",4557.38,sectors\hospitality.csv
857,AGI Greenpac Ltd.,AGI,Fast Moving Consumer Goods,Packaging,4550.49,sectors\fastmovingconsumergoods.csv
858,Northern ARC Capital Ltd.,NORTHARC,Finance,Finance - NBFC,4548.87,sectors\finance.csv
859,RattanIndia Power Ltd.,RTNPOWER,Power,Power Generation/Distribution,4537.74,sectors\power.csv
860,Greaves Cotton Ltd.,GREAVESCOT,Automobile & Ancillaries,Diesel Engines,4534.4,sectors\automobileancillaries.csv
861,Raymond Lifestyle Ltd.,RAYMONDLSL,Textile,Textile,4513.83,sectors\textile.csv
862,Bosch Home Comfort India Ltd.,BOSCH-HCIL,Consumer Durables,Air Conditioners,4506.89,sectors\consumerdurables.csv
863,Dhanuka Agritech Ltd.,DHANUKA,Chemicals,Pesticides & Agrochemicals,4497.73,sectors\chemicals.csv
864,Man Industries (India) Ltd.,MANINDS,Iron & Steel,Steel & Iron Products,4496.45,sectors\ironsteel.csv
865,Deccan Gold Mines Ltd.,DECNGOLD,Mining,Mining & Minerals,4477.74,sectors\mining.csv
866,Network 18 Media & Investments Ltd.,NETWORK18,Media & Entertainment,TV Broadcasting & Software Production,4471.8,sectors\mediaentertainment.csv
867,Hirect Ltd.,HIRECT,Capital Goods,Electric Equipment,4464.24,sectors\capitalgoods.csv
868,Shilchar Technologies Ltd.,SHILCTECH,Capital Goods,Electric Equipment,4461.68,sectors\capitalgoods.csv
869,Midwest Energy Ltd.,REMAGNET,Construction Materials,Ceramics/Marble/Granite/Sanitaryware,4456.14,sectors\constructionmaterials.csv
870,NRB Bearings Ltd.,NRBBEARING,Automobile & Ancillaries,Bearings,4444.39,sectors\automobileancillaries.csv
871,Ram Ratna Wires Ltd.,RAMRAT,Capital Goods,Electric Equipment,4436.88,sectors\capitalgoods.csv
872,Responsive Industries Ltd.,RESPONIND,Plastic Products,Plastic Products,4429.7,sectors\plasticproducts.csv
873,Swaraj Engines Ltd.,SWARAJENG,Automobile & Ancillaries,Diesel Engines,4422.49,sectors\automobileancillaries.csv
874,Hawkins Cookers Ltd.,HAWKINCOOK,Consumer Durables,Consumer Durables - Domestic Appliances,4416.2,sectors\consumerdurables.csv
875,Goodluck India Ltd.,GOODLUCK,Iron & Steel,Steel & Iron Products,4400.61,sectors\ironsteel.csv
876,Sunteck Realty Ltd.,SUNTECK,Realty,Construction - Real Estate,4397.18,sectors\realty.csv
877,MSTC Ltd.,MSTCLTD,Information Technology,e-Commerce,4381.7,sectors\informationtechnology.csv
878,Electrosteel Castings Ltd.,ELECTCAST,Iron & Steel,Steel & Iron Products,4377.37,sectors\ironsteel.csv
879,SG Finserve Ltd.,SGFIN,Finance,Finance - NBFC,4351.38,sectors\finance.csv
880,Bannari Amman Sugars Ltd.,BANARISUG,Agriculture,Sugar,4326.2,sectors\agriculture.csv
881,Afcom Holdings Ltd.,AFCOM,Logistics,Logistics,4310.68,sectors\logistics.csv
882,eMudhra Ltd.,EMUDHRA,Information Technology,IT - Software,4309.11,sectors\informationtechnology.csv
883,Juniper Hotels Ltd.,JUNIPER,Hospitality,"Hotel, Resort & Restaurants",4290.96,sectors\hospitality.csv
884,Foseco India Ltd.,FOSECOIND,Chemicals,Chemicals,4290.43,sectors\chemicals.csv
885,Deep Industries Ltd.,DEEPINDS,Crude Oil,Oil Exploration,4280.96,sectors\crudeoil.csv
886,Man InfraConstruction Ltd.,MANINFRA,Infrastructure,Engineering - Construction,4277.65,sectors\infrastructure.csv
887,Symphony Ltd.,SYMPHONY,Trading,Trading,4268.61,sectors\trading.csv
888,Texmaco Rail & Engineering Ltd.,TEXRAIL,Automobile & Ancillaries,Railways Wagons/Coaches,4268.01,sectors\automobileancillaries.csv
889,Capillary Technologies India Ltd.,CAPILLARY,Information Technology,IT - Software,4267.95,sectors\informationtechnology.csv
890,AYE Finance Ltd.,AYE,Finance,Finance - NBFC,4263.22,sectors\finance.csv
891,VIP Industries Ltd.,VIPIND,Retailing,Retailing,4256.64,sectors\retailing.csv
892,Laser Power & Infra Ltd.,LASERPOWER,Electricals,Cable,4246.14,sectors\electricals.csv
893,Kolte-Patil Developers Ltd.,KOLTEPATIL,Realty,Construction - Real Estate,4240.68,sectors\realty.csv
894,John Cockerill India Ltd,COCKERILL,Capital Goods,Engineering - Industrial Equipments,4236.84,sectors\capitalgoods.csv
895,Sanghvi Movers Ltd.,SANGHVIMOV,Capital Goods,Engineering - Industrial Equipments,4229.67,sectors\capitalgoods.csv
896,Raymond Ltd.,RAYMOND,Aviation,Airlines,4228.76,sectors\aviation.csv
897,Gufic Biosciences Ltd.,GUFICBIO,Healthcare,Pharmaceuticals & Drugs,4223.9,sectors\healthcare.csv
898,CMS Info Systems Ltd.,CMSINFO,Other,Business Support,4219.27,sectors\other.csv
899,Avantel Ltd.,AVANTEL,Capital Goods,Aerospace & Defense,4212.85,sectors\capitalgoods.csv
900,Bajaj Electricals Ltd.,BAJAJELEC,Consumer Durables,Consumer Durables - Domestic Appliances,4184.14,sectors\consumerdurables.csv
901,RattanIndia Enterprises Ltd.,RTNINDIA,Finance,Finance - Investment,4157.87,sectors\finance.csv
902,Bajaj Hindusthan Sugar Ltd.,BAJAJHIND,Agriculture,Sugar,4147.81,sectors\agriculture.csv
903,Rallis India Ltd.,RALLIS,Chemicals,Pesticides & Agrochemicals,4138.3,sectors\chemicals.csv
904,TruAlt Bioenergy Ltd.,TRUALT,Alcohol,Breweries & Distilleries,4128.13,sectors\alcohol.csv
905,CIAN Agro Industries & Infrastructure Ltd.,CIANAGRO,Fast Moving Consumer Goods,Edible Oil,4092.24,sectors\fastmovingconsumergoods.csv
906,Vishnu Chemicals Ltd.,VISHNU,Chemicals,Chemicals,4087.72,sectors\chemicals.csv
907,Midwest Ltd.,MIDWESTLTD,Construction Materials,Ceramics/Marble/Granite/Sanitaryware,4084.91,sectors\constructionmaterials.csv
908,WPIL Ltd.,WPIL,Capital Goods,Compressors / Pumps,4083.62,sectors\capitalgoods.csv
909,Ideaforge Technology Ltd.,IDEAFORGE,Capital Goods,Aerospace & Defense,4081.07,sectors\capitalgoods.csv
910,Refex Industries Ltd.,REFEX,Industrials Gases & Fuels,Industrial  Gases & Fuels,4074.05,sectors\industrialsgasesfuels.csv
911,Aurionpro Solutions Ltd.,AURIONPRO,Information Technology,IT - Software,4058.14,sectors\informationtechnology.csv
912,Moschip Technologies Ltd.,MOSCHIP,Information Technology,IT - Software,4056.83,sectors\informationtechnology.csv
913,Turtlemint Fintech Solutions Ltd.,TURTLEMINT,Information Technology,Fintech,4043.2,sectors\informationtechnology.csv
914,Rossell Techsys Ltd.,ROSSTECH,Capital Goods,Aerospace & Defense,4041.82,sectors\capitalgoods.csv
915,West Coast Paper Mills Ltd.,WSTCSTPAPR,Paper,Paper & Paper Products,4027,sectors\paper.csv
916,Tatva Chintan Pharma Chem Ltd.,TATVA,Chemicals,Chemicals,4021.45,sectors\chemicals.csv
917,Wakefit Innovations Ltd.,WAKEFIT,Fast Moving Consumer Goods,Household & Personal Products,4019.05,sectors\fastmovingconsumergoods.csv
918,Mahindra Logistics Ltd.,MAHLOG,Logistics,Logistics,4018.01,sectors\logistics.csv
919,Kaveri Seed Company Ltd.,KSCL,Agriculture,Agriculture,4007.62,sectors\agriculture.csv
920,Orient Electric Ltd.,ORIENTELEC,Consumer Durables,Consumer Durables - Domestic Appliances,4001.68,sectors\consumerdurables.csv
921,Pitti Engineering Ltd.,PITTIENG,Capital Goods,Engineering - Industrial Equipments,3983.94,sectors\capitalgoods.csv
922,Divgi Torqtransfer Systems Ltd.,DIVGIITTS,Automobile & Ancillaries,Auto Ancillary,3980.67,sectors\automobileancillaries.csv
923,Sanathan Textiles Ltd.,SANATHAN,Textile,Textile - Spinning,3973.32,sectors\textile.csv
924,Kesar India Ltd.,KESAR,Realty,Construction - Real Estate,3956.37,sectors\realty.csv
925,Kirloskar Industries Ltd.,KIRLOSIND,Capital Goods,Engineering - Industrial Equipments,3948.87,sectors\capitalgoods.csv
926,GHCL Ltd.,GHCL,Chemicals,Chemicals,3948.72,sectors\chemicals.csv
927,Zota Health Care Ltd.,ZOTA,Trading,Trading,3917.98,sectors\trading.csv
928,Novartis India Ltd.,NOVARTIND,Healthcare,Pharmaceuticals & Drugs,3917.69,sectors\healthcare.csv
929,NACL Industries Ltd.,NACLIND,Chemicals,Pesticides & Agrochemicals,3911.86,sectors\chemicals.csv
930,Seamec Ltd.,SEAMECLTD,Logistics,Shipping,3907.06,sectors\logistics.csv
931,Pace Digitek Ltd.,PACEDIGITK,Telecom,Telecom-Infrastructure,3906.91,sectors\telecom.csv
932,V.S.T. Tillers Tractors Ltd.,VSTTILLERS,Automobile & Ancillaries,Automobiles-Tractors,3902.74,sectors\automobileancillaries.csv
933,Sandhar Technologies Ltd.,SANDHAR,Automobile & Ancillaries,Auto Ancillary,3856.42,sectors\automobileancillaries.csv
934,Indostar Capital Finance Ltd.,INDOSTAR,Finance,Finance - NBFC,3847.4,sectors\finance.csv
935,Raymond Realty Ltd.,RAYMONDREL,Realty,Construction - Real Estate,3845.3,sectors\realty.csv
936,Styrenix Performance Materials Ltd.,STYRENIX,Chemicals,Chemicals,3840.09,sectors\chemicals.csv
937,Share India Securities Ltd.,SHAREINDIA,Finance,Finance - Stock Broking,3826.16,sectors\finance.csv
938,Indiqube Spaces Ltd.,INDIQUBE,Other,Business Support,3823.38,sectors\other.csv
939,Vaibhav Global Ltd.,VAIBHAVGBL,Diamond & Jewellery,Diamond  &  Jewellery,3819.17,sectors\diamondjewellery.csv
940,Aarti Drugs Ltd.,AARTIDRUGS,Healthcare,Pharmaceuticals & Drugs,3806.42,sectors\healthcare.csv
941,Gujarat Themis Biosyn Ltd.,GUJTHEM,Healthcare,Pharmaceuticals & Drugs,3803.43,sectors\healthcare.csv
942,Unichem Laboratories Ltd.,UNICHEMLAB,Healthcare,Pharmaceuticals & Drugs,3793.46,sectors\healthcare.csv
943,D.B. Corp Ltd.,DBCORP,Media & Entertainment,Printing And Publishing,3782.56,sectors\mediaentertainment.csv
944,Ashika Global Securities Ltd.,ASHIKAG,Finance,Finance - NBFC,3781.21,sectors\finance.csv
945,Hemisphere Properties India Ltd.,HEMIPROP,Realty,Construction - Real Estate,3769.13,sectors\realty.csv
946,AGI Infra Ltd.,AGIIL,Realty,Construction - Real Estate,3767.42,sectors\realty.csv
947,Lords Mark Industries Ltd.,LORDSMARK,Finance,Finance - NBFC,3760.03,sectors\finance.csv
948,Indo Tech Transformers Ltd.,INDOTECH,Capital Goods,Electric Equipment,3758.84,sectors\capitalgoods.csv
949,J Kumar Infraprojects Ltd.,JKIL,Infrastructure,Engineering - Construction,3753.77,sectors\infrastructure.csv
950,Pondy Oxides & Chemicals Ltd.,POCL,Non - Ferrous Metals,Metal - Non Ferrous,3749.07,sectors\nonferrousmetals.csv
951,Bhagiradha Chemicals & Industries Ltd.,BHAGCHEM,Chemicals,Pesticides & Agrochemicals,3746.79,sectors\chemicals.csv
952,Harsha Engineers International Ltd.,HARSHA,Capital Goods,Engineering - Industrial Equipments,3743.28,sectors\capitalgoods.csv
953,TCPL Packaging Ltd.,TCPLPACK,Fast Moving Consumer Goods,Packaging,3728.36,sectors\fastmovingconsumergoods.csv
954,KNR Constructions Ltd.,KNRCON,Infrastructure,Engineering - Construction,3719.33,sectors\infrastructure.csv
955,The Anup Engineering Ltd.,ANUP,Capital Goods,Engineering - Industrial Equipments,3712.83,sectors\capitalgoods.csv
956,Polyplex Corporation Ltd.,POLYPLEX,Plastic Products,Plastic Products,3708.23,sectors\plasticproducts.csv
957,Websol Energy System Ltd.,WEBELSOLAR,Electricals,Electronics - Components,3692.56,sectors\electricals.csv
958,TARC Ltd.,TARC,Realty,Construction - Real Estate,3690.18,sectors\realty.csv
959,Uniparts India Ltd.,UNIPARTS,Capital Goods,Engineering - Industrial Equipments,3683.11,sectors\capitalgoods.csv
960,VST Industries Ltd.,VSTIND,Fast Moving Consumer Goods,Cigarettes/Tobacco,3657.96,sectors\fastmovingconsumergoods.csv
961,PSP Projects Ltd.,PSPPROJECT,Realty,Construction - Real Estate,3657.55,sectors\realty.csv
962,Kalyani Steels Ltd.,KSL,Iron & Steel,Steel & Iron Products,3650.27,sectors\ironsteel.csv
963,JTEKT India Ltd.,JTEKTINDIA,Automobile & Ancillaries,Auto Ancillary,3649.16,sectors\automobileancillaries.csv
964,Ashiana Housing Ltd.,ASHIANA,Realty,Construction - Real Estate,3644.03,sectors\realty.csv
965,Samhi Hotels Ltd.,SAMHI,Hospitality,"Hotel, Resort & Restaurants",3642.25,sectors\hospitality.csv
966,Sindhu Trade Links Ltd.,SINDHUTRAD,Logistics,Logistics,3628.16,sectors\logistics.csv
967,Jubilant Agri And Consumer Products Ltd.,JUBLCPL,Chemicals,Chemicals,3625.01,sectors\chemicals.csv
968,63 Moons Technologies Ltd.,63MOONS,Information Technology,IT - Software,3624.08,sectors\informationtechnology.csv
969,Filatex India Ltd.,FILATEX,Textile,Textile - Spinning,3619.52,sectors\textile.csv
970,Aimtron Electronics Ltd.,AIMTRON,Electricals,Electronics - Components,3607.95,sectors\electricals.csv
971,Heidelberg Cement India Ltd.,HEIDELBERG,Construction Materials,Cement & Construction Materials,3589.55,sectors\constructionmaterials.csv
972,Lux Industries Ltd.,LUXIND,Textile,Textile,3577.48,sectors\textile.csv
973,Kwality Pharmaceuticals Ltd.,KPL,Healthcare,Pharmaceuticals & Drugs,3574.34,sectors\healthcare.csv
974,Sambhv Steel Tubes Ltd.,SAMBHV,Iron & Steel,Steel & Iron Products,3568.47,sectors\ironsteel.csv
975,Muthoot Microfin Ltd.,MUTHOOTMF,Finance,Finance - NBFC,3566.7,sectors\finance.csv
976,Steelcast Ltd.,STEELCAS,Automobile & Ancillaries,Castings/Forgings,3556.67,sectors\automobileancillaries.csv
977,Jindal Worldwide Ltd.,JINDWORLD,Textile,Textile,3540.19,sectors\textile.csv
978,Uflex Ltd.,UFLEX,Plastic Products,Plastic Products,3533.31,sectors\plasticproducts.csv
979,National Fertilizers Ltd.,NFL,Chemicals,Fertilizers,3523.33,sectors\chemicals.csv
980,Wheels India Ltd.,WHEELS,Automobile & Ancillaries,Auto Ancillary,3510.05,sectors\automobileancillaries.csv
981,Premier Explosives Ltd.,PREMEXPLN,Chemicals,Chemicals,3504.96,sectors\chemicals.csv
982,Greenply Industries Ltd.,GREENPLY,Construction Materials,Wood & Wood Products,3503.5,sectors\constructionmaterials.csv
983,Enviro Infra Engineers Ltd.,EIEL,Infrastructure,Engineering - Construction,3459.7,sectors\infrastructure.csv
984,Caliber Mining and Logistics Ltd.,CMLL,Trading,Trading,3453.8,sectors\trading.csv
985,TVS Srichakra Ltd.,TVSSRICHAK,Automobile & Ancillaries,Tyres & Allied,3437.67,sectors\automobileancillaries.csv
986,Spectrum Electrical Industries Ltd.,SPECTRUM,Capital Goods,Electric Equipment,3434.26,sectors\capitalgoods.csv
987,Oswal Pumps Ltd.,OSWALPUMPS,Capital Goods,Compressors / Pumps,3424.71,sectors\capitalgoods.csv
988,Shanti Educational Initiatives Ltd.,SEIL,Other,Educational Institutions,3422.86,sectors\other.csv
989,Dalmia Bharat Sugar And Industries Ltd.,DALMIASUG,Agriculture,Sugar,3420.49,sectors\agriculture.csv
990,Indraprastha Medical Corporation Ltd.,INDRAMEDCO,Healthcare,Hospital & Healthcare Services,3419.86,sectors\healthcare.csv
991,H.G. Infra Engineering Ltd.,HGINFRA,Infrastructure,Engineering - Construction,3413.66,sectors\infrastructure.csv
992,Vardhman Special Steels Ltd.,VSSL,Iron & Steel,Steel & Iron Products,3410.17,sectors\ironsteel.csv
993,Advanced Enzyme Technologies Ltd.,ADVENZYMES,Healthcare,Pharmaceuticals & Drugs,3405.19,sectors\healthcare.csv
994,Kernex Microsystems (India) Ltd.,KERNEX,Electricals,Electronics - Components,3401.56,sectors\electricals.csv
995,Gopal Snacks Ltd.,GOPAL,Fast Moving Consumer Goods,Consumer Food,3392.81,sectors\fastmovingconsumergoods.csv
996,SMS Pharmaceuticals Ltd.,SMSPHARMA,Healthcare,Pharmaceuticals & Drugs,3376.62,sectors\healthcare.csv
997,Carysil Ltd.,CARYSIL,Fast Moving Consumer Goods,Household & Personal Products,3354.95,sectors\fastmovingconsumergoods.csv
998,TechNVision Ventures Ltd.,TECHNVISN,Information Technology,IT - Software,3351.92,sectors\informationtechnology.csv
999,Heritage Foods Ltd.,HERITGFOOD,Fast Moving Consumer Goods,Consumer Food,3330.45,sectors\fastmovingconsumergoods.csv
1000,NIIT Learning Systems Ltd.,NIITMTS,Information Technology,IT - Education,3330.01,sectors\informationtechnology.csv
1001,Network People Services Technologies Ltd.,NPST,Information Technology,IT - Software,3315.21,sectors\informationtechnology.csv
1002,Ravindra Energy Ltd.,RELTD,Power,Power Generation/Distribution,3283.01,sectors\power.csv
1003,Dredging Corporation Of India Ltd.,DREDGECORP,Logistics,Shipping,3269.42,sectors\logistics.csv
1004,Venus Pipes & Tubes Ltd.,VENUSPIPES,Iron & Steel,Steel & Iron Products,3267.66,sectors\ironsteel.csv
1005,D.P. Abhushan Ltd.,DPABHUSHAN,Diamond & Jewellery,Diamond  &  Jewellery,3259.37,sectors\diamondjewellery.csv
1006,Mayur Uniquoters Ltd.,MAYURUNIQ,Fast Moving Consumer Goods,Leather,3238.74,sectors\fastmovingconsumergoods.csv
1007,Fusion Finance Ltd.,FUSION,Finance,Finance - NBFC,3235.55,sectors\finance.csv
1008,Anand Rathi Share & Stock Brokers Ltd.,ARSSBL,Finance,Finance - Stock Broking,3205.03,sectors\finance.csv
1009,Ujaas Energy Ltd.,UEL,Capital Goods,Electric Equipment,3203.55,sectors\capitalgoods.csv
1010,Route Mobile Ltd.,ROUTE,Information Technology,IT - Software,3183.19,sectors\informationtechnology.csv
1011,Welspun Specialty Solutions Ltd.,WELSPLSOL,Iron & Steel,Steel & Iron Products,3171.26,sectors\ironsteel.csv
1012,Ashoka Buildcon Ltd.,ASHOKA,Infrastructure,Engineering - Construction,3153.93,sectors\infrastructure.csv
1013,Kewal Kiran Clothing Ltd.,KKCL,Textile,Textile,3149.05,sectors\textile.csv
1014,Prince Pipes and Fittings Ltd.,PRINCEPIPE,Plastic Products,Plastic Products,3143.8,sectors\plasticproducts.csv
1015,Crizac Ltd.,CRIZAC,Other,Educational Institutions,3135.69,sectors\other.csv
1016,Windsor Machines Ltd.,WINDMACHIN,Capital Goods,Engineering - Industrial Equipments,3122.41,sectors\capitalgoods.csv
1017,Bondada Engineering Ltd.,BONDADA,Telecom,Telecom-Infrastructure,3120.66,sectors\telecom.csv
1018,Nitin Spinners Ltd.,NITINSPIN,Textile,Textile - Spinning,3112.06,sectors\textile.csv
1019,Ramco Industries Ltd.,RAMCOIND,Construction Materials,Cement & Construction Materials,3105.89,sectors\constructionmaterials.csv
1020,Apcotex Industries Ltd.,APCOTEXIND,Agriculture,Rubber  Products,3103.18,sectors\agriculture.csv
1021,Monarch Networth Capital Ltd.,MONARCH,Finance,Finance - Stock Broking,3092.63,sectors\finance.csv
1022,Jash Engineering Ltd.,JASH,Capital Goods,Engineering - Industrial Equipments,3090.17,sectors\capitalgoods.csv
1023,Bhansali Engineering Polymers Ltd.,BEPL,Chemicals,Chemicals,3078.38,sectors\chemicals.csv
1024,Rane (Madras) Ltd.,RML,Automobile & Ancillaries,Auto Ancillary,3067.86,sectors\automobileancillaries.csv
1025,Grauer & Weil (India) Ltd.,GRAUWEIL,Chemicals,Chemicals,3054.63,sectors\chemicals.csv
1026,Shanthi Gears Ltd.,SHANTIGEAR,Automobile & Ancillaries,Auto Ancillary,3040.25,sectors\automobileancillaries.csv
1027,Shankara Buildpro Ltd.,BUILDPRO,Retailing,Retailing,3026.68,sectors\retailing.csv
1028,Sangam (India) Ltd.,SANGAMIND,Textile,Textile,3012.28,sectors\textile.csv
1029,Arvind Smartspaces Ltd.,ARVSMART,Realty,Construction - Real Estate,3011.99,sectors\realty.csv
1030,Sasken Technologies Ltd.,SASKEN,Information Technology,IT - Software,2999.94,sectors\informationtechnology.csv
1031,Dishman Carbogen Amcis Ltd.,DCAL,Healthcare,Pharmaceuticals & Drugs,2985.15,sectors\healthcare.csv
1032,Navneet Education Ltd.,NAVNETEDUL,Media & Entertainment,Printing And Publishing,2972,sectors\mediaentertainment.csv
1033,Wonderla Holidays Ltd.,WONDERLA,Hospitality,Amusement Parks/Recreation/Club,2971.12,sectors\hospitality.csv
1034,Elpro International Ltd.,ELPROINTL,Realty,Construction - Real Estate,2963.34,sectors\realty.csv
1035,JTL Industries Ltd,JTLIND,Iron & Steel,Steel & Iron Products,2962.26,sectors\ironsteel.csv
1036,Balmer Lawrie & Company Ltd.,BALMLAWRIE,Diversified,Diversified,2960.93,sectors\diversified.csv
1037,RPSG Ventures Ltd.,RPSGVENT,Information Technology,IT - Software,2951.47,sectors\informationtechnology.csv
1038,Pokarna Ltd.,POKARNA,Construction Materials,Ceramics/Marble/Granite/Sanitaryware,2945.07,sectors\constructionmaterials.csv
1039,United Foodbrands Ltd.,UFBL,Hospitality,Restaurants,2928.74,sectors\hospitality.csv
1040,Carraro India Ltd.,CARRARO,Automobile & Ancillaries,Auto Ancillary,2927.57,sectors\automobileancillaries.csv
1041,Panama Petrochem Ltd.,PANAMAPET,Automobile & Ancillaries,Lubricants,2926.38,sectors\automobileancillaries.csv
1042,Interarch Building Solutions Ltd.,INTERARCH,Infrastructure,Engineering - Construction,2919.1,sectors\infrastructure.csv
1043,The Orissa Minerals Development Company Ltd.,ORISSAMINE,Mining,Mining & Minerals,2918.52,sectors\mining.csv
1044,Chemplast Sanmar Ltd.,CHEMPLASTS,Chemicals,Chemicals,2914.75,sectors\chemicals.csv
1045,Euro Pratik Sales Ltd.,EUROPRATIK,Construction Materials,Laminates/Decoratives,2905.03,sectors\constructionmaterials.csv
1046,Siyaram Silk Mills Ltd.,SIYSIL,Textile,Textile - Weaving,2895.52,sectors\textile.csv
1047,ADF Foods Ltd.,ADFFOODS,Fast Moving Consumer Goods,Consumer Food,2893.81,sectors\fastmovingconsumergoods.csv
1048,MM Forgings Ltd.,MMFL,Automobile & Ancillaries,Forgings,2874.93,sectors\automobileancillaries.csv
1049,Ddev Plastiks Industries Ltd.,DDEVPLSTIK,Plastic Products,Plastic Products,2866.3,sectors\plasticproducts.csv
1050,BLS E-Services Ltd.,BLSE,Other,Professional Services,2863.8,sectors\other.csv
1051,R Systems International Ltd.,RSYSTEMS,Information Technology,IT - Software,2862.78,sectors\informationtechnology.csv
1052,Prataap Snacks Ltd.,DIAMONDYD,Fast Moving Consumer Goods,Consumer Food,2859.64,sectors\fastmovingconsumergoods.csv
1053,Borosil Ltd.,BOROLTD,Consumer Durables,Consumer Durables - Domestic Appliances,2851.57,sectors\consumerdurables.csv
1054,Vindhya Telelinks Ltd.,VINDHYATEL,Telecom,Telecom-Infrastructure,2843.44,sectors\telecom.csv
1055,Ganesha Ecosphere Ltd.,GANECOS,Textile,Textile - Manmade  Fibres,2838.9,sectors\textile.csv
1056,Beta Drugs Ltd.,BETA,Healthcare,Pharmaceuticals & Drugs,2827.67,sectors\healthcare.csv
1057,Patel Engineering Ltd.,PATELENG,Infrastructure,Engineering - Construction,2827.6,sectors\infrastructure.csv
1058,Nalwa Sons Investments Ltd.,NSIL,Finance,Finance - Investment,2826.46,sectors\finance.csv
1059,Maithan Alloys Ltd.,MAITHANALL,Ferro Manganese,Ferro & Silica Manganese,2826.29,sectors\ferromanganese.csv
1060,Colab Platforms Ltd.,COLAB,Finance,Finance - Investment,2810.1,sectors\finance.csv
1061,Jindal Poly Films Ltd.,JINDALPOLY,Textile,Textile,2788.98,sectors\textile.csv
1062,Baazar Style Retail Ltd.,STYLEBAAZA,Retailing,Retailing,2787.04,sectors\retailing.csv
1063,Rossari Biotech Ltd.,ROSSARI,Chemicals,Chemicals,2780.51,sectors\chemicals.csv
1064,Nilkamal Ltd.,NILKAMAL,Plastic Products,Plastic Products,2766.49,sectors\plasticproducts.csv
1065,Antelopus Selan Energy Ltd.,ANTELOPUS,Crude Oil,Oil Exploration,2758.14,sectors\crudeoil.csv
1066,GSP Crop science Ltd.,GSPCROP,Chemicals,Pesticides & Agrochemicals,2756.47,sectors\chemicals.csv
1067,Vimta Labs Ltd.,VIMTALABS,Healthcare,Hospital & Healthcare Services,2754.05,sectors\healthcare.csv
1068,Sundaram-Clayton Ltd.,SUNCLAY,Automobile & Ancillaries,Auto Ancillary,2744.75,sectors\automobileancillaries.csv
1069,Gateway Distriparks Ltd.,GATEWAY,Logistics,Logistics,2743.04,sectors\logistics.csv
1070,Globus Spirits Ltd.,GLOBUSSPR,Alcohol,Breweries & Distilleries,2739.49,sectors\alcohol.csv
1071,Elitecon International Ltd.,ELITECON,Trading,Trading,2738.23,sectors\trading.csv
1072,Reliance Infrastructure Ltd.,RELINFRA,Power,Power Generation/Distribution,2731.7,sectors\power.csv
1073,Gujarat Industries Power Company Ltd.,GIPCL,Power,Power Generation/Distribution,2727.14,sectors\power.csv
1074,Orient Cement Ltd.,ORIENTCEM,Construction Materials,Cement & Construction Materials,2721.32,sectors\constructionmaterials.csv
1075,Ramky Infrastructure Ltd.,RAMKY,Infrastructure,Engineering - Construction,2706.67,sectors\infrastructure.csv
1076,Automotive Axles Ltd.,AUTOAXLES,Automobile & Ancillaries,Auto Ancillary,2701.95,sectors\automobileancillaries.csv
1077,Yash Highvoltage Ltd.,YASHHV,Capital Goods,Electric Equipment,2699.25,sectors\capitalgoods.csv
1078,Imagicaaworld Entertainment Ltd.,IMAGICAA,Hospitality,Amusement Parks/Recreation/Club,2696.9,sectors\hospitality.csv
1079,Nocil Ltd.,NOCIL,Chemicals,Chemicals,2696.62,sectors\chemicals.csv
1080,Zaggle Prepaid Ocean Services Ltd.,ZAGGLE,Information Technology,IT - Software,2696.56,sectors\informationtechnology.csv
1081,Hikal Ltd.,HIKAL,Healthcare,Pharmaceuticals & Drugs,2686.72,sectors\healthcare.csv
1082,Kiri Industries Ltd.,KIRIINDUS,Chemicals,Dyes & Pigments,2684.27,sectors\chemicals.csv
1083,Mufin Green Finance Ltd.,MUFIN,Finance,Finance - NBFC,2683.12,sectors\finance.csv
1084,Kitex Garments Ltd.,KITEX,Textile,Textile,2677.29,sectors\textile.csv
1085,Ador Welding Ltd.,ADOR,Capital Goods,Electrodes & Welding Equipment,2675.77,sectors\capitalgoods.csv
1086,Axis Solution Ltd.,AXISOL,Capital Goods,Engineering - Industrial Equipments,2673.28,sectors\capitalgoods.csv
1087,Flair Writing Industries Ltd.,FLAIR,Fast Moving Consumer Goods,Printing & Stationery,2672.3,sectors\fastmovingconsumergoods.csv
1088,Parag Milk Foods Ltd.,PARAGMILK,Fast Moving Consumer Goods,Consumer Food,2672.09,sectors\fastmovingconsumergoods.csv
1089,Stallion India Fluorochemicals Ltd.,STALLION,Industrials Gases & Fuels,Industrial  Gases & Fuels,2669.39,sectors\industrialsgasesfuels.csv
1090,EFC (I) Ltd.,EFCIL,Other,Business Support,2659.33,sectors\other.csv
1091,Silver Touch Technologies Ltd.,SILVERTUC,Information Technology,IT - Software,2650.96,sectors\informationtechnology.csv
1092,Hubtown Ltd.,HUBTOWN,Realty,Construction - Real Estate,2645.91,sectors\realty.csv
1093,Ind-Swift Laboratories Ltd.,INDSWFTLAB,Healthcare,Pharmaceuticals & Drugs,2645.37,sectors\healthcare.csv
1094,Oriana Power Ltd.,ORIANA,Infrastructure,Engineering - Construction,2637.12,sectors\infrastructure.csv
1095,Veedol Corporation Ltd.,VEEDOL,Automobile & Ancillaries,Lubricants,2632.51,sectors\automobileancillaries.csv
1096,Rajratan Global Wire Ltd.,RAJRATAN,Automobile & Ancillaries,Auto Ancillary,2621.05,sectors\automobileancillaries.csv
1097,Dr Agarwals Eye Hospital Ltd.,DRAGARWQ,Healthcare,Hospital & Healthcare Services,2612.26,sectors\healthcare.csv
1098,Fischer Medical Ventures Ltd.,FISCHER,Trading,Trading,2609.24,sectors\trading.csv
1099,Medi Assist Healthcare Services Ltd.,MEDIASSIST,Other,Business Support,2607.84,sectors\other.csv
1100,Talbros Automotive Components Ltd.,TALBROAUTO,Automobile & Ancillaries,Auto Ancillary,2593.82,sectors\automobileancillaries.csv
1101,GK Energy Ltd.,GKENERGY,Infrastructure,Engineering - Construction,2588.96,sectors\infrastructure.csv
1102,Eveready Industries India Ltd.,EVEREADY,Automobile & Ancillaries,Batteries,2588.39,sectors\automobileancillaries.csv
1103,Pix Transmissions Ltd.,PIXTRANS,Agriculture,Rubber  Products,2585.18,sectors\agriculture.csv
1104,Bharat Bijlee Ltd.,BBL,Capital Goods,Electric Equipment,2583.55,sectors\capitalgoods.csv
1105,Schneider Electric President Systems Ltd.,SELECTRIC,Consumer Durables,IT - Hardware,2576.27,sectors\consumerdurables.csv
1106,Xpro India Ltd.,XPROINDIA,Plastic Products,Plastic Products,2575.41,sectors\plasticproducts.csv
1107,Tasty Bite Eatables Ltd.,TASTYBITE,Fast Moving Consumer Goods,Consumer Food,2565.67,sectors\fastmovingconsumergoods.csv
1108,Fredun Pharmaceuticals Ltd.,FREDUN,Healthcare,Pharmaceuticals & Drugs,2559.68,sectors\healthcare.csv
1109,Concord Control Systems Ltd.,CNCRD,Capital Goods,Engineering - Industrial Equipments,2555.72,sectors\capitalgoods.csv
1110,Easy Trip Planners Ltd.,EASEMYTRIP,Hospitality,Travel Services,2554.16,sectors\hospitality.csv
1111,JNK India Ltd.,JNKINDIA,Capital Goods,Engineering - Industrial Equipments,2552.62,sectors\capitalgoods.csv
1112,Federal-Mogul Goetze (India) Ltd.,FMGOETZE,Automobile & Ancillaries,Auto Ancillary,2544.89,sectors\automobileancillaries.csv
1113,India Nippon Electricals Ltd.,INDNIPPON,Automobile & Ancillaries,Auto Ancillary,2542.31,sectors\automobileancillaries.csv
1114,Knack Packaging Ltd.,KNACK,Fast Moving Consumer Goods,Packaging,2537.85,sectors\fastmovingconsumergoods.csv
1115,Sportking India Ltd.,SPORTKING,Textile,Textile,2530,sectors\textile.csv
1116,Rishabh Instruments Ltd.,RISHABH,Capital Goods,Electric Equipment,2516.76,sectors\capitalgoods.csv
1117,Apeejay Surrendra Park Hotels Ltd.,PARKHOTELS,Hospitality,"Hotel, Resort & Restaurants",2509.28,sectors\hospitality.csv
1118,Sundrop Brands Ltd.,SUNDROP,Fast Moving Consumer Goods,Edible Oil,2502.88,sectors\fastmovingconsumergoods.csv
1119,Utkarsh Small Finance Bank Ltd.,UTKARSHBNK,Banking,Bank - Private,2494.89,sectors\banking.csv
1120,Stove Kraft Ltd.,STOVEKRAFT,Consumer Durables,Consumer Durables - Domestic Appliances,2486.69,sectors\consumerdurables.csv
1121,Satin Creditcare Network Ltd.,SATIN,Finance,Finance Term Lending,2482.83,sectors\finance.csv
1122,Arkade Developers Ltd.,ARKADE,Realty,Construction - Real Estate,2481.39,sectors\realty.csv
1123,Mobavenue Ai Tech Ltd.,MOBAVENUE,Information Technology,IT - Software,2477.39,sectors\informationtechnology.csv
1124,Solara Active Pharma Sciences Ltd.,SOLARA,Healthcare,Pharmaceuticals & Drugs,2465.73,sectors\healthcare.csv
1125,Marathon Nextgen Realty Ltd.,MARATHON,Realty,Construction - Real Estate,2462.4,sectors\realty.csv
1126,Mangalam Cement Ltd.,MANGLMCEM,Construction Materials,Cement & Construction Materials,2461.15,sectors\constructionmaterials.csv
1127,Cosmo First Ltd.,COSMOFIRST,Plastic Products,Plastic Products,2460.26,sectors\plasticproducts.csv
1128,Prakash Industries Ltd.,PRAKASH,Iron & Steel,Steel & Iron Products,2441.78,sectors\ironsteel.csv
1129,Sai Parenteral's Ltd.,SAIPARENT,Healthcare,Pharmaceuticals & Drugs,2438.25,sectors\healthcare.csv
1130,SIRCA Paints India Ltd.,SIRCA,Trading,Trading,2432.15,sectors\trading.csv
1131,Panacea Biotec Ltd.,PANACEABIO,Healthcare,Pharmaceuticals & Drugs,2429.2,sectors\healthcare.csv
1132,Rajesh Exports Ltd.,RAJESHEXPO,Diamond & Jewellery,Diamond  &  Jewellery,2406.66,sectors\diamondjewellery.csv
1133,Gandhar Oil Refinery (India) Ltd.,GANDHAR,Automobile & Ancillaries,Lubricants,2399.03,sectors\automobileancillaries.csv
1134,BN Agrochem Ltd.,BNAGROCHEM,Agriculture,Solvent  Extraction,2398.37,sectors\agriculture.csv
1135,Confidence Petroleum India Ltd.,CONFIPET,Trading,Trading,2390.81,sectors\trading.csv
1136,Venus Remedies Ltd.,VENUSREM,Healthcare,Pharmaceuticals & Drugs,2388.41,sectors\healthcare.csv
1137,Rane Holdings Ltd.,RANEHOLDIN,Finance,Finance - Investment,2385.18,sectors\finance.csv
1138,JG Chemicals Ltd.,JGCHEM,Chemicals,Chemicals,2376.63,sectors\chemicals.csv
1139,Veranda Learning Solutions Ltd.,VERANDA,Other,Educational Institutions,2366.86,sectors\other.csv
1140,Bombay Dyeing And Manufacturing Company Ltd.,BOMDYEING,Textile,Textile,2362.76,sectors\textile.csv
1141,S.P. Apparels Ltd.,SPAL,Textile,Textile,2359.54,sectors\textile.csv
1142,Nitco Ltd.,NITCO,Construction Materials,Ceramics/Marble/Granite/Sanitaryware,2359.06,sectors\constructionmaterials.csv
1143,SH Kelkar And Company Ltd.,SHK,Chemicals,Chemicals,2358,sectors\chemicals.csv
1144,Amic Forging Ltd.,AMIC,Automobile & Ancillaries,Forgings,2342.9,sectors\automobileancillaries.csv
1145,Nelco Ltd.,NELCO,Consumer Durables,IT - Hardware,2342.19,sectors\consumerdurables.csv
1146,GNA Axles Ltd.,GNA,Automobile & Ancillaries,Auto Ancillary,2330.07,sectors\automobileancillaries.csv
1147,Sika Interplant Systems Ltd.,SIKA,Capital Goods,Aerospace & Defense,2327.43,sectors\capitalgoods.csv
1148,Kalyani Investment Company Ltd.,KICL,Finance,Finance - Investment,2326.38,sectors\finance.csv
1149,Ajmera Realty & Infra India Ltd.,AJMERA,Realty,Construction - Real Estate,2326.12,sectors\realty.csv
1150,EPack Prefab Technologies Ltd.,EPACKPEB,Plastic Products,Plastic Products,2310.94,sectors\plasticproducts.csv
1151,NIBE Ltd.,NIBE,Capital Goods,Aerospace & Defense,2307.75,sectors\capitalgoods.csv
1152,Mold-Tek Packaging Ltd.,MOLDTKPAC,Fast Moving Consumer Goods,Packaging,2306.42,sectors\fastmovingconsumergoods.csv
1153,Advait Energy Transitions Ltd.,ADVAIT,Electricals,Cable,2301.75,sectors\electricals.csv
1154,Sagar Cements Ltd.,SAGCEM,Construction Materials,Cement & Construction Materials,2287.38,sectors\constructionmaterials.csv
1155,Prabha Energy Ltd,PRABHA,Miscellaneous,Miscellaneous,2285.8,sectors\miscellaneous.csv
1156,Thejo Engineering Ltd.,THEJO,Capital Goods,Engineering,2283.29,sectors\capitalgoods.csv
1157,HLE Glascoat Ltd.,HLEGLAS,Capital Goods,Engineering - Industrial Equipments,2276.38,sectors\capitalgoods.csv
1158,Brigade Hotel Ventures Ltd.,BRIGHOTEL,Hospitality,"Hotel, Resort & Restaurants",2274.88,sectors\hospitality.csv
1159,Apollo Pipes Ltd.,APOLLOPIPE,Plastic Products,Plastic Products,2260.77,sectors\plasticproducts.csv
1160,Protean e-Gov Technologies Ltd.,PROTEAN,Information Technology,BPO/ITeS,2241.07,sectors\informationtechnology.csv
1161,Ramco Systems Ltd.,RAMCOSYS,Information Technology,IT - Software,2240.39,sectors\informationtechnology.csv
1162,Repco Home Finance Ltd.,REPCOHOME,Finance,Finance - Housing,2236.57,sectors\finance.csv
1163,Geojit Financial Services Ltd.,GEOJITFSL,Finance,Finance - Stock Broking,2231.58,sectors\finance.csv
1164,Sanstar Ltd.,SANSTAR,Fast Moving Consumer Goods,Consumer Food,2228.99,sectors\fastmovingconsumergoods.csv
1165,Alembic Ltd.,ALEMBICLTD,Realty,Construction - Real Estate,2227.07,sectors\realty.csv
1166,Oriental Hotels Ltd.,ORIENTHOT,Hospitality,"Hotel, Resort & Restaurants",2216.42,sectors\hospitality.csv
1167,Elcid Investments Ltd.,ELCIDIN,Finance,Finance - Investment,2207.8,sectors\finance.csv
1168,OBSC Perfection Ltd.,OBSCP,Capital Goods,Engineering - Industrial Equipments,2202.05,sectors\capitalgoods.csv
1169,Modern Insulators Ltd.,MODINSU,Electricals,Electronics - Components,2199.26,sectors\electricals.csv
1170,Saksoft Ltd.,SAKSOFT,Information Technology,IT - Software,2195.63,sectors\informationtechnology.csv
1171,Insolation Energy Ltd.,INA,Electricals,Electronics - Components,2185.78,sectors\electricals.csv
1172,Dynamic Cables Ltd.,DYCL,Electricals,Cable,2182.33,sectors\electricals.csv
1173,Honda India Power Products Ltd.,HONDAPOWER,Capital Goods,Electric Equipment,2178.12,sectors\capitalgoods.csv
1174,Spandana Sphoorty Financial Ltd.,SPANDANA,Finance,Finance - NBFC,2176.1,sectors\finance.csv
1175,Bajel Projects Ltd.,BAJEL,Infrastructure,Engineering - Construction,2175.68,sectors\infrastructure.csv
1176,Vintage Coffee & Beverages Ltd.,VINCOFE,Trading,Trading,2172.42,sectors\trading.csv
1177,KMC Speciality Hospitals (India) Ltd.,KMCSHIL,Healthcare,Hospital & Healthcare Services,2165.77,sectors\healthcare.csv
1178,Bharat Rasayan Ltd.,BHARATRAS,Chemicals,Pesticides & Agrochemicals,2164.31,sectors\chemicals.csv
1179,Shringar House of Mangalsutra Ltd.,SHRINGARMS,Diamond & Jewellery,Diamond  &  Jewellery,2157.19,sectors\diamondjewellery.csv
1180,TCI Express Ltd.,TCIEXP,Logistics,Logistics,2155.95,sectors\logistics.csv
1181,Venky'S (India) Ltd.,VENKEYS,Agriculture,Agriculture,2151.63,sectors\agriculture.csv
1182,Somany Ceramics Ltd.,SOMANYCERA,Construction Materials,Ceramics/Marble/Granite/Sanitaryware,2147.23,sectors\constructionmaterials.csv
1183,Krishna GVK Luxury Hotels Ltd.,TAJGVK,Hospitality,"Hotel, Resort & Restaurants",2142.82,sectors\hospitality.csv
1184,CFF Fluid Control Ltd.,CFF,Capital Goods,Aerospace & Defense,2142.19,sectors\capitalgoods.csv
1185,Greenpanel Industries Ltd.,GREENPANEL,Construction Materials,Wood & Wood Products,2140.46,sectors\constructionmaterials.csv
1186,NGL Fine-Chem Ltd.,NGLFINE,Healthcare,Pharmaceuticals & Drugs,2139.2,sectors\healthcare.csv
1187,Paramount Communications Ltd.,PARACABLES,Electricals,Cable,2137.86,sectors\electricals.csv
1188,La Opala RG Ltd.,LAOPALA,Construction Materials,Glass,2132.86,sectors\constructionmaterials.csv
1189,Landmark Cars Ltd.,LANDMARK,Automobile & Ancillaries,Automobiles - Dealers & Distributors,2126.32,sectors\automobileancillaries.csv
1190,Exicom Tele-Systems Ltd.,EXICOM,Capital Goods,Electric Equipment,2111.93,sectors\capitalgoods.csv
1191,Huhtamaki India Ltd.,HUHTAMAKI,Fast Moving Consumer Goods,Packaging,2093.09,sectors\fastmovingconsumergoods.csv
1192,Blue Cloud Softech Solutions Ltd.,BLUECLOUDS,Information Technology,IT - Software,2084.32,sectors\informationtechnology.csv
1193,EPACK Durable Ltd.,EPACK,Consumer Durables,Air Conditioners,2074.2,sectors\consumerdurables.csv
1194,Desi Farms India Ltd.,DESIFARMS,Logistics,Logistics,2073.86,sectors\logistics.csv
1195,Arman Financial Services Ltd.,ARMANFIN,Finance,Finance - NBFC,2069.94,sectors\finance.csv
1196,Monolithisch India Ltd.,MONOLITH,Capital Goods,Refractories,2065.46,sectors\capitalgoods.csv
1197,HMT Ltd.,HMT,Capital Goods,Engineering - Industrial Equipments,2062.49,sectors\capitalgoods.csv
1198,Pennar Industries Ltd.,PENIND,Iron & Steel,Steel & Iron Products,2062.25,sectors\ironsteel.csv
1199,Hester Biosciences Ltd.,HESTERBIO,Healthcare,Pharmaceuticals & Drugs,2053.26,sectors\healthcare.csv
1200,HPL Electric & Power Ltd.,HPL,Capital Goods,Electric Equipment,2043.15,sectors\capitalgoods.csv
1201,GM Breweries Ltd.,GMBREW,Alcohol,Breweries & Distilleries,2039.77,sectors\alcohol.csv
1202,Indoco Remedies Ltd.,INDOCO,Healthcare,Pharmaceuticals & Drugs,2032.53,sectors\healthcare.csv
1203,Jaykay Enterprises Ltd.,JAYKAY,Capital Goods,Aerospace & Defense,2028.57,sectors\capitalgoods.csv
1204,Dolphin Offshore Enterprises (India) Ltd.,DOLPHIN,Crude Oil,Oil Exploration,2023.63,sectors\crudeoil.csv
1205,Anondita Medicare Ltd.,ANONDITA,Fast Moving Consumer Goods,Household & Personal Products,2021.81,sectors\fastmovingconsumergoods.csv
1206,ESAF Small Finance Bank Ltd.,ESAFSFB,Banking,Bank - Private,2020.21,sectors\banking.csv
1207,KCP Ltd.,KCP,Construction Materials,Cement & Construction Materials,2020.19,sectors\constructionmaterials.csv
1208,Grand Oak Canyons Distillery Ltd.,GRANDOAK,Realty,Construction - Real Estate,2019.49,sectors\realty.csv
1209,Kody Technolab Ltd.,KODYTECH,Information Technology,IT - Software,2016.88,sectors\informationtechnology.csv
1210,BF Utilities Ltd.,BFUTILITIE,Power,Power Generation/Distribution,2011.07,sectors\power.csv
1211,Hindustan Oil Exploration Company Ltd.,HINDOILEXP,Crude Oil,Oil Exploration,2010.76,sectors\crudeoil.csv
1212,EMS Ltd.,EMSLIMITED,Infrastructure,Engineering - Construction,2009.38,sectors\infrastructure.csv
1213,Kilburn Engineering Ltd.,KLBRENG-B,Capital Goods,Engineering - Industrial Equipments,2004.81,sectors\capitalgoods.csv
1214,Brightcom Group Ltd.,BCG,Information Technology,IT - Software,2004.39,sectors\informationtechnology.csv
1215,Camlin Fine Sciences Ltd.,CAMLINFINE,Chemicals,Chemicals,1992.04,sectors\chemicals.csv
1216,Simplex Infrastructures Ltd.,SIMPLEXINF,Infrastructure,Engineering - Construction,1988.85,sectors\infrastructure.csv
1217,Cantabil Retail India Ltd.,CANTABIL,Textile,Textile,1985.15,sectors\textile.csv
1218,Alpex Solar Ltd.,ALPEXSOLAR,Capital Goods,Electric Equipment,1984.95,sectors\capitalgoods.csv
1219,Amir Chand Jagdish Kumar (Exports) Ltd.,AEROPLANE,Fast Moving Consumer Goods,Consumer Food,1977.32,sectors\fastmovingconsumergoods.csv
1220,GOCL Corporation Ltd.,GOCLCORP,Chemicals,Chemicals,1969.76,sectors\chemicals.csv
1221,GHV Infra Projects Ltd.,GHVINFRA,Infrastructure,Engineering - Construction,1969.09,sectors\infrastructure.csv
1222,Tinna Rubber And Infrastructure Ltd.,TINNARUBR,Agriculture,Rubber  Products,1961.47,sectors\agriculture.csv
1223,Khazanchi Jewellers Ltd.,KHAZANCHI,Diamond & Jewellery,Diamond  &  Jewellery,1961.07,sectors\diamondjewellery.csv
1224,DCX Systems Ltd.,DCXINDIA,Capital Goods,Aerospace & Defense,1959.84,sectors\capitalgoods.csv
1225,Windlas Biotech Ltd.,WINDLAS,Healthcare,Pharmaceuticals & Drugs,1959.31,sectors\healthcare.csv
1226,TIL Ltd.,TIL,Capital Goods,Construction Vehicles,1957.22,sectors\capitalgoods.csv
1227,Sakar Healthcare Ltd.,SAKAR,Healthcare,Pharmaceuticals & Drugs,1948.98,sectors\healthcare.csv
1228,Indian Hume Pipe Company Ltd.,INDIANHUME,Infrastructure,Engineering - Construction,1943.17,sectors\infrastructure.csv
1229,Wonder Electricals Ltd.,WEL,Consumer Durables,Consumer Durables - Electronics,1941.78,sectors\consumerdurables.csv
1230,NDR Auto Components Ltd.,NDRAUTO,Automobile & Ancillaries,Auto Ancillary,1937.79,sectors\automobileancillaries.csv
1231,Tarsons Products Ltd.,TARSONS,Plastic Products,Plastic Products,1937.24,sectors\plasticproducts.csv
1232,Mukand Ltd.,MUKANDLTD,Iron & Steel,Steel & Iron Products,1934.07,sectors\ironsteel.csv
1233,Spice Lounge Food Works Ltd.,SPICELOUNG,Finance,Finance - Investment,1926.85,sectors\finance.csv
1234,Thirumalai Chemicals Ltd.,TIRUMALCHM,Chemicals,Chemicals,1922.21,sectors\chemicals.csv
1235,TeamLease Services Ltd.,TEAMLEASE,Other,Professional Services,1910.86,sectors\other.csv
1236,Awfis Space Solutions Ltd.,AWFIS,Other,Business Support,1909.31,sectors\other.csv
1237,Aayush Art And Bullion Ltd.,AAYUSHBULL,Trading,Trading,1907.74,sectors\trading.csv
1238,Motisons Jewellers Ltd.,MOTISONS,Diamond & Jewellery,Diamond  &  Jewellery,1907.6,sectors\diamondjewellery.csv
1239,Vidya Wires Ltd.,VIDYAWIRES,Capital Goods,Electric Equipment,1902.32,sectors\capitalgoods.csv
1240,Shanti Gold International Ltd.,SHANTIGOLD,Diamond & Jewellery,Diamond  &  Jewellery,1899.3,sectors\diamondjewellery.csv
1241,MSP Steel & Power Ltd.,MSPL,Iron & Steel,Steel & Iron Products,1897.64,sectors\ironsteel.csv
1242,Hinduja Global Solutions Ltd.,HGS,Information Technology,BPO/ITeS,1897.1,sectors\informationtechnology.csv
1243,Jain Irrigation Systems Ltd.,JISLJALEQS,Plastic Products,Plastic Products,1896.57,sectors\plasticproducts.csv
1244,Hathway Cable & Datacom Ltd.,HATHWAY,Telecom,Telecommunication - Service  Provider,1876.31,sectors\telecom.csv
1245,Shipping Corporation of India Land and Assets Ltd.,SCILAL,Logistics,Shipping,1876.24,sectors\logistics.csv
1246,Servotech Renewable Power System Ltd.,SERVOTECH,Capital Goods,Electric Equipment,1869.55,sectors\capitalgoods.csv
1247,Krsnaa Diagnostics Ltd.,KRSNAA,Healthcare,Hospital & Healthcare Services,1868.79,sectors\healthcare.csv
1248,Creative Newtech Ltd.,CNL,Information Technology,BPO/ITeS,1866.27,sectors\informationtechnology.csv
1249,Ardee Industries Ltd.,ARDEE,Non - Ferrous Metals,Metal - Non Ferrous,1865.04,sectors\nonferrousmetals.csv
1250,BGR Energy Systems Ltd.,BGRENERGY,Infrastructure,Engineering - Construction,1861.77,sectors\infrastructure.csv
1251,Nucleus Software Exports Ltd.,NUCLEUS,Information Technology,IT - Software,1856.86,sectors\informationtechnology.csv
1252,GRM Overseas Ltd.,GRMOVER,Fast Moving Consumer Goods,Consumer Food,1855.77,sectors\fastmovingconsumergoods.csv
1253,Algoquant Fintech Ltd.,ALGOQUANT,Finance,Finance - Stock Broking,1849.89,sectors\finance.csv
1254,SBC Exports Ltd.,SBC,Textile,Textile,1841.9,sectors\textile.csv
1255,Insecticides (India) Ltd.,INSECTICID,Chemicals,Pesticides & Agrochemicals,1833.6,sectors\chemicals.csv
1256,Paushak Ltd.,PAUSHAKLTD,Chemicals,Chemicals,1825.23,sectors\chemicals.csv
1257,PTC India Financial Services Ltd.,PFS,Finance,Finance - NBFC,1822.16,sectors\finance.csv
1258,EIH Associated Hotels Ltd.,EIHAHOTELS,Hospitality,"Hotel, Resort & Restaurants",1821.39,sectors\hospitality.csv
1259,Shukra Pharmaceuticals Ltd.,SHUKRAPHAR,Healthcare,Pharmaceuticals & Drugs,1821.32,sectors\healthcare.csv
1260,Asian Energy Services Ltd.,ASIANENE,Crude Oil,Oil Exploration,1818.92,sectors\crudeoil.csv
1261,PNGS Reva Diamond Jewellery Ltd.,PNGSREVA,Retailing,Retailing,1815.53,sectors\retailing.csv
1262,Omaxe Ltd.,OMAXE,Realty,Construction - Real Estate,1814.19,sectors\realty.csv
1263,Kabra Extrusiontechnik Ltd.,KABRAEXTRU,Capital Goods,Engineering - Industrial Equipments,1812.12,sectors\capitalgoods.csv
1264,Capacit'e Infraprojects Ltd.,CAPACITE,Realty,Construction - Real Estate,1810.1,sectors\realty.csv
1265,5Paisa Capital Ltd.,5PAISA,Finance,Finance - Stock Broking,1808.48,sectors\finance.csv
1266,KS Smart Technologies Ltd.,KSSMART,Paper,Paper & Paper Products,1807.41,sectors\paper.csv
1267,Marsons Ltd.,MARSONS,Capital Goods,Electric Equipment,1804.47,sectors\capitalgoods.csv
1268,Goodyear India Ltd.,GOODYEAR,Automobile & Ancillaries,Tyres & Allied,1798.03,sectors\automobileancillaries.csv
1269,Kapston Services Ltd.,KAPSTON,Other,Professional Services,1790.63,sectors\other.csv
1270,Yatra Online Ltd,YATRA,Hospitality,Travel Services,1788.84,sectors\hospitality.csv
1271,Media Matrix Worldwide Ltd,MMWL,Other,Business Support,1788.6,sectors\other.csv
1272,Rico Auto Industries Ltd.,RICOAUTO,Automobile & Ancillaries,Auto Ancillary,1787.11,sectors\automobileancillaries.csv
1273,Hypersoft Technologies Ltd.,HYPERSOFT,Information Technology,IT - Software,1770.53,sectors\informationtechnology.csv
1274,SpiceJet Ltd.,SPICEJET,Aviation,Airlines,1770.28,sectors\aviation.csv
1275,Jai Corp Ltd.,JAICORPLTD,Plastic Products,Plastic Products,1765.58,sectors\plasticproducts.csv
1276,Macpower CNC Machines Ltd.,MACPOWER,Capital Goods,Engineering - Industrial Equipments,1750.03,sectors\capitalgoods.csv
1277,BF Investment Ltd.,BFINVEST,Finance,Finance - Investment,1749.85,sectors\finance.csv
1278,Vinyas Innovative Technologies Ltd.,VINYAS,Electricals,Electronics - Components,1741.16,sectors\electricals.csv
1279,Virtuoso Optoelectronics Ltd.,VOEPL,Capital Goods,Electric Equipment,1737.73,sectors\capitalgoods.csv
1280,Mahamaya Steel Industries Ltd.,MAHASTEEL,Iron & Steel,Steel & Iron Products,1733.42,sectors\ironsteel.csv
1281,Indokem Ltd.,INDOKEM,Chemicals,Chemicals,1726.7,sectors\chemicals.csv
1282,Sar Auto Products Ltd.,SAPL,Automobile & Ancillaries,Auto Ancillary,1723.81,sectors\automobileancillaries.csv
1283,Go Fashion (India) Ltd.,GOCOLORS,Retailing,Retailing,1721.99,sectors\retailing.csv
1284,Ceinsys Tech Ltd.,CEINSYS,Information Technology,IT - Software,1712.7,sectors\informationtechnology.csv
1285,KP Energy Ltd.,KPEL,Infrastructure,Engineering - Construction,1709.19,sectors\infrastructure.csv
1286,Gujarat Natural Resources Ltd.,GNRL,Crude Oil,Oil Exploration,1709.06,sectors\crudeoil.csv
1287,Disa India Ltd.,DISAQ,Capital Goods,Engineering - Industrial Equipments,1705.78,sectors\capitalgoods.csv
1288,Accelya Solutions India Ltd.,ACCELYA,Information Technology,IT - Software,1703.16,sectors\informationtechnology.csv
1289,Jindal Drilling & Industries Ltd.,JINDRILL,Crude Oil,Oil Exploration,1702.93,sectors\crudeoil.csv
1290,Garuda Construction & Engineering Ltd.,GARUDA,Realty,Construction - Real Estate,1701.73,sectors\realty.csv
1291,Titan Bio-Tech Ltd.,TITANBIO,Chemicals,Chemicals,1698.6,sectors\chemicals.csv
1292,Aurum Proptech Ltd.,AURUM,Information Technology,IT - Software,1693.44,sectors\informationtechnology.csv
1293,Magellanic Cloud Ltd.,MCLOUD,Information Technology,IT - Software,1683.55,sectors\informationtechnology.csv
1294,Rhetan TMT Ltd.,RHETAN,Iron & Steel,Steel & Iron Products,1679.81,sectors\ironsteel.csv
1295,Tribhovandas Bhimji Zaveri Ltd.,TBZ,Diamond & Jewellery,Diamond  &  Jewellery,1676.94,sectors\diamondjewellery.csv
1296,Studds Accessories Ltd.,STUDDS,Automobile & Ancillaries,Auto Ancillary,1676.85,sectors\automobileancillaries.csv
1297,Keto Motors Ltd.,KETOMOTORS,Retailing,Retailing,1671.41,sectors\retailing.csv
1298,SMC Global Securities Ltd.,SMCGLOBAL,Finance,Finance - Stock Broking,1659.08,sectors\finance.csv
1299,Bluspring Enterprises Ltd.,BLUSPRING,Other,Professional Services,1658.73,sectors\other.csv
1300,Zelio E-Mobility Ltd.,ZELIO,Automobile & Ancillaries,Automobile Two & Three Wheelers,1658.58,sectors\automobileancillaries.csv
1301,Shalby Ltd.,SHALBY,Healthcare,Hospital & Healthcare Services,1658.49,sectors\healthcare.csv
1302,Mahanagar Telephone Nigam Ltd.,MTNL,Telecom,Telecommunication - Service  Provider,1658.16,sectors\telecom.csv
1303,Ratnaveer Precision Engineering Ltd.,RATNAVEER,Iron & Steel,Steel & Iron Products,1642.81,sectors\ironsteel.csv
1304,Hindware Home Innovation Ltd.,HINDWAREAP,Trading,Trading,1640.31,sectors\trading.csv
1305,TTK Healthcare Ltd.,TTKHLTCARE,Diversified,Diversified,1639.68,sectors\diversified.csv
1306,RACL Geartech Ltd.,RACLGEAR,Automobile & Ancillaries,Auto Ancillary,1638.07,sectors\automobileancillaries.csv
1307,India Pesticides Ltd.,IPL,Chemicals,Pesticides & Agrochemicals,1623.81,sectors\chemicals.csv
1308,Delta Corp Ltd.,DELTACORP,Hospitality,Amusement Parks/Recreation/Club,1621.09,sectors\hospitality.csv
1309,SPML Infra Ltd.,SPMLINFRA,Infrastructure,Engineering - Construction,1620.09,sectors\infrastructure.csv
1310,Suryoday Small Finance Bank Ltd.,SURYODAY,Banking,Bank - Private,1619.43,sectors\banking.csv
1311,Krishna Defence and Allied Industries Ltd.,KRISHNADEF,Capital Goods,Aerospace & Defense,1610.92,sectors\capitalgoods.csv
1312,MV Electrosystems Ltd.,MVELECTRO,Capital Goods,Electric Equipment,1610.23,sectors\capitalgoods.csv
1313,Meghmani Organics Ltd.,MOL,Chemicals,Pesticides & Agrochemicals,1608.54,sectors\chemicals.csv
1314,Vikran Engineering Ltd.,VIKRAN,Infrastructure,Engineering - Construction,1606.79,sectors\infrastructure.csv
1315,IFGL Refractories Ltd.,IFGLEXPOR,Capital Goods,Refractories,1605.19,sectors\capitalgoods.csv
1316,One Mobikwik Systems Ltd.,MOBIKWIK,Information Technology,Fintech,1593.05,sectors\informationtechnology.csv
1317,Hi-Tech Pipes Ltd.,HITECH,Iron & Steel,Steel & Iron Products,1588.3,sectors\ironsteel.csv
1318,Wendt (India) Ltd.,WENDT,Abrasives,Abrasives,1588.16,sectors\abrasives.csv
1319,Kothari Industrial Corporation Ltd.,KOTIC,Diversified,Diversified,1585.76,sectors\diversified.csv
1320,IKIO Technologies Ltd.,IKIO,Electricals,Electronics - Components,1583.87,sectors\electricals.csv
1321,Suraksha Diagnostic Ltd.,SURAKSHA,Healthcare,Hospital & Healthcare Services,1583.26,sectors\healthcare.csv
1322,Frontier Springs Ltd.,FRONTSP,Iron & Steel,Steel & Iron Products,1573.53,sectors\ironsteel.csv
1323,Balmer Lawrie Investments Ltd.,BLIL,Finance,Finance - NBFC,1571.57,sectors\finance.csv
1324,AYM Syntex Ltd.,AYMSYNTEX,Textile,Textile,1570.81,sectors\textile.csv
1325,Infobeans Technologies Ltd.,INFOBEAN,Information Technology,IT - Software,1570.51,sectors\informationtechnology.csv
1326,Summit Securities Ltd.,SUMMITSEC,Finance,Finance - NBFC,1566.91,sectors\finance.csv
1327,Bharat Seats Ltd.,BHARATSE,Automobile & Ancillaries,Auto Ancillary,1564.35,sectors\automobileancillaries.csv
1328,GTL Infrastructure Ltd.,GTLINFRA,Telecom,Telecom-Infrastructure,1562.75,sectors\telecom.csv
1329,Vidhi Specialty Food Ingredients Ltd.,VIDHIING,Chemicals,Dyes & Pigments,1559.53,sectors\chemicals.csv
1330,Dollar Industries Ltd.,DOLLAR,Textile,Textile,1548.63,sectors\textile.csv
1331,Som Distilleries And Breweries Ltd.,SDBL,Alcohol,Breweries & Distilleries,1546.99,sectors\alcohol.csv
1332,M&B Engineering Ltd.,MBEL,Capital Goods,Engineering - Industrial Equipments,1544.2,sectors\capitalgoods.csv
1333,One Point One Solutions Ltd.,ONEPOINT,Information Technology,BPO/ITeS,1531.08,sectors\informationtechnology.csv
1334,Ivalue Infosolutions Ltd.,IVALUE,Consumer Durables,IT - Hardware,1528.72,sectors\consumerdurables.csv
1335,Walchandnagar Industries Ltd.,WALCHANNAG,Capital Goods,Engineering - Industrial Equipments,1526.15,sectors\capitalgoods.csv
1336,Dynacons Systems & Solutions Ltd.,DSSL,Information Technology,IT - Software,1522.02,sectors\informationtechnology.csv
1337,Rajesh Power Services Ltd.,RAJESH,Trading,Trading,1506.32,sectors\trading.csv
1338,Danish Power Ltd.,DANISH,Capital Goods,Electric Equipment,1502.77,sectors\capitalgoods.csv
1339,Asian Granito India Ltd.,ASIANTILES,Construction Materials,Ceramics/Marble/Granite/Sanitaryware,1500.16,sectors\constructionmaterials.csv
1340,Allcargo Logistics Ltd.,ALLCARGO,Logistics,Logistics,1497.78,sectors\logistics.csv
1341,Navkar Corporation Ltd.,NAVKARCORP,Logistics,Logistics,1496.91,sectors\logistics.csv
1342,Jagsonpal Pharmaceuticals Ltd.,JAGSNPHARM,Healthcare,Pharmaceuticals & Drugs,1495.28,sectors\healthcare.csv
1343,D-Link (India) Ltd.,DLINKINDIA,Information Technology,IT - Networking,1492.8,sectors\informationtechnology.csv
1344,Digitide Solutions Ltd.,DIGITIDE,Information Technology,IT - Software,1489.62,sectors\informationtechnology.csv
1345,Meghna Infracon Infrastructure Ltd.,MIIL,Finance,Finance - Stock Broking,1480.26,sectors\finance.csv
1346,Indo Rama Synthetics (India) Ltd.,INDORAMA,Textile,Textile - Manmade  Fibres,1466.67,sectors\textile.csv
1347,Diffusion Engineers Ltd.,DIFFNKG,Capital Goods,Electrodes & Welding Equipment,1466.17,sectors\capitalgoods.csv
1348,GPT Infraprojects Ltd.,GPTINFRA,Infrastructure,Engineering - Construction,1463.93,sectors\infrastructure.csv
1349,Citurgia Biochemicals Ltd.,CITURGIA,Chemicals,Chemicals,1463.62,sectors\chemicals.csv
1350,Allcargo Global Ltd.,AGL,Logistics,Logistics,1463.36,sectors\logistics.csv
1351,Seshasayee Paper and Boards Ltd.,SESHAPAPER,Paper,Paper & Paper Products,1461.6,sectors\paper.csv
1352,Nitta Gelatin India Ltd.,NITTAGELA,Chemicals,Chemicals,1459.97,sectors\chemicals.csv
1353,Onix Solar Energy Ltd.,ONIXSOLAR,Non - Ferrous Metals,Metal - Non Ferrous,1456.84,sectors\nonferrousmetals.csv
1354,Aeroflex Enterprises Ltd.,AEROENTER,Finance,Finance - Others,1449.07,sectors\finance.csv
1355,Quadrant Future Tek Ltd.,QUADFUTURE,Electricals,Cable,1443.4,sectors\electricals.csv
1356,Ugro Capital Ltd.,UGROCAP,Finance,Finance - NBFC,1442.47,sectors\finance.csv
1357,Igarashi Motors India Ltd.,IGARASHI,Capital Goods,Electric Equipment,1441.87,sectors\capitalgoods.csv
1358,Associated Alcohols & Breweries Ltd.,ASALCBR,Alcohol,Breweries & Distilleries,1436.57,sectors\alcohol.csv
1359,PNB Gilts Ltd.,PNBGILTS,Finance,Finance - NBFC,1430.9,sectors\finance.csv
1360,Amrutanjan Health Care Ltd.,AMRUTANJAN,Healthcare,Pharmaceuticals & Drugs,1430.35,sectors\healthcare.csv
1361,Signpost India Ltd.,SIGNPOST,Media & Entertainment,Advertising & Media,1427.12,sectors\mediaentertainment.csv
1362,Tembo Global Industries Ltd.,TEMBO,Trading,Trading,1425.51,sectors\trading.csv
1363,Divine Power Energy Ltd.,DPEL,Capital Goods,Electric Equipment,1421.51,sectors\capitalgoods.csv
1364,Arfin India Ltd.,ARFIN,Non - Ferrous Metals,Aluminium & Aluminium Products,1416.43,sectors\nonferrousmetals.csv
1365,Updater Services Ltd.,UDS,Other,Professional Services,1415.06,sectors\other.csv
1366,All Time Plastics Ltd.,ALLTIME,Plastic Products,Plastic Products,1414.97,sectors\plasticproducts.csv
1367,IG Petrochemicals Ltd.,IGPL,Chemicals,Chemicals,1409.63,sectors\chemicals.csv
1368,IZMO Ltd.,IZMO,Information Technology,IT - Software,1404.78,sectors\informationtechnology.csv
1369,Syncom Formulations (India) Ltd.,SYNCOMF,Healthcare,Pharmaceuticals & Drugs,1402.48,sectors\healthcare.csv
1370,Accent Microcell Ltd.,ACCENTMIC,Healthcare,Pharmaceuticals & Drugs,1398.56,sectors\healthcare.csv
1371,Vivid Electromech Ltd.,VIVIDEL,Capital Goods,Electric Equipment,1392.5,sectors\capitalgoods.csv
1372,KP Green Engineering Ltd.,KPGEL,Capital Goods,Engineering,1391,sectors\capitalgoods.csv
1373,Jay Bharat Maruti Ltd.,JAYBARMARU,Automobile & Ancillaries,Auto Ancillary,1389.93,sectors\automobileancillaries.csv
1374,Nintec Systems Ltd.,NINSYS,Information Technology,IT - Software,1388.93,sectors\informationtechnology.csv
1375,Steel Exchange India Ltd.,STEELXIND,Iron & Steel,Steel/Sponge Iron/Pig Iron,1387.76,sectors\ironsteel.csv
1376,Valiant Communications Ltd.,VALIANT,Telecom,Telecommunication - Equipment,1385.45,sectors\telecom.csv
1377,Rajputana Stainless Ltd.,RSL,Iron & Steel,Steel/Sponge Iron/Pig Iron,1382.63,sectors\ironsteel.csv
1378,Chaman Lal Setia Exports Ltd.,CLSEL,Fast Moving Consumer Goods,Consumer Food,1381.87,sectors\fastmovingconsumergoods.csv
1379,Belding India Ltd.,BELDING,Fast Moving Consumer Goods,Packaging,1380.27,sectors\fastmovingconsumergoods.csv
1380,Texmaco Infrastructure & Holdings Ltd.,TEXINFRA,Realty,Construction - Real Estate,1380.03,sectors\realty.csv
1381,Southern Petrochemical Industries Corporation Ltd.,SPIC,Chemicals,Fertilizers,1379.87,sectors\chemicals.csv
1382,The Andhra Sugars Ltd.,ANDHRSUGAR,Chemicals,Chemicals,1378.53,sectors\chemicals.csv
1383,Atul Auto Ltd.,ATULAUTO,Automobile & Ancillaries,Automobile Two & Three Wheelers,1374.52,sectors\automobileancillaries.csv
1384,Solarworld Energy Solutions Ltd.,SOLARWORLD,Infrastructure,Engineering - Construction,1372.46,sectors\infrastructure.csv
1385,SKM Egg Products Export (India) Ltd.,SKMEGGPROD,Fast Moving Consumer Goods,Consumer Food,1366.26,sectors\fastmovingconsumergoods.csv
1386,Indo Borax & Chemicals Ltd.,INDOBORAX,Chemicals,Chemicals,1365.27,sectors\chemicals.csv
1387,Jagran Prakashan Ltd.,JAGRAN,Media & Entertainment,Printing And Publishing,1360.77,sectors\mediaentertainment.csv
1388,Haryana Financial Corporation Ltd.,HARAFIN,Finance,Finance Term Lending,1360.16,sectors\finance.csv
1389,Kross Ltd.,KROSS,Automobile & Ancillaries,Auto Ancillary,1355.99,sectors\automobileancillaries.csv
1390,Millworks Technologies Ltd.,MILLWORKS,Capital Goods,Engineering - Industrial Equipments,1355.81,sectors\capitalgoods.csv
1391,Punjab Chemicals & Crop Protection Ltd.,PUNJABCHEM,Chemicals,Pesticides & Agrochemicals,1346.08,sectors\chemicals.csv
1392,Pashupati Cotspin Ltd.,PASHUPATI,Textile,Textile - Spinning,1339.43,sectors\textile.csv
1393,Saraswati Commercial (India) Ltd.,ZSARACOM,Finance,Finance - NBFC,1338.17,sectors\finance.csv
1394,Sai Silks (Kalamandir) Ltd.,KALAMANDIR,Retailing,Retailing,1335.51,sectors\retailing.csv
1395,TAAL Tech Ltd.,TAALTECH,Aviation,Airlines,1335.2,sectors\aviation.csv
1396,Shriram Properties Ltd.,SHRIRAMPPS,Realty,Construction - Real Estate,1331.62,sectors\realty.csv
1397,Apex Frozen Foods Ltd.,APEX,Agriculture,Aquaculture,1330.31,sectors\agriculture.csv
1398,Renaissance Global Ltd.,RGL,Diamond & Jewellery,Diamond  &  Jewellery,1326.35,sectors\diamondjewellery.csv
1399,Onida Electronics Ltd.,ONIDA,Consumer Durables,Consumer Durables - Electronics,1325.87,sectors\consumerdurables.csv
1400,India Motor Parts & Accessories Ltd.,IMPAL,Trading,Trading,1323.82,sectors\trading.csv
1401,Benares Hotels Ltd.,BENARAS,Hospitality,"Hotel, Resort & Restaurants",1323.06,sectors\hospitality.csv
1402,Astec Lifesciences Ltd.,ASTEC,Chemicals,Pesticides & Agrochemicals,1322.71,sectors\chemicals.csv
1403,Fermenta Biotech Ltd.,FERMENTA,Healthcare,Pharmaceuticals & Drugs,1322.63,sectors\healthcare.csv
1404,RIR Power Electronics Ltd.,RIR,Electricals,Electronics - Components,1321.3,sectors\electricals.csv
1405,Den Networks Ltd.,DEN,Media & Entertainment,TV Broadcasting & Software Production,1310.46,sectors\mediaentertainment.csv
1406,Menon Bearings Ltd.,MENONBE,Automobile & Ancillaries,Bearings,1304.61,sectors\automobileancillaries.csv
1407,NIIT Ltd.,NIITLTD,Information Technology,IT - Education,1304.52,sectors\informationtechnology.csv
1408,Avadh Sugar & Energy Ltd.,AVADHSUGAR,Agriculture,Sugar,1302.8,sectors\agriculture.csv
1409,DCW Ltd.,DCW,Chemicals,Chemicals,1301.04,sectors\chemicals.csv
1410,Capital Small Finance Bank Ltd.,CAPITALSFB,Banking,Bank - Private,1297.12,sectors\banking.csv
1411,Avishkar Infra Realty Ltd.,AIRLTD,Realty,Construction - Real Estate,1296.37,sectors\realty.csv
1412,Bharat Wire Ropes Ltd.,BHARATWIRE,Iron & Steel,Steel & Iron Products,1294.84,sectors\ironsteel.csv
1413,Precision Camshafts Ltd.,PRECAM,Automobile & Ancillaries,Auto Ancillary,1282.31,sectors\automobileancillaries.csv
1414,Gala Precision Engineering Ltd.,GALAPREC,Capital Goods,Engineering - Industrial Equipments,1282.07,sectors\capitalgoods.csv
1415,GPT Healthcare Ltd.,GPTHEALTH,Healthcare,Hospital & Healthcare Services,1280.06,sectors\healthcare.csv
1416,Electrotherm (India) Ltd.,ELECTHERM,Iron & Steel,Steel & Iron Products,1279.76,sectors\ironsteel.csv
1417,Excel Industries Ltd.,EXCELINDUS,Chemicals,Pesticides & Agrochemicals,1278,sectors\chemicals.csv
1418,Dhanlaxmi Bank Ltd.,DHANBANK,Banking,Bank - Private,1276.46,sectors\banking.csv
1419,Andrew Yule & Company Ltd.,ANDREWYU,Agriculture,Tea/Coffee,1276.16,sectors\agriculture.csv
1420,Innovassynth Technologies (India) Ltd.,INOVSYNTH,Finance,Finance - NBFC,1274.05,sectors\finance.csv
1421,Expleo Solutions Ltd.,EXPLEOSOL,Information Technology,IT - Software,1272.54,sectors\informationtechnology.csv
1422,Asian Hotels (North) Ltd.,ASIANHOTNR,Hospitality,"Hotel, Resort & Restaurants",1270.68,sectors\hospitality.csv
1423,Jyoti Structures Ltd.,JYOTISTRUC,Infrastructure,Transmission Towers / Equipments,1270.05,sectors\infrastructure.csv
1424,Utssav CZ Gold Jewels Ltd.,UTSSAV,Diamond & Jewellery,Diamond  &  Jewellery,1267.9,sectors\diamondjewellery.csv
1425,Sula Vineyards Ltd.,SULA,Alcohol,Breweries & Distilleries,1266.29,sectors\alcohol.csv
1426,Godavari Biorefineries Ltd.,GODAVARIB,Agriculture,Sugar,1264.56,sectors\agriculture.csv
1427,STL Networks Ltd.,STLNETWORK,Telecom,Telecom-Infrastructure,1260.29,sectors\telecom.csv
1428,Centrum Capital Ltd.,CENTRUM,Finance,Finance - Others,1258.45,sectors\finance.csv
1429,Gretex Corporate Services Ltd.,GCSL,Other,Professional Services,1254.96,sectors\other.csv
1430,Sobhagya Mercantile Ltd.,SOBME,Trading,Trading,1252.46,sectors\trading.csv
1431,The Ruby Mills Ltd.,RUBYMILLS,Textile,Textile,1250.15,sectors\textile.csv
1432,Gyftr Ltd.,GYFTR,Finance,Finance - Investment,1249.29,sectors\finance.csv
1433,Shree Pushkar Chemicals & Fertilisers Ltd.,SHREEPUSHK,Chemicals,Dyes & Pigments,1248.56,sectors\chemicals.csv
1434,Fino Payments Bank Ltd.,FINOPB,Banking,Bank - Private,1248.28,sectors\banking.csv
1435,Roto Pumps Ltd.,ROTO,Capital Goods,Compressors / Pumps,1246.38,sectors\capitalgoods.csv
1436,Century Enka Ltd.,CENTENKA,Textile,Textile,1245.16,sectors\textile.csv
1437,Keltech Energies Ltd.,KELENRG,Chemicals,Chemicals,1244.24,sectors\chemicals.csv
1438,Manaksia Coated Metals & Industries Ltd.,MANAKCOAT,Iron & Steel,Steel & Iron Products,1243.89,sectors\ironsteel.csv
1439,Q-Line Biotech Ltd.,QLINE,Healthcare,Medical Equipment/Supplies/Accessories,1242.93,sectors\healthcare.csv
1440,TCC Concept Ltd.,TCC,Trading,Trading,1239.77,sectors\trading.csv
1441,AVT Natural Products Ltd.,AVTNPL,Agriculture,Agriculture,1239.74,sectors\agriculture.csv
1442,Everest Kanto Cylinder Ltd.,EKC,Capital Goods,Engineering - Industrial Equipments,1238.21,sectors\capitalgoods.csv
1443,Alldigi Tech Ltd.,ALLDIGI,Information Technology,BPO/ITeS,1236.74,sectors\informationtechnology.csv
1444,Panorama Studios International Ltd.,PANORAMA,Media & Entertainment,"Film Production, Distribution & Entertainment",1236.5,sectors\mediaentertainment.csv
1445,Indosolar Ltd.,WAAREEINDO,Electricals,Electronics - Components,1235.84,sectors\electricals.csv
1446,Technocraft Ventures Ltd.,TECHNOCRAF,Infrastructure,Engineering - Construction,1232.35,sectors\infrastructure.csv
1447,Lincoln Pharmaceuticals Ltd.,LINCOLN,Healthcare,Pharmaceuticals & Drugs,1227.52,sectors\healthcare.csv
1448,Arrow Greentech Ltd.,ARROWGREEN,Fast Moving Consumer Goods,Packaging,1226.65,sectors\fastmovingconsumergoods.csv
1449,Mangalam Worldwide Ltd.,MWL,Iron & Steel,Steel & Iron Products,1225.15,sectors\ironsteel.csv
1450,Dolat Algotech Ltd.,DOLATALGO,Finance,Finance - Stock Broking,1220.74,sectors\finance.csv
1451,Bhagyanagar India Ltd.,BHAGYANGR,Non - Ferrous Metals,Metal - Non Ferrous,1219.94,sectors\nonferrousmetals.csv
1452,Shri Venkatesh Refineries Ltd.,SVRL,Agriculture,Solvent  Extraction,1218.55,sectors\agriculture.csv
1453,Butterfly Gandhimathi Appliances Ltd.,BUTTERFLY,Consumer Durables,Consumer Durables - Domestic Appliances,1214.83,sectors\consumerdurables.csv
1454,Investment & Precision Castings Ltd.,INVPRECQ,Automobile & Ancillaries,Castings/Forgings,1213.6,sectors\automobileancillaries.csv
1455,HMA Agro Industries Ltd.,HMAAGRO,Fast Moving Consumer Goods,Consumer Food,1213.37,sectors\fastmovingconsumergoods.csv
1456,IRM Energy Ltd.,IRMENERGY,Industrials Gases & Fuels,Industrial  Gases & Fuels,1208.18,sectors\industrialsgasesfuels.csv
1457,Raj Rayon Industries Ltd.,RAJRILTD,Textile,Textile - Manmade  Fibres,1205.03,sectors\textile.csv
1458,Genesys International Corporation Ltd.,GENESYS,Information Technology,IT - Software,1203.9,sectors\informationtechnology.csv
1459,Munjal Auto Industries Ltd.,MUNJALAU,Automobile & Ancillaries,Auto Ancillary,1201.5,sectors\automobileancillaries.csv
1460,Rupa & Company Ltd.,RUPA,Textile,Textile,1200.03,sectors\textile.csv
1461,Borosil Scientific Ltd.,BOROSCI,Construction Materials,Glass,1191.95,sectors\constructionmaterials.csv
1462,Manali Petrochemicals Ltd.,MANALIPETC,Chemicals,Chemicals,1189.55,sectors\chemicals.csv
1463,Faze Three Ltd.,FAZE3Q,Textile,Textile,1189.44,sectors\textile.csv
1464,Platinum Industries Ltd.,PLATIND,Chemicals,Chemicals,1186.38,sectors\chemicals.csv
1465,ICE Make Refrigeration Ltd.,ICEMAKE,Capital Goods,Engineering - Industrial Equipments,1186.08,sectors\capitalgoods.csv
1466,Macfos Ltd.,ROBU,Trading,Trading,1185.01,sectors\trading.csv
1467,Orient Technologies Ltd.,ORIENTTECH,Trading,Trading,1184.54,sectors\trading.csv
1468,Andhra Paper Ltd.,ANDHRAPAP,Paper,Paper & Paper Products,1182.96,sectors\paper.csv
1469,Alicon Castalloy Ltd.,ALICON,Automobile & Ancillaries,Castings/Forgings,1180.26,sectors\automobileancillaries.csv
1470,Gulshan Polyols Ltd.,GULPOLY,Alcohol,Breweries & Distilleries,1175.06,sectors\alcohol.csv
1471,BirlaNu Ltd.,BIRLANU,Construction Materials,Cement & Construction Materials,1173.59,sectors\constructionmaterials.csv
1472,Oriental Aromatics Ltd.,OAL,Chemicals,Chemicals,1173,sectors\chemicals.csv
1473,Sunrakshakk Industries India Ltd.,SUNRAKSHAK,Textile,Textile - Manmade  Fibres,1169.42,sectors\textile.csv
1474,B.L. Kashyap and Sons Ltd.,BLKASHYAP,Realty,Construction - Real Estate,1165.52,sectors\realty.csv
1475,One Global Service Provider Ltd.,ONEGLOBAL,Textile,Textile,1162.91,sectors\textile.csv
1476,Commercial Syn Bags Ltd.,COMSYN,Plastic Products,Plastic Products,1162.17,sectors\plasticproducts.csv
1477,Ultramarine & Pigments Ltd.,ULTRAMAR,Chemicals,Dyes & Pigments,1161.87,sectors\chemicals.csv
1478,Eimco Elecon (India) Ltd.,EIMCOELECO,Capital Goods,Engineering - Industrial Equipments,1159.85,sectors\capitalgoods.csv
1479,Arihant Foundations & Housing Ltd.,ARIHANT,Realty,Construction - Real Estate,1158.54,sectors\realty.csv
1480,M.V.K. Agro Food Product Ltd.,MVKAGRO,Agriculture,Sugar,1156.29,sectors\agriculture.csv
1481,Yuken India Ltd.,YUKEN,Capital Goods,Compressors / Pumps,1155.93,sectors\capitalgoods.csv
1482,Cosmic CRF Ltd.,COSMICCRF,Iron & Steel,Steel & Iron Products,1151.38,sectors\ironsteel.csv
1483,AK Capital Services Ltd.,AKCAPIT,Finance,Finance - Investment,1143.62,sectors\finance.csv
1484,Orient Green Power Company Ltd.,GREENPOWER,Power,Power Generation/Distribution,1140.02,sectors\power.csv
1485,ADC India Communications Ltd.,ADCINDIA,Telecom,Telecommunication - Equipment,1139.51,sectors\telecom.csv
1486,Poojaa Precision Engg Ltd.,PPEL,Capital Goods,Engineering - Industrial Equipments,1139.26,sectors\capitalgoods.csv
1487,TGV SRACC Ltd.,TGVSL,Chemicals,Chemicals,1138.36,sectors\chemicals.csv
1488,GHCL Textiles Ltd.,GHCLTEXTIL,Textile,Textile - Spinning,1131.26,sectors\textile.csv
1489,Shree Refrigerations Ltd.,SHREEREF,Capital Goods,Engineering - Industrial Equipments,1128.66,sectors\capitalgoods.csv
1490,SEPC Ltd.,SEPC,Infrastructure,Engineering - Construction,1122.56,sectors\infrastructure.csv
1491,JOJO Ltd.,JOJO,Media & Entertainment,"Film Production, Distribution & Entertainment",1122,sectors\mediaentertainment.csv
1492,Reliance Industrial Infrastructure Ltd.,RIIL,Logistics,Logistics,1120.95,sectors\logistics.csv
1493,Balaji Telefilms Ltd.,BALAJITELE,Media & Entertainment,"Film Production, Distribution & Entertainment",1120.65,sectors\mediaentertainment.csv
1494,Laxmi Dental Ltd.,LAXMIDENTL,Healthcare,Medical Equipment/Supplies/Accessories,1115.01,sectors\healthcare.csv
1495,Bhartiya International Ltd.,BIL,Fast Moving Consumer Goods,Leather,1114.74,sectors\fastmovingconsumergoods.csv
1496,Safe Enterprises Retail Fixtures Ltd.,SAFEENTP,Consumer Durables,Consumer Durables - Domestic Appliances,1113.38,sectors\consumerdurables.csv
1497,Matrimony.Com Ltd.,MATRIMONY,Information Technology,BPO/ITeS,1112.75,sectors\informationtechnology.csv
1498,Automobile Corporation of Goa Ltd.,ACGL,Automobile & Ancillaries,Auto Ancillary,1110.17,sectors\automobileancillaries.csv
1499,BMW Industries Ltd.,BMW,Iron & Steel,Steel & Iron Products,1110.13,sectors\ironsteel.csv
1500,SRM Contractors Ltd.,SRM,Infrastructure,Engineering - Construction,1108.66,sectors\infrastructure.csv
1501,Antony Waste Handling Cell Ltd.,AWHCL,Other,Environmental Services,1108.46,sectors\other.csv
1502,Bajaj Healthcare Ltd.,BAJAJHCARE,Healthcare,Pharmaceuticals & Drugs,1108.34,sectors\healthcare.csv
1503,Sunshield Chemicals Ltd.,SUNSHIEL,Chemicals,Chemicals,1106.17,sectors\chemicals.csv
1504,Modison Ltd.,MODISONLTD,Capital Goods,Electric Equipment,1106.06,sectors\capitalgoods.csv
1505,Iris Clothings Ltd.,IRISDOREME,Textile,Textile,1102.59,sectors\textile.csv
1506,Indo Smc Ltd.,INDOSMC,Capital Goods,Electric Equipment,1102.43,sectors\capitalgoods.csv
1507,Vardhman Holdings Ltd.,VHL,Finance,Finance - NBFC,1101.4,sectors\finance.csv
1508,Emkay Tools Ltd.,ETL,Capital Goods,Engineering - Industrial Equipments,1098.08,sectors\capitalgoods.csv
1509,Arisinfra Solutions Ltd.,ARIS,Trading,Trading,1096.86,sectors\trading.csv
1510,Hariom Pipe Industries Ltd.,HARIOMPIPE,Iron & Steel,Steel & Iron Products,1089.12,sectors\ironsteel.csv
1511,Nahar Spinning Mills Ltd.,NAHARSPING,Textile,Textile - Spinning,1088.27,sectors\textile.csv
1512,Jindal Photo Ltd.,JINDALPHOT,Finance,Finance - Investment,1084,sectors\finance.csv
1513,Saint-Gobain Sekurit India Ltd.,SEKURITIND,Automobile & Ancillaries,Auto Ancillary,1083.7,sectors\automobileancillaries.csv
1514,Gujarat Kidney And Super Speciality Ltd.,GKSL,Healthcare,Hospital & Healthcare Services,1077.39,sectors\healthcare.csv
1515,Unihealth Hospitals Ltd.,UNIHEALTH,Healthcare,Hospital & Healthcare Services,1075.08,sectors\healthcare.csv
1516,GRP Ltd.,GRPLTD,Agriculture,Rubber  Products,1074.67,sectors\agriculture.csv
1517,Amines & Plasticizers Ltd.,AMNPLST,Chemicals,Chemicals,1071.79,sectors\chemicals.csv
1518,Arihant Superstructures Ltd.,ARIHANTSUP,Realty,Construction - Real Estate,1068.92,sectors\realty.csv
1519,Shree Digvijay Cement Company Ltd.,SHREDIGCEM,Construction Materials,Cement & Construction Materials,1066.46,sectors\constructionmaterials.csv
1520,STEL Holdings Ltd.,STEL,Finance,Finance - Investment,1066.35,sectors\finance.csv
1521,Gandhi Special Tubes Ltd.,GANDHITUBE,Iron & Steel,Steel & Iron Products,1064.21,sectors\ironsteel.csv
1522,Industrial & Prudential Investment Company Ltd.,INDPRUD,Finance,Finance - NBFC,1060.71,sectors\finance.csv
1523,Jindal Poly Investment and Finance Company Ltd.,JPOLYINVST,Finance,Finance - Investment,1059.81,sectors\finance.csv
1524,Monte Carlo Fashions Ltd.,MONTECARLO,Textile,Textile,1058.27,sectors\textile.csv
1525,Remus Pharmaceuticals Ltd.,REMUS,Healthcare,Pharmaceuticals & Drugs,1057.44,sectors\healthcare.csv
1526,Ester Industries Ltd.,ESTER,Plastic Products,Plastic Products,1056.4,sectors\plasticproducts.csv
1527,Abans Financial Services Ltd.,AFSL,Finance,Finance - NBFC,1053.4,sectors\finance.csv
1528,Madras Fertilizers Ltd.,MADRASFERT,Chemicals,Fertilizers,1051.99,sectors\chemicals.csv
1529,Anawil Wire And Engineering Ltd.,ANAWIL,Infrastructure,Transmission Towers / Equipments,1051.12,sectors\infrastructure.csv
1530,BCL Industries Ltd.,BCLIND,Fast Moving Consumer Goods,Edible Oil,1051.08,sectors\fastmovingconsumergoods.csv
1531,Mamata Machinery Ltd.,MAMATA,Capital Goods,Engineering - Industrial Equipments,1048.91,sectors\capitalgoods.csv
1532,Jyoti Resins & Adhesives Ltd.,JYOTIRES,Chemicals,Chemicals,1044,sectors\chemicals.csv
1533,Krishival Foods Ltd.,KRISHIVAL,Fast Moving Consumer Goods,Consumer Food,1042.94,sectors\fastmovingconsumergoods.csv
1534,Salasar Techno Engineering Ltd.,SALASAR,Capital Goods,Engineering - Industrial Equipments,1041.78,sectors\capitalgoods.csv
1535,Sigachi Industries Ltd.,SIGACHI,Healthcare,Pharmaceuticals & Drugs,1040.5,sectors\healthcare.csv
1536,India Homes Ltd.,INDIAHOMES,Iron & Steel,Steel & Iron Products,1037.8,sectors\ironsteel.csv
1537,Unitech Ltd.,UNITECH,Realty,Construction - Real Estate,1036.06,sectors\realty.csv
1538,The Hi-Tech Gears Ltd.,HITECHGEAR,Automobile & Ancillaries,Auto Ancillary,1035.1,sectors\automobileancillaries.csv
1539,Dhampur Sugar Mills Ltd.,DHAMPURSUG,Agriculture,Sugar,1032.44,sectors\agriculture.csv
1540,Indo Thai Securities Ltd.,INDOTHAI,Finance,Finance - Investment,1029.85,sectors\finance.csv
1541,Sumeet Industries Ltd.,SUMEETINDS,Textile,Textile - Spinning,1029.62,sectors\textile.csv
1542,DAM Capital Advisors Ltd.,DAMCAPITAL,Finance,Finance - Investment,1029.19,sectors\finance.csv
1543,Suraj Estate Developers Ltd.,SURAJEST,Realty,Construction - Real Estate,1027.37,sectors\realty.csv
1544,Nelcast Ltd.,NELCAST,Automobile & Ancillaries,Castings/Forgings,1024.44,sectors\automobileancillaries.csv
1545,Finkurve Financial Services Ltd.,FINKURVE,Finance,Finance - NBFC,1022.07,sectors\finance.csv
1546,Crest Ventures Ltd.,CREST,Finance,Finance - NBFC,1021.92,sectors\finance.csv
1547,Sacheerome Ltd.,SACHEEROME,Chemicals,Chemicals,1011.7,sectors\chemicals.csv
1548,Uttam Sugar Mills Ltd.,UTTAMSUGAR,Agriculture,Sugar,1010.28,sectors\agriculture.csv
1549,Salzer Electronics Ltd.,SALZERELEC,Capital Goods,Electric Equipment,1009.07,sectors\capitalgoods.csv
1550,3B Blackbio Dx Ltd.,3BBLACKBIO,Healthcare,Medical Equipment/Supplies/Accessories,1007.56,sectors\healthcare.csv
1551,Jaro Institute of Technology Management and Research Ltd.,JARO,Other,Educational Institutions,1007.4,sectors\other.csv
1552,Tejas Cargo India Ltd.,TEJASCARGO,Logistics,Logistics,1004.1,sectors\logistics.csv
1553,Tamilnadu Petroproducts Ltd.,TNPETRO,Crude Oil,Petrochemicals,998.5,sectors\crudeoil.csv
1554,Gayatri Projects Ltd.,GAYAPROJ,Infrastructure,Engineering - Construction,982.46,sectors\infrastructure.csv
1555,Swaraj Suiting Ltd.,SWARAJ,Textile,Textile,978.14,sectors\textile.csv
1556,Kamdhenu Ltd.,KAMDHENU,Iron & Steel,Steel & Iron Products,977.29,sectors\ironsteel.csv
1557,Tamil Nadu Newsprint & Papers Ltd.,TNPL,Paper,Paper & Paper Products,976.22,sectors\paper.csv
1558,Neueon Corporation Ltd.,NEUEON,Infrastructure,Transmission Towers / Equipments,975.39,sectors\infrastructure.csv
1559,Suyog Telematics Ltd.,SUYOG,Telecom,Telecommunication - Equipment,973.63,sectors\telecom.csv
1560,Hindusthan Insulators & Industries Ltd.,HIIL,Electricals,Electronics - Components,973.08,sectors\electricals.csv
1561,TAC Infosec Ltd.,TAC,Other,Business Support,972.78,sectors\other.csv
1562,Unicommerce eSolutions Ltd.,UNIECOM,Information Technology,IT - Software,971.52,sectors\informationtechnology.csv
1563,B-Right Real Estate Ltd.,BRRL,Realty,Construction - Real Estate,967.52,sectors\realty.csv
1564,Sadhana Nitro Chem Ltd.,SADHNANIQ,Chemicals,Chemicals,967.27,sectors\chemicals.csv
1565,Master Trust Ltd.,MASTERTR,Finance,Finance - NBFC,964.57,sectors\finance.csv
1566,Themis Medicare Ltd.,THEMISMED,Healthcare,Pharmaceuticals & Drugs,964.29,sectors\healthcare.csv
1567,Eco Recycling Ltd.,ECORECO,Other,Environmental Services,962.79,sectors\other.csv
1568,String Metaverse Ltd.,META,Paper,Paper & Paper Products,962.51,sectors\paper.csv
1569,Prime Securities Ltd.,PRIMESECU,Finance,Finance - Stock Broking,962.44,sectors\finance.csv
1570,Asian Star Company Ltd.,ASTAR,Diamond & Jewellery,Diamond  &  Jewellery,961.21,sectors\diamondjewellery.csv
1571,IFB Agro Industries Ltd.,IFBAGRO,Alcohol,Breweries & Distilleries,960.88,sectors\alcohol.csv
1572,GKW Ltd.,GKWLIMITED,Finance,Finance - Investment,960.07,sectors\finance.csv
1573,Wealth First Portfolio Managers Ltd.,WEALTH,Finance,Finance - Investment,958.95,sectors\finance.csv
1574,SAL Steel Ltd.,SALSTEEL,Iron & Steel,Steel/Sponge Iron/Pig Iron,954.45,sectors\ironsteel.csv
1575,Solex Energy Ltd.,SOLEX,Capital Goods,Electric Equipment,953.21,sectors\capitalgoods.csv
1576,Kirloskar Electric Company Ltd.,KECL,Capital Goods,Electric Equipment,951.38,sectors\capitalgoods.csv
1577,Asgard Alcobev Ltd.,ASGARD,Trading,Trading,945.19,sectors\trading.csv
1578,Indo Amines Ltd.,INDOAMIN,Chemicals,Chemicals,944,sectors\chemicals.csv
1579,Dhunseri Ventures Ltd.,DVL,Trading,Trading,940.41,sectors\trading.csv
1580,Sudarshan Colorants India Ltd.,SUDARCOLOR,Chemicals,Chemicals,937.58,sectors\chemicals.csv
1581,Shri Ahimsa Naturals Ltd.,SHRIAHIMSA,Fast Moving Consumer Goods,Consumer Food,936.86,sectors\fastmovingconsumergoods.csv
1582,Swelect Energy Systems Ltd.,SWELECTES,Electricals,Electronics - Components,935.9,sectors\electricals.csv
1583,RSWM Ltd.,RSWM,Textile,Textile,933.08,sectors\textile.csv
1584,Control Print Ltd.,CONTROLPR,Consumer Durables,IT - Hardware,932.62,sectors\consumerdurables.csv
1585,Bharat Parenterals Ltd.,BPLPHARMA,Healthcare,Pharmaceuticals & Drugs,930.04,sectors\healthcare.csv
1586,The Yamuna Syndicate Ltd.,YSL,Trading,Trading,928.85,sectors\trading.csv
1587,Zuari Agro Chemicals Ltd.,ZUARI,Chemicals,Fertilizers,927.38,sectors\chemicals.csv
1588,Health X Platform Ltd.,HEALTHX,Finance,Finance - NBFC,924.73,sectors\finance.csv
1589,PVP Ventures Ltd.,PVP,Realty,Construction - Real Estate,921.83,sectors\realty.csv
1590,Sical Logistics Ltd.,SICALLOG,Logistics,Logistics,921.52,sectors\logistics.csv
1591,Amal Ltd.,AMAL,Chemicals,Chemicals,921.08,sectors\chemicals.csv
1592,Prizor Viztech Ltd.,PRIZOR,Trading,Trading,918.76,sectors\trading.csv
1593,Bombay Super Hybrid Seeds Ltd.,BSHSL,Agriculture,Agriculture,918.73,sectors\agriculture.csv
1594,Kopran Ltd.,KOPRAN,Healthcare,Pharmaceuticals & Drugs,918.15,sectors\healthcare.csv
1595,Vilas Transcore Ltd.,VILAS,Capital Goods,Electric Equipment,915.92,sectors\capitalgoods.csv
1596,Himatsingka Seide Ltd.,HIMATSEIDE,Textile,Textile,915.53,sectors\textile.csv
1597,Wanbury Ltd.,WANBURY,Healthcare,Pharmaceuticals & Drugs,915.43,sectors\healthcare.csv
1598,IIRM Holdings India Ltd.,IIRM,Plastic Products,Plastic Products,914.84,sectors\plasticproducts.csv
1599,Ambika Cotton Mills Ltd.,AMBIKCO,Textile,Textile - Spinning,914.31,sectors\textile.csv
1600,Valiant Organics Ltd.,VALIANTORG,Chemicals,Chemicals,913.23,sectors\chemicals.csv
1601,Mac Charles (India) Ltd.,MCCHRLS-B,Hospitality,"Hotel, Resort & Restaurants",912.64,sectors\hospitality.csv
1602,Dharmaj Crop Guard Ltd.,DHARMAJ,Chemicals,Pesticides & Agrochemicals,912.36,sectors\chemicals.csv
1603,Rajoo Engineers Ltd.,RAJOOENG,Capital Goods,Engineering - Industrial Equipments,911.96,sectors\capitalgoods.csv
1604,Laxmi Goldorna House Ltd.,LGHL,Trading,Trading,911.68,sectors\trading.csv
1605,Vikram Thermo (India) Ltd.,VIKRAMTH,Chemicals,Chemicals,909.69,sectors\chemicals.csv
1606,Uni Abex Alloy Products Ltd.,UNIABEXAL,Automobile & Ancillaries,Castings/Forgings,908.82,sectors\automobileancillaries.csv
1607,Sudarshan Pharma Industries Ltd.,SUDARSHAN,Healthcare,Pharmaceuticals & Drugs,906.51,sectors\healthcare.csv
1608,RRP Defense Ltd.,RRPDEFENSE,Trading,Trading,904.55,sectors\trading.csv
1609,Xtranet Technologies Ltd.,XTRANET,Information Technology,IT - Software,902.19,sectors\informationtechnology.csv
1610,Gaudium IVF and Women Health Ltd.,GAUDIUMIVF,Healthcare,Hospital & Healthcare Services,897.46,sectors\healthcare.csv
1611,Foseco Crucible (India) Ltd.,FOSECOC,Capital Goods,Refractories,895.36,sectors\capitalgoods.csv
1612,Vadilal Enterprises Ltd.,VADILENT,Fast Moving Consumer Goods,Consumer Food,893.9,sectors\fastmovingconsumergoods.csv
1613,Supreme Infrastructure India Ltd.,SUPREMEINF,Infrastructure,Engineering - Construction,892.93,sectors\infrastructure.csv
1614,NR Agarwal Industries Ltd.,NRAIL,Paper,Paper & Paper Products,891.72,sectors\paper.csv
1615,Regaal Resources Ltd.,REGAAL,Agriculture,Agriculture,888.53,sectors\agriculture.csv
1616,Western Carriers (India) Ltd.,WCIL,Logistics,Logistics,886.6,sectors\logistics.csv
1617,Mafatlal Industries Ltd.,MAFATIND,Textile,Textile,886.36,sectors\textile.csv
1618,Fairchem Organics Ltd.,FAIRCHEMOR,Chemicals,Chemicals,883.22,sectors\chemicals.csv
1619,Bharat Global Developers Ltd.,BGDL,Trading,Trading,880.35,sectors\trading.csv
1620,MIC Electronics Ltd.,MICEL,Capital Goods,Electric Equipment,879.69,sectors\capitalgoods.csv
1621,Bhageria Industries Ltd.,BHAGERIA,Chemicals,Dyes & Pigments,876.38,sectors\chemicals.csv
1622,Gem Aromatics Ltd.,GEMAROMA,Chemicals,Chemicals,874.19,sectors\chemicals.csv
1623,Consolidated Finvest & Holdings Ltd.,CONSOFINVT,Finance,Finance - NBFC,872.81,sectors\finance.csv
1624,Birla Cable Ltd.,BIRLACABLE,Electricals,Cable,870.75,sectors\electricals.csv
1625,Bodal Chemicals Ltd.,BODALCHEM,Chemicals,Dyes & Pigments,869.9,sectors\chemicals.csv
1626,Shree Vasu Logistics Ltd.,SVLL,Logistics,Logistics,869.15,sectors\logistics.csv
1627,Hexa Tradex Ltd.,HEXATRADEX,Trading,Trading,867.89,sectors\trading.csv
1628,Krystal Integrated Services Ltd,KRYSTAL,Other,Professional Services,866.26,sectors\other.csv
1629,New Delhi Television Ltd.,NDTV,Media & Entertainment,TV Broadcasting & Software Production,865.37,sectors\mediaentertainment.csv
1630,Synergy Green Industries Ltd.,SGIL,Automobile & Ancillaries,Castings/Forgings,864.5,sectors\automobileancillaries.csv
1631,Precot Ltd.,PRECOT,Textile,Textile - Spinning,860.58,sectors\textile.csv
1632,Royal Orchid Hotels Ltd.,ROHLTD,Hospitality,"Hotel, Resort & Restaurants",858.68,sectors\hospitality.csv
1633,MMP Industries Ltd.,MMP,Non - Ferrous Metals,Aluminium & Aluminium Products,857.34,sectors\nonferrousmetals.csv
1634,Borana Weaves Ltd.,BORANA,Textile,Textile,857.05,sectors\textile.csv
1635,Tirupati Forge Ltd.,TIRUPATIFL,Automobile & Ancillaries,Forgings,856.18,sectors\automobileancillaries.csv
1636,Likhitha Infrastructure Ltd.,LIKHITHA,Infrastructure,Engineering - Construction,854.68,sectors\infrastructure.csv
1637,Vinsys IT Services India Ltd.,VINSYS,Information Technology,IT - Software,854.02,sectors\informationtechnology.csv
1638,Excelsoft Technologies Ltd.,EXCELSOFT,Information Technology,IT - Education,853.46,sectors\informationtechnology.csv
1639,Sree Rayalaseema Hi-Strength Hypo Ltd.,SRHHYPOLTD,Chemicals,Chemicals,852.15,sectors\chemicals.csv
1640,Jaybharat Textiles & Real Estate Ltd.,JAYTEX,Textile,Textile - Spinning,850.28,sectors\textile.csv
1641,Max India Ltd.,MAXIND,Finance,Finance - Investment,849.88,sectors\finance.csv
1642,Ritco Logistics Ltd.,RITCO,Logistics,Logistics,849.81,sectors\logistics.csv
1643,Pradeep Metals Ltd.,PRADPME,Capital Goods,Engineering - Industrial Equipments,849.77,sectors\capitalgoods.csv
1644,Viceroy Hotels Ltd.,VHLTD,Hospitality,"Hotel, Resort & Restaurants",847.1,sectors\hospitality.csv
1645,Kothari Petrochemicals Ltd.,KOTHARIPET,Crude Oil,Petrochemicals,846.92,sectors\crudeoil.csv
1646,Fedders Holding Ltd.,FEDDERSHOL,Finance,Finance - Investment,846.15,sectors\finance.csv
1647,TVS Electronics Ltd.,TVSELECT,Consumer Durables,IT - Hardware,844.11,sectors\consumerdurables.csv
1648,Panache Digilife Ltd.,PANACHE,Consumer Durables,IT - Hardware,840.33,sectors\consumerdurables.csv
1649,Pudumjee Paper Products Ltd.,PDMJEPAPER,Paper,Paper & Paper Products,838.69,sectors\paper.csv
1650,Ganesh Benzoplast Ltd.,GANESHBE,Chemicals,Chemicals,838.68,sectors\chemicals.csv
1651,Sahana System Ltd.,SAHANA,Information Technology,IT - Software,835.64,sectors\informationtechnology.csv
1652,Effwa Infra & Research Ltd.,EFFWA,Infrastructure,Engineering - Construction,835.61,sectors\infrastructure.csv
1653,Freshara Agro Exports Ltd.,FRESHARA,Agriculture,Agriculture,834.57,sectors\agriculture.csv
1654,Oricon Enterprises Ltd.,ORICONENT,Fast Moving Consumer Goods,Packaging,830.31,sectors\fastmovingconsumergoods.csv
1655,Airfloa Rail Technology Ltd.,AIRFLOA,Capital Goods,Engineering - Industrial Equipments,829.48,sectors\capitalgoods.csv
1656,Beekay Steel Industries Ltd.,BEEKAY,Iron & Steel,Steel & Iron Products,828.78,sectors\ironsteel.csv
1657,Visaka Industries Ltd.,VISAKAIND,Construction Materials,Cement & Construction Materials,825.51,sectors\constructionmaterials.csv
1658,Veljan Denison Ltd.,VELJAN,Capital Goods,Compressors / Pumps,823.5,sectors\capitalgoods.csv
1659,Popular Vehicles & Services Ltd.,PVSL,Automobile & Ancillaries,Automobiles - Dealers & Distributors,823.41,sectors\automobileancillaries.csv
1660,Capital India Finance Ltd.,CIFL,Finance,Finance - NBFC,822,sectors\finance.csv
1661,Om Infra Ltd.,OMINFRAL,Infrastructure,Engineering - Construction,821.76,sectors\infrastructure.csv
1662,Kokuyo Camlin Ltd.,KOKUYOCMLN,Fast Moving Consumer Goods,Printing & Stationery,821.49,sectors\fastmovingconsumergoods.csv
1663,The Sandesh Ltd.,SANDESH,Media & Entertainment,Printing And Publishing,821.36,sectors\mediaentertainment.csv
1664,Baheti Recycling Industries Ltd.,BAHETI,Non - Ferrous Metals,Aluminium & Aluminium Products,821.13,sectors\nonferrousmetals.csv
1665,Systematix Corporate Services Ltd.,SYSTMTXC,Finance,Finance - Investment,818.82,sectors\finance.csv
1666,Radhika Jeweltech Ltd.,RADHIKAJWE,Diamond & Jewellery,Diamond  &  Jewellery,817.86,sectors\diamondjewellery.csv
1667,Quick Heal Technologies Ltd.,QUICKHEAL,Information Technology,IT - Software,816.94,sectors\informationtechnology.csv
1668,Shah Foods Ltd.,SHAHFOOD,Trading,Trading,816.02,sectors\trading.csv
1669,Arihant Capital Markets Ltd.,ARIHANTCAP,Finance,Finance - Stock Broking,814.09,sectors\finance.csv
1670,JITF Infralogistics Ltd.,JITFINFRA,Other,Business Support,814.04,sectors\other.csv
1671,Advit Jewels Ltd.,RAMBHAJO,Diamond & Jewellery,Diamond  &  Jewellery,814.04,sectors\diamondjewellery.csv
1672,VLS Finance Ltd.,VLSFINANCE,Finance,Finance - Investment,812.55,sectors\finance.csv
1673,Parin Enterprises Ltd.,PARIN,Fast Moving Consumer Goods,Household & Personal Products,809.39,sectors\fastmovingconsumergoods.csv
1674,Nupur Recyclers Ltd.,NRL,Trading,Trading,808.11,sectors\trading.csv
1675,Sterling Tools Ltd.,STERTOOLS,Automobile & Ancillaries,Fasteners,807.21,sectors\automobileancillaries.csv
1676,Jagatjit Industries Ltd.,JAGAJITIND,Alcohol,Breweries & Distilleries,805.83,sectors\alcohol.csv
1677,Sarla Performance Fibers Ltd.,SARLAPOLY,Textile,Textile - Manmade  Fibres,804.25,sectors\textile.csv
1678,Exhicon Events Media Solutions Ltd.,EXHICON,Other,Professional Services,799.94,sectors\other.csv
1679,Lotus Chocolate Company Ltd.,LOTUSCHO,Fast Moving Consumer Goods,Consumer Food,799.23,sectors\fastmovingconsumergoods.csv
1680,Scoda Tubes Ltd.,SCODATUBES,Iron & Steel,Steel & Iron Products,798.89,sectors\ironsteel.csv
1681,Dwarikesh Sugar Industries Ltd.,DWARKESH,Agriculture,Sugar,795.5,sectors\agriculture.csv
1682,Dhampur Bio Organics Ltd.,DBOL,Agriculture,Sugar,795.46,sectors\agriculture.csv
1683,Prostarm Info Systems Ltd.,PROSTARM,Capital Goods,Electric Equipment,794.22,sectors\capitalgoods.csv
1684,Mukka Proteins Ltd.,MUKKA,Fast Moving Consumer Goods,Animal Feed,793.5,sectors\fastmovingconsumergoods.csv
1685,Automotive Stampings and Assemblies Ltd.,ASAL,Automobile & Ancillaries,Auto Ancillary,793.3,sectors\automobileancillaries.csv
1686,Bright Outdoor Media Ltd.,BRIGHT,Media & Entertainment,Advertising & Media,792.94,sectors\mediaentertainment.csv
1687,Sahasra Electronic Solutions Ltd.,SAHASRA,Electricals,Electronics - Components,792.65,sectors\electricals.csv
1688,Sathlokhar Synergys E&C Global Ltd.,SSEGL,Infrastructure,Engineering - Construction,791.05,sectors\infrastructure.csv
1689,Denta Water And Infra Solutions Ltd.,DENTA,Infrastructure,Engineering - Construction,790.72,sectors\infrastructure.csv
1690,Taneja Aerospace & Aviation Ltd.,TANAA,Aviation,Airlines,787.58,sectors\aviation.csv
1691,Z-Tech (India) Ltd.,ZTECH,Infrastructure,Engineering - Construction,785.96,sectors\infrastructure.csv
1692,Hexagon Nutrition Ltd.,HEXAGON,Healthcare,Pharmaceuticals & Drugs,783.23,sectors\healthcare.csv
1693,Modi's Navnirman Ltd.,MODIS,Realty,Construction - Real Estate,782.18,sectors\realty.csv
1694,Subex Ltd.,SUBEXLTD,Information Technology,IT - Software,781.75,sectors\informationtechnology.csv
1695,Stanley Lifestyles Ltd.,STANLEY,Fast Moving Consumer Goods,Household & Personal Products,780.34,sectors\fastmovingconsumergoods.csv
1696,NCL Industries Ltd.,NCLIND,Construction Materials,Cement & Construction Materials,780.27,sectors\constructionmaterials.csv
1697,SJ Corporation Ltd.,SJCORP,Diamond & Jewellery,Diamond  &  Jewellery,776.49,sectors\diamondjewellery.csv
1698,Hardwyn India Ltd.,HARDWYN,Trading,Trading,775.42,sectors\trading.csv
1699,Sejal Glass Ltd.,SEJALLTD,Construction Materials,Glass,775.2,sectors\constructionmaterials.csv
1700,GeeCee Ventures Ltd.,GEECEE,Realty,Construction - Real Estate,773.94,sectors\realty.csv
1701,Vision Infra Equipment Solutions Ltd.,VIESL,Trading,Trading,772.72,sectors\trading.csv
1702,Premier Polyfilm Ltd.,PREMIERPOL,Plastic Products,Plastic Products,770.9,sectors\plasticproducts.csv
1703,Shalimar Paints Ltd.,SHALPAINTS,Chemicals,Paints,770.65,sectors\chemicals.csv
1704,Rajapalayam Mills Ltd.,RAJPALAYAM,Textile,Textile - Spinning,770.03,sectors\textile.csv
1705,Anlon Healthcare Ltd.,AHCL,Healthcare,Pharmaceuticals & Drugs,769.1,sectors\healthcare.csv
1706,Deccan Cements Ltd.,DECCANCE,Construction Materials,Cement & Construction Materials,768.24,sectors\constructionmaterials.csv
1707,Magadh Sugar & Energy Ltd.,MAGADSUGAR,Agriculture,Sugar,767.64,sectors\agriculture.csv
1708,Manoj Vaibhav Gems 'N' Jewellers Ltd.,MVGJL,Trading,Trading,766.42,sectors\trading.csv
1709,Zuari Industries Ltd.,ZUARIIND,Agriculture,Sugar,765.67,sectors\agriculture.csv
1710,Advent Hotels International Ltd.,ADVENTHTL,Hospitality,"Hotel, Resort & Restaurants",765.45,sectors\hospitality.csv
1711,Anuh Pharma Ltd.,ANUHPHR,Healthcare,Pharmaceuticals & Drugs,764.31,sectors\healthcare.csv
1712,FlySBS Aviation Ltd.,FLYSBS,Aviation,Airlines,763.87,sectors\aviation.csv
1713,Forbes Precision Tools And Machine Parts Ltd.,TOTEM,Capital Goods,Engineering - Industrial Equipments,763.34,sectors\capitalgoods.csv
1714,Apis India Ltd.,APIS,Fast Moving Consumer Goods,Consumer Food,763.15,sectors\fastmovingconsumergoods.csv
1715,RM Drip and Sprinklers System Ltd.,RMDRIP,Capital Goods,Engineering - Industrial Equipments,763.1,sectors\capitalgoods.csv
1716,GIC Housing Finance Ltd.,GICHSGFIN,Finance,Finance - Housing,763.07,sectors\finance.csv
1717,Advance Agrolife Ltd.,ADVANCE,Chemicals,Pesticides & Agrochemicals,761.79,sectors\chemicals.csv
1718,OCCL Ltd.,OCCLLTD,Chemicals,Chemicals,761.74,sectors\chemicals.csv
1719,Lokesh Machines Ltd.,LOKESHMACH,Capital Goods,Engineering - Industrial Equipments,758.53,sectors\capitalgoods.csv
1720,IST Ltd.,ISTLTD,Automobile & Ancillaries,Auto Ancillary,757.64,sectors\automobileancillaries.csv
1721,United Polyfab Gujarat Ltd.,UNITEDPOLY,Textile,Textile - Weaving,757.4,sectors\textile.csv
1722,UP Hotels Ltd.,UPHOT,Hospitality,"Hotel, Resort & Restaurants",756,sectors\hospitality.csv
1723,Unified Data- Tech Solutions Ltd.,UNIFIED,Consumer Durables,IT - Hardware,755.39,sectors\consumerdurables.csv
1724,Petro Carbon And Chemicals Ltd.,PCCL,Industrials Gases & Fuels,Industrial  Gases & Fuels,754.59,sectors\industrialsgasesfuels.csv
1725,Bajaj Steel Industries Ltd.,BAJAJST,Capital Goods,Engineering - Industrial Equipments,752.54,sectors\capitalgoods.csv
1726,Eldeco Housing & Industries Ltd.,ELDEHSG,Realty,Construction - Real Estate,750.41,sectors\realty.csv
1727,Mangal Electrical Industries Ltd.,MEIL,Capital Goods,Electric Equipment,746.29,sectors\capitalgoods.csv
1728,Aditya Birla Money Ltd.,BIRLAMONEY,Finance,Finance - Stock Broking,743.94,sectors\finance.csv
1729,Karnika Industries Ltd.,KARNIKA,Textile,Textile,737.46,sectors\textile.csv
1730,Oriental Rail Infrastructure Ltd.,ORIRAIL,Construction Materials,Wood & Wood Products,737.31,sectors\constructionmaterials.csv
1731,DMCC Speciality Chemicals Ltd.,DMCC,Chemicals,Chemicals,736.73,sectors\chemicals.csv
1732,Vascon Engineers Ltd.,VASCONEQ,Infrastructure,Engineering - Construction,734.94,sectors\infrastructure.csv
1733,Patel Retail Ltd.,PATELRMART,Retailing,Retailing,734.48,sectors\retailing.csv
1734,SMT Engineering Ltd.,SMTEL,Trading,Trading,729.03,sectors\trading.csv
1735,Kellton Tech Solutions Ltd.,KELLTONTEC,Information Technology,IT - Software,728.56,sectors\informationtechnology.csv
1736,Chembond Chemicals Ltd.,CHEMBONDCH,Chemicals,Chemicals,726.61,sectors\chemicals.csv
1737,Yogi Ltd.,YOGI,Realty,Construction - Real Estate,724.05,sectors\realty.csv
1738,Maan Aluminium Ltd.,MAANALU,Non - Ferrous Metals,Aluminium & Aluminium Products,724.02,sectors\nonferrousmetals.csv
1739,Agarwal Industrial Corporation Ltd.,AGARIND,Crude Oil,Petrochemicals,722.98,sectors\crudeoil.csv
1740,Ecos (India) Mobility & Hospitality Ltd.,ECOSMOBLTY,Other,Business Support,720.3,sectors\other.csv
1741,South West Pinnacle Exploration Ltd.,SOUTHWEST,Capital Goods,Engineering,718.66,sectors\capitalgoods.csv
1742,Rama Steel Tubes Ltd.,RAMASTEEL,Iron & Steel,Steel & Iron Products,718.22,sectors\ironsteel.csv
1743,Everest Industries Ltd.,EVERESTIND,Construction Materials,Cement & Construction Materials,716.44,sectors\constructionmaterials.csv
1744,Consolidated Construction Consortium Ltd.,CCCL,Infrastructure,Engineering - Construction,716.16,sectors\infrastructure.csv
1745,Permanent Magnets Ltd.,PERMAGN,Capital Goods,Electric Equipment,715.74,sectors\capitalgoods.csv
1746,Aryaman Financial Services Ltd.,ARYAMAN,Finance,Finance - Investment,713.76,sectors\finance.csv
1747,Beezaasan Explotech Ltd.,BEEZAASAN,Chemicals,Chemicals,713.65,sectors\chemicals.csv
1748,India Power Corporation Ltd.,DPSCLTD,Power,Power Generation/Distribution,712.81,sectors\power.csv
1749,Xchanging Solutions Ltd.,XCHANGING,Information Technology,IT - Software,711.65,sectors\informationtechnology.csv
1750,Enkei Wheels (India) Ltd.,ENKEIWHEL,Automobile & Ancillaries,Auto Ancillary,710.73,sectors\automobileancillaries.csv
1751,Viviana Power Tech Ltd.,VIVIANA,Infrastructure,Engineering - Construction,709.5,sectors\infrastructure.csv
1752,DCM Shriram International Ltd.,DCMSIL,Textile,Textile,708.99,sectors\textile.csv
1753,BEML Land Assets Ltd.,BLAL,Realty,Construction - Real Estate,706.29,sectors\realty.csv
1754,Vasa Denticity Ltd.,DENTALKART,Trading,Trading,705.88,sectors\trading.csv
1755,GEE Ltd.,GEE,Capital Goods,Electrodes & Welding Equipment,705.85,sectors\capitalgoods.csv
1756,Praveg Ltd.,PRAVEG,Hospitality,"Hotel, Resort & Restaurants",704.75,sectors\hospitality.csv
1757,Kuantum Papers Ltd.,KUANTUM,Paper,Paper & Paper Products,703.78,sectors\paper.csv
1758,Chemcon Speciality Chemicals Ltd.,CHEMCON,Chemicals,Chemicals,703.31,sectors\chemicals.csv
1759,CWD Ltd.,CWD,Electricals,Electronics - Components,703.28,sectors\electricals.csv
1760,Indo Farm Equipments Ltd.,INDOFARM,Automobile & Ancillaries,Automobiles-Tractors,702.99,sectors\automobileancillaries.csv
1761,The State Trading Corporation Of India Ltd.,STCINDIA,Trading,Trading,702.9,sectors\trading.csv
1762,Osel Devices Ltd.,OSELDEVICE,Healthcare,Medical Equipment/Supplies/Accessories,701.29,sectors\healthcare.csv
1763,RNFI Services Ltd.,RNFI,Information Technology,Fintech,698.84,sectors\informationtechnology.csv
1764,Indef Manufacturing Ltd.,BAJAJINDEF,Capital Goods,Engineering - Industrial Equipments,696.8,sectors\capitalgoods.csv
1765,Gloster Ltd.,GLOSTERLTD,Textile,Textile,696.76,sectors\textile.csv
1766,Euro India Fresh Foods Ltd.,EIFFL,Fast Moving Consumer Goods,Consumer Food,694.01,sectors\fastmovingconsumergoods.csv
1767,Allcargo Terminals Ltd.,ATL,Logistics,Logistics,692.87,sectors\logistics.csv
1768,Tuticorin Alkali Chemicals and Fertilizers Ltd.,TUTIALKA,Chemicals,Chemicals,692.76,sectors\chemicals.csv
1769,Cellecor Gadgets Ltd.,CELLECOR,Trading,Trading,691.44,sectors\trading.csv
1770,AB Infrabuild Ltd.,ABINFRA,Infrastructure,Engineering - Construction,688.61,sectors\infrastructure.csv
1771,TV Today Network Ltd.,TVTODAY,Media & Entertainment,TV Broadcasting & Software Production,688.58,sectors\mediaentertainment.csv
1772,Sheetal Cool Products Ltd.,SCPL,Fast Moving Consumer Goods,Consumer Food,687.86,sectors\fastmovingconsumergoods.csv
1773,Mercury Ev-Tech Ltd.,MERCURYEV,Automobile & Ancillaries,Automobiles - Passenger Cars,685.61,sectors\automobileancillaries.csv
1774,Heranba Industries Ltd.,HERANBA,Chemicals,Pesticides & Agrochemicals,679.63,sectors\chemicals.csv
1775,SPEL Semiconductor Ltd.,SPELS,Electricals,Electronics - Components,679.31,sectors\electricals.csv
1776,LT Elevator Ltd.,LTELEVATOR,Capital Goods,Engineering - Industrial Equipments,679.14,sectors\capitalgoods.csv
1777,Welspun Investments and Commercials Ltd.,WELINV,Finance,Finance - Investment,676.97,sectors\finance.csv
1778,Danlaw Technologies India Ltd.,DANLAW,Information Technology,IT - Software,675.85,sectors\informationtechnology.csv
1779,Innovision Ltd.,INNOVISION,Other,Professional Services,675.11,sectors\other.csv
1780,Speciality Restaurants Ltd.,SPECIALITY,Hospitality,Restaurants,673.61,sectors\hospitality.csv
1781,Best Agrolife Ltd.,BESTAGRO,Chemicals,Pesticides & Agrochemicals,673.52,sectors\chemicals.csv
1782,Innovana Thinklabs Ltd.,INNOVANA,Information Technology,IT - Software,671.66,sectors\informationtechnology.csv
1783,20 Microns Ltd.,20MICRONS,Mining,Mining & Minerals,671.33,sectors\mining.csv
1784,Onmobile Global Ltd.,ONMOBILE,Information Technology,IT - Software,671.31,sectors\informationtechnology.csv
1785,Axtel Industries Ltd.,AXTEL,Capital Goods,Engineering - Industrial Equipments,670.91,sectors\capitalgoods.csv
1786,Cheviot Company Ltd.,CHEVIOT,Textile,Textile,670.65,sectors\textile.csv
1787,Saurashtra Cement Ltd.,SAURASHCEM,Construction Materials,Cement & Construction Materials,670.62,sectors\constructionmaterials.csv
1788,Jayant Agro-Organics Ltd.,JAYAGROGN,Chemicals,Chemicals,669.3,sectors\chemicals.csv
1789,Kanoria Chemicals & Industries Ltd.,KANORICHEM,Chemicals,Chemicals,668.51,sectors\chemicals.csv
1790,Shri Jagdamba Polymers Ltd.,SHRJAGP,Plastic Products,Plastic Products,666.92,sectors\plasticproducts.csv
1791,Haldyn Glass Ltd.,HALDYNGL,Construction Materials,Glass,666.52,sectors\constructionmaterials.csv
1792,Emami Paper Mills Ltd.,EMAMIPAP,Paper,Paper & Paper Products,665.49,sectors\paper.csv
1793,KSE Ltd.,KSE,Fast Moving Consumer Goods,Animal Feed,665.44,sectors\fastmovingconsumergoods.csv
1794,Influx Healthtech Ltd.,INFLUX,Healthcare,Pharmaceuticals & Drugs,662.91,sectors\healthcare.csv
1795,Bizotic Commercial Ltd.,BIZOTIC,Trading,Trading,661.3,sectors\trading.csv
1796,Uniphos Enterprises Ltd.,UNIENTER,Trading,Trading,661.03,sectors\trading.csv
1797,Emkay Global Financial Services Ltd.,EMKAY,Finance,Finance - Stock Broking,659.15,sectors\finance.csv
1798,True Green Bio Energy Ltd.,TRUEGREEN,Textile,Textile - Spinning,658.98,sectors\textile.csv
1799,KSolves India Ltd.,KSOLVES,Information Technology,IT - Software,658.36,sectors\informationtechnology.csv
1800,Foce India Ltd.,FOCE,Consumer Durables,Watches & Accessories,657.61,sectors\consumerdurables.csv
1801,Tandhan Industries Ltd.,TANDHANIN,Finance,Finance - Investment,657,sectors\finance.csv
1802,Fabtech Technologies Ltd.,FABTECH,Trading,Trading,656.76,sectors\trading.csv
1803,Tankup Engineers Ltd.,TANKUP,Capital Goods,Engineering - Industrial Equipments,656.58,sectors\capitalgoods.csv
1804,Prakash Pipes Ltd.,PPL,Plastic Products,Plastic Products,654.76,sectors\plasticproducts.csv
1805,Manba Finance Ltd.,MANBA,Finance,Finance - NBFC,653.61,sectors\finance.csv
1806,Goel Construction Company Ltd.,GOELCONS,Infrastructure,Engineering - Construction,653.12,sectors\infrastructure.csv
1807,Empire Industries Ltd.,EMPIND,Diversified,Diversified,650.37,sectors\diversified.csv
1808,Ganesh Consumer Products Ltd.,GANESHCP,Fast Moving Consumer Goods,Consumer Food,650.04,sectors\fastmovingconsumergoods.csv
1809,Parth Electricals & Engineering Ltd.,PARTH,Capital Goods,Electric Equipment,646.56,sectors\capitalgoods.csv
1810,Laxmi India Finance Ltd.,LAXMIINDIA,Finance,Finance - NBFC,646.01,sectors\finance.csv
1811,RNIT AI Solutions Ltd.,RNITAI,Capital Goods,Electric Equipment,645.78,sectors\capitalgoods.csv
1812,Prozone Realty Ltd.,PROZONER,Realty,Construction - Real Estate,643.83,sectors\realty.csv
1813,Proventus Agrocom Ltd.,PROV,Fast Moving Consumer Goods,Consumer Food,642.34,sectors\fastmovingconsumergoods.csv
1814,Vakrangee Ltd.,VAKRANGEE,Information Technology,BPO/ITeS,641.25,sectors\informationtechnology.csv
1815,Sunlite Recycling Industries Ltd.,SUNLITE,Non - Ferrous Metals,Metal - Non Ferrous,640.94,sectors\nonferrousmetals.csv
1816,Asian Hotels (West) Ltd.,AHLWEST,Hospitality,"Hotel, Resort & Restaurants",640.82,sectors\hospitality.csv
1817,Kinetic Engineering Ltd.,KINETICENG,Automobile & Ancillaries,Auto Ancillary,640.75,sectors\automobileancillaries.csv
1818,Voith Paper Fabrics India Ltd.,VOITHPAPR,Textile,Textile,639.47,sectors\textile.csv
1819,Dhunseri Investments Ltd.,DHUNINV,Finance,Finance - Investment,638.83,sectors\finance.csv
1820,Sharat Industries Ltd.,SHINDL,Agriculture,Aquaculture,638.61,sectors\agriculture.csv
1821,Transindia Real Estate Ltd.,TREL,Logistics,Logistics,638.56,sectors\logistics.csv
1822,Allied Digital Services Ltd.,ADSL,Information Technology,IT - Software,638.17,sectors\informationtechnology.csv
1823,Transpek Industry Ltd.,TRANSPEK,Chemicals,Chemicals,637.73,sectors\chemicals.csv
1824,India Finsec Ltd.,IFINSEC,Finance,Finance - NBFC,636.38,sectors\finance.csv
1825,Bigbloc Construction Ltd.,BIGBLOC,Construction Materials,Cement & Construction Materials,635.39,sectors\constructionmaterials.csv
1826,Zee Media Corporation Ltd.,ZEEMEDIA,Media & Entertainment,TV Broadcasting & Software Production,634.45,sectors\mediaentertainment.csv
1827,Snowman Logistics Ltd.,SNOWMAN,Logistics,Logistics,633.93,sectors\logistics.csv
1828,Hindustan Media Ventures Ltd.,HMVL,Media & Entertainment,Printing And Publishing,633.58,sectors\mediaentertainment.csv
1829,Shraddha Prime Projects Ltd.,SHRADDHA,Realty,Construction - Real Estate,633.08,sectors\realty.csv
1830,Veefin Solutions Ltd.,VEEFIN,Information Technology,IT - Software,630.57,sectors\informationtechnology.csv
1831,Captain Technocast Ltd.,CTCL,Automobile & Ancillaries,Castings/Forgings,630.43,sectors\automobileancillaries.csv
1832,Shree Ganesh Remedies Ltd.,SGRL,Healthcare,Pharmaceuticals & Drugs,629.56,sectors\healthcare.csv
1833,Onward Technologies Ltd.,ONWARDTEC,Information Technology,IT - Software,628.58,sectors\informationtechnology.csv
1834,Namo Ewaste Management Ltd.,NAMOEWASTE,Other,Environmental Services,626.57,sectors\other.csv
1835,Kilitch Drugs (India) Ltd.,KILITCH,Healthcare,Pharmaceuticals & Drugs,624.24,sectors\healthcare.csv
1836,Sutlej Textiles And Industries Ltd.,SUTLEJTEX,Textile,Textile - Spinning,624.02,sectors\textile.csv
1837,Bafna Pharmaceuticals Ltd.,BAFNAPH,Healthcare,Pharmaceuticals & Drugs,620.74,sectors\healthcare.csv
1838,Sunita Tools Ltd.,SUNITATOOL,Capital Goods,Engineering - Industrial Equipments,620.7,sectors\capitalgoods.csv
1839,Primo Chemicals Ltd.,PRIMO,Chemicals,Chemicals,620.64,sectors\chemicals.csv
1840,HT Media Ltd.,HTMEDIA,Media & Entertainment,Printing And Publishing,620.11,sectors\mediaentertainment.csv
1841,N.B.I. Industrial Finance Co. Ltd.,NBIFIN,Finance,Finance - NBFC,618.3,sectors\finance.csv
1842,Exato Technologies Ltd.,EXATO,Information Technology,IT - Software,618.27,sectors\informationtechnology.csv
1843,Kanpur Plastipack Ltd.,KANPRPLA,Plastic Products,Plastic Products,615.66,sectors\plasticproducts.csv
1844,Hindustan Composites Ltd.,HINDCOMPOS,Automobile & Ancillaries,Auto Ancillary,613.21,sectors\automobileancillaries.csv
1845,Orbit Exports Ltd.,ORBTEXP,Textile,Textile,612.84,sectors\textile.csv
1846,Magna Electro Castings Ltd.,MAGNAELQ,Automobile & Ancillaries,Castings/Forgings,608.96,sectors\automobileancillaries.csv
1847,Amanta Healthcare Ltd.,AMANTA,Healthcare,Pharmaceuticals & Drugs,608.07,sectors\healthcare.csv
1848,Shiv Aum Steels Ltd.,SHIVAUM,Trading,Trading,608.07,sectors\trading.csv
1849,Univastu India Ltd.,UNIVASTU,Infrastructure,Engineering - Construction,607.51,sectors\infrastructure.csv
1850,Chandan Healthcare Ltd.,CHANDAN,Healthcare,Hospital & Healthcare Services,606.41,sectors\healthcare.csv
1851,Coffee Day Enterprises Ltd.,COFFEEDAY,Hospitality,Restaurants,606.08,sectors\hospitality.csv
1852,Axentra Corp Ltd.,AXENTRA,Realty,Construction - Real Estate,606.07,sectors\realty.csv
1853,Mallcom (India) Ltd,MALLCOM,Capital Goods,Engineering - Industrial Equipments,605.28,sectors\capitalgoods.csv
1854,Subam Papers Ltd.,SUBAM,Paper,Paper & Paper Products,604.27,sectors\paper.csv
1855,ZF Steering Gear (India) Ltd.,ZFSTEERING,Automobile & Ancillaries,Auto Ancillary,603.96,sectors\automobileancillaries.csv
1856,PNGS Gargi Fashion Jewellery Ltd.,GARGI,Retailing,Retailing,602.72,sectors\retailing.csv
1857,KRM Ayurveda Ltd.,KRMAYURVED,Healthcare,Hospital & Healthcare Services,601.36,sectors\healthcare.csv
1858,Glottis Ltd.,GLOTTIS,Logistics,Logistics,601.27,sectors\logistics.csv
1859,TPL Plastech Ltd.,TPLPLASTEH,Plastic Products,Plastic Products,600.86,sectors\plasticproducts.csv
1860,Hazoor Multi Projects Ltd.,HAZOOR,Realty,Construction - Real Estate,600.76,sectors\realty.csv
1861,Pyramid Technoplast Ltd.,PYRAMID,Fast Moving Consumer Goods,Packaging,598.49,sectors\fastmovingconsumergoods.csv
1862,Artson Ltd.,ARTSON,Capital Goods,Engineering - Industrial Equipments,597.73,sectors\capitalgoods.csv
1863,Satia Industries Ltd.,SATIA,Paper,Paper & Paper Products,597.2,sectors\paper.csv
1864,Nahar Poly Films Ltd.,NAHARPOLY,Plastic Products,Plastic Products,596.26,sectors\plasticproducts.csv
1865,DC Infotech and Communication Ltd.,DCI,Consumer Durables,IT - Hardware,595.81,sectors\consumerdurables.csv
1866,GTPL Hathway Ltd.,GTPL,Media & Entertainment,TV Broadcasting & Software Production,595.15,sectors\mediaentertainment.csv
1867,SoftTech Engineers Ltd.,SOFTTECH,Information Technology,IT - Software,593.2,sectors\informationtechnology.csv
1868,Triton Valves Ltd.,TRITONV,Automobile & Ancillaries,Auto Ancillary,591.53,sectors\automobileancillaries.csv
1869,Apsis Aerocom Ltd.,APSISAERO,Capital Goods,Engineering - Industrial Equipments,590.54,sectors\capitalgoods.csv
1870,Neetu Yoshi Ltd.,NEETUYOSHI,Automobile & Ancillaries,Castings/Forgings,589.95,sectors\automobileancillaries.csv
1871,Pervasive Commodities Ltd.,PERVASIVE,Capital Goods,Electric Equipment,589.22,sectors\capitalgoods.csv
1872,Zim Laboratories Ltd.,ZIMLAB,Healthcare,Pharmaceuticals & Drugs,588.1,sectors\healthcare.csv
1873,Shree Rama Multi-Tech Ltd.,SHREERAMA,Plastic Products,Plastic Products,587.14,sectors\plasticproducts.csv
1874,Linc Ltd.,LINC,Fast Moving Consumer Goods,Printing & Stationery,586.27,sectors\fastmovingconsumergoods.csv
1875,Prabhatam Infra Venture Ltd.,PRABHATAM,Paper,Paper & Paper Products,584.64,sectors\paper.csv
1876,Aqylon Nexus Ltd.,AQYLON,Media & Entertainment,"Film Production, Distribution & Entertainment",583.58,sectors\mediaentertainment.csv
1877,Niyogin Fintech Ltd.,NIYOGIN,Finance,Finance - NBFC,582.05,sectors\finance.csv
1878,Om Power Transmission Ltd.,OMPOWER,Infrastructure,Engineering - Construction,579.08,sectors\infrastructure.csv
1879,Merritronix Ltd.,MRTX,Electricals,Electronics - Components,578.84,sectors\electricals.csv
1880,Kamat Hotels (India) Ltd.,KAMATHOTEL,Hospitality,"Hotel, Resort & Restaurants",577.51,sectors\hospitality.csv
1881,Ganesh Green Bharat Ltd.,GGBL,Capital Goods,Electric Equipment,575.63,sectors\capitalgoods.csv
1882,ABS Marine Services Ltd.,ABSMARINE,Logistics,Shipping,575.57,sectors\logistics.csv
1883,Kalind Ltd.,KALIND,Finance,Finance - Investment,573.19,sectors\finance.csv
1884,Maagh Advertising And Marketing Services Ltd.,MAAGHADV,Media & Entertainment,Advertising & Media,571.98,sectors\mediaentertainment.csv
1885,Panchmahal Steel Ltd.,PANCHMAHQ,Iron & Steel,Steel & Iron Products,570.92,sectors\ironsteel.csv
1886,Kalyani Cast-Tech Ltd.,KALYANI,Automobile & Ancillaries,Castings/Forgings,570.71,sectors\automobileancillaries.csv
1887,Sayaji Hotels Ltd.,SAYAJIHOTL,Hospitality,"Hotel, Resort & Restaurants",569.33,sectors\hospitality.csv
1888,Mindteck (India) Ltd.,MINDTECK,Information Technology,IT - Software,567.67,sectors\informationtechnology.csv
1889,Hitech Corporation Ltd.,HITECHCORP,Plastic Products,Plastic Products,566.97,sectors\plasticproducts.csv
1890,RBZ Jewellers Ltd.,RBZJEWEL,Diamond & Jewellery,Diamond  &  Jewellery,566.6,sectors\diamondjewellery.csv
1891,KN Agri Resources Ltd.,KNAGRI,Fast Moving Consumer Goods,Consumer Food,564.75,sectors\fastmovingconsumergoods.csv
1892,Manaksia Steels Ltd.,MANAKSTEEL,Iron & Steel,Steel & Iron Products,562.81,sectors\ironsteel.csv
1893,Lakshmi Mills Company Ltd.,LAKSHMIMIL,Textile,Textile,561.09,sectors\textile.csv
1894,GFL Ltd.,GFLLIMITED,Finance,Finance - Investment,559.36,sectors\finance.csv
1895,Kronox Lab Sciences Ltd.,KRONOX,Chemicals,Chemicals,559.16,sectors\chemicals.csv
1896,Sreeleathers Ltd.,SREEL,Retailing,Footwear,558.85,sectors\retailing.csv
1897,Aarti Surfactants Ltd.,AARTISURF,Fast Moving Consumer Goods,Household & Personal Products,558.83,sectors\fastmovingconsumergoods.csv
1898,Munjal Showa Ltd.,MUNJALSHOW,Automobile & Ancillaries,Auto Ancillary,556.33,sectors\automobileancillaries.csv
1899,3I Infotech Ltd.,3IINFOLTD,Information Technology,IT - Software,554.6,sectors\informationtechnology.csv
1900,Susan Electricals India Ltd.,SUSAN,Electricals,Cable,552.18,sectors\electricals.csv
1901,DCM Shriram Industries Ltd.,DCMSRIND,Agriculture,Sugar,551.83,sectors\agriculture.csv
1902,Blue Pearl Agriventures Ltd.,BPAGRI,Trading,Trading,551.34,sectors\trading.csv
1903,Satani Bearings Ltd.,SATANIBRG,Automobile & Ancillaries,Bearings,550.5,sectors\automobileancillaries.csv
1904,Concord Enviro Systems Ltd.,CEWATER,Other,Environmental Services,547.42,sectors\other.csv
1905,Stellant Securities (India) Ltd.,STELLANT,Finance,Finance - NBFC,547.33,sectors\finance.csv
1906,CLN Energy Ltd.,CLN,Automobile & Ancillaries,Batteries,546.61,sectors\automobileancillaries.csv
1907,Riddhi Siddhi Gluco Biols Ltd.,RIDDHI,Trading,Trading,546.11,sectors\trading.csv
1908,Modern Malleables Ltd.,MODMA,Infrastructure,Transmission Towers / Equipments,545.92,sectors\infrastructure.csv
1909,KD Green Industries Ltd.,MANBRO,Trading,Trading,545.42,sectors\trading.csv
1910,Pansari Developers Ltd.,PANSARI,Realty,Construction - Real Estate,543.82,sectors\realty.csv
1911,Dhabriya Polywood Ltd.,DHABRIYA,Plastic Products,Plastic Products,543.7,sectors\plasticproducts.csv
1912,JTL Defence Ltd.,JTLDEFENCE,Non - Ferrous Metals,Metal - Non Ferrous,543.47,sectors\nonferrousmetals.csv
1913,Chemfab Alkalis Ltd.,CHEMFAB,Chemicals,Chemicals,543.33,sectors\chemicals.csv
1914,Sar Televenture Ltd.,SARTELE,Telecom,Telecom-Infrastructure,542.85,sectors\telecom.csv
1915,Aptech Ltd.,APTECHT,Information Technology,IT - Education,542.15,sectors\informationtechnology.csv
1916,Global Education Ltd.,GLOBAL,Other,Educational Institutions,541.69,sectors\other.csv
1917,Kiran Vyapar Ltd.,KIRANVYPAR,Finance,Finance - NBFC,540.91,sectors\finance.csv
1918,The Ugar Sugar Works Ltd.,UGARSUGAR,Agriculture,Sugar,540.67,sectors\agriculture.csv
1919,VISA Chrome Ltd.,VISACHROME,Iron & Steel,Steel & Iron Products,539.42,sectors\ironsteel.csv
1920,Oswal Greentech Ltd.,OSWALGREEN,Finance,Finance - Investment,539.3,sectors\finance.csv
1921,Mold-Tek Technologies Ltd.,MOLDTECH,Other,Engineering Consultancy,539.09,sectors\other.csv
1922,Aries Agro Ltd.,ARIES,Chemicals,Fertilizers,534.67,sectors\chemicals.csv
1923,Black Rose Industries Ltd.,BLACKROSE,Chemicals,Chemicals,534.48,sectors\chemicals.csv
1924,Integra Engineering India Ltd.,INTEGRAEN,Capital Goods,Engineering - Industrial Equipments,533.42,sectors\capitalgoods.csv
1925,Modi Naturals Ltd.,MODINATUR,Fast Moving Consumer Goods,Edible Oil,532.26,sectors\fastmovingconsumergoods.csv
1926,Nahar Industrial Enterprises Ltd.,NAHARINDUS,Textile,Textile - Spinning,531.43,sectors\textile.csv
1927,Hemant Surgical Industries Ltd.,HSIL,Healthcare,Medical Equipment/Supplies/Accessories,530.62,sectors\healthcare.csv
1928,Delton Cables Ltd.,DLTNCBL,Electricals,Cable,530.11,sectors\electricals.csv
1929,Nurture Well Industries Ltd.,NWIL,Fast Moving Consumer Goods,Consumer Food,529.71,sectors\fastmovingconsumergoods.csv
1930,Urja Global Ltd.,URJA,Automobile & Ancillaries,Automobile Two & Three Wheelers,529.35,sectors\automobileancillaries.csv
1931,Birla Cotsyn (India) Ltd.,BIRLACOT,Textile,Textile - Spinning,527.09,sectors\textile.csv
1932,Systematic Industries Ltd.,SYSTEMATIC,Iron & Steel,Steel & Iron Products,524.34,sectors\ironsteel.csv
1933,Universus Photo Imagings Ltd.,UNIVPHOTO,Photographic Product,Photographic Products,523.25,sectors\photographicproduct.csv
1934,DIC India Ltd.,DICIND,Chemicals,Chemicals,522.97,sectors\chemicals.csv
1935,Pasupati Acrylon Ltd.,PASUPTAC,Textile,Textile - Manmade  Fibres,522.94,sectors\textile.csv
1936,Saakshi Medtech & Panels Ltd.,SAAKSHI,Capital Goods,Electric Equipment,522.79,sectors\capitalgoods.csv
1937,Covance Softsol Ltd.,COVANCE,Information Technology,IT - Software,520.53,sectors\informationtechnology.csv
1938,Dish TV India Ltd.,DISHTV,Media & Entertainment,TV Broadcasting & Software Production,519.23,sectors\mediaentertainment.csv
1939,CSM Technologies Ltd.,CSM,Information Technology,IT - Software,519.13,sectors\informationtechnology.csv
1940,Singer India Ltd.,SINGERIND,Consumer Durables,Consumer Durables - Domestic Appliances,518.97,sectors\consumerdurables.csv
1941,Arvaya Healthcare Ltd.,ARVAYA,Trading,Trading,518.88,sectors\trading.csv
1942,Orient Ceratech Ltd.,ORIENTCER,Capital Goods,Refractories,518.64,sectors\capitalgoods.csv
1943,Plastiblends India Ltd.,PLASTIBLEN,Chemicals,Chemicals,517.44,sectors\chemicals.csv
1944,Orient Bell Ltd.,ORIENTBELL,Construction Materials,Ceramics/Marble/Granite/Sanitaryware,514.87,sectors\constructionmaterials.csv
1945,Peninsula Land Ltd.,PENINLAND,Realty,Construction - Real Estate,514.18,sectors\realty.csv
1946,The Investment Trust of India Ltd.,THEINVEST,Finance,Finance - NBFC,514.06,sectors\finance.csv
1947,PTL Enterprises Ltd.,PTL,Other,Business Support,513.36,sectors\other.csv
1948,High Energy Batteries (India) Ltd.,HIGHENE,Automobile & Ancillaries,Batteries,512.91,sectors\automobileancillaries.csv
1949,SK Minerals & Additives Ltd.,SKM,Trading,Trading,512.86,sectors\trading.csv
1950,Credo Brands Marketing Ltd.,MUFTI,Trading,Trading,512.3,sectors\trading.csv
1951,Fabtech Cleanrooms Ltd.,FABCLEAN,Capital Goods,Engineering - Industrial Equipments,512.12,sectors\capitalgoods.csv
1952,Digilogic Systems Ltd.,DIGILOGIC,Capital Goods,Aerospace & Defense,510.26,sectors\capitalgoods.csv
1953,Aerpace Industries Ltd.,AERPACE,Trading,Trading,509.58,sectors\trading.csv
1954,Thomas Scott (India) Ltd.,THOMASCOTT,Textile,Textile,508.48,sectors\textile.csv
1955,Basilic Fly Studio Ltd.,BASILIC,Media & Entertainment,"Film Production, Distribution & Entertainment",507.7,sectors\mediaentertainment.csv
1956,Oswal Agro Mills Ltd.,OSWALAGRO,Trading,Trading,506.74,sectors\trading.csv
1957,Rushil Decor Ltd.,RUSHIL,Construction Materials,Laminates/Decoratives,506.73,sectors\constructionmaterials.csv
1958,Khaitan Chemicals & Fertilizers Ltd.,KHAICHEM,Chemicals,Fertilizers,505.7,sectors\chemicals.csv
1959,Elin Electronics Ltd.,ELIN,Consumer Durables,Consumer Durables - Electronics,504.3,sectors\consumerdurables.csv
1960,Bai-Kakaji Polymers Ltd.,BAIKAKAJI,Plastic Products,Plastic Products,504.18,sectors\plasticproducts.csv
1961,B&B Triplewall Containers Ltd.,BBTCL,Paper,Paper & Paper Products,502.53,sectors\paper.csv
1962,Mangal Credit and Fincorp Ltd.,MANCREDIT,Finance,Finance - NBFC,502.09,sectors\finance.csv
1963,CSL Finance Ltd.,CSLFINANCE,Finance,Finance - NBFC,500.65,sectors\finance.csv
1964,SJ Logistics (India) Ltd.,SJLOGISTIC,Logistics,Logistics,500.41,sectors\logistics.csv
1965,Pocl Enterprises Ltd.,POEL,Non - Ferrous Metals,Metal - Non Ferrous,500.26,sectors\nonferrousmetals.csv
1966,Sukhjit Starch & Chemicals Ltd.,SUKHJITS,Fast Moving Consumer Goods,Consumer Food,499.9,sectors\fastmovingconsumergoods.csv
1967,Brahmaputra Infrastructure Ltd.,BRAHMINFRA,Infrastructure,Engineering - Construction,499.12,sectors\infrastructure.csv
1968,Qualitek Labs Ltd.,QLL,Miscellaneous,Miscellaneous,498.71,sectors\miscellaneous.csv
1969,Filtron Engineers Ltd.,FILTRON,Capital Goods,Engineering - Industrial Equipments,498.6,sectors\capitalgoods.csv
1970,Iware Supplychain Services Ltd.,IWARE,Logistics,Logistics,498.24,sectors\logistics.csv
1971,Cryogenic OGS Ltd.,CRYOGENIC,Capital Goods,Engineering - Industrial Equipments,498.16,sectors\capitalgoods.csv
1972,Shiva Cement Ltd.,SHIVACEM,Construction Materials,Cement & Construction Materials,497.96,sectors\constructionmaterials.csv
1973,Azad India Mobility Ltd.,AZADIND,Iron & Steel,Steel & Iron Products,496.58,sectors\ironsteel.csv
1974,BMW Ventures Ltd.,BMWVENTLTD,Trading,Trading,495.84,sectors\trading.csv
1975,Shriram Asset Management Company Ltd.,SRAMSET,Finance,Finance - Asset Management,495.33,sectors\finance.csv
1976,IRIS RegTech Solutions Ltd.,IRIS,Information Technology,IT - Software,495.18,sectors\informationtechnology.csv
1977,Australian Premium Solar (India) Ltd.,APS,Electricals,Electronics - Components,493.82,sectors\electricals.csv
1978,Cropster Agro Ltd.,CROPSTER,Plastic Products,Plastic Products,491.4,sectors\plasticproducts.csv
1979,GP Eco Solutions India Ltd.,GPECO,Trading,Trading,488.51,sectors\trading.csv
1980,International Conveyors Ltd.,INTLCONV,Capital Goods,Engineering - Industrial Equipments,487.61,sectors\capitalgoods.csv
1981,S Chand And Company Ltd.,SCHAND,Media & Entertainment,Printing And Publishing,486.76,sectors\mediaentertainment.csv
1982,Mcleod Russel India Ltd.,MCLEODRUSS,Agriculture,Tea/Coffee,485.3,sectors\agriculture.csv
1983,Nila Spaces Ltd.,NILASPACES,Realty,Construction - Real Estate,484.88,sectors\realty.csv
1984,Ganesh Infraworld Ltd.,GANESHIN,Infrastructure,Engineering - Construction,483.89,sectors\infrastructure.csv
1985,HRS Aluglaze Ltd.,HRS,Non - Ferrous Metals,Aluminium & Aluminium Products,483.02,sectors\nonferrousmetals.csv
1986,IL&FS Engineering and Construction Company Ltd.,IL&FSENGG,Infrastructure,Engineering - Construction,482.79,sectors\infrastructure.csv
1987,Entertainment Network (India) Ltd.,ENIL,Media & Entertainment,TV Broadcasting & Software Production,481.47,sectors\mediaentertainment.csv
1988,Anlon Technology Solution Ltd.,ANLON,Capital Goods,Engineering,480.63,sectors\capitalgoods.csv
1989,Advani Hotels & Resorts (India) Ltd.,ADVANIHOTR,Hospitality,"Hotel, Resort & Restaurants",480.31,sectors\hospitality.csv
1990,Uday Jewellery Industries Ltd.,UDAYJEW,Diamond & Jewellery,Diamond  &  Jewellery,480.15,sectors\diamondjewellery.csv
1991,Virat Industries Ltd.,VIRAT,Textile,Textile,479.78,sectors\textile.csv
1992,Aryaman Capital Markets Ltd.,ARYACAPM,Finance,Finance - Investment,479.56,sectors\finance.csv
1993,RK Swamy Ltd.,RKSWAMY,Media & Entertainment,Advertising & Media,479.53,sectors\mediaentertainment.csv
1994,Mangalam Global Enterprise Ltd.,MGEL,Agriculture,Agriculture,476.87,sectors\agriculture.csv
1995,Mazda Ltd.,MAZDA,Capital Goods,Engineering - Industrial Equipments,474.59,sectors\capitalgoods.csv
1996,Sigma Solve Ltd.,SIGMA,Information Technology,BPO/ITeS,472.35,sectors\informationtechnology.csv
1997,JD Cables Ltd.,JDCABLES,Electricals,Cable,470.53,sectors\electricals.csv
1998,VTM Ltd.,VTMLTD,Textile,Textile - Weaving,470.46,sectors\textile.csv
1999,Repro India Ltd.,REPRO,Media & Entertainment,Printing And Publishing,469.38,sectors\mediaentertainment.csv
2000,Jenburkt Pharmaceuticals Ltd.,JENBURPH,Healthcare,Pharmaceuticals & Drugs,468.58,sectors\healthcare.csv
2001,Patil Automation Ltd.,PATILAUTOM,Capital Goods,Engineering - Industrial Equipments,467.4,sectors\capitalgoods.csv
2002,Goodricke Group Ltd.,GOODRICKE,Agriculture,Tea/Coffee,466.34,sectors\agriculture.csv
2003,SIL Investments Ltd.,SILINV,Finance,Finance - NBFC,466.22,sectors\finance.csv
2004,Vipul Organics Ltd.,VIPULORG,Chemicals,Dyes & Pigments,466.07,sectors\chemicals.csv
2005,Gretex Industries Ltd.,GRETEX,Trading,Trading,465.18,sectors\trading.csv
2006,ANB Metal Cast Ltd.,AMCL,Non - Ferrous Metals,Metal - Non Ferrous,463.92,sectors\nonferrousmetals.csv
2007,United Drilling Tools Ltd.,UNIDT,Capital Goods,Engineering - Industrial Equipments,463.22,sectors\capitalgoods.csv
2008,HLV Ltd.,HLVLTD,Hospitality,"Hotel, Resort & Restaurants",462.8,sectors\hospitality.csv
2009,Bemco Hydraulics Ltd.,BEMHY,Capital Goods,Engineering - Industrial Equipments,461.61,sectors\capitalgoods.csv
2010,Supreme Power Equipment Ltd.,SUPREMEPWR,Capital Goods,Electric Equipment,461.59,sectors\capitalgoods.csv
2011,Pune E - Stock Broking Ltd.,PESB,Finance,Finance - Stock Broking,461.14,sectors\finance.csv
2012,Shree Rama Newsprint Ltd.,RAMANEWS,Paper,Paper & Paper Products,461.01,sectors\paper.csv
2013,Albert David Ltd.,ALBERTDAVD,Healthcare,Pharmaceuticals & Drugs,460.97,sectors\healthcare.csv
2014,Megamont Ltd.,MEGAMONT,Construction Materials,Wood & Wood Products,460.52,sectors\constructionmaterials.csv
2015,Vashu Bhagnani Industries Ltd.,POOJAENT,Media & Entertainment,"Film Production, Distribution & Entertainment",460.47,sectors\mediaentertainment.csv
2016,Mardia Samyoung Capillary Tubes Co Ltd.,MSCTC,Non - Ferrous Metals,Metal - Non Ferrous,460.08,sectors\nonferrousmetals.csv
2017,E to E Transportation Infrastructure Ltd.,E2ERAIL,Infrastructure,Engineering - Construction,460,sectors\infrastructure.csv
2018,Donear Industries Ltd.,DONEAR,Textile,Textile,458.69,sectors\textile.csv
2019,Kotyark Industries Ltd.,KOTYARK,Agriculture,Agriculture,458.39,sectors\agriculture.csv
2020,Prevest Denpro Ltd.,PREVEST,Healthcare,Medical Equipment/Supplies/Accessories,458.27,sectors\healthcare.csv
2021,W.S. Industries (India) Ltd.,WSI,Infrastructure,Engineering - Construction,457.57,sectors\infrastructure.csv
2022,Blue Water Logistics Ltd.,BLUEWATER,Logistics,Logistics,454.8,sectors\logistics.csv
2023,Pajson Agro India Ltd.,PAJSON,Fast Moving Consumer Goods,Consumer Food,454.76,sectors\fastmovingconsumergoods.csv
2024,Mawana Sugars Ltd.,MAWANASUG,Agriculture,Sugar,453.56,sectors\agriculture.csv
2025,Asarfi Hospital Ltd.,ASARFI,Healthcare,Hospital & Healthcare Services,453.56,sectors\healthcare.csv
2026,Balgopal Commercial Ltd.,BALGOPAL,Trading,Trading,453.22,sectors\trading.csv
2027,Veritas (India) Ltd.,VERITAS,Trading,Trading,452.69,sectors\trading.csv
2028,BR Goyal Infrastructure Ltd.,BRGIL,Infrastructure,Engineering - Construction,452.67,sectors\infrastructure.csv
2029,Aptus Pharma Ltd.,APPL,Trading,Trading,451.65,sectors\trading.csv
2030,Valiant Laboratories Ltd.,VALIANTLAB,Healthcare,Pharmaceuticals & Drugs,451.07,sectors\healthcare.csv
2031,Fratelli Vineyards Ltd.,FRATELLI,Trading,Trading,451.03,sectors\trading.csv
2032,BCC Fuba India Ltd.,BCCFUBA,Electricals,Electronics - Components,450.01,sectors\electricals.csv
2033,Vishal Fabrics Ltd.,VISHAL,Textile,Textile,449.91,sectors\textile.csv
2034,Haleos Labs Ltd.,HALEOSLABS,Healthcare,Pharmaceuticals & Drugs,448.78,sectors\healthcare.csv
2035,Indogulf Cropsciences Ltd.,IGCL,Chemicals,Pesticides & Agrochemicals,448.57,sectors\chemicals.csv
2036,Focus Lighting & Fixtures Ltd.,FOCUS,Capital Goods,Electric Equipment,448.1,sectors\capitalgoods.csv
2037,Suratwwala Business Group Ltd.,SBGLP,Realty,Construction - Real Estate,447.41,sectors\realty.csv
2038,Nile Ltd.,NILE,Non - Ferrous Metals,Metal - Non Ferrous,446.98,sectors\nonferrousmetals.csv
2039,Meenakshi India Ltd.,MEEIND,Textile,Textile,446.91,sectors\textile.csv
2040,Atal Realtech Ltd.,ATALREAL,Realty,Construction - Real Estate,446.89,sectors\realty.csv
2041,Unifinz Capital India Ltd.,UCIL,Finance,Finance - NBFC,446.22,sectors\finance.csv
2042,De Nora India Ltd.,DENORA,Capital Goods,Electrodes & Welding Equipment,445.95,sectors\capitalgoods.csv
2043,Sotefin Bharat Ltd.,SOTEFIN,Infrastructure,Engineering - Construction,445.84,sectors\infrastructure.csv
2044,Shardul Securities Ltd.,SHARDUL,Finance,Finance - Investment,445.69,sectors\finance.csv
2045,Kaya Ltd.,KAYA,Healthcare,Hospital & Healthcare Services,445.07,sectors\healthcare.csv
2046,Vinyl Chemicals (India) Ltd.,VINYLINDIA,Trading,Trading,444.77,sectors\trading.csv
2047,Fluidomat Ltd.,FLUIDOM,Capital Goods,Engineering - Industrial Equipments,443.77,sectors\capitalgoods.csv
2048,Gujarat Apollo Industries Ltd.,GUJAPOLLO,Capital Goods,Engineering - Industrial Equipments,443.57,sectors\capitalgoods.csv
2049,Workmates Core2Cloud Solution Ltd.,WORKMATES,Information Technology,IT - Software,443.44,sectors\informationtechnology.csv
2050,Chavda Infra Ltd.,CHAVDA,Realty,Construction - Real Estate,442.82,sectors\realty.csv
2051,Autoline Industries Ltd.,AUTOIND,Automobile & Ancillaries,Auto Ancillary,441.59,sectors\automobileancillaries.csv
2052,Sealmatic India Ltd.,SEALMATIC,Capital Goods,Engineering - Industrial Equipments,439.83,sectors\capitalgoods.csv
2053,Optimystix Entertainment India Ltd.,OPTIMYSTIX,Media & Entertainment,"Film Production, Distribution & Entertainment",439.78,sectors\mediaentertainment.csv
2054,Mirza International Ltd.,MIRZAINT,Retailing,Footwear,438.38,sectors\retailing.csv
2055,Emrock Corporation Ltd.,EMROCK,Infrastructure,Engineering - Construction,438.21,sectors\infrastructure.csv
2056,Tera Software Ltd.,TERASOFT,Information Technology,IT - Software,437.73,sectors\informationtechnology.csv
2057,AB Cotspin India Ltd.,ABCOTS,Textile,Textile,437.52,sectors\textile.csv
2058,Omax Autos Ltd.,OMAXAUTO,Automobile & Ancillaries,Auto Ancillary,436.85,sectors\automobileancillaries.csv
2059,Mahamaya Lifesciences Ltd.,MAHALIFE,Chemicals,Pesticides & Agrochemicals,435.33,sectors\chemicals.csv
2060,Msafe Equipments Ltd.,MSAFE,Non - Ferrous Metals,Aluminium & Aluminium Products,432.48,sectors\nonferrousmetals.csv
2061,Nahar Capital And Financial Services Ltd.,NAHARCAP,Finance,Finance - NBFC,432.05,sectors\finance.csv
2062,Purple Finance Ltd.,PURPLEFIN,Finance,Finance - NBFC,431.43,sectors\finance.csv
2063,Simplex Castings Ltd.,SIMPLEXCAS,Automobile & Ancillaries,Castings/Forgings,431.42,sectors\automobileancillaries.csv
2064,Divine Hira Jewellers Ltd.,DIVINEHIRA,Trading,Trading,430.55,sectors\trading.csv
2065,TechD Cybersecurity Ltd.,TECHD,Information Technology,IT - Software,430.46,sectors\informationtechnology.csv
2066,Davangere Sugar Company Ltd.,DAVANGERE,Agriculture,Sugar,430.43,sectors\agriculture.csv
2067,C2C Advanced Systems Ltd.,C2C,Capital Goods,Aerospace & Defense,430.23,sectors\capitalgoods.csv
2068,Akme Fintrade (India) Ltd.,AFIL,Finance,Finance - NBFC,430.03,sectors\finance.csv
2069,Asahi Songwon Colors Ltd.,ASAHISONG,Chemicals,Dyes & Pigments,429.29,sectors\chemicals.csv
2070,NDL Ventures Ltd.,NDLVENTURE,Media & Entertainment,TV Broadcasting & Software Production,429.14,sectors\mediaentertainment.csv
2071,Shish Industries Ltd.,SHISHIND,Plastic Products,Plastic Products,428.7,sectors\plasticproducts.csv
2072,Rajasthan Securities Ltd.,RAJSEC,Industrials Gases & Fuels,Industrial  Gases & Fuels,426.65,sectors\industrialsgasesfuels.csv
2073,Paradeep Parivahan Ltd.,PPARIVAH,Logistics,Port,426.6,sectors\logistics.csv
2074,Sarveshwar Foods Ltd.,SARVESHWAR,Fast Moving Consumer Goods,Consumer Food,426.14,sectors\fastmovingconsumergoods.csv
2075,Rama Phosphates Ltd.,RAMAPHO,Chemicals,Fertilizers,425.17,sectors\chemicals.csv
2076,Andhra Cements Ltd.,ACL,Construction Materials,Cement & Construction Materials,424.08,sectors\constructionmaterials.csv
2077,Muthoot Capital Services Ltd.,MUTHOOTCAP,Finance,Finance - NBFC,423.52,sectors\finance.csv
2078,Batliboi Ltd.,BATLIBOI,Capital Goods,Engineering - Industrial Equipments,423.48,sectors\capitalgoods.csv
2079,Sugs Lloyd Ltd.,SUGSLLOYD,Infrastructure,Engineering - Construction,422.84,sectors\infrastructure.csv
2080,Shivalik Rasayan Ltd.,SHIVALIK,Chemicals,Pesticides & Agrochemicals,419.67,sectors\chemicals.csv
2081,Foods & Inns Ltd.,FOODSIN,Fast Moving Consumer Goods,Consumer Food,418.62,sectors\fastmovingconsumergoods.csv
2082,Shera Energy Ltd.,SHERA,Non - Ferrous Metals,Metal - Non Ferrous,416.81,sectors\nonferrousmetals.csv
2083,Nisus Finance Services Co Ltd.,NISUS,Finance,Finance - Asset Management,415.36,sectors\finance.csv
2084,Suditi Industries Ltd.,SUDTIND-B,Textile,Textile,414.74,sectors\textile.csv
2085,CyberTech Systems And Software Ltd.,CYBERTECH,Information Technology,IT - Software,413.48,sectors\informationtechnology.csv
2086,Arham Technologies Ltd.,ARHAM,Consumer Durables,Consumer Durables - Electronics,413.34,sectors\consumerdurables.csv
2087,Optivalue Tek Consulting Ltd.,OPTIVALUE,Information Technology,IT - Software,413.09,sectors\informationtechnology.csv
2088,Kriti Nutrients Ltd.,KRITINUT,Fast Moving Consumer Goods,Edible Oil,412.35,sectors\fastmovingconsumergoods.csv
2089,XT Global Infotech Ltd.,XTGLOBAL,Information Technology,IT - Software,412.16,sectors\informationtechnology.csv
2090,MKVentures Capital Ltd.,MKVENTURES,Finance,Finance - NBFC,411.98,sectors\finance.csv
2091,Kothari Products Ltd.,KOTHARIPRO,Trading,Trading,411.85,sectors\trading.csv
2092,SRG Housing Finance Ltd.,SRGHFL,Finance,Finance - Housing,411.62,sectors\finance.csv
2093,Captain Polyplast Ltd.,CPL,Plastic Products,Plastic Products,410.42,sectors\plasticproducts.csv
2094,PPAP Automotive Ltd.,PPAP,Automobile & Ancillaries,Auto Ancillary,410.37,sectors\automobileancillaries.csv
2095,Vishnu Prakash R Punglia Ltd.,VPRPL,Infrastructure,Engineering - Construction,410.08,sectors\infrastructure.csv
2096,Lancer Container Lines Ltd.,LANCER,Logistics,Logistics,408.22,sectors\logistics.csv
2097,Shah Metacorp Ltd.,SHAH,Iron & Steel,Steel & Iron Products,407.87,sectors\ironsteel.csv
2098,Liberty Shoes Ltd.,LIBERTSHOE,Retailing,Footwear,406.66,sectors\retailing.csv
2099,Vraj Iron & Steel Ltd.,VRAJ,Iron & Steel,Steel/Sponge Iron/Pig Iron,406.18,sectors\ironsteel.csv
2100,Committed Cargo Care Ltd.,COMMITTED,Logistics,Logistics,406.1,sectors\logistics.csv
2101,Zodiac Energy Ltd.,ZODIAC,Capital Goods,Engineering - Industrial Equipments,405.18,sectors\capitalgoods.csv
2102,Polo Queen Industrial & Fintech Ltd.,PQIF,Trading,Trading,404.91,sectors\trading.csv
2103,Moneyboxx Finance Ltd.,MONEYBOXX,Finance,Finance - NBFC,404.89,sectors\finance.csv
2104,Neptune Petrochemicals Ltd.,NEPTUNE,Crude Oil,Petrochemicals,401.65,sectors\crudeoil.csv
2105,Suraj Ltd.,SURAJLTD,Iron & Steel,Steel & Iron Products,400.43,sectors\ironsteel.csv
2106,Atvo Enterprises Ltd.,ATVOENT,Textile,Textile,399.91,sectors\textile.csv
2107,UY Fincorp Ltd.,UYFINCORP,Finance,Finance - NBFC,399.5,sectors\finance.csv
2108,Lords Chloro Alkali Ltd.,LORDSCHLO,Chemicals,Chemicals,399.43,sectors\chemicals.csv
2109,Digispice Technologies Ltd.,DIGISPICE,Information Technology,IT - Software,398.94,sectors\informationtechnology.csv
2110,ABM Knowledgeware Ltd.,ABMKNO,Information Technology,IT - Software,398.04,sectors\informationtechnology.csv
2111,Regency Fincorp Ltd.,REGENCY,Finance,Finance - Investment,397.94,sectors\finance.csv
2112,Tejassvi Aaharam Ltd.,TEJASSVI,Trading,Trading,396.96,sectors\trading.csv
2113,Banswara Syntex Ltd.,BANSWRAS,Textile,Textile - Manmade  Fibres,395.55,sectors\textile.csv
2114,Forbes & Company Ltd.,FORBESCO,Capital Goods,Engineering - Industrial Equipments,395.41,sectors\capitalgoods.csv
2115,S&S Power Switchgear Ltd.,S&SPOWER,Capital Goods,Electric Equipment,395.18,sectors\capitalgoods.csv
2116,Atmastco Ltd.,ATMASTCO,Capital Goods,Engineering - Industrial Equipments,394.99,sectors\capitalgoods.csv
2117,Sahyadri Industries Ltd.,SAHYADRI,Construction Materials,Cement & Construction Materials,394.61,sectors\constructionmaterials.csv
2118,Majestic Auto Ltd.,MAJESAUT,Other,Business Support,394.38,sectors\other.csv
2119,Hercules Investments Ltd.,HERCULES,Capital Goods,Engineering - Industrial Equipments,394.08,sectors\capitalgoods.csv
2120,Naperol Investments Ltd.,NAPEROL,Chemicals,Chemicals,393.87,sectors\chemicals.csv
2121,Emmforce Autotech Ltd.,EMMFORCE,Automobile & Ancillaries,Auto Ancillary,393.69,sectors\automobileancillaries.csv
2122,Connplex Cinemas Ltd.,CONNPLEX,Media & Entertainment,"Film Production, Distribution & Entertainment",392.98,sectors\mediaentertainment.csv
2123,Manaksia Ltd.,MANAKSIA,Trading,Trading,392.42,sectors\trading.csv
2124,Euro Panel Products Ltd.,EUROBOND,Non - Ferrous Metals,Aluminium & Aluminium Products,391.88,sectors\nonferrousmetals.csv
2125,Trejhara Solutions Ltd.,TREJHARA,Information Technology,IT - Software,391.41,sectors\informationtechnology.csv
2126,Emami Realty Ltd.,EMAMIREAL,Realty,Construction - Real Estate,390.51,sectors\realty.csv
2127,Transchem Ltd.,TRANSCHEM,Trading,Trading,390.46,sectors\trading.csv
2128,Virtual Galaxy Infotech Ltd.,VGINFOTECH,Information Technology,IT - Software,390.31,sectors\informationtechnology.csv
2129,MBL Infrastructure Ltd.,MBLINFRA,Infrastructure,Engineering - Construction,389.23,sectors\infrastructure.csv
2130,Lehar Footwears Ltd.,LEHAR,Retailing,Footwear,389.11,sectors\retailing.csv
2131,Manomay Tex India Ltd.,MANOMAY,Textile,Textile - Weaving,388.5,sectors\textile.csv
2132,Vishnusurya Projects and Infra Ltd.,VISHNUINFR,Realty,Construction - Real Estate,388.36,sectors\realty.csv
2133,Sattrix Information Security Ltd.,SATTRIX,Information Technology,IT - Software,388.11,sectors\informationtechnology.csv
2134,Shreeji Global FMCG Ltd.,SHETHJI,Fast Moving Consumer Goods,Consumer Food,388.06,sectors\fastmovingconsumergoods.csv
2135,Maxgrow India Ltd.,MAXGROW,Trading,Trading,388.03,sectors\trading.csv
2136,National Peroxide Ltd.,NPL,Chemicals,Chemicals,387.78,sectors\chemicals.csv
2137,Markolines Pavement Technologies Ltd.,MARKOLINES,Infrastructure,Engineering - Construction,387.68,sectors\infrastructure.csv
2138,AVG Logistics Ltd.,AVG,Logistics,Logistics,386.42,sectors\logistics.csv
2139,DJ Mediaprint & Logistics Ltd.,DJML,Media & Entertainment,Printing And Publishing,386.42,sectors\mediaentertainment.csv
2140,Radiant Cash Management Services Ltd.,RADIANTCMS,Other,Business Support,386.39,sectors\other.csv
2141,Citizen Solar Ltd.,CITIZEN,Information Technology,IT - Software,385.91,sectors\informationtechnology.csv
2142,Mangalam Organics Ltd.,MANORG,Chemicals,Chemicals,385.31,sectors\chemicals.csv
2143,Sinclairs Hotels Ltd.,SINCLAIR,Hospitality,"Hotel, Resort & Restaurants",384.55,sectors\hospitality.csv
2144,Artemis Electricals And Projects Ltd.,AEPL,Capital Goods,Electric Equipment,384.34,sectors\capitalgoods.csv
2145,Jinkushal Industries Ltd.,JKIPL,Trading,Trading,384.05,sectors\trading.csv
2146,Gokul Refoils and Solvent Ltd.,GOKUL,Fast Moving Consumer Goods,Edible Oil,383.8,sectors\fastmovingconsumergoods.csv
2147,Ginni Filaments Ltd.,GINNIFILA,Textile,Textile - Spinning,383.2,sectors\textile.csv
2148,Sancode Technologies Ltd.,SANCODE,Information Technology,IT - Software,383.07,sectors\informationtechnology.csv
2149,Ecoline Exim Ltd.,ECOLINE,Textile,Textile,382.92,sectors\textile.csv
2150,Sheetal Universal Ltd.,SHEETAL,Agriculture,Agriculture,382.68,sectors\agriculture.csv
2151,Tolins Tyres Ltd.,TOLINS,Automobile & Ancillaries,Tyres & Allied,382.64,sectors\automobileancillaries.csv
2152,Bhatia Communications & Retail (India) Ltd.,BHATIA,Retailing,Retailing,382.57,sectors\retailing.csv
2153,Apex Ecotech Ltd.,APEXECO,Other,Environmental Services,382.37,sectors\other.csv
2154,Taurian MPS Ltd.,TAURIAN,Capital Goods,Engineering,381.09,sectors\capitalgoods.csv
2155,City Pulse Multiventures Ltd.,CPML,Media & Entertainment,"Film Production, Distribution & Entertainment",380.22,sectors\mediaentertainment.csv
2156,Emerald Leisures Ltd.,EMERALL,Hospitality,"Hotel, Resort & Restaurants",378.99,sectors\hospitality.csv
2157,Andhra Petrochemicals Ltd.,ANDHRAPET,Chemicals,Chemicals,378.89,sectors\chemicals.csv
2158,True Colors Ltd.,TRUECOLORS,Trading,Trading,378.08,sectors\trading.csv
2159,Astal Laboratories Ltd.,ASTALLTD,Healthcare,Pharmaceuticals & Drugs,377.5,sectors\healthcare.csv
2160,Halder Venture Ltd.,HALDER,Fast Moving Consumer Goods,Consumer Food,377.5,sectors\fastmovingconsumergoods.csv
2161,Tara Chand Infralogistic Solutions Ltd.,TARACHAND,Logistics,Logistics,377.49,sectors\logistics.csv
2162,Raghuvir Synthetics Ltd.,RAGHUSYN,Textile,Textile,377.43,sectors\textile.csv
2163,UVS Hospitality and Services Ltd.,UVS,Fast Moving Consumer Goods,Consumer Food,377.25,sectors\fastmovingconsumergoods.csv
2164,Capital Trade Links Ltd.,CTL,Finance,Finance - NBFC,376.76,sectors\finance.csv
2165,Trishakti Industries Ltd.,TRISHAKT,Other,Business Support,375.42,sectors\other.csv
2166,Infinium Pharmachem Ltd.,INFINIUM,Chemicals,Chemicals,373.61,sectors\chemicals.csv
2167,Medico Remedies Ltd.,MEDICO,Healthcare,Pharmaceuticals & Drugs,373.51,sectors\healthcare.csv
2168,HCL Infosystems Ltd.,HCL-INSYS,Consumer Durables,IT - Hardware,372.99,sectors\consumerdurables.csv
2169,GVK Power & Infrastructure Ltd.,GVKPIL,Power,Power Generation/Distribution,372.69,sectors\power.csv
2170,Menon Pistons Ltd.,MENNPIS,Automobile & Ancillaries,Auto Ancillary,371.43,sectors\automobileancillaries.csv
2171,Scan Steels Ltd.,SCANSTL,Iron & Steel,Steel & Iron Products,369.95,sectors\ironsteel.csv
2172,Career Point Edutech Ltd.,CPEDU,Other,Educational Institutions,369.59,sectors\other.csv
2173,Starlineps Enterprises Ltd.,STARLENT,Trading,Trading,369.34,sectors\trading.csv
2174,RDB Real Estate Constructions Ltd.,RRECL,Realty,Construction - Real Estate,369.11,sectors\realty.csv
2175,HP Telecom India Ltd.,HPTL,Trading,Trading,369.06,sectors\trading.csv
2176,Ace Software Exports Ltd.,ACESOFT,Information Technology,IT - Software,368.57,sectors\informationtechnology.csv
2177,Mishtann Foods Ltd.,MISHTANN,Fast Moving Consumer Goods,Consumer Food,368.54,sectors\fastmovingconsumergoods.csv
2178,Kesoram Industries Ltd.,KESORAMIND,Construction Materials,Cement & Construction Materials,368.45,sectors\constructionmaterials.csv
2179,Rotographics (India) Ltd.,RGIL,Trading,Trading,368.24,sectors\trading.csv
2180,Shemaroo Entertainment Ltd.,SHEMAROO,Media & Entertainment,"Film Production, Distribution & Entertainment",367.75,sectors\mediaentertainment.csv
2181,Megatherm Induction Ltd.,MEGATHERM,Capital Goods,Engineering - Industrial Equipments,367.11,sectors\capitalgoods.csv
2182,Harrisons Malayalam Ltd.,HARRMALAYA,Agriculture,Rubber  Products,366.89,sectors\agriculture.csv
2183,Ludlow Jute & Specialities Ltd.,LUDLOWJUT,Textile,Textile - Weaving,366.29,sectors\textile.csv
2184,Akiko Global Services Ltd.,AKIKO,Information Technology,BPO/ITeS,366.17,sectors\informationtechnology.csv
2185,Bedmutha Industries Ltd.,BEDMUTHA,Iron & Steel,Steel & Iron Products,364.58,sectors\ironsteel.csv
2186,RDB Infrastructure And Power Ltd.,RDBIPL,Realty,Construction - Real Estate,364.34,sectors\realty.csv
2187,EBIX Ltd.,EBIX,Automobile & Ancillaries,Auto Ancillary,363.87,sectors\automobileancillaries.csv
2188,Maxvolt Energy Industries Ltd.,MAXVOLT,Automobile & Ancillaries,Batteries,363.65,sectors\automobileancillaries.csv
2189,Rubfila International Ltd.,RUBFILA,Agriculture,Rubber  Products,363.1,sectors\agriculture.csv
2190,Tipco Engineering India Ltd.,TIPCO,Capital Goods,Engineering - Industrial Equipments,362.91,sectors\capitalgoods.csv
2191,Mach Travel Solutions Ltd.,MACHLTD,Hospitality,Travel Services,362.89,sectors\hospitality.csv
2192,Essar Shipping Ltd.,ESSARSHPNG,Logistics,Shipping,362.62,sectors\logistics.csv
2193,Madhusudan Masala Ltd.,MADHUSUDAN,Fast Moving Consumer Goods,Consumer Food,361.99,sectors\fastmovingconsumergoods.csv
2194,Kriti Industries (India) Ltd.,KRITI,Plastic Products,Plastic Products,361.28,sectors\plasticproducts.csv
2195,Ushanti Colour Chem Ltd.,UCL,Chemicals,Dyes & Pigments,361.05,sectors\chemicals.csv
2196,Orient Paper & Industries Ltd.,ORIENTPPR,Paper,Paper & Paper Products,359.65,sectors\paper.csv
2197,Vardhman Acrylics Ltd.,VARDHACRLC,Textile,Textile - Manmade  Fibres,358.5,sectors\textile.csv
2198,GTV Engineering Ltd.,GTV,Capital Goods,Engineering,357.89,sectors\capitalgoods.csv
2199,Nikhil Adhesives Ltd.,NIKHILAD,Chemicals,Chemicals,357.44,sectors\chemicals.csv
2200,Creative Graphics Solutions India Ltd.,CGRAPHICS,Fast Moving Consumer Goods,Packaging,357,sectors\fastmovingconsumergoods.csv
2201,Forcas Studio Ltd.,FORCAS,Textile,Textile,356.61,sectors\textile.csv
2202,Dreamfolks Services Ltd.,DREAMFOLKS,Aviation,Airport Management Services,355.42,sectors\aviation.csv
2203,Pakka Ltd.,PAKKA,Paper,Paper & Paper Products,353.36,sectors\paper.csv
2204,Super Sales India Ltd.,SUPER,Textile,Textile - Spinning,351.56,sectors\textile.csv
2205,Swastika Investmart Ltd.,SWASTIKA,Finance,Finance - Stock Broking,351.32,sectors\finance.csv
2206,Megastar Foods Ltd.,MEGASTAR,Fast Moving Consumer Goods,Consumer Food,351.23,sectors\fastmovingconsumergoods.csv
2207,Take Ltd.,TAKE,Information Technology,IT - Software,350.46,sectors\informationtechnology.csv
2208,Inspirisys Solutions Ltd.,INSPIRISYS,Information Technology,IT - Software,349.9,sectors\informationtechnology.csv
2209,Avonmore Capital & Management Services Ltd.,AVONMORE,Finance,Finance - NBFC,349.06,sectors\finance.csv
2210,Hoac Foods India Ltd.,HOACFOODS,Fast Moving Consumer Goods,Consumer Food,348.97,sectors\fastmovingconsumergoods.csv
2211,Cospower Engineering Ltd.,COSPOWER,Capital Goods,Electric Equipment,348.92,sectors\capitalgoods.csv
2212,Ekansh Concepts Ltd.,EKANSH,Information Technology,IT - Software,348.01,sectors\informationtechnology.csv
2213,ACS Technologies Ltd.,ACSTECH,Information Technology,IT - Software,347.81,sectors\informationtechnology.csv
2214,Teja Engineering Industries Ltd.,TEJA,Other,Professional Services,347.72,sectors\other.csv
2215,Teamtech Formwork Solutions Ltd.,TEAMTECH,Capital Goods,Engineering - Industrial Equipments,347.72,sectors\capitalgoods.csv
2216,Agribio Spirits Ltd.,AGRIBIO,Trading,Trading,347.53,sectors\trading.csv
2217,Nimbus Projects Ltd.,NIMBSPROJ,Realty,Construction - Real Estate,345.13,sectors\realty.csv
2218,Stovec Industries Ltd.,STOVACQ,Textile,Textile - Machinery,344.9,sectors\textile.csv
2219,Shree Tirupati Balajee FIBC Ltd.,TIRUPATI,Plastic Products,Plastic Products,344.42,sectors\plasticproducts.csv
2220,Kavveri Defence & Wireless Technologies Ltd.,KAVDEFENCE,Telecom,Telecommunication - Equipment,343.31,sectors\telecom.csv
2221,Transworld Shipping Lines Ltd.,TRANSWORLD,Logistics,Shipping,342.54,sectors\logistics.csv
2222,Alufluoride Ltd.,ALUFLUOR,Chemicals,Chemicals,342.19,sectors\chemicals.csv
2223,Solarium Green Energy Ltd.,SOLARIUM,Infrastructure,Engineering - Construction,342.06,sectors\infrastructure.csv
2224,Cineline India Ltd.,CINELINE,Media & Entertainment,"Film Production, Distribution & Entertainment",341.91,sectors\mediaentertainment.csv
2225,SBEC Sugar Ltd.,SBECSUG,Agriculture,Sugar,341.68,sectors\agriculture.csv
2226,Nicco Parks & Resorts Ltd.,NICCOPAR,Hospitality,Amusement Parks/Recreation/Club,341.64,sectors\hospitality.csv
2227,Shankara Building Products Ltd.,SHANKARA,Retailing,Retailing,341.55,sectors\retailing.csv
2228,Hi-Green Carbon Ltd.,HIGREEN,Chemicals,Carbon Black,339.74,sectors\chemicals.csv
2229,Purple United Sales Ltd.,PURPLEUTED,Retailing,Retailing,339.08,sectors\retailing.csv
2230,Vegorama Punjabi Angithi Ltd.,VPAL,Hospitality,Restaurants,338.86,sectors\hospitality.csv
2231,Swiss Military Consumer Goods Ltd.,SWISSMLTRY,Trading,Trading,338.15,sectors\trading.csv
2232,Devson Catalyst Ltd.,DEVSON,Chemicals,Chemicals,337.93,sectors\chemicals.csv
2233,Jay Ushin Ltd.,JAYUSH,Automobile & Ancillaries,Auto Ancillary,337.45,sectors\automobileancillaries.csv
2234,K.C.P. Sugar And Industries Corporation Ltd.,KCPSUGIND,Agriculture,Sugar,337.32,sectors\agriculture.csv
2235,Sundaram Brake Linings Ltd.,SUNDRMBRAK,Automobile & Ancillaries,Auto Ancillary,336.41,sectors\automobileancillaries.csv
2236,Nandan Denim Ltd.,NDL,Textile,Textile,335.86,sectors\textile.csv
2237,Frog Innovations Ltd.,FROG,Telecom,Telecommunication - Equipment,335.2,sectors\telecom.csv
2238,Brandman Retail Ltd.,BRANDMAN,Retailing,Retailing,335.18,sectors\retailing.csv
2239,Encompass Design India Ltd.,ENCOMPAS,Trading,Trading,334.59,sectors\trading.csv
2240,Nureca Ltd.,NURECA,Healthcare,Medical Equipment/Supplies/Accessories,333.54,sectors\healthcare.csv
2241,Oil Country Tubular Ltd.,OILCOUNTUB,Iron & Steel,Steel & Iron Products,333.17,sectors\ironsteel.csv
2242,Annapurna Swadisht Ltd.,ANNAPURNA,Fast Moving Consumer Goods,Consumer Food,332.97,sectors\fastmovingconsumergoods.csv
2243,Essen Speciality Films Ltd.,ESFL,Plastic Products,Plastic Products,332.84,sectors\plasticproducts.csv
2244,Grover Jewells Ltd.,GJL,Diamond & Jewellery,Diamond  &  Jewellery,332.72,sectors\diamondjewellery.csv
2245,Goa Carbon Ltd.,GOACARBON,Chemicals,Carbon Black,332.64,sectors\chemicals.csv
2246,Clay Craft India Ltd.,CLAYCRAFT,Construction Materials,Ceramics/Marble/Granite/Sanitaryware,332.42,sectors\constructionmaterials.csv
2247,Industrial Investment Trust Ltd.,IITL,Finance,Finance - NBFC,332.24,sectors\finance.csv
2248,PS Raj Steels Ltd.,PSRAJ,Iron & Steel,Steel & Iron Products,331.31,sectors\ironsteel.csv
2249,Monika Alcobev Ltd.,MONIKA,Trading,Trading,331.29,sectors\trading.csv
2250,Deepak Builders & Engineers India Ltd.,DBEIL,Realty,Construction - Real Estate,330.26,sectors\realty.csv
2251,Ashima Ltd.,ASHIMASYN,Realty,Construction - Real Estate,329.66,sectors\realty.csv
2252,iStreet Network Ltd.,ISTRNETWK,Healthcare,Pharmaceuticals & Drugs,329.29,sectors\healthcare.csv
2253,DCM Nouvelle Ltd.,DCMNVL,Textile,Textile,329.1,sectors\textile.csv
2254,Fundviser Capital (India) Ltd.,FUNDVISER,Finance,Finance - Investment,328.64,sectors\finance.csv
2255,Aastha Spintex Ltd.,AASTHA,Textile,Textile,328.29,sectors\textile.csv
2256,Avana Electrosystems Ltd.,AVANA,Capital Goods,Electric Equipment,328.13,sectors\capitalgoods.csv
2257,Felix Industries Ltd.,FELIX,Other,Environmental Services,327.95,sectors\other.csv
2258,Omnitex Industries (India) Ltd.,OMNITEX,Trading,Trading,326.66,sectors\trading.csv
2259,Thaai Casting Ltd.,TCL,Automobile & Ancillaries,Castings/Forgings,326.54,sectors\automobileancillaries.csv
2260,Medicamen Biotech Ltd.,MEDICAMEQ,Healthcare,Pharmaceuticals & Drugs,326.52,sectors\healthcare.csv
2261,Prime Cable Industries Ltd.,PRIMECAB,Electricals,Cable,326.17,sectors\electricals.csv
2262,Sayaji Hotels (Indore) Ltd.,SHILINDORE,Hospitality,"Hotel, Resort & Restaurants",325.99,sectors\hospitality.csv
2263,Ambalal Sarabhai Enterprises Ltd.,AMBALALSA,Healthcare,Pharmaceuticals & Drugs,325.46,sectors\healthcare.csv
2264,Atlantaa Ltd.,ATLANTAA,Infrastructure,Engineering - Construction,323.96,sectors\infrastructure.csv
2265,HP Adhesives Ltd.,HPAL,Chemicals,Chemicals,323.77,sectors\chemicals.csv
2266,Om Freight Forwarders Ltd.,OMFREIGHT,Logistics,Logistics,323.32,sectors\logistics.csv
2267,Monarch Surveyors and Engineering Consultants Ltd.,MSECL,Other,Engineering Consultancy,322.4,sectors\other.csv
2268,Kaka Industries Ltd.,KAKA,Plastic Products,Plastic Products,321.83,sectors\plasticproducts.csv
2269,Pipan Oils Ltd.,PIPAN,Trading,Trading,321.38,sectors\trading.csv
2270,Dynamic Services & Security Ltd.,DYNAMIC,Trading,Trading,319.85,sectors\trading.csv
2271,Talbros Engineering Ltd.,TALBROSENG,Automobile & Ancillaries,Auto Ancillary,319.74,sectors\automobileancillaries.csv
2272,Highway Infrastructure Ltd.,HILINFRA,Infrastructure,Engineering - Construction,319.73,sectors\infrastructure.csv
2273,CL Educate Ltd.,CLEDUCATE,Other,Educational Institutions,319.41,sectors\other.csv
2274,Tracxn Technologies Ltd.,TRACXN,Information Technology,IT - Software,316.18,sectors\informationtechnology.csv
2275,Marble City India Ltd.,MARBLE,Construction Materials,Ceramics/Marble/Granite/Sanitaryware,315.88,sectors\constructionmaterials.csv
2276,Pelatro Ltd.,PELATRO,Information Technology,IT - Software,315.27,sectors\informationtechnology.csv
2277,Vega Jewellers Ltd.,VEGA,Trading,Trading,315.21,sectors\trading.csv
2278,Systango Technologies Ltd.,SYSTANGO,Information Technology,IT - Software,315.16,sectors\informationtechnology.csv
2279,Trident Lifeline Ltd.,TLL,Healthcare,Pharmaceuticals & Drugs,314.79,sectors\healthcare.csv
2280,Binny Ltd.,BINNY,Textile,Textile,314.59,sectors\textile.csv
2281,Hindustan Motors Ltd.,HINDMOTORS,Automobile & Ancillaries,Automobiles - Passenger Cars,314.24,sectors\automobileancillaries.csv
2282,Apollo Sindoori Hotels Ltd.,APOLSINHOT,Hospitality,"Hotel, Resort & Restaurants",314.13,sectors\hospitality.csv
2283,BDH Industries Ltd.,BDH,Healthcare,Pharmaceuticals & Drugs,314.06,sectors\healthcare.csv
2284,Dev Accelerator Ltd.,DEVX,Information Technology,IT - Software,313.8,sectors\informationtechnology.csv
2285,Sharp India Ltd.,SHARP,Consumer Durables,Consumer Durables - Electronics,312.5,sectors\consumerdurables.csv
2286,GP Petroleums Ltd.,GULFPETRO,Automobile & Ancillaries,Lubricants,311.41,sectors\automobileancillaries.csv
2287,Leapfrog Engineering Services Ltd.,LESL,Capital Goods,Engineering,310.52,sectors\capitalgoods.csv
2288,Ruchira Papers Ltd.,RUCHIRA,Paper,Paper & Paper Products,310.24,sectors\paper.csv
2289,UCAL Ltd.,UCAL,Automobile & Ancillaries,Auto Ancillary,309.26,sectors\automobileancillaries.csv
2290,Remsons Industries Ltd.,REMSONSIND,Automobile & Ancillaries,Auto Ancillary,308.92,sectors\automobileancillaries.csv
2291,Recode Studios Ltd.,RECODE,Information Technology,e-Commerce,308.53,sectors\informationtechnology.csv
2292,Anjani Portland Cement Ltd.,APCL,Construction Materials,Cement & Construction Materials,306.67,sectors\constructionmaterials.csv
2293,Spice Islands Industries Ltd.,SPICEISLIN,Textile,Textile,306.03,sectors\textile.csv
2294,Vardhman Polytex Ltd.,VARDMNPOLY,Textile,Textile,305.27,sectors\textile.csv
2295,Yaap Digital Ltd.,YAAP,Media & Entertainment,Advertising & Media,305.14,sectors\mediaentertainment.csv
2296,Sayaji Industries Ltd.,SAYAJIIND,Fast Moving Consumer Goods,Consumer Food,304.88,sectors\fastmovingconsumergoods.csv
2297,Vertoz Ltd.,VERTOZ,Media & Entertainment,Advertising & Media,303.25,sectors\mediaentertainment.csv
2298,Logica Infoway Ltd.,LOGICA,Retailing,Retailing,302.56,sectors\retailing.csv
2299,Arihant Academy Ltd.,ARIHANTACA,Other,Educational Institutions,302.49,sectors\other.csv
2300,Varvee Global Ltd.,VGL,Textile,Textile - Weaving,302.37,sectors\textile.csv
2301,Soma Textiles & Industries Ltd.,SOMATEX,Trading,Trading,301.03,sectors\trading.csv
2302,RDB Rasayans Ltd.,RDBRL,Plastic Products,Plastic Products,300.97,sectors\plasticproducts.csv
2303,Mahindra EPC Irrigation Ltd.,MAHEPC,Capital Goods,Engineering - Industrial Equipments,299.77,sectors\capitalgoods.csv
2304,National Standard (India) Ltd.,NATIONSTD,Realty,Construction - Real Estate,299.6,sectors\realty.csv
2305,Metalic Technoforge Ltd.,METALIC,Automobile & Ancillaries,Forgings,299.45,sectors\automobileancillaries.csv
2306,Robust Hotels Ltd.,RHL,Hospitality,"Hotel, Resort & Restaurants",299.23,sectors\hospitality.csv
2307,Adisoft Technologies Ltd.,ADISOFT,Capital Goods,Engineering - Industrial Equipments,299.11,sectors\capitalgoods.csv
2308,Mason Infratech Ltd.,MASON,Realty,Construction - Real Estate,298.89,sectors\realty.csv
2309,Modi Rubber Ltd.,MODIRUBBER,Miscellaneous,Miscellaneous,298.81,sectors\miscellaneous.csv
2310,CCME Global Ltd.,CCME,Plastic Products,Plastic Products,298.65,sectors\plasticproducts.csv
2311,Bella Casa Fashion & Retail Ltd.,BELLACASA,Textile,Textile,297.94,sectors\textile.csv
2312,Narmada Gelatines Ltd.,SHAWGELTIN,Chemicals,Chemicals,297.61,sectors\chemicals.csv
2313,Likhami Consulting Ltd.,LIKHAMI,Other,Engineering Consultancy,297.5,sectors\other.csv
2314,Jainik Power Cables Ltd.,JAINIK,Non - Ferrous Metals,Aluminium & Aluminium Products,297,sectors\nonferrousmetals.csv
2315,Ponni Sugars (Erode) Ltd.,PONNIERODE,Agriculture,Sugar,296.65,sectors\agriculture.csv
2316,PH Capital Ltd.,PHCAP,Finance,Finance - Investment,296.53,sectors\finance.csv
2317,Nath Bio-Genes (India) Ltd.,NATHBIOGEN,Agriculture,Agriculture,296.27,sectors\agriculture.csv
2318,Pritika Auto Industries Ltd.,PRITIKAUTO,Automobile & Ancillaries,Auto Ancillary,295.39,sectors\automobileancillaries.csv
2319,Corporate Merchant Bankers Ltd.,CMBL,Finance,Finance - Investment,294.83,sectors\finance.csv
2320,Gujjubhai Industries Ltd.,GUJJUBHAI,Trading,Trading,294.57,sectors\trading.csv
2321,Sera Investments & Finance India Ltd.,SERA,Finance,Finance - Investment,294.39,sectors\finance.csv
2322,VVIP Infratech Ltd.,VVIPIL,Infrastructure,Engineering - Construction,294.39,sectors\infrastructure.csv
2323,ITCONS E-Solutions Ltd.,ITCONS,Other,Professional Services,293.99,sectors\other.csv
2324,R.P.P. Infra Projects Ltd.,RPPINFRA,Infrastructure,Engineering - Construction,293.15,sectors\infrastructure.csv
2325,Bombay Oxygen Investments Ltd.,BOMOXY-B1,Finance,Finance - Investment,292.9,sectors\finance.csv
2326,Naga Dhunseri Group Ltd.,NDGL,Finance,Finance - Investment,292.79,sectors\finance.csv
2327,Simca Advertising Ltd.,SIMCA,Media & Entertainment,Advertising & Media,292.77,sectors\mediaentertainment.csv
2328,Ashwini Container Movers Ltd.,ASHWINI,Logistics,Logistics,292.5,sectors\logistics.csv
2329,Parmeshwar Metal Ltd.,PARMESHWAR,Non - Ferrous Metals,Metal - Non Ferrous,292.34,sectors\nonferrousmetals.csv
2330,Astonea Labs Ltd.,ASTONEALAB,Healthcare,Pharmaceuticals & Drugs,292.21,sectors\healthcare.csv
2331,Elgi Rubber Company Ltd.,ELGIRUBCO,Agriculture,Rubber  Products,291.94,sectors\agriculture.csv
2332,Tierra Agrotech Ltd.,TIERRA,Trading,Trading,291.1,sectors\trading.csv
2333,Genus Paper & Boards Ltd.,GENUSPAPER,Paper,Paper & Paper Products,290.55,sectors\paper.csv
2334,Le Merite Exports Ltd.,LEMERITE,Trading,Trading,290.01,sectors\trading.csv
2335,Aelea Commodities Ltd.,ACLD,Trading,Trading,289.95,sectors\trading.csv
2336,Gayatri Rubbers and Chemicals Ltd.,GRCL,Agriculture,Rubber  Products,289.77,sectors\agriculture.csv
2337,Dynemic Products Ltd.,DYNPRO,Chemicals,Dyes & Pigments,289.27,sectors\chemicals.csv
2338,Supershakti Metaliks Ltd.,SUPERSHAKT,Iron & Steel,Steel & Iron Products,289.17,sectors\ironsteel.csv
2339,Oneclick Logistics India Ltd.,OLIL,Logistics,Logistics,289.12,sectors\logistics.csv
2340,Mahickra Chemicals Ltd.,MAHICKRA,Chemicals,Chemicals,288.39,sectors\chemicals.csv
2341,Everest Organics Ltd.,EVERESTO,Healthcare,Pharmaceuticals & Drugs,288.24,sectors\healthcare.csv
2342,Galaxy Bearings Ltd.,GALXBRG,Automobile & Ancillaries,Bearings,287.95,sectors\automobileancillaries.csv
2343,Bhavik Enterprises Ltd.,BHAVIK,Plastic Products,Plastic Products,287.05,sectors\plasticproducts.csv
2344,India Gelatine & Chemicals Ltd.,INDGELA,Chemicals,Chemicals,285.22,sectors\chemicals.csv
2345,Baroda Rayon Corporation Ltd.,BARODARY,Realty,Construction - Real Estate,284.67,sectors\realty.csv
2346,CKK Retail Mart Ltd.,CKKRETAIL,Retailing,Retailing,283.74,sectors\retailing.csv
2347,Aaron Industries Ltd.,AARON,Capital Goods,Engineering - Industrial Equipments,283.74,sectors\capitalgoods.csv
2348,Silverstorm Parks And Resorts Ltd.,SSPRL,Hospitality,Amusement Parks/Recreation/Club,283.69,sectors\hospitality.csv
2349,Alacrity Securities Ltd.,ALSL,Finance,Finance - Stock Broking,283.65,sectors\finance.csv
2350,Cords Cable Industries Ltd.,CORDSCABLE,Electricals,Cable,282.6,sectors\electricals.csv
2351,Sawaliya Food Products Ltd.,SAWALIYA,Fast Moving Consumer Goods,Consumer Food,282.37,sectors\fastmovingconsumergoods.csv
2352,Yash Optics & Lens Ltd.,YASHOPTICS,Healthcare,Medical Equipment/Supplies/Accessories,282.33,sectors\healthcare.csv
2353,RMC Switchgears Ltd.,RMC,Capital Goods,Electric Equipment,282.27,sectors\capitalgoods.csv
2354,Nila Infrastructures Ltd.,NILAINFRA,Realty,Construction - Real Estate,281.63,sectors\realty.csv
2355,Esconet Technologies Ltd.,ESCONET,Trading,Trading,281.48,sectors\trading.csv
2356,Genus Prime Infra Ltd.,GENUSPRIME,Infrastructure,Engineering - Construction,281.42,sectors\infrastructure.csv
2357,Suba Hotels Ltd.,SUBAHOTELS,Hospitality,"Hotel, Resort & Restaurants",281.09,sectors\hospitality.csv
2358,GLEN Industries Ltd.,GLEN,Fast Moving Consumer Goods,Packaging,280.24,sectors\fastmovingconsumergoods.csv
2359,TechEra Engineering India Ltd.,TECHERA,Capital Goods,Aerospace & Defense,279.86,sectors\capitalgoods.csv
2360,Madala Holdings Ltd.,MADALA,Realty,Construction - Real Estate,279.62,sectors\realty.csv
2361,Shradha Realty Ltd.,SHRADHA,Realty,Construction - Real Estate,279.04,sectors\realty.csv
2362,Axita Cotton Ltd.,AXITA,Textile,Textile,278.97,sectors\textile.csv
2363,Pushpa Jewellers Ltd.,PUSHPA,Diamond & Jewellery,Diamond  &  Jewellery,278.56,sectors\diamondjewellery.csv
2364,Coastal Corporation Ltd.,COASTCORP,Fast Moving Consumer Goods,Consumer Food,278.16,sectors\fastmovingconsumergoods.csv
2365,Spencer's Retail Ltd.,SPENCERS,Retailing,Retailing,278.15,sectors\retailing.csv
2366,Kaycee Industries Ltd.,KAYCEEI,Capital Goods,Electric Equipment,277.68,sectors\capitalgoods.csv
2367,Krishca Strapping Solutions Ltd.,KRISHCA,Iron & Steel,Steel & Iron Products,276.82,sectors\ironsteel.csv
2368,All E Technologies Ltd.,ALLETEC,Information Technology,IT - Software,276.66,sectors\informationtechnology.csv
2369,Poddar Pigments Ltd.,PODDARMENT,Chemicals,Dyes & Pigments,275.86,sectors\chemicals.csv
2370,Viji Finance Ltd.,VIJIFIN,Finance,Finance - NBFC,275.81,sectors\finance.csv
2371,Purple Wave Infocom Ltd.,PURPLEWAVE,Consumer Durables,Consumer Durables - Electronics,275.67,sectors\consumerdurables.csv
2372,Jainam Ferro Alloys (I) Ltd.,JAINAM,Ferro Manganese,Ferro & Silica Manganese,275.21,sectors\ferromanganese.csv
2373,Kisan Mouldings Ltd.,KISAN,Plastic Products,Plastic Products,274.77,sectors\plasticproducts.csv
2374,Khemani Distributors & Marketing Ltd.,KDML,Trading,Trading,274.77,sectors\trading.csv
2375,Savy Infra and Logistics Ltd.,SAVY,Infrastructure,Engineering - Construction,274.67,sectors\infrastructure.csv
2376,Agarwal Toughened Glass India Ltd.,AGARWALTUF,Construction Materials,Glass,274.44,sectors\constructionmaterials.csv
2377,Exxaro Tiles Ltd.,EXXARO,Construction Materials,Ceramics/Marble/Granite/Sanitaryware,274.26,sectors\constructionmaterials.csv
2378,Ascom Leasing & Investments Ltd.,ASCOM,Finance,Finance - NBFC,273.64,sectors\finance.csv
2379,Chatha Foods Ltd.,CHATHA,Fast Moving Consumer Goods,Consumer Food,273.47,sectors\fastmovingconsumergoods.csv
2380,Laxmipati Engineering Works Ltd.,LAXMIPATI,Ship Building,Ship Building,272.07,sectors\shipbuilding.csv
2381,Innomet Advanced Materials Ltd.,INNOMET,Iron & Steel,Metal - Ferrous,272,sectors\ironsteel.csv
2382,Nutricircle Ltd.,NUTRICIRCLE,Textile,Textile,271.95,sectors\textile.csv
2383,Tiger Logistics (India) Ltd.,TIGERLOGS,Logistics,Logistics,270.66,sectors\logistics.csv
2384,Evexia Lifecare Ltd.,EVEXIA,Trading,Trading,270.34,sectors\trading.csv
2385,Him Teknoforge Ltd.,HIMTEK,Automobile & Ancillaries,Auto Ancillary,270.21,sectors\automobileancillaries.csv
2386,Mercantile Ventures Ltd.,MERCANTILE,Other,Business Support,269.76,sectors\other.csv
2387,SKP Bearing Industries Ltd.,SKP,Automobile & Ancillaries,Bearings,268.92,sectors\automobileancillaries.csv
2388,Ahmedabad Steelcraft Ltd.,AHMDSTE,Iron & Steel,Steel & Iron Products,268.56,sectors\ironsteel.csv
2389,Quest Capital Markets Ltd.,QUESTCAP,Finance,Finance - NBFC,268.5,sectors\finance.csv
2390,Remi Edelstahl Tubulars Ltd.,REMIEDEL,Iron & Steel,Steel & Iron Products,268.18,sectors\ironsteel.csv
2391,Wardwizard Foods and Beverages Ltd.,WARDWIZFBL,Trading,Trading,267.68,sectors\trading.csv
2392,Zenotech Laboratories Ltd.,ZENOTECH,Healthcare,Pharmaceuticals & Drugs,266.34,sectors\healthcare.csv
2393,Aprameya Engineering Ltd.,APRAMEYA,Trading,Trading,266.27,sectors\trading.csv
2394,Globe Civil Projects Ltd.,GLOBECIVIL,Infrastructure,Engineering - Construction,266.17,sectors\infrastructure.csv
2395,JostS Engineering Company Ltd.,JOSTS,Capital Goods,Engineering - Industrial Equipments,266.1,sectors\capitalgoods.csv
2396,Finbud Financial Services Ltd.,FINBUD,Finance,Finance Term Lending,265.74,sectors\finance.csv
2397,Zee Learn Ltd.,ZEELEARN,Other,Educational Institutions,265.46,sectors\other.csv
2398,Jay Shree Tea & Industries Ltd.,JAYSREETEA,Agriculture,Tea/Coffee,265.36,sectors\agriculture.csv
2399,Integrated Proteins Ltd.,INTEGFD,Fast Moving Consumer Goods,Consumer Food,264.8,sectors\fastmovingconsumergoods.csv
2400,Hi-Klass Trading And Investment Ltd.,HIKLASS,Finance,Finance - Investment,264.43,sectors\finance.csv
2401,Suraj Products Ltd.,SURAJ,Iron & Steel,Steel & Iron Products,264.14,sectors\ironsteel.csv
2402,Prime Fresh Ltd.,PRIMEFRESH,Logistics,Logistics,263.09,sectors\logistics.csv
2403,Gennex Laboratories Ltd.,GENNEX,Healthcare,Pharmaceuticals & Drugs,262.87,sectors\healthcare.csv
2404,A2Z Infra Engineering Ltd.,A2ZINFRA,Infrastructure,Engineering - Construction,262.56,sectors\infrastructure.csv
2405,Indag Rubber Ltd.,INDAG,Agriculture,Rubber  Products,262.21,sectors\agriculture.csv
2406,Magson Retail & Distribution Ltd.,MAGSON,Retailing,Retailing,262.18,sectors\retailing.csv
2407,Shree Salasar Investments Ltd.,SALSAIN,Finance,Finance - Investment,262.15,sectors\finance.csv
2408,Jujhar Logistics Ltd.,CDG,Plastic Products,Plastic Products,261.87,sectors\plasticproducts.csv
2409,UFO Moviez India Ltd.,UFO,Media & Entertainment,"Film Production, Distribution & Entertainment",261.76,sectors\mediaentertainment.csv
2410,Aveer Foods Ltd.,AVEER,Fast Moving Consumer Goods,Consumer Food,261.41,sectors\fastmovingconsumergoods.csv
2411,MOS Utility Ltd.,MOS,Information Technology,Fintech,261.3,sectors\informationtechnology.csv
2412,Gamco Ltd.,GAMCO,Finance,Finance - NBFC,261.13,sectors\finance.csv
2413,RBM Infracon Ltd.,RBMINFRA,Infrastructure,Engineering - Construction,260.83,sectors\infrastructure.csv
2414,Suyog Gurbaxani Funicular Ropeways Ltd.,SGFRL,Infrastructure,Engineering - Construction,260.43,sectors\infrastructure.csv
2415,Shankar Lal Rampal Dye-Chem Ltd.,SRD,Trading,Trading,259.96,sectors\trading.csv
2416,IL&FS Investment Managers Ltd.,IVC,Finance,Finance - Asset Management,259.71,sectors\finance.csv
2417,Shiv Texchem Ltd.,SHIVTEXCHEM,Trading,Trading,259.53,sectors\trading.csv
2418,Ravinder Heights Ltd.,RVHL,Realty,Construction - Real Estate,259.41,sectors\realty.csv
2419,Manaksia Aluminium Company Ltd.,MANAKALUCO,Non - Ferrous Metals,Aluminium & Aluminium Products,259.38,sectors\nonferrousmetals.csv
2420,Alphalogic Techsys Ltd.,ALPHALOGIC,Information Technology,BPO/ITeS,259.27,sectors\informationtechnology.csv
2421,Sayaji Hotels (Pune) Ltd.,SHPLPUNE,Hospitality,"Hotel, Resort & Restaurants",258.66,sectors\hospitality.csv
2422,Wise Travel India Ltd.,WTICAB,Hospitality,Travel Services,258.6,sectors\hospitality.csv
2423,SAB Industries Ltd.,SAB,Realty,Construction - Real Estate,258.57,sectors\realty.csv
2424,Chaman Metallics Ltd.,CMNL,Iron & Steel,Steel/Sponge Iron/Pig Iron,258.24,sectors\ironsteel.csv
2425,FCS Software Solutions Ltd.,FCSSOFT,Information Technology,IT - Software,258.14,sectors\informationtechnology.csv
2426,Shree Karni Fabcom Ltd.,SHREEKARNI,Textile,Textile,258.1,sectors\textile.csv
2427,Globe International Carriers Ltd.,GICL,Logistics,Logistics,258.06,sectors\logistics.csv
2428,E Factor Experiences Ltd.,EFACTOR,Media & Entertainment,TV Broadcasting & Software Production,258.03,sectors\mediaentertainment.csv
2429,Saraswati Saree Depot Ltd.,SSDL,Trading,Trading,256.49,sectors\trading.csv
2430,United Van Der Horst Ltd.,UVDRHOR,Capital Goods,Engineering - Industrial Equipments,256.08,sectors\capitalgoods.csv
2431,Suraj Industries Ltd.,SURJIND,Trading,Trading,255.91,sectors\trading.csv
2432,Sakuma Exports Ltd.,SAKUMA,Trading,Trading,255.54,sectors\trading.csv
2433,Active Infrastructures Ltd.,ACTIVEINFR,Infrastructure,Engineering - Construction,255.26,sectors\infrastructure.csv
2434,QMS Medical Allied Services Ltd.,QMSMEDI,Trading,Trading,255.1,sectors\trading.csv
2435,GRE Renew Enertech Ltd.,GRERENEW,Infrastructure,Engineering - Construction,255.04,sectors\infrastructure.csv
2436,Aarey Drugs & Pharmaceuticals Ltd.,AAREYDRUGS,Healthcare,Pharmaceuticals & Drugs,254.96,sectors\healthcare.csv
2437,TRF Ltd.,TRF,Capital Goods,Engineering - Industrial Equipments,254.81,sectors\capitalgoods.csv
2438,Precision Electronics Ltd.,PRECISIO,Telecom,Telecommunication - Equipment,254.6,sectors\telecom.csv
2439,VMS TMT Ltd.,VMSTMT,Iron & Steel,Steel & Iron Products,254.51,sectors\ironsteel.csv
2440,Pavna Industries Ltd.,PAVNAIND,Automobile & Ancillaries,Auto Ancillary,254.5,sectors\automobileancillaries.csv
2441,PG Foils Ltd.,PGFOILQ,Non - Ferrous Metals,Aluminium & Aluminium Products,254.24,sectors\nonferrousmetals.csv
2442,Admach Systems Ltd.,ADMACH,Capital Goods,Engineering - Industrial Equipments,253.98,sectors\capitalgoods.csv
2443,K.M. Sugar Mills Ltd.,KMSUGAR,Agriculture,Sugar,253.92,sectors\agriculture.csv
2444,Starteck Finance Ltd.,STARTECK,Finance,Finance - NBFC,253.8,sectors\finance.csv
2445,D.P. Wires Ltd.,DPWIRES,Iron & Steel,Steel & Iron Products,253.28,sectors\ironsteel.csv
2446,Hindustan Organic Chemicals Ltd.,HOCL,Chemicals,Chemicals,251.97,sectors\chemicals.csv
2447,AION-Tech Solutions Ltd.,GOLDTECH,Information Technology,IT - Software,251.95,sectors\informationtechnology.csv
2448,Artificial Electronics Intelligent Material Ltd.,AEIM,Information Technology,IT - Software,251.88,sectors\informationtechnology.csv
2449,Shreedhar Spinners Ltd.,SHREEDHAR,Textile,Textile - Spinning,251.79,sectors\textile.csv
2450,Cupid Breweries And Distilleries Ltd.,CUPIDALBV,Alcohol,Breweries & Distilleries,251.56,sectors\alcohol.csv
2451,Plaza Wires Ltd.,PLAZACABLE,Electricals,Cable,250.22,sectors\electricals.csv
2452,Cosmo Ferrites Ltd.,COSMOFE,Electricals,Electronics - Components,250.1,sectors\electricals.csv
2453,Shree Ajit Pulp & Paper Ltd.,SAPPL,Paper,Paper & Paper Products,249.56,sectors\paper.csv
2454,Indian Toners & Developers Ltd.,INDTONER,Chemicals,Chemicals,249.3,sectors\chemicals.csv
2455,Organic Recycling Systems Ltd.,ORGANICREC,Capital Goods,Engineering,249.22,sectors\capitalgoods.csv
2456,Indo-National Ltd.,NIPPOBATRY,Automobile & Ancillaries,Batteries,249.04,sectors\automobileancillaries.csv
2457,International Travel House Ltd.,ITHL,Hospitality,Travel Services,248.27,sectors\hospitality.csv
2458,Integra Essentia Ltd.,ESSENTIA,Trading,Trading,247.49,sectors\trading.csv
2459,Voler Car Ltd.,VOLERCAR,Other,Business Support,246.83,sectors\other.csv
2460,Birla Precision Technologies Ltd.,BIRLAPREC,Capital Goods,Engineering - Industrial Equipments,246.81,sectors\capitalgoods.csv
2461,EPW India Ltd.,EPWINDIA,Trading,Trading,246.81,sectors\trading.csv
2462,Hannah Joseph Hospital Ltd.,HANNAH,Healthcare,Hospital & Healthcare Services,246.28,sectors\healthcare.csv
2463,CPS Shapers Ltd.,CPS,Textile,Textile,246.27,sectors\textile.csv
2464,IC Electricals Company Ltd.,ICELCO,Electricals,Electronics - Components,245.07,sectors\electricals.csv
2465,Multibase India Ltd.,MULTIBASE,Crude Oil,Petrochemicals,244.39,sectors\crudeoil.csv
2466,Sumit Woods Ltd.,SUMIT,Realty,Construction - Real Estate,244.37,sectors\realty.csv
2467,Diamines & Chemicals Ltd.,DIAMINESQ,Chemicals,Chemicals,244.25,sectors\chemicals.csv
2468,Riddhi Steel & Tube Ltd.,RSTL,Iron & Steel,Steel & Iron Products,244.23,sectors\ironsteel.csv
2469,Almondz Global Securities Ltd.,ALMONDZ,Finance,Finance - Stock Broking,243.99,sectors\finance.csv
2470,Espire Hospitality Ltd.,ESPIRE,Realty,Construction - Real Estate,243.91,sectors\realty.csv
2471,Sanginita Chemicals Ltd.,SANGINITA,Chemicals,Chemicals,243.32,sectors\chemicals.csv
2472,Empower India Ltd.,EMPOWER,Consumer Durables,IT - Hardware,243.23,sectors\consumerdurables.csv
2473,Dai-Ichi Karkaria Ltd.,DAICHI,Chemicals,Chemicals,242.95,sectors\chemicals.csv
2474,SC Agrotech Ltd.,SCAGRO,Agriculture,Agriculture,242.88,sectors\agriculture.csv
2475,Sikko Industries Ltd.,SIKKO,Chemicals,Pesticides & Agrochemicals,242.86,sectors\chemicals.csv
2476,Bhilwara Technical Textiles Ltd.,BTTL,Textile,Textile,242.83,sectors\textile.csv
2477,BPL Ltd.,BPL,Electricals,Electronics - Components,242.67,sectors\electricals.csv
2478,Asian Hotels (East) Ltd.,AHLEAST,Hospitality,"Hotel, Resort & Restaurants",242.6,sectors\hospitality.csv
2479,Oxygenta Pharmaceutical Ltd.,OXYGENTAPH,Healthcare,Pharmaceuticals & Drugs,241.8,sectors\healthcare.csv
2480,Horizon Reclaim (India) Ltd.,HORIZON,Agriculture,Rubber  Products,241.41,sectors\agriculture.csv
2481,Avatar Industries Ltd.,AVATAR,Automobile & Ancillaries,Auto Ancillary,240.63,sectors\automobileancillaries.csv
2482,Lyka Labs Ltd.,LYKALABS,Healthcare,Pharmaceuticals & Drugs,240.6,sectors\healthcare.csv
2483,Aksharchem (India) Ltd.,AKSHARCHEM,Chemicals,Dyes & Pigments,240.59,sectors\chemicals.csv
2484,Lotus Eye Hospital And Institute Ltd.,LOTUSEYE,Healthcare,Hospital & Healthcare Services,240.51,sectors\healthcare.csv
2485,Sanjivani Paranteral Ltd.,SANJIVIN,Healthcare,Pharmaceuticals & Drugs,240.28,sectors\healthcare.csv
2486,Silkflex Polymers (India) Ltd.,SILKFLEX,Trading,Trading,240.26,sectors\trading.csv
2487,Jasch Gauging Technologies Ltd.,JGTL,Capital Goods,Engineering - Industrial Equipments,240.2,sectors\capitalgoods.csv
2488,R&B Denims Ltd.,RNBDENIMS,Textile,Textile,239.69,sectors\textile.csv
2489,Chembond Material Technologies Ltd.,CHEMBOND,Chemicals,Chemicals,239.38,sectors\chemicals.csv
2490,PE Analytics Ltd.,PROPEQUITY,Other,Professional Services,239.36,sectors\other.csv
2491,Clear Secured Services Ltd.,CSSL,Other,Professional Services,239.27,sectors\other.csv
2492,Spunweb Nonwoven Ltd.,SPUNWEB,Textile,Textile,238.62,sectors\textile.csv
2493,SV Global Mill Ltd.,SVGLOBAL,Realty,Construction - Real Estate,238.51,sectors\realty.csv
2494,Worth Peripherals Ltd.,WORTHPERI,Paper,Paper & Paper Products,238.39,sectors\paper.csv
2495,Ratnabhumi Developers Ltd.,RATNABHUMI,Realty,Construction - Real Estate,238.38,sectors\realty.csv
2496,Tamboli Industries Ltd.,TAMBOLIIN,Finance,Finance - Investment,238.08,sectors\finance.csv
2497,HCP Plastene Bulkpack Ltd.,HPBL,Plastic Products,Plastic Products,238,sectors\plasticproducts.csv
2498,Kings Infra Ventures Ltd.,KINGSINFR,Agriculture,Aquaculture,237.95,sectors\agriculture.csv
2499,Novus Loyalty Ltd.,NOVUS,Information Technology,IT - Software,237.68,sectors\informationtechnology.csv
2500,Nidhi Granites Ltd.,NIDHGRN,Finance,Finance - Others,237.6,sectors\finance.csv
2501,Sahaj Solar Ltd.,SAHAJSOLAR,Capital Goods,Engineering - Industrial Equipments,237.52,sectors\capitalgoods.csv
2502,Bimetal Bearings Ltd.,BIMETAL,Automobile & Ancillaries,Bearings,237.48,sectors\automobileancillaries.csv
2503,B.A.G. Convergence Ltd.,BAGDIGITAL,Media & Entertainment,"Film Production, Distribution & Entertainment",237.44,sectors\mediaentertainment.csv
2504,Nagpur Power & Industries Ltd.,NAGPI,Ferro Manganese,Ferro & Silica Manganese,237.29,sectors\ferromanganese.csv
2505,Kalyani Forge Ltd.,KALYANIFRG,Automobile & Ancillaries,Forgings,237.07,sectors\automobileancillaries.csv
2506,Veto Switchgears And Cables Ltd.,VETO,Capital Goods,Electric Equipment,237.03,sectors\capitalgoods.csv
2507,Waaree Technologies Ltd.,WAAREE,Automobile & Ancillaries,Batteries,236.41,sectors\automobileancillaries.csv
2508,Geekay Wires Ltd.,GEEKAYWIRE,Iron & Steel,Steel & Iron Products,236.22,sectors\ironsteel.csv
2509,Omega Interactive Technologies Ltd.,OMEGAIN,Information Technology,IT - Software,235.62,sectors\informationtechnology.csv
2510,RFBL Flexi Pack Ltd.,RFBL,Fast Moving Consumer Goods,Packaging,235.48,sectors\fastmovingconsumergoods.csv
2511,Cool Caps Industries Ltd.,COOLCAPS,Plastic Products,Plastic Products,235.25,sectors\plasticproducts.csv
2512,Music Broadcast Ltd.,RADIOCITY,Media & Entertainment,TV Broadcasting & Software Production,234.72,sectors\mediaentertainment.csv
2513,Sicagen India Ltd.,SICAGEN,Trading,Trading,234.38,sectors\trading.csv
2514,Ace Alpha Tech Ltd.,ACEALPHA,Information Technology,IT - Software,233.52,sectors\informationtechnology.csv
2515,Setco Automotive Ltd.,SETCO,Automobile & Ancillaries,Auto Ancillary,233.42,sectors\automobileancillaries.csv
2516,Cochin Minerals & Rutile Ltd.,COCHINM,Chemicals,Chemicals,233.26,sectors\chemicals.csv
2517,Vikas Lifecare Ltd.,VIKASLIFE,Trading,Trading,232.91,sectors\trading.csv
2518,Akanksha Power & Infrastructure Ltd.,AKANKSHA,Capital Goods,Electric Equipment,232.52,sectors\capitalgoods.csv
2519,Star Paper Mills Ltd.,STARPAPER,Paper,Paper & Paper Products,232.17,sectors\paper.csv
2520,Alpine Housing Development Corporation Ltd.,ALPINEHOU,Realty,Construction - Real Estate,232.11,sectors\realty.csv
2521,Grand Continent Hotels Ltd.,GCHOTELS,Hospitality,"Hotel, Resort & Restaurants",231.88,sectors\hospitality.csv
2522,Alfred Herbert (India) Ltd.,ALFREDHE,Finance,Finance - NBFC,231.41,sectors\finance.csv
2523,Chemkart India Ltd.,CHEMKART,Trading,Trading,231.09,sectors\trading.csv
2524,CP Capital Ltd.,CPCAP,Other,Educational Institutions,230.87,sectors\other.csv
2525,The Indian Wood Products Company Ltd.,IWP,Fast Moving Consumer Goods,Cigarettes/Tobacco,229.66,sectors\fastmovingconsumergoods.csv
2526,Interiors & More Ltd.,INM,Construction Materials,Laminates/Decoratives,229.52,sectors\constructionmaterials.csv
2527,The United Nilgiri Tea Estates Company Ltd.,UNITEDTEA,Agriculture,Tea/Coffee,228.99,sectors\agriculture.csv
2528,Visaman Global Sales Ltd.,VISAMAN,Trading,Trading,228.88,sectors\trading.csv
2529,Patel Chem Specialities Ltd.,PATELCHEM,Chemicals,Chemicals,228.88,sectors\chemicals.csv
2530,Aarvi Encon Ltd.,AARVI,Other,Professional Services,228.82,sectors\other.csv
2531,Vijay Solvex Ltd.,VIJSOLX,Fast Moving Consumer Goods,Edible Oil,228.39,sectors\fastmovingconsumergoods.csv
2532,Shivashrit Foods Ltd.,SHIVASHRIT,Fast Moving Consumer Goods,Consumer Food,228.36,sectors\fastmovingconsumergoods.csv
2533,Phantom Digital Effects Ltd.,PHANTOMFX,Media & Entertainment,"Film Production, Distribution & Entertainment",228.17,sectors\mediaentertainment.csv
2534,Rathi Steel & Power Ltd.,RATHIST,Iron & Steel,Steel & Iron Products,227.39,sectors\ironsteel.csv
2535,Generic Engineering Construction And Projects Ltd.,GENCON,Infrastructure,Engineering - Construction,227.15,sectors\infrastructure.csv
2536,Bharatrohan Airborne Innovations Ltd.,BHARATROHAN,Other,Business Support,227.12,sectors\other.csv
2537,Sintercom India Ltd.,SINTERCOM,Automobile & Ancillaries,Auto Ancillary,226.99,sectors\automobileancillaries.csv
2538,Nova Agritech Ltd.,NOVAAGRI,Chemicals,Pesticides & Agrochemicals,226.86,sectors\chemicals.csv
2539,Reliance Communications Ltd.,RCOM,Telecom,Telecommunication - Service  Provider,226.77,sectors\telecom.csv
2540,MK Exim (India) Ltd.,MKEXIM,Textile,Textile,226.54,sectors\textile.csv
2541,Shalibhadra Finance Ltd.,SAHLIBHFI,Finance,Finance - NBFC,226.41,sectors\finance.csv
2542,Power & Instrumentation (Gujarat) Ltd.,PIGL,Infrastructure,Engineering - Construction,226.4,sectors\infrastructure.csv
2543,Shree Tirupati Balajee Agro Trading Company Ltd,BALAJEE,Plastic Products,Plastic Products,226.36,sectors\plasticproducts.csv
2544,Innovators Facade Systems Ltd.,INNOVATORS,Capital Goods,Engineering,226.32,sectors\capitalgoods.csv
2545,Alankit Ltd.,ALANKIT,Finance,Finance - Stock Broking,226.15,sectors\finance.csv
2546,Destiny Logistics & Infra Ltd.,DESTINY,Logistics,Logistics,225.69,sectors\logistics.csv
2547,EKI Energy Services Ltd.,EKI,Other,Business Support,225.23,sectors\other.csv
2548,Surana Telecom And Power Ltd.,SURANAT&P,Power,Power Generation/Distribution,225.23,sectors\power.csv
2549,ASI Industries Ltd.,ASIIL,Mining,Mining & Minerals,225.19,sectors\mining.csv
2550,Marc Technocrats Ltd.,MARC,Other,Professional Services,225.07,sectors\other.csv
2551,Mitsu Chem Plast Ltd.,MITSU,Plastic Products,Plastic Products,224.72,sectors\plasticproducts.csv
2552,Nilachal Carbo Metalicks Ltd.,NCML,Industrials Gases & Fuels,Industrial  Gases & Fuels,224.34,sectors\industrialsgasesfuels.csv
2553,Ramdevbaba Solvent Ltd.,RBS,Agriculture,Solvent  Extraction,224.27,sectors\agriculture.csv
2554,Alpine Texworld Ltd.,ALPINETEX,Textile,Textile,224.13,sectors\textile.csv
2555,Smartlink Holdings Ltd.,SMARTLINK,Information Technology,IT - Networking,223.79,sectors\informationtechnology.csv
2556,Rudra Global Infra Products Ltd.,RUDRA,Iron & Steel,Steel & Iron Products,223.27,sectors\ironsteel.csv
2557,SILGO Retail Ltd.,SILGO,Diamond & Jewellery,Diamond  &  Jewellery,223.2,sectors\diamondjewellery.csv
2558,Aeroflex Neu Ltd.,AERONEU,Plastic Products,Plastic Products,223.14,sectors\plasticproducts.csv
2559,DCM Shriram Fine Chemicals Ltd.,DSFCL,Chemicals,Chemicals,222.35,sectors\chemicals.csv
2560,Pratham EPC Projects Ltd.,PRATHAM,Infrastructure,Engineering - Construction,222.19,sectors\infrastructure.csv
2561,Sonam Ltd.,SONAMLTD,Consumer Durables,Watches & Accessories,221.7,sectors\consumerdurables.csv
2562,Equippp Social Impact Technologies Ltd.,EQUIPPP,Information Technology,IT - Software,221.65,sectors\informationtechnology.csv
2563,Last Mile Enterprises Ltd.,LASTMILE,Infrastructure,Engineering - Construction,221.64,sectors\infrastructure.csv
2564,Simmonds Marshall Ltd.,SIMMOND,Automobile & Ancillaries,Fasteners,221.37,sectors\automobileancillaries.csv
2565,Hampton Sky Realty Ltd.,HAMPTON,Realty,Construction - Real Estate,221.3,sectors\realty.csv
2566,Shahlon Silk Industries Ltd.,SHAHLON,Textile,Textile,221.29,sectors\textile.csv
2567,Shivam Autotech Ltd.,SHIVAMAUTO,Automobile & Ancillaries,Auto Ancillary,221.04,sectors\automobileancillaries.csv
2568,Maral Overseas Ltd.,MARALOVER,Textile,Textile - Spinning,220.41,sectors\textile.csv
2569,Goldstar Power Ltd.,GOLDSTAR,Automobile & Ancillaries,Batteries,220.37,sectors\automobileancillaries.csv
2570,Jattashankar Industries Ltd.,JATTAINDUS,Textile,Textile - Manmade  Fibres,220.17,sectors\textile.csv
2571,Vaarad Ventures Ltd.,VAARAD,Miscellaneous,Miscellaneous,220.16,sectors\miscellaneous.csv
2572,Integrated Personnel Services Ltd.,IPSL,Other,Professional Services,219.58,sectors\other.csv
2573,Diksat Transworld Ltd.,DIKSAT,Media & Entertainment,TV Broadcasting & Software Production,219.46,sectors\mediaentertainment.csv
2574,Nectar Lifesciences Ltd.,NECLIFE,Healthcare,Pharmaceuticals & Drugs,218.93,sectors\healthcare.csv
2575,Novelix Pharmaceuticals Ltd.,NOVELIX,Trading,Trading,218.93,sectors\trading.csv
2576,Panasonic Carbon India Company Ltd.,PANCARBON,Capital Goods,Electrodes & Welding Equipment,217.9,sectors\capitalgoods.csv
2577,Kothari Sugars And Chemicals Ltd.,KOTARISUG,Agriculture,Sugar,217.83,sectors\agriculture.csv
2578,Competent Automobiles Company Ltd.,COMPEAU,Automobile & Ancillaries,Automobiles - Dealers & Distributors,216.95,sectors\automobileancillaries.csv
2579,Affordable Robotic & Automation Ltd.,AFFORDABLE,Capital Goods,Engineering,216.46,sectors\capitalgoods.csv
2580,ABans Enterprises Ltd.,ABANSENT,Trading,Trading,216.01,sectors\trading.csv
2581,A-1 Ltd.,A1L,Trading,Trading,215.28,sectors\trading.csv
2582,Avio Smart Market Stack Ltd.,ASMS,Information Technology,IT - Software,215.03,sectors\informationtechnology.csv
2583,Graviss Hospitality Ltd.,GRAVISSHO,Hospitality,"Hotel, Resort & Restaurants",215.01,sectors\hospitality.csv
2584,Chandrima Mercantiles Ltd.,CHANDRIMA,Trading,Trading,214.89,sectors\trading.csv
2585,Jay Jalaram Technologies Ltd.,KORE,Retailing,Retailing,214.61,sectors\retailing.csv
2586,Maheshwari Logistics Ltd.,MAHESHWARI,Logistics,Logistics,214.58,sectors\logistics.csv
2587,Ecoplast Ltd.,ECOPLAST,Plastic Products,Plastic Products,213.74,sectors\plasticproducts.csv
2588,Lancor Holdings Ltd.,LANCORHOL,Realty,Construction - Real Estate,213.52,sectors\realty.csv
2589,Dhara Rail Projects Ltd.,DHARARAIL,Other,Business Support,213.14,sectors\other.csv
2590,Veer Global Infraconstruction Ltd.,VGIL,Realty,Construction - Real Estate,212.96,sectors\realty.csv
2591,Shri Dinesh Mills Ltd.,SHRIDINE,Textile,Textile,212.79,sectors\textile.csv
2592,Revathi Equipment India Ltd.,RVTH,Capital Goods,Engineering - Industrial Equipments,212.54,sectors\capitalgoods.csv
2593,GTT Data Solutions Ltd.,GTTDATA,Media & Entertainment,"Film Production, Distribution & Entertainment",212.06,sectors\mediaentertainment.csv
2594,Comfort Intech Ltd.,COMFINTE,Trading,Trading,211.8,sectors\trading.csv
2595,Accretion Pharmaceuticals Ltd.,ACCPL,Healthcare,Pharmaceuticals & Drugs,211.76,sectors\healthcare.csv
2596,Balaji Phosphates Ltd.,BALAJIPHOS,Chemicals,Fertilizers,211.62,sectors\chemicals.csv
2597,Nitiraj Engineers Ltd.,NITIRAJ,Capital Goods,Engineering - Industrial Equipments,211.06,sectors\capitalgoods.csv
2598,Global Vectra Helicorp Ltd.,GLOBALVECT,Aviation,Airlines,210.56,sectors\aviation.csv
2599,NTC Industries Ltd.,NTCIND,Fast Moving Consumer Goods,Cigarettes/Tobacco,210.53,sectors\fastmovingconsumergoods.csv
2600,The Peria Karamalai Tea And Produce Company Ltd.,PKTEA,Agriculture,Tea/Coffee,210.5,sectors\agriculture.csv
2601,Sizemasters Technology Ltd.,SIZEMASTER,Capital Goods,Engineering - Industrial Equipments,210.3,sectors\capitalgoods.csv
2602,Infinity Infoway Ltd.,INFINITY,Information Technology,IT - Software,209.4,sectors\informationtechnology.csv
2603,Kataria Industries Ltd.,KATARIA,Capital Goods,Engineering,208.85,sectors\capitalgoods.csv
2604,Maruti Interior Products Ltd.,SPITZE,Other,Professional Services,208.83,sectors\other.csv
2605,Kerala Ayurveda Ltd.,KERALAYUR,Healthcare,Pharmaceuticals & Drugs,208.7,sectors\healthcare.csv
2606,Ameenji Rubber Ltd.,AMEENJI,Agriculture,Rubber  Products,208.68,sectors\agriculture.csv
2607,Rossell India Ltd.,ROSSELLIND,Agriculture,Tea/Coffee,208.57,sectors\agriculture.csv
2608,Acetech E-Commerce Ltd.,ACETEC,Information Technology,e-Commerce,208.16,sectors\informationtechnology.csv
2609,Alan Scott Enterprises Ltd.,ALANSCOTT,Textile,Textile,208.03,sectors\textile.csv
2610,Samor Reality Ltd.,SAMOR,Realty,Construction - Real Estate,208.01,sectors\realty.csv
2611,Team India Guaranty Ltd.,TEAMGTY,Finance,Finance - NBFC,207.74,sectors\finance.csv
2612,Shiva Texyarn Ltd.,SHIVATEX,Textile,Textile - Spinning,207.66,sectors\textile.csv
2613,Northern Spirits Ltd.,NSL,Trading,Trading,207.38,sectors\trading.csv
2614,Zodiac Clothing Company Ltd.,ZODIACLOTH,Textile,Textile,207.31,sectors\textile.csv
2615,Accretion Nutraveda Ltd.,ANL,Healthcare,Pharmaceuticals & Drugs,207.06,sectors\healthcare.csv
2616,Rudra Ecovation Ltd.,RUDRAECO,Textile,Textile,206.8,sectors\textile.csv
2617,Kartik Investments Trust Ltd.,KARTKIN,Finance,Finance - Investment,206.38,sectors\finance.csv
2618,Coral Laboratories Ltd.,CORALAB,Healthcare,Pharmaceuticals & Drugs,205.3,sectors\healthcare.csv
2619,Swadeshi Industries & Leasing Ltd.,SWADEIN,Trading,Trading,205.05,sectors\trading.csv
2620,Lexora Global Ltd.,LEXGLOBAL,Finance,Finance - Investment,205,sectors\finance.csv
2621,Milkfood Ltd.,MLKFOOD,Fast Moving Consumer Goods,Consumer Food,204.85,sectors\fastmovingconsumergoods.csv
2622,Munish Forge Ltd.,MUNISH,Automobile & Ancillaries,Castings/Forgings,204.84,sectors\automobileancillaries.csv
2623,Macobs Technologies Ltd.,MACOBSTECH,Information Technology,e-Commerce,204.72,sectors\informationtechnology.csv
2624,Trident Techlabs Ltd.,TECHLABS,Information Technology,IT - Software,204.69,sectors\informationtechnology.csv
2625,Spacenet Enterprises India Ltd.,SPCENET,Trading,Trading,204.38,sectors\trading.csv
2626,SPEB Adhesives Ltd.,SPEB,Chemicals,Chemicals,204.2,sectors\chemicals.csv
2627,Sakthi Sugars Ltd.,SAKHTISUG,Agriculture,Sugar,204.06,sectors\agriculture.csv
2628,Vibhor Steel Tubes Ltd.,VSTL,Iron & Steel,Steel & Iron Products,203.75,sectors\ironsteel.csv
2629,CapitalNumbers Infotech Ltd.,CNINFOTECH,Information Technology,IT - Software,203.33,sectors\informationtechnology.csv
2630,Ovobel Foods Ltd.,OVOBELE,Fast Moving Consumer Goods,Consumer Food,202.98,sectors\fastmovingconsumergoods.csv
2631,Landmarc Leisure Corporation Ltd.,LANDMARC,Media & Entertainment,"Film Production, Distribution & Entertainment",202.86,sectors\mediaentertainment.csv
2632,Mother Nutri Foods Ltd.,MNFL,Fast Moving Consumer Goods,Consumer Food,202.44,sectors\fastmovingconsumergoods.csv
2633,GIR Natureview Resorts Ltd.,GIRRESORTS,Hospitality,"Hotel, Resort & Restaurants",202.29,sectors\hospitality.csv
2634,Lakshmi Electrical Control Systems Ltd.,LAKSELEC,Capital Goods,Electric Equipment,201.74,sectors\capitalgoods.csv
2635,Vipul Ltd.,VIPULLTD,Realty,Construction - Real Estate,201.71,sectors\realty.csv
2636,Ausom Enterprise Ltd.,AUSOMENT,Trading,Trading,201.63,sectors\trading.csv
2637,Transteel Seating Technologies Ltd.,TRANSTEEL,Fast Moving Consumer Goods,Household & Personal Products,201.59,sectors\fastmovingconsumergoods.csv
2638,Game Changers Texfab Ltd.,TRADEUNO,Textile,Textile,201.56,sectors\textile.csv
2639,RRIL Ltd.,RRIL,Textile,Textile,201.46,sectors\textile.csv
2640,Flywings Simulator Training Centre Ltd.,FWSTC,Other,Educational Institutions,201.25,sectors\other.csv
2641,Rana Sugars Ltd.,RANASUG,Agriculture,Sugar,201.17,sectors\agriculture.csv
2642,Country Club Hospitality & Holidays Ltd.,CCHHL,Hospitality,"Hotel, Resort & Restaurants",200.9,sectors\hospitality.csv
2643,Exim Routes Ltd.,EXIMROUTES,Trading,Trading,200.83,sectors\trading.csv
2644,Jullundur Motor Agency (Delhi) Ltd.,JMA,Trading,Trading,200.64,sectors\trading.csv
2645,Mahalaxmi Rubtech Ltd.,MHLXMIRU,Textile,Textile,200.25,sectors\textile.csv
2646,Golkunda Diamonds & Jewellery Ltd.,GOLKUNDIA,Diamond & Jewellery,Diamond  &  Jewellery,200.08,sectors\diamondjewellery.csv
2647,Royal Arc Electrodes Ltd.,ROYALARC,Capital Goods,Electrodes & Welding Equipment,199.8,sectors\capitalgoods.csv
2648,Sangam Finserv Ltd.,SANGAMFIN,Finance,Finance - NBFC,199.74,sectors\finance.csv
2649,Radix Industries (India) Ltd.,RADIXIND,Fast Moving Consumer Goods,Household & Personal Products,199.67,sectors\fastmovingconsumergoods.csv
2650,PIL ITALICA Lifestyle Ltd.,PILITA,Plastic Products,Plastic Products,199.51,sectors\plasticproducts.csv
2651,Savera Industries Ltd.,SAVERA,Hospitality,"Hotel, Resort & Restaurants",198.9,sectors\hospitality.csv
2652,Srivari Spices & Foods Ltd.,SSFL,Fast Moving Consumer Goods,Consumer Food,198.49,sectors\fastmovingconsumergoods.csv
2653,Bhagwati Autocast Ltd.,BGWTATO,Automobile & Ancillaries,Castings/Forgings,198.48,sectors\automobileancillaries.csv
2654,Brand Concepts Ltd.,BCONCEPTS,Retailing,Retailing,198.02,sectors\retailing.csv
2655,Jasch Industries Ltd.,JASCH,Textile,Textile - Weaving,197.99,sectors\textile.csv
2656,Aviva Industries Ltd.,AVIVA,Trading,Trading,197.92,sectors\trading.csv
2657,South India Paper Mills Ltd.,STHINPA,Paper,Paper & Paper Products,197.72,sectors\paper.csv
2658,Cash UR Drive Marketing Ltd.,CUDML,Media & Entertainment,Advertising & Media,197.63,sectors\mediaentertainment.csv
2659,Bannari Amman Spinning Mills Ltd.,BASML,Textile,Textile - Spinning,197.41,sectors\textile.csv
2660,Rainbow Foundations Ltd.,RAINBOWF,Realty,Construction - Real Estate,197.33,sectors\realty.csv
2661,Wardwizard Innovations & Mobility Ltd.,WARDINMOBI,Automobile & Ancillaries,Automobile Two & Three Wheelers,196.73,sectors\automobileancillaries.csv
2662,Durlax Top Surface Ltd.,DURLAX,Construction Materials,Ceramics/Marble/Granite/Sanitaryware,196.59,sectors\constructionmaterials.csv
2663,Jhaveri Credits & Capital Ltd.,JHACC,Finance,Finance - Stock Broking,196.56,sectors\finance.csv
2664,Resonance Specialties Ltd.,RESONANCE,Chemicals,Chemicals,196.25,sectors\chemicals.csv
2665,Bhadora Industries Ltd.,BHADORA,Electricals,Cable,196.04,sectors\electricals.csv
2666,Quest Flow Controls Ltd.,QUESTFLOW,Capital Goods,Engineering - Industrial Equipments,195.92,sectors\capitalgoods.csv
2667,Panasonic Energy India Company Ltd.,PANAENERG,Automobile & Ancillaries,Batteries,195.86,sectors\automobileancillaries.csv
2668,Adon Agro Commodities Ltd.,ADON,Trading,Trading,195.42,sectors\trading.csv
2669,Jay Bee Laminations Ltd.,JAYBEE,Capital Goods,Electric Equipment,195.21,sectors\capitalgoods.csv
2670,Master Components Ltd.,MASTER,Plastic Products,Plastic Products,195.2,sectors\plasticproducts.csv
2671,Waterbase Ltd.,WATERBASE,Agriculture,Aquaculture,194.62,sectors\agriculture.csv
2672,Eleganz Interiors Ltd.,ELGNZ,Infrastructure,Engineering - Construction,194.47,sectors\infrastructure.csv
2673,DE Neers Tools Ltd.,DENEERS,Trading,Trading,194.3,sectors\trading.csv
2674,Amba Auto Sales and Services Ltd.,AMBAAUTO,Automobile & Ancillaries,Automobiles - Dealers & Distributors,194.14,sectors\automobileancillaries.csv
2675,United Heat Transfer Ltd.,UHTL,Capital Goods,Engineering - Industrial Equipments,193.84,sectors\capitalgoods.csv
2676,Current Infraprojects Ltd.,CURRENT,Infrastructure,Engineering - Construction,193.49,sectors\infrastructure.csv
2677,Maximus International Ltd.,MAXIMUS,Trading,Trading,193.31,sectors\trading.csv
2678,Signet Industries Ltd.,SIGIND,Trading,Trading,193.2,sectors\trading.csv
2679,Tainwala Chemicals & Plastics (India) Ltd.,TAINWALCHM,Plastic Products,Plastic Products,192.71,sectors\plasticproducts.csv
2680,Gourmet Gateway India Ltd.,GOURMET,Trading,Trading,192.61,sectors\trading.csv
2681,Earkart Ltd.,EARKART,Healthcare,Medical Equipment/Supplies/Accessories,192.49,sectors\healthcare.csv
2682,Intense Technologies Ltd.,INTENTECH,Information Technology,IT - Software,192.37,sectors\informationtechnology.csv
2683,Alphageo (India) Ltd.,ALPHAGEO,Capital Goods,Engineering,191.93,sectors\capitalgoods.csv
2684,ARCL Organics Ltd.,ARCL,Chemicals,Chemicals,191.76,sectors\chemicals.csv
2685,Goyal Salt Ltd.,GOYALSALT,Fast Moving Consumer Goods,Consumer Food,191.53,sectors\fastmovingconsumergoods.csv
2686,Madhav Infra Projects Ltd.,MADHAVIPL,Infrastructure,Engineering - Construction,191.4,sectors\infrastructure.csv
2687,Sat Kartar Life Ltd.,SATKARTAR,Information Technology,e-Commerce,191.12,sectors\informationtechnology.csv
2688,ZR2 Bioenergy Ltd.,ZR2,Chemicals,Chemicals,191.11,sectors\chemicals.csv
2689,Global Pet Industries Ltd.,GLOBALPET,Capital Goods,Engineering - Industrial Equipments,190.96,sectors\capitalgoods.csv
2690,Neelamalai Agro Industries Ltd.,NEAGI,Agriculture,Tea/Coffee,190.79,sectors\agriculture.csv
2691,Airan Ltd.,AIRAN,Information Technology,IT - Software,190.03,sectors\informationtechnology.csv
2692,Gillanders Arbuthnot & Company Ltd.,GILLANDERS,Diversified,Diversified,189.95,sectors\diversified.csv
2693,Trade-Wings Ltd.,TRADWIN,Hospitality,Travel Services,189.27,sectors\hospitality.csv
2694,Sadhav Shipping Ltd.,SADHAV,Logistics,Shipping,189.16,sectors\logistics.csv
2695,Amrapali Industries Ltd.,AMRAPLIN,Trading,Trading,188.42,sectors\trading.csv
2696,Vaidya Sane Ayurved Laboratories Ltd.,MADHAVBAUG,Healthcare,Hospital & Healthcare Services,188.19,sectors\healthcare.csv
2697,Polysil Irrigation Systems Ltd.,POLYSIL,Plastic Products,Plastic Products,188.05,sectors\plasticproducts.csv
2698,Usha Financial Services Ltd.,USHAFIN,Finance,Finance - NBFC,186.94,sectors\finance.csv
2699,Fidel Softech Ltd.,FIDEL,Information Technology,IT - Software,186.87,sectors\informationtechnology.csv
2700,D&H India Ltd.,DHINDIA,Capital Goods,Electrodes & Welding Equipment,186.69,sectors\capitalgoods.csv
2701,Modulex Construction Technologies Ltd.,MODULEX,Infrastructure,Engineering - Construction,186.63,sectors\infrastructure.csv
2702,AMPL Capital Ltd.,AMPL,Finance,Finance - NBFC,186.53,sectors\finance.csv
2703,Superhouse Ltd.,SUPERHOUSE,Retailing,Footwear,186.32,sectors\retailing.csv
2704,DRC Systems India Ltd.,DRCSYSTEMS,Information Technology,IT - Software,185.72,sectors\informationtechnology.csv
2705,Gujarat Inject (Kerala) Ltd.,GUJINJEC,Healthcare,Pharmaceuticals & Drugs,185.46,sectors\healthcare.csv
2706,Ajanta Soya Ltd.,AJANTSOY,Fast Moving Consumer Goods,Edible Oil,185.19,sectors\fastmovingconsumergoods.csv
2707,Brooks Laboratories Ltd.,BROOKS,Healthcare,Pharmaceuticals & Drugs,185.14,sectors\healthcare.csv
2708,VIP Clothing Ltd.,VIPCLOTHNG,Textile,Textile,185.04,sectors\textile.csv
2709,Archidply Industries Ltd.,ARCHIDPLY,Construction Materials,Wood & Wood Products,184.72,sectors\constructionmaterials.csv
2710,Aspinwall And Company Ltd.,ASPINWALL,Logistics,Logistics,184.51,sectors\logistics.csv
2711,Crescentis Capital Ltd.,CRESCENTIS,Finance,Finance - Investment,184.43,sectors\finance.csv
2712,Avance Technologies Ltd.,AVANCE,Information Technology,IT - Software,184.32,sectors\informationtechnology.csv
2713,Murudeshwar Ceramics Ltd.,MURUDCERA,Construction Materials,Ceramics/Marble/Granite/Sanitaryware,184.3,sectors\constructionmaterials.csv
2714,Caprihans India Ltd.,CAPRIHANS,Plastic Products,Plastic Products,184.28,sectors\plasticproducts.csv
2715,Expo Engineering And Projects Ltd.,EXPOEAPL,Infrastructure,Engineering - Construction,184.24,sectors\infrastructure.csv
2716,Gallard Steel Ltd.,GALLARD,Capital Goods,Engineering - Industrial Equipments,184.01,sectors\capitalgoods.csv
2717,Coromandel Engineering Company Ltd.,COROENGG,Infrastructure,Engineering - Construction,183.8,sectors\infrastructure.csv
2718,Arvee Laboratories (India) Ltd.,ARVEE,Chemicals,Chemicals,182.94,sectors\chemicals.csv
2719,Ducol Organics & Colours Ltd.,DUCOL,Chemicals,Dyes & Pigments,182.48,sectors\chemicals.csv
2720,Kesar Petroproducts Ltd.,KESARPE,Chemicals,Chemicals,182.03,sectors\chemicals.csv
2721,Anya Polytech & Fertilizers Ltd.,ANYA,Chemicals,Fertilizers,181.8,sectors\chemicals.csv
2722,Adcounty Media India Ltd.,ADCOUNTY,Media & Entertainment,Advertising & Media,181.7,sectors\mediaentertainment.csv
2723,Khadim India Ltd.,KHADIM,Retailing,Retailing,181.6,sectors\retailing.csv
2724,Bilcare Ltd.,BI,Other,Professional Services,181.58,sectors\other.csv
2725,Eppeltone Engineers Ltd.,EEPL,Electricals,Electronics - Components,181.56,sectors\electricals.csv
2726,Bio Medica Laboratories Ltd.,BMLL,Healthcare,Pharmaceuticals & Drugs,181.52,sectors\healthcare.csv
2727,IVP Ltd.,IVP,Chemicals,Chemicals,180.92,sectors\chemicals.csv
2728,Indus Finance Ltd.,INDUSFINL,Finance,Finance - NBFC,180.21,sectors\finance.csv
2729,Dhanashree Electronics Ltd.,DEL,Capital Goods,Electric Equipment,180.07,sectors\capitalgoods.csv
2730,Shreyans Industries Ltd.,SHREYANIND,Paper,Paper & Paper Products,179.93,sectors\paper.csv
2731,HBG Hotels Ltd.,HBGHOTELS,Hospitality,"Hotel, Resort & Restaurants",179.91,sectors\hospitality.csv
2732,DU Digital Global Ltd.,DUGLOBAL,Other,Professional Services,179.85,sectors\other.csv
2733,Metroglobal Ltd.,METROGLOBL,Trading,Trading,179.71,sectors\trading.csv
2734,Nikita Greentech Recycling Ltd.,NIKITA,Paper,Paper & Paper Products,179.58,sectors\paper.csv
2735,Shri Keshav Cements & Infra Ltd.,SKCIL,Construction Materials,Cement & Construction Materials,178.72,sectors\constructionmaterials.csv
2736,Sakthi Finance Ltd.,SAKTHIFIN,Finance,Finance - NBFC,178.65,sectors\finance.csv
2737,EMA Partners India Ltd.,EMAPARTNER,Other,Professional Services,178.14,sectors\other.csv
2738,Jaysynth Orgochem Ltd.,JAYSYNTH,Chemicals,Dyes & Pigments,178.08,sectors\chemicals.csv
2739,Atishay Ltd.,ATISHAY,Information Technology,IT - Software,177,sectors\informationtechnology.csv
2740,7Seas Entertainment Ltd.,7SEASL,Information Technology,IT - Software,176.21,sectors\informationtechnology.csv
2741,Emerald Finance Ltd.,EMERALD,Finance,Finance - NBFC,176.05,sectors\finance.csv
2742,Kreon Finnancial Services Ltd.,KREONFIN,Finance,Finance - NBFC,175.93,sectors\finance.csv
2743,Glittek Granites Ltd.,GLITTEKG,Construction Materials,Ceramics/Marble/Granite/Sanitaryware,175.62,sectors\constructionmaterials.csv
2744,Stratmont Industries Ltd.,STRATMONT,Trading,Trading,175.58,sectors\trading.csv
2745,Dhoot Industrial Finance Ltd.,DHOOTIN,Trading,Trading,175.55,sectors\trading.csv
2746,Star Delta Transformers Ltd.,STARDELTA,Capital Goods,Electric Equipment,175.26,sectors\capitalgoods.csv
2747,Vaswani Industries Ltd.,VASWANI,Iron & Steel,Steel/Sponge Iron/Pig Iron,174.94,sectors\ironsteel.csv
2748,Bambino Agro Industries Ltd.,BAMBINO,Fast Moving Consumer Goods,Consumer Food,174.79,sectors\fastmovingconsumergoods.csv
2749,Kratikal Tech Ltd.,KRATIKAL,Information Technology,IT - Software,174.72,sectors\informationtechnology.csv
2750,Rikhav Securities Ltd.,RIKHAV,Finance,Finance - Stock Broking,174.42,sectors\finance.csv
2751,East India Drums And Barrels Manufacturing Ltd.,EASTINDIA,Iron & Steel,Steel & Iron Products,174.26,sectors\ironsteel.csv
2752,Parshva Enterprises Ltd.,PARSHVA,Trading,Trading,173.89,sectors\trading.csv
2753,Tilak Ventures Ltd.,TILAK,Finance,Finance - Investment,173.82,sectors\finance.csv
2754,Quint Digital Ltd.,QUINT,Other,Business Support,173.58,sectors\other.csv
2755,Rajshree Polypack Ltd.,RPPL,Plastic Products,Plastic Products,173.21,sectors\plasticproducts.csv
2756,Rapicut Carbides Ltd.,RAPICUT,Capital Goods,Engineering - Industrial Equipments,172.85,sectors\capitalgoods.csv
2757,Dolfin Rubbers Ltd.,DOLFIN,Automobile & Ancillaries,Tyres & Allied,172.46,sectors\automobileancillaries.csv
2758,Trigyn Technologies Ltd.,TRIGYN,Information Technology,IT - Software,172.4,sectors\informationtechnology.csv
2759,HB Estate Developers Ltd.,HBESD,Realty,Construction - Real Estate,172.2,sectors\realty.csv
2760,Aplab Ltd.,APLAB,Capital Goods,Electric Equipment,172.16,sectors\capitalgoods.csv
2761,Race Eco Chain Ltd.,RACE,Other,Environmental Services,172.05,sectors\other.csv
2762,Shubhshree Biofuels Energy Ltd.,SHUBHSHREE,Miscellaneous,Miscellaneous,171.94,sectors\miscellaneous.csv
2763,Winsome Textile Industries Ltd.,WINSOMTX,Textile,Textile,171.9,sectors\textile.csv
2764,Dhariwalcorp Ltd.,DHARIWAL,Trading,Trading,171.58,sectors\trading.csv
2765,KV Toys India Ltd.,KVTOYS,Plastic Products,Plastic Products,171.54,sectors\plasticproducts.csv
2766,Oneindig Technologies Ltd.,ONEINDIG,Infrastructure,Engineering - Construction,171.5,sectors\infrastructure.csv
2767,On Door Concepts Ltd.,ONDOOR,Retailing,Retailing,171.41,sectors\retailing.csv
2768,Nitin Castings Ltd.,NITINCAST,Automobile & Ancillaries,Castings/Forgings,171.23,sectors\automobileancillaries.csv
2769,Century Extrusions Ltd.,CENTEXT,Non - Ferrous Metals,Aluminium & Aluminium Products,171.04,sectors\nonferrousmetals.csv
2770,IP Rings Ltd.,IPRINGLTD,Automobile & Ancillaries,Auto Ancillary,170.87,sectors\automobileancillaries.csv
2771,Candour Techtex Ltd.,CANDOUR,Textile,Textile,170.68,sectors\textile.csv
2772,Rama Vision Ltd.,RAMAVISION,Trading,Trading,170.57,sectors\trading.csv
2773,Bansal Roofing Products Ltd.,BRPL,Capital Goods,Engineering,170.52,sectors\capitalgoods.csv
2774,Syschem (India) Ltd.,SYSCHEM,Healthcare,Pharmaceuticals & Drugs,170.23,sectors\healthcare.csv
2775,Meta Infotech Ltd.,METAINFO,Information Technology,IT - Software,169.88,sectors\informationtechnology.csv
2776,GV Electricals Ltd.,GVELECTRIC,Other,Business Support,168.96,sectors\other.csv
2777,Achyut Healthcare Ltd.,ACHYUT,Trading,Trading,168.95,sectors\trading.csv
2778,Emmbi Industries Ltd.,EMMBI,Plastic Products,Plastic Products,168.78,sectors\plasticproducts.csv
2779,Virinchi Ltd.,VIRINCHI,Information Technology,IT - Software,168.61,sectors\informationtechnology.csv
2780,Aashka Hospitals Ltd.,AASHKA,Healthcare,Hospital & Healthcare Services,168.48,sectors\healthcare.csv
2781,HVAX Technologies Ltd.,HVAX,Other,Engineering Consultancy,168,sectors\other.csv
2782,Modern Threads (India) Ltd.,MODTHREAD,Textile,Textile - Spinning,167.89,sectors\textile.csv
2783,Delphi World Money Ltd.,DELPHIFX,Finance,Finance - Others,167.52,sectors\finance.csv
2784,Justo Realfintech Ltd.,JUSTO,Other,Business Support,167.3,sectors\other.csv
2785,Niraj Cement Structurals Ltd.,NIRAJ,Infrastructure,Engineering - Construction,166.49,sectors\infrastructure.csv
2786,Umiya Buildcon Ltd.,UMIYA-MRO,Consumer Durables,IT - Hardware,166.46,sectors\consumerdurables.csv
2787,Star Imaging and Path Lab Ltd.,STARIMAGIN,Healthcare,Hospital & Healthcare Services,166.36,sectors\healthcare.csv
2788,Supra Pacific Financial Services Ltd.,SUPRAPFSL,Finance,Finance - NBFC,166.29,sectors\finance.csv
2789,Active Clothing Co Ltd.,ACTIVE,Textile,Textile,165.9,sectors\textile.csv
2790,Rappid Valves (India) Ltd.,RAPPID,Capital Goods,Engineering - Industrial Equipments,165.62,sectors\capitalgoods.csv
2791,Baroda Extrusion Ltd.,BAROEXT,Non - Ferrous Metals,Metal - Non Ferrous,165.61,sectors\nonferrousmetals.csv
2792,DRS Dilip Roadlines Ltd.,DRSDILIP,Logistics,Logistics,165.54,sectors\logistics.csv
2793,AVI Polymers Ltd.,AVI,Trading,Trading,165.5,sectors\trading.csv
2794,The Byke Hospitality Ltd.,BYKE,Hospitality,"Hotel, Resort & Restaurants",165.1,sectors\hospitality.csv
2795,Telge Projects Ltd.,TELGE,Other,Engineering Consultancy,164.92,sectors\other.csv
2796,Naapbooks Ltd.,NBL,Information Technology,IT - Software,164.61,sectors\informationtechnology.csv
2797,Brady & Morris Engineering Company Ltd.,BRADYM,Capital Goods,Construction Vehicles,164.25,sectors\capitalgoods.csv
2798,Golden Crest Education & Services Ltd.,GOLDENCREST,Other,Educational Institutions,163.72,sectors\other.csv
2799,Indo US Bio-Tech Ltd.,INDOUS,Agriculture,Agriculture,163.54,sectors\agriculture.csv
2800,Pritika Engineering Components Ltd.,PRITIKA,Automobile & Ancillaries,Auto Ancillary,163.46,sectors\automobileancillaries.csv
2801,Vaxfab Enterprises Ltd.,VEL,Trading,Trading,163.37,sectors\trading.csv
2802,Emerald Tyre Manufacturers Ltd.,ETML,Automobile & Ancillaries,Tyres & Allied,163.12,sectors\automobileancillaries.csv
2803,Pro Fin Capital Services Ltd.,PROFINC,Finance,Finance - NBFC,162.96,sectors\finance.csv
2804,SD Retail Ltd.,SDREAMS,Textile,Textile,162.88,sectors\textile.csv
2805,Indian Phosphate Ltd.,IPHL,Chemicals,Fertilizers,162.68,sectors\chemicals.csv
2806,SMR Jewels Ltd.,SMR,Diamond & Jewellery,Diamond  &  Jewellery,162.34,sectors\diamondjewellery.csv
2807,H.R. Hygiene Products Ltd.,HRHYGIENE,Fast Moving Consumer Goods,Household & Personal Products,161.51,sectors\fastmovingconsumergoods.csv
2808,Panchsheel Organics Ltd.,PANCHSHEEL,Healthcare,Pharmaceuticals & Drugs,161.16,sectors\healthcare.csv
2809,KPT Industries Ltd.,KPT,Capital Goods,Engineering - Industrial Equipments,161.16,sectors\capitalgoods.csv
2810,Jeevan Scientific Technology Ltd.,JSTL,Information Technology,IT - Software,161.14,sectors\informationtechnology.csv
2811,Lippi Systems Ltd.,LIPPISYS,Capital Goods,Engineering,161.1,sectors\capitalgoods.csv
2812,Nanta Tech Ltd.,NANTA,Trading,Trading,160.96,sectors\trading.csv
2813,Loyal Equipments Ltd.,LOYAL,Capital Goods,Engineering - Industrial Equipments,160.88,sectors\capitalgoods.csv
2814,Supreme Holdings & Hospitality (India) Ltd.,SUPREME,Realty,Construction - Real Estate,160.81,sectors\realty.csv
2815,NR Vandana Tex Industries Ltd.,NRVANDANA,Textile,Textile,160.73,sectors\textile.csv
2816,Kanchi Karpooram Ltd.,KANCHI,Chemicals,Chemicals,160.7,sectors\chemicals.csv
2817,LAPL Automotive Ltd.,LAPL,Automobile & Ancillaries,Auto Ancillary,160.63,sectors\automobileancillaries.csv
2818,DSM Fresh Foods Ltd.,ZAPPFRESH,Retailing,Retailing,160.49,sectors\retailing.csv
2819,Suryalata Spinning Mills Ltd.,SURYALA,Textile,Textile - Spinning,160.4,sectors\textile.csv
2820,Aartech Solonics Ltd.,AARTECH,Capital Goods,Electric Equipment,160.38,sectors\capitalgoods.csv
2821,Callista Industries Ltd.,CALLISTA,Trading,Trading,160.33,sectors\trading.csv
2822,Shivam Chemicals Ltd.,SHIVAM,Chemicals,Chemicals,160.27,sectors\chemicals.csv
2823,T.T. Ltd.,TTL,Textile,Textile,160.15,sectors\textile.csv
2824,AMJ Land Holdings Ltd.,AMJLAND,Realty,Construction - Real Estate,159.9,sectors\realty.csv
2825,REX Pipes and Cables Industries Ltd.,REXPIPES,Plastic Products,Plastic Products,159.8,sectors\plasticproducts.csv
2826,Goldkart Jewels Ltd.,GOLDKART,Diamond & Jewellery,Diamond  &  Jewellery,159.46,sectors\diamondjewellery.csv
2827,Bodhi Tree Multimedia Ltd.,BTML,Media & Entertainment,TV Broadcasting & Software Production,159.35,sectors\mediaentertainment.csv
2828,Bharat Gears Ltd.,BHARATGEAR,Automobile & Ancillaries,Auto Ancillary,159,sectors\automobileancillaries.csv
2829,Beacon Trusteeship Ltd.,BEACON,Finance,Finance - Investment,158.97,sectors\finance.csv
2830,Inflame Appliances Ltd.,INFLAME,Consumer Durables,Consumer Durables - Domestic Appliances,158.81,sectors\consumerdurables.csv
2831,Shree Ram Twistex Ltd.,SRTL,Textile,Textile,158.74,sectors\textile.csv
2832,Indian Terrain Fashions Ltd.,INDTERRAIN,Retailing,Retailing,158.39,sectors\retailing.csv
2833,Filatex Fashions Ltd.,FILATFASH,Textile,Textile,158.35,sectors\textile.csv
2834,Elfin Agro India Ltd.,ELFIN,Fast Moving Consumer Goods,Consumer Food,158.31,sectors\fastmovingconsumergoods.csv
2835,Maiden Forgings Ltd.,MAIDEN,Iron & Steel,Steel & Iron Products,158.28,sectors\ironsteel.csv
2836,Machino Plastics Ltd.,MACPLASQ,Automobile & Ancillaries,Auto Ancillary,157.72,sectors\automobileancillaries.csv
2837,MK Proteins Ltd.,MKPL,Fast Moving Consumer Goods,Edible Oil,156.91,sectors\fastmovingconsumergoods.csv
2838,Fractal Industries Ltd.,FIL,Textile,Textile,156.82,sectors\textile.csv
2839,Giriraj Civil Developers Ltd.,GIRIRAJ,Infrastructure,Engineering - Construction,156.8,sectors\infrastructure.csv
2840,DHP India Ltd.,DHPIND,Capital Goods,Engineering - Industrial Equipments,156.53,sectors\capitalgoods.csv
2841,DCM Ltd.,DCM,Textile,Textile - Spinning,156.52,sectors\textile.csv
2842,Natural Capsules Ltd.,NATCAPSUQ,Healthcare,Pharmaceuticals & Drugs,156.43,sectors\healthcare.csv
2843,Global Ocean Logistics India Ltd.,GLOBALLOG,Logistics,Logistics,155.91,sectors\logistics.csv
2844,Neochem Bio Solutions Ltd.,NEOCHEM,Chemicals,Chemicals,155.8,sectors\chemicals.csv
2845,North Eastern Carrying Corporation Ltd.,NECCLTD,Logistics,Logistics,155.71,sectors\logistics.csv
2846,Surani Steel Tubes Ltd.,SURANI,Iron & Steel,Steel & Iron Products,155.4,sectors\ironsteel.csv
2847,M Tek Copper Ltd.,MCL,Non - Ferrous Metals,Metal - Non Ferrous,155.26,sectors\nonferrousmetals.csv
2848,Infollion Research Services Ltd.,INFOLLION,Other,Business Support,155.26,sectors\other.csv
2849,Oswal Overseas Ltd.,OSWALOR,Agriculture,Sugar,154.74,sectors\agriculture.csv
2850,Shri Techtex Ltd.,SHRITECH,Textile,Textile,154.44,sectors\textile.csv
2851,Tunwal E-Motors Ltd.,TUNWAL,Automobile & Ancillaries,Automobile Two & Three Wheelers,154.33,sectors\automobileancillaries.csv
2852,Mena Mani Industries Ltd.,MENAMANI,Finance,Finance - Investment,154.32,sectors\finance.csv
2853,Raama Finance Ltd.,RAAMA,Finance,Finance - NBFC,154.13,sectors\finance.csv
2854,Shri Bajrang Alliance Ltd.,SHBAJRG,Iron & Steel,Steel & Iron Products,153.9,sectors\ironsteel.csv
2855,Emergent Industrial Solutions Ltd.,EMERGENT,Trading,Trading,153.86,sectors\trading.csv
2856,Patels Airtemp (India) Ltd.,PATELSAI,Capital Goods,Engineering - Industrial Equipments,153.69,sectors\capitalgoods.csv
2857,Incredible Industries Ltd.,INCREDIBLE,Iron & Steel,Steel & Iron Products,153.39,sectors\ironsteel.csv
2858,Krishanveer Forge Ltd.,KVFORGE,Automobile & Ancillaries,Forgings,153.15,sectors\automobileancillaries.csv
2859,Shradha AI Technologies Ltd.,SHRAAITECH,Trading,Trading,153.05,sectors\trading.csv
2860,Shivalic Power Control Ltd.,SPCL,Capital Goods,Electric Equipment,152.89,sectors\capitalgoods.csv
2861,RSD Finance Ltd.,RSDFIN,Finance,Finance - NBFC,152.83,sectors\finance.csv
2862,Vikas EcoTech Ltd.,VIKASECO,Chemicals,Chemicals,152.72,sectors\chemicals.csv
2863,Baid Finserv Ltd.,BAIDFIN,Finance,Finance - NBFC,152.56,sectors\finance.csv
2864,Fusion Klassroom Edutech Ltd.,KLASSROOM,Other,Educational Institutions,151.87,sectors\other.csv
2865,Lloyds Luxuries Ltd.,LLOYDS,Other,Professional Services,151.81,sectors\other.csv
2866,California Software Company Ltd.,CALSOFT,Information Technology,IT - Software,151.67,sectors\informationtechnology.csv
2867,Tips Films Ltd.,TIPSFILMS,Media & Entertainment,"Film Production, Distribution & Entertainment",151.52,sectors\mediaentertainment.csv
2868,CHL Ltd.,CHLLTD,Hospitality,"Hotel, Resort & Restaurants",151.3,sectors\hospitality.csv
2869,Kaira Can Company Ltd.,KAIRA,Fast Moving Consumer Goods,Packaging,151.23,sectors\fastmovingconsumergoods.csv
2870,Rajputana Biodiesel Ltd.,RAJPUTANA,Miscellaneous,Miscellaneous,151.22,sectors\miscellaneous.csv
2871,Paul Merchants Ltd.,PML,Finance,Finance - Investment,151.21,sectors\finance.csv
2872,Rajputana Industries Ltd.,RAJINDLTD,Non - Ferrous Metals,Metal - Non Ferrous,151.06,sectors\nonferrousmetals.csv
2873,GG Automotive Gears Ltd.,GGAUTO,Automobile & Ancillaries,Auto Ancillary,151.05,sectors\automobileancillaries.csv
2874,Lorenzini Apparels Ltd.,LAL,Textile,Textile,150.97,sectors\textile.csv
2875,Secmark Consultancy Ltd.,SECMARK,Information Technology,BPO/ITeS,150.91,sectors\informationtechnology.csv
2876,IBL Finance Ltd.,IBLFL,Finance,Finance - NBFC,150.86,sectors\finance.csv
2877,KVS Castings Ltd.,KVSCASTING,Automobile & Ancillaries,Castings/Forgings,150.8,sectors\automobileancillaries.csv
2878,Ikoma Technologies Ltd.,IKOMA,Capital Goods,Engineering - Industrial Equipments,150.53,sectors\capitalgoods.csv
2879,Keynote Financial Services Ltd.,KEYFINSERV,Finance,Finance - Investment,150.3,sectors\finance.csv
2880,Pramara Promotions Ltd.,PRAMARA,Plastic Products,Plastic Products,150.25,sectors\plasticproducts.csv
2881,Rockingdeals Circular Economy Ltd.,ROCKINGDCE,Retailing,Retailing,149.92,sectors\retailing.csv
2882,Karbonsteel Engineering Ltd.,KARBON,Iron & Steel,Steel & Iron Products,149.9,sectors\ironsteel.csv
2883,AVP Infracon Ltd.,AVPINFRA,Infrastructure,Engineering - Construction,149.88,sectors\infrastructure.csv
2884,Quest Laboratories Ltd.,QUESTLAB,Healthcare,Pharmaceuticals & Drugs,149.86,sectors\healthcare.csv
2885,Upsurge Investment & Finance Ltd.,UPSURGE,Finance,Finance - NBFC,149.57,sectors\finance.csv
2886,Esprit Stones Ltd.,ESPRIT,Construction Materials,Ceramics/Marble/Granite/Sanitaryware,149.23,sectors\constructionmaterials.csv
2887,Mangalam Seeds Ltd.,MSL,Agriculture,Agriculture,149.11,sectors\agriculture.csv
2888,Garware Offshore Services Ltd.,GARWAOFFS,Logistics,Shipping,149.11,sectors\logistics.csv
2889,National Fittings Ltd.,NATFIT,Automobile & Ancillaries,Castings/Forgings,149.06,sectors\automobileancillaries.csv
2890,Kritika Wires Ltd.,KRITIKA,Iron & Steel,Steel & Iron Products,148.85,sectors\ironsteel.csv
2891,Auro Laboratories Ltd.,AUROLAB,Healthcare,Pharmaceuticals & Drugs,148.83,sectors\healthcare.csv
2892,ACE Men Engg Works Ltd.,ACEMEN,Trading,Trading,148.78,sectors\trading.csv
2893,Parnax Lab Ltd.,PARNAXLAB,Healthcare,Pharmaceuticals & Drugs,148.57,sectors\healthcare.csv
2894,BD Industries (Pune) Ltd.,BDI,Plastic Products,Plastic Products,148.57,sectors\plasticproducts.csv
2895,Thakkers Developers Ltd.,THAKDEV,Realty,Construction - Real Estate,148.46,sectors\realty.csv
2896,Dhaval Packaging Ltd.,DHAVAL,Fast Moving Consumer Goods,Packaging,148.36,sectors\fastmovingconsumergoods.csv
2897,Kamdhenu Ventures Ltd.,KAMOPAINTS,Trading,Trading,148.05,sectors\trading.csv
2898,Twamev Construction And Infrastructure Ltd.,TICL,Infrastructure,Engineering - Construction,147.56,sectors\infrastructure.csv
2899,Refex Renewables & Infrastructure Ltd.,REFEXRENEW,Infrastructure,Engineering - Construction,147.31,sectors\infrastructure.csv
2900,Dev Information Technology Ltd.,DEVIT,Information Technology,IT - Software,147.28,sectors\informationtechnology.csv
2901,Popees Baby Care India Ltd.,POPEES,Textile,Textile,147.06,sectors\textile.csv
2902,Ecoboard Industries Ltd.,ECOBOAR,Construction Materials,Wood & Wood Products,146.9,sectors\constructionmaterials.csv
2903,Sadbhav Engineering Ltd.,SADBHAV,Infrastructure,Engineering - Construction,146.86,sectors\infrastructure.csv
2904,Tarmat Ltd.,TARMAT,Infrastructure,Engineering - Construction,146.65,sectors\infrastructure.csv
2905,Avi Ansh Textile Ltd.,AVIANSH,Textile,Textile,146.41,sectors\textile.csv
2906,Sharvaya Metals Ltd.,SHARVAYA,Non - Ferrous Metals,Aluminium & Aluminium Products,146.34,sectors\nonferrousmetals.csv
2907,Enfuse Solutions Ltd.,ENFUSE,Information Technology,e-Commerce,146.03,sectors\informationtechnology.csv
2908,Focus Business Solution Ltd.,FOCUS,Other,Business Support,145.74,sectors\other.csv
2909,Maha Rashtra Apex Corporation Ltd.,MAHAPEXLTD,Finance,Finance - Investment,145.71,sectors\finance.csv
2910,Bharat Road Network Ltd.,BRNL,Infrastructure,Engineering - Construction,145.65,sectors\infrastructure.csv
2911,Apollo Techno Industries Ltd.,ATIL,Capital Goods,Engineering - Industrial Equipments,145.56,sectors\capitalgoods.csv
2912,3rd Rock Multimedia Ltd.,3RDROCK,Miscellaneous,Miscellaneous,145.5,sectors\miscellaneous.csv
2913,Virat Leasing Ltd.,VLL,Finance,Finance - NBFC,145.38,sectors\finance.csv
2914,ATV Projects India Ltd.,ATVPR,Capital Goods,Engineering - Industrial Equipments,145.12,sectors\capitalgoods.csv
2915,Kanoria Energy & Infrastructure Ltd.,KEIL,Construction Materials,Cement & Construction Materials,145,sectors\constructionmaterials.csv
2916,Reliable Data Services Ltd.,RELIABLE,Information Technology,IT - Software,144.89,sectors\informationtechnology.csv
2917,Polson Ltd.,POLSON,Chemicals,Chemicals,144.57,sectors\chemicals.csv
2918,Spectrum Talent Management Ltd.,SPECTSTM,Other,Professional Services,144.33,sectors\other.csv
2919,Indbank Merchant Banking Services Ltd.,INDBANK,Finance,Finance - Stock Broking,144.32,sectors\finance.csv
2920,Eyantra Ventures Ltd.,EY,Trading,Trading,144.29,sectors\trading.csv
2921,Nagarjuna Fertilizers and Chemicals Ltd.,NAGAFERT,Chemicals,Fertilizers,144.13,sectors\chemicals.csv
2922,Nephro Care India Ltd.,NEPHROCARE,Healthcare,Hospital & Healthcare Services,144.09,sectors\healthcare.csv
2923,Mahendra Realtors & Infrastructure Ltd.,MRIL,Realty,Construction - Real Estate,144.01,sectors\realty.csv
2924,Crazy Snacks Ltd.,CRAZY,Fast Moving Consumer Goods,Consumer Food,143.99,sectors\fastmovingconsumergoods.csv
2925,Prajay Engineers Syndicate Ltd.,PRAENG,Realty,Construction - Real Estate,143.86,sectors\realty.csv
2926,Owais Metal & Mineral Processing Ltd.,OWAIS,Ferro Manganese,Ferro & Silica Manganese,143.37,sectors\ferromanganese.csv
2927,Hindustan Adhesives Ltd.,HINDADH,Plastic Products,Plastic Products,143.08,sectors\plasticproducts.csv
2928,Gujarat Intrux Ltd.,GUJINTRX,Automobile & Ancillaries,Castings/Forgings,142.94,sectors\automobileancillaries.csv
2929,Hindprakash Industries Ltd.,HPIL,Chemicals,Dyes & Pigments,142.86,sectors\chemicals.csv
2930,Speciality Medicines Ltd.,SPML,Trading,Trading,142.77,sectors\trading.csv
2931,Shah Alloys Ltd.,SHAHALLOYS,Iron & Steel,Steel & Iron Products,142.76,sectors\ironsteel.csv
2932,The Western Indian Plywoods Ltd.,WIPL,Construction Materials,Laminates/Decoratives,142.57,sectors\constructionmaterials.csv
2933,Smruthi Organics Ltd.,SMRUTHIORG,Healthcare,Pharmaceuticals & Drugs,142.56,sectors\healthcare.csv
2934,Alphalogic Industries Ltd.,ALPHAIND,Capital Goods,Engineering - Industrial Equipments,142.39,sectors\capitalgoods.csv
2935,LA TIM Metal & Industries Ltd.,LATIMMETAL,Iron & Steel,Steel & Iron Products,142.27,sectors\ironsteel.csv
2936,Smiths & Founders (India) Ltd.,SMFIL,Automobile & Ancillaries,Forgings,142.18,sectors\automobileancillaries.csv
2937,Zeal Aqua Ltd.,ZEAL,Agriculture,Aquaculture,142.08,sectors\agriculture.csv
2938,Indowind Energy Ltd.,INDOWIND,Power,Power Generation/Distribution,142,sectors\power.csv
2939,Abate AS Industries Ltd.,ABATEAS,Trading,Trading,141.85,sectors\trading.csv
2940,Dhunseri Tea & Industries Ltd.,DTIL,Agriculture,Tea/Coffee,141.75,sectors\agriculture.csv
2941,Genxai Analytics Ltd.,GENXAI,Information Technology,IT - Software,141.75,sectors\informationtechnology.csv
2942,Swadeshi Polytex Ltd.,SWADPOL,Other,Business Support,141.69,sectors\other.csv
2943,Energy-Mission Machineries (India) Ltd.,EMMIL,Capital Goods,Engineering - Industrial Equipments,141.58,sectors\capitalgoods.csv
2944,Shree Krishna Paper Mills & Industries Ltd.,SKPMIL,Paper,Paper & Paper Products,141.3,sectors\paper.csv
2945,HEC Infra Projects Ltd.,HECPROJECT,Infrastructure,Engineering - Construction,140.95,sectors\infrastructure.csv
2946,Desco Infratech Ltd.,DESCO,Infrastructure,Engineering - Construction,140.89,sectors\infrastructure.csv
2947,Barflex Polyfilms Ltd.,BARFLEX,Plastic Products,Plastic Products,140.82,sectors\plasticproducts.csv
2948,National Plastic Technologies Ltd.,NATPLASTI,Plastic Products,Plastic Products,140.59,sectors\plasticproducts.csv
2949,Available Finance Ltd.,AVAILFC,Finance,Finance - NBFC,140.4,sectors\finance.csv
2950,OK Play India Ltd.,OKPLA,Plastic Products,Plastic Products,140.09,sectors\plasticproducts.csv
2951,Pro FX Tech Ltd.,PROFX,Retailing,Retailing,140.03,sectors\retailing.csv
2952,SNL Bearings Ltd.,SNL,Automobile & Ancillaries,Bearings,139.93,sectors\automobileancillaries.csv
2953,Envirotech Systems Ltd.,ENVIRO,Capital Goods,Engineering - Industrial Equipments,139.89,sectors\capitalgoods.csv
2954,Amba Enterprises Ltd.,AEL,Trading,Trading,139.84,sectors\trading.csv
2955,RRP Electronics India Ltd.,INLCM,Trading,Trading,139.72,sectors\trading.csv
2956,Lakshmi Engineering And Warehousing Ltd.,LAKSHMIEW,Logistics,Logistics,139.57,sectors\logistics.csv
2957,Ruchi Infrastructure Ltd.,RUCHINFRA,Logistics,Logistics,139.25,sectors\logistics.csv
2958,Lagnam Spintex Ltd.,LAGNAM,Textile,Textile,139.21,sectors\textile.csv
2959,Mitcon Consultancy & Engineering Services Ltd.,MITCON,Other,Business Support,138.63,sectors\other.csv
2960,Sonal Mercantile Ltd.,SONAL,Finance,Finance - NBFC,138.53,sectors\finance.csv
2961,Salona Cotspin Ltd.,SALONA,Textile,Textile - Spinning,138.32,sectors\textile.csv
2962,Digicontent Ltd.,DGCONTENT,Media & Entertainment,Printing And Publishing,138.14,sectors\mediaentertainment.csv
2963,Global Surfaces Ltd.,GSLSU,Construction Materials,Ceramics/Marble/Granite/Sanitaryware,137.95,sectors\constructionmaterials.csv
2964,LGB Forge Ltd.,LGBFORGE,Automobile & Ancillaries,Forgings,137.92,sectors\automobileancillaries.csv
2965,Captain Pipes Ltd.,CAPPIPES,Plastic Products,Plastic Products,137.82,sectors\plasticproducts.csv
2966,Bal Pharma Ltd.,BALPHARMA,Healthcare,Pharmaceuticals & Drugs,137.8,sectors\healthcare.csv
2967,GSM Foils Ltd.,GSMFOILS,Fast Moving Consumer Goods,Packaging,137.69,sectors\fastmovingconsumergoods.csv
2968,Prima Plastics Ltd.,PRIMAPLA,Plastic Products,Plastic Products,137.45,sectors\plasticproducts.csv
2969,Vibrant Global Capital Ltd.,VGCL,Finance,Finance - Investment,137.38,sectors\finance.csv
2970,Harshdeep Hortico Ltd.,HARSHDEEP,Plastic Products,Plastic Products,137.2,sectors\plasticproducts.csv
2971,Kanishk Steel Industries Ltd.,KANSHST,Iron & Steel,Steel & Iron Products,137.09,sectors\ironsteel.csv
2972,Kimia Biosciences Ltd.,KIMIABL,Healthcare,Pharmaceuticals & Drugs,136.92,sectors\healthcare.csv
2973,Bright Brothers Ltd.,BRIGHTBR,Plastic Products,Plastic Products,136.72,sectors\plasticproducts.csv
2974,Tirupati Starch & Chemicals Ltd.,TIRUSTA,Fast Moving Consumer Goods,Consumer Food,136.26,sectors\fastmovingconsumergoods.csv
2975,Shri Gang Industries & Allied Products Ltd.,SHRIGANG,Alcohol,Breweries & Distilleries,135.95,sectors\alcohol.csv
2976,Avience Biomedicals Ltd.,AVIENCE,Healthcare,Medical Equipment/Supplies/Accessories,135.65,sectors\healthcare.csv
2977,NSB BPO Solutions Ltd.,NSBBPO,Information Technology,BPO/ITeS,135.41,sectors\informationtechnology.csv
2978,Lactose (India) Ltd.,LACTOSE,Healthcare,Pharmaceuticals & Drugs,135.27,sectors\healthcare.csv
2979,Bikewo Green Tech Ltd.,BIKEWO,Automobile & Ancillaries,Automobiles - Dealers & Distributors,135.03,sectors\automobileancillaries.csv
2980,JK Agri Genetics Ltd.,JKAGRI,Agriculture,Agriculture,135.01,sectors\agriculture.csv
2981,Alpa Laboratories Ltd.,ALPA,Healthcare,Pharmaceuticals & Drugs,134.93,sectors\healthcare.csv
2982,Virya Resources Ltd.,VIRYA,Infrastructure,Engineering - Construction,134.85,sectors\infrastructure.csv
2983,Sampann Utpadan India Ltd.,SAMPANN,Agriculture,Rubber  Products,134.67,sectors\agriculture.csv
2984,Texmo Pipes And Products Ltd.,TEXMOPIPES,Plastic Products,Plastic Products,134.44,sectors\plasticproducts.csv
2985,VR Infraspace Ltd.,VR,Realty,Construction - Real Estate,134.35,sectors\realty.csv
2986,Intrasoft Technologies Ltd.,ISFT,Information Technology,e-Commerce,134.16,sectors\informationtechnology.csv
2987,AG Ventures Ltd.,AGVENTURES,Trading,Trading,134.12,sectors\trading.csv
2988,Rox Hi-Tech Ltd.,ROXHITECH,Information Technology,IT - Networking,134.07,sectors\informationtechnology.csv
2989,Methodhub Software Ltd.,METHODHUB,Information Technology,IT - Software,133.86,sectors\informationtechnology.csv
2990,Coral India Finance & Housing Ltd.,CORALFINAC,Finance,Finance - NBFC,133.8,sectors\finance.csv
2991,Indian Card Clothing Company Ltd.,INDIANCARD,Textile,Textile - Machinery,133.62,sectors\textile.csv
2992,Aarnav Fashions Ltd.,AARNAV,Textile,Textile,133.39,sectors\textile.csv
2993,Safety Controls & Devices Ltd.,SCDL,Infrastructure,Engineering - Construction,133.22,sectors\infrastructure.csv
2994,Ashapuri Gold Ornament Ltd.,AGOL,Diamond & Jewellery,Diamond  &  Jewellery,132.99,sectors\diamondjewellery.csv
2995,JA Finance Ltd.,JAFINANCE,Finance,Finance - Investment,132.95,sectors\finance.csv
2996,Siddhika Coatings Ltd.,SIDDHIKA,Trading,Trading,132.88,sectors\trading.csv
2997,Yaashvi Jewellers Ltd.,YAASHVI,Diamond & Jewellery,Diamond  &  Jewellery,132.78,sectors\diamondjewellery.csv
2998,Indian Sucrose Ltd.,INDSUCR,Agriculture,Sugar,132.71,sectors\agriculture.csv
2999,Balaxi Pharmaceuticals Ltd.,BALAXI,Healthcare,Pharmaceuticals & Drugs,132.5,sectors\healthcare.csv
3000,Apollo Ingredients Ltd.,APOLLOIN,Trading,Trading,132.03,sectors\trading.csv
3001,Crop Life Science Ltd.,CLSL,Chemicals,Pesticides & Agrochemicals,131.98,sectors\chemicals.csv
3002,Patdiam Jewellery Ltd.,PJL,Diamond & Jewellery,Diamond  &  Jewellery,131.67,sectors\diamondjewellery.csv
3003,Ishan Dyes and Chemicals Ltd.,ISHANCH,Chemicals,Dyes & Pigments,131.58,sectors\chemicals.csv
3004,Duncan Engineering Ltd.,DUNCANENG,Capital Goods,Engineering - Industrial Equipments,131.47,sectors\capitalgoods.csv
3005,Iconik Sports And Events Ltd.,ICONIKSPEV,Finance,Finance - Investment,131.41,sectors\finance.csv
3006,Onelife Capital Advisors Ltd.,ONELIFECAP,Finance,Finance - Investment,131.27,sectors\finance.csv
3007,Airo Lam Ltd.,AIROLAM,Construction Materials,Laminates/Decoratives,130.95,sectors\constructionmaterials.csv
3008,Magnum Ventures Ltd.,MAGNUM,Paper,Paper & Paper Products,130.87,sectors\paper.csv
3009,Apollo Finvest (India) Ltd.,APOLLOFI,Finance,Finance - NBFC,130.85,sectors\finance.csv
3010,Accord Transformer & Switchgear Ltd.,ACCORDTS,Capital Goods,Electric Equipment,130.72,sectors\capitalgoods.csv
3011,Canarys Automations Ltd.,CANARYS,Information Technology,IT - Software,130.71,sectors\informationtechnology.csv
3012,Future Retail Ltd.,FRETAIL,Retailing,Retailing,130.69,sectors\retailing.csv
3013,Vital Chemtech Ltd.,VITAL,Chemicals,Chemicals,130.53,sectors\chemicals.csv
3014,Archit Organosys Ltd.,ARCHITORG,Chemicals,Chemicals,130.47,sectors\chemicals.csv
3015,Fynx Capital Ltd.,FYNX,Finance,Finance - NBFC,130.4,sectors\finance.csv
3016,Sheel Biotech Ltd.,SHEEL,Agriculture,Agriculture,130.26,sectors\agriculture.csv
3017,GVP Infotech Ltd.,GVPTECH,Information Technology,IT - Software,130.11,sectors\informationtechnology.csv
3018,Sattva Engineering Construction Ltd.,SATTVAENGG,Infrastructure,Engineering - Construction,129.97,sectors\infrastructure.csv
3019,Jocil Ltd.,JOCIL,Chemicals,Chemicals,129.91,sectors\chemicals.csv
3020,Nagarjuna Agri Tech Ltd.,NAGTECH,Trading,Trading,129.64,sectors\trading.csv
3021,Aeron Composite Ltd.,AERON,Plastic Products,Plastic Products,129.44,sectors\plasticproducts.csv
3022,Value 360 Communications Ltd.,VALUE360,Miscellaneous,Miscellaneous,129.44,sectors\miscellaneous.csv
3023,WH Brady & Company Ltd.,WHBRADY,Trading,Trading,129.27,sectors\trading.csv
3024,Rukmani Devi Garg Agro Impex Ltd.,RDGAIL,Agriculture,Agriculture,129.15,sectors\agriculture.csv
3025,Worth Investment & Trading Co Ltd.,WORTH,Finance,Finance - NBFC,128.64,sectors\finance.csv
3026,Chemcrux Enterprises Ltd.,CHEMCRUX,Chemicals,Chemicals,128.64,sectors\chemicals.csv
3027,Dollex Agrotech Ltd.,DOLLEX,Agriculture,Sugar,128.44,sectors\agriculture.csv
3028,Nexome Capital Markets Ltd.,NEXOME,Finance,Finance - Investment,128.24,sectors\finance.csv
3029,Positron Energy Ltd.,POSITRON,Trading,Trading,128.07,sectors\trading.csv
3030,Aztec Fluids & Machinery Ltd.,AZTEC,Capital Goods,Engineering - Industrial Equipments,127.84,sectors\capitalgoods.csv
3031,Winsol Engineers Ltd.,WINSOL,Other,Engineering Consultancy,127.81,sectors\other.csv
3032,Bengal Tea & Fabrics Ltd.,BENGALT,Agriculture,Tea/Coffee,127.79,sectors\agriculture.csv
3033,Mukta Arts Ltd.,MUKTAARTS,Media & Entertainment,"Film Production, Distribution & Entertainment",127.61,sectors\mediaentertainment.csv
3034,Urban Enviro Waste Management Ltd.,URBAN,Other,Environmental Services,127.3,sectors\other.csv
3035,LKP Securities Ltd.,LKPSEC,Finance,Finance - Stock Broking,127.25,sectors\finance.csv
3036,Elnet Technologies Ltd.,ELNET,Information Technology,IT - Software,127.16,sectors\informationtechnology.csv
3037,Uravi Defence and Technology Ltd.,URAVIDEF,Automobile & Ancillaries,Auto Ancillary,127.05,sectors\automobileancillaries.csv
3038,Ambar Protein Industries Ltd.,AMBARPIL,Fast Moving Consumer Goods,Edible Oil,127.02,sectors\fastmovingconsumergoods.csv
3039,Sanco Trans Ltd.,SANCTRN,Logistics,Logistics,126.98,sectors\logistics.csv
3040,Chemtech Industrial Valves Ltd.,CHEMTECH,Capital Goods,Engineering - Industrial Equipments,126.89,sectors\capitalgoods.csv
3041,Premco Global Ltd.,PREMCO,Textile,Textile,126.38,sectors\textile.csv
3042,Choksi Asia Ltd.,CHOKSI,Photographic Product,Photographic Products,126.25,sectors\photographicproduct.csv
3043,Steel City Securities Ltd.,STEELCITY,Finance,Finance - Stock Broking,126.19,sectors\finance.csv
3044,Shigan Quantum Technologies Ltd.,SHIGAN,Automobile & Ancillaries,Auto Ancillary,126.03,sectors\automobileancillaries.csv
3045,Jayesh Logistics Ltd.,JAYESH,Logistics,Logistics,125.94,sectors\logistics.csv
3046,Par Drugs And Chemicals Ltd.,PAR,Healthcare,Pharmaceuticals & Drugs,125.81,sectors\healthcare.csv
3047,Raja Bahadur International Ltd.,RAJABAH,Realty,Construction - Real Estate,125.75,sectors\realty.csv
3048,Aegeus Technologies Ltd.,AEGEUS,Electricals,Electronics - Components,125.74,sectors\electricals.csv
3049,BSL Ltd.,BSL,Textile,Textile - Weaving,125.56,sectors\textile.csv
3050,Standard Industries Ltd.,SIL,Trading,Trading,125.38,sectors\trading.csv
3051,Surana Solar Ltd.,SURANASOL,Electricals,Electronics - Components,125.18,sectors\electricals.csv
3052,Crown Lifters Ltd.,CROWN,Other,Business Support,125.1,sectors\other.csv
3053,Marg Techno Projects Ltd.,MTPL,Finance,Finance - NBFC,124.96,sectors\finance.csv
3054,Mayank Cattle Food Ltd.,MCFL,Agriculture,Solvent  Extraction,124.74,sectors\agriculture.csv
3055,Enser Communications Ltd.,ENSER,Information Technology,BPO/ITeS,124.64,sectors\informationtechnology.csv
3056,Harmony Capital Services Ltd.,HRMNYCP,Finance,Finance - Investment,124.58,sectors\finance.csv
3057,Vistar Amar Ltd.,VISTARAMAR,Agriculture,Aquaculture,124.42,sectors\agriculture.csv
3058,KIFS Financial Services Ltd.,KIFS,Finance,Finance - NBFC,124.41,sectors\finance.csv
3059,Dachepalli Publishers Ltd.,DACHEPALLI,Media & Entertainment,Printing And Publishing,124.36,sectors\mediaentertainment.csv
3060,Yashhtej Industries (India) Ltd.,YASHHTEJ,Agriculture,Solvent  Extraction,124.08,sectors\agriculture.csv
3061,APM Industries Ltd.,APMIN,Textile,Textile - Spinning,123.92,sectors\textile.csv
3062,PMC Fincorp Ltd.,PMCFIN,Finance,Finance - NBFC,123.9,sectors\finance.csv
3063,Richa Info Systems Ltd.,RICHA,Electricals,Electronics - Components,123.87,sectors\electricals.csv
3064,Xelpmoc Design And Tech Ltd.,XELPMOC,Information Technology,IT - Software,123.62,sectors\informationtechnology.csv
3065,Atharva Poly-Plast Ltd.,ATHARVA,Plastic Products,Plastic Products,123.34,sectors\plasticproducts.csv
3066,Aluwind Infra-Tech Ltd.,ALUWIND,Capital Goods,Engineering,123.24,sectors\capitalgoods.csv
3067,Aesthetik Engineers Ltd.,AESTHETIK,Capital Goods,Engineering,123.12,sectors\capitalgoods.csv
3068,Manoj Ceramic Ltd.,MCPL,Trading,Trading,122.88,sectors\trading.csv
3069,Sambhaav Media Ltd.,SAMBHAAV,Media & Entertainment,Printing And Publishing,122.5,sectors\mediaentertainment.csv
3070,Weizmann Ltd.,WEIZMANIND,Textile,Textile,122.39,sectors\textile.csv
3071,International Combustion (India) Ltd.,INTLCOMBQ,Capital Goods,Engineering - Industrial Equipments,122.37,sectors\capitalgoods.csv
3072,Escorp Asset Management Ltd.,ESCORP,Finance,Finance - Asset Management,122.28,sectors\finance.csv
3073,Rapid Fleet Management Services Ltd.,RAPIDFLEET,Logistics,Logistics,121.93,sectors\logistics.csv
3074,Sharp Chucks & Machines Ltd.,SCML,Automobile & Ancillaries,Castings/Forgings,121.77,sectors\automobileancillaries.csv
3075,Globus Power Generation Ltd.,GLOBUSCON,Power,Power Generation/Distribution,121.71,sectors\power.csv
3076,BCPL Railway Infrastructure Ltd.,BCPL,Infrastructure,Engineering - Construction,121.68,sectors\infrastructure.csv
3077,Raaj Medisafe India Ltd.,RAAJMEDI,Healthcare,Medical Equipment/Supplies/Accessories,121.54,sectors\healthcare.csv
3078,Mega Flex Plastics Ltd.,MEGAFLEX,Plastic Products,Plastic Products,121.31,sectors\plasticproducts.csv
3079,Garnet International Ltd.,GARNETINT,Finance,Finance - Investment,121.21,sectors\finance.csv
3080,iSERA Lifesciences Ltd.,ISERA,Information Technology,IT - Software,121.01,sectors\informationtechnology.csv
3081,Rishi Laser Ltd.,RISHILASE,Capital Goods,Engineering - Industrial Equipments,120.71,sectors\capitalgoods.csv
3082,Mini Diamonds (India) Ltd.,MINID,Diamond & Jewellery,Diamond  &  Jewellery,120.67,sectors\diamondjewellery.csv
3083,Bharat Agri Fert & Realty Ltd.,BHARATAGRI,Chemicals,Fertilizers,120.56,sectors\chemicals.csv
3084,Krebs Biochemicals & Industries Ltd.,KREBSBIO,Healthcare,Pharmaceuticals & Drugs,120.52,sectors\healthcare.csv
3085,Dhampure Speciality Sugars Ltd.,DHAMPURE,Agriculture,Sugar,120.49,sectors\agriculture.csv
3086,GTL Ltd.,GTL,Telecom,Telecommunication - Service  Provider,120.17,sectors\telecom.csv
3087,Chartered Logistics Ltd.,CHLOGIST,Logistics,Logistics,120.15,sectors\logistics.csv
3088,Jyoti Ltd.,JYOTI,Capital Goods,Compressors / Pumps,120.06,sectors\capitalgoods.csv
3089,VJTF Eduservices Ltd.,VJTFEDU,Finance,Finance - NBFC,119.68,sectors\finance.csv
3090,Lahoti Overseas Ltd.,LAHOTIOV,Trading,Trading,119.52,sectors\trading.csv
3091,Binayak Tex Processors Ltd.,ZBINTXPP,Textile,Textile,119.5,sectors\textile.csv
3092,Kemp & Company Ltd.,KEMP,Trading,Trading,118.82,sectors\trading.csv
3093,Cubex Tubings Ltd.,CUBEXTUB,Non - Ferrous Metals,Metal - Non Ferrous,118.76,sectors\nonferrousmetals.csv
3094,Ganges Securities Ltd.,GANGESSECU,Finance,Finance - Investment,118.55,sectors\finance.csv
3095,Latteys Industries Ltd.,LATTEYS,Capital Goods,Compressors / Pumps,118.38,sectors\capitalgoods.csv
3096,Udayshivakumar Infra Ltd.,USK,Infrastructure,Engineering - Construction,118.13,sectors\infrastructure.csv
3097,Anik Industries Ltd.,ANIKINDS,Trading,Trading,118.06,sectors\trading.csv
3098,Zenith Exports Ltd.,ZENITHEXPO,Textile,Textile,117.99,sectors\textile.csv
3099,Praxis Home Retail Ltd.,PRAXIS,Retailing,Retailing,117.99,sectors\retailing.csv
3100,Trustedge Capital Ltd.,TRUSTEDGE,Finance,Finance - Investment,117.98,sectors\finance.csv
3101,Pharmaids Pharmaceuticals Ltd.,PHARMAID,Healthcare,Pharmaceuticals & Drugs,117.94,sectors\healthcare.csv
3102,Forge Auto International Ltd.,FORGEAUTO,Automobile & Ancillaries,Forgings,117.94,sectors\automobileancillaries.csv
3103,B&A Ltd.,BNALTD,Agriculture,Tea/Coffee,117.8,sectors\agriculture.csv
3104,Bhilwara Spinners Ltd.,BHILSPIN,Trading,Trading,117.7,sectors\trading.csv
3105,AAA Technologies Ltd.,AAATECH,Information Technology,BPO/ITeS,117.58,sectors\informationtechnology.csv
3106,TCI Industries Ltd.,TCIIND,Diversified,Diversified,117.48,sectors\diversified.csv
3107,Steelco Gujarat Ltd.,STEELCO,Iron & Steel,Steel & Iron Products,116.89,sectors\ironsteel.csv
3108,Samkrg Pistons & Rings Ltd.,SAMKRG,Automobile & Ancillaries,Auto Ancillary,116.72,sectors\automobileancillaries.csv
3109,Assam Entrade Ltd.,ASSAMENT,Finance,Finance - Investment,116.62,sectors\finance.csv
3110,Hindcon Chemicals Ltd.,HINDCON,Chemicals,Chemicals,116.25,sectors\chemicals.csv
3111,Aayush Wellness Ltd.,AAYUSH,Trading,Trading,116.18,sectors\trading.csv
3112,Scoobee Day Garments (India) Ltd.,SCOOBEEDAY,Textile,Textile,116.17,sectors\textile.csv
3113,Striders Impex Ltd.,STRIDERS,Trading,Trading,116.17,sectors\trading.csv
3114,Rudrabhishek Enterprises Ltd.,REPL,Other,Professional Services,115.98,sectors\other.csv
3115,Kore Digital Ltd.,KDL,Telecom,Telecom-Infrastructure,115.85,sectors\telecom.csv
3116,OBCL Ltd.,OBCL,Logistics,Logistics,115.77,sectors\logistics.csv
3117,Lambodhara Textiles Ltd.,LAMBODHARA,Textile,Textile - Spinning,115.71,sectors\textile.csv
3118,Thacker & Company Ltd.,THACKER,Trading,Trading,115.62,sectors\trading.csv
3119,Avro India Ltd.,AVROIND,Plastic Products,Plastic Products,115.25,sectors\plasticproducts.csv
3120,Narmada Agrobase Ltd.,NARMADA,Agriculture,Agriculture,115.25,sectors\agriculture.csv
3121,Vishwaraj Sugar Industries Ltd.,VISHWARAJ,Agriculture,Sugar,115.01,sectors\agriculture.csv
3122,Vaishali Pharma Ltd.,VAISHALI,Trading,Trading,114.88,sectors\trading.csv
3123,Godavari Drugs Ltd.,GODAVARI,Healthcare,Pharmaceuticals & Drugs,114.6,sectors\healthcare.csv
3124,Prodocs Solutions Ltd.,PRODOCS,Information Technology,BPO/ITeS,114.53,sectors\informationtechnology.csv
3125,Readymix Construction Machinery Ltd.,READYMIX,Capital Goods,Engineering - Industrial Equipments,114.46,sectors\capitalgoods.csv
3126,Vijaypd Ceutical Ltd.,VIJAYPD,Trading,Trading,114.34,sectors\trading.csv
3127,Emiac Technologies Ltd.,EMIAC,Information Technology,IT - Software,113.86,sectors\informationtechnology.csv
3128,Jeyyam Global Foods Ltd.,JEYYAM,Fast Moving Consumer Goods,Consumer Food,113.75,sectors\fastmovingconsumergoods.csv
3129,DB (International) Stock Brokers Ltd.,DBSTOCKBRO,Finance,Finance - Stock Broking,113.75,sectors\finance.csv
3130,Matrix Geo Solutions Ltd.,MGSL,Other,Professional Services,113.59,sectors\other.csv
3131,Hindustan Tin Works Ltd.,HINDTIN,Capital Goods,Engineering - Industrial Equipments,113.41,sectors\capitalgoods.csv
3132,Srivasavi Adhesive Tapes Ltd.,SRIVASAVI,Plastic Products,Plastic Products,113.39,sectors\plasticproducts.csv
3133,Shree Hari Chemicals Export Ltd.,SHHARICH,Chemicals,Chemicals,112.97,sectors\chemicals.csv
3134,Viaz Tyres Ltd.,VIAZ,Automobile & Ancillaries,Tyres & Allied,112.84,sectors\automobileancillaries.csv
3135,KHFM Hospitality and Facility Management Services Ltd.,KHFM,Other,Professional Services,112.43,sectors\other.csv
3136,Akar Auto Industries Ltd.,AAIL,Automobile & Ancillaries,Auto Ancillary,112.3,sectors\automobileancillaries.csv
3137,Shyam Dhani Industries Ltd.,SHYAMDHANI,Fast Moving Consumer Goods,Consumer Food,112.27,sectors\fastmovingconsumergoods.csv
3138,Navkar Urbanstructure Ltd.,NAVKARURB,Infrastructure,Engineering - Construction,112.21,sectors\infrastructure.csv
3139,Oval Projects Engineering Ltd.,OVAL,Infrastructure,Engineering - Construction,112.15,sectors\infrastructure.csv
3140,Pee Cee Cosma Sope Ltd.,PCCOSMA,Fast Moving Consumer Goods,Household & Personal Products,112.06,sectors\fastmovingconsumergoods.csv
3141,Dharni Capital Services Ltd.,DHARNI,Finance,Finance - Asset Management,112.03,sectors\finance.csv
3142,Samrat Forgings Ltd.,SAMRATFORG,Automobile & Ancillaries,Forgings,112,sectors\automobileancillaries.csv
3143,Shri Krishna Devcon Ltd.,SHRIKRISH,Realty,Construction - Real Estate,112,sectors\realty.csv
3144,Hindustan Hardy Ltd.,HINDHARD,Automobile & Ancillaries,Auto Ancillary,111.82,sectors\automobileancillaries.csv
3145,The Grob Tea Company Ltd.,GROBTEA,Agriculture,Tea/Coffee,111.36,sectors\agriculture.csv
3146,Variman Global Enterprises Ltd.,VARIMAN,Trading,Trading,111.2,sectors\trading.csv
3147,Shree Oswal Seeds and Chemicals Ltd.,OSWALSEEDS,Agriculture,Agriculture,111.14,sectors\agriculture.csv
3148,AI Champdany Industries Ltd.,AICHAMP,Textile,Textile - Weaving,111.08,sectors\textile.csv
3149,S.V.J. Enterprises Ltd.,SVJ,Fast Moving Consumer Goods,Packaging,110.95,sectors\fastmovingconsumergoods.csv
3150,Bihar Sponge Iron Ltd.,BIHSPONG,Iron & Steel,Steel/Sponge Iron/Pig Iron,110.95,sectors\ironsteel.csv
3151,Greenchef Appliances Ltd.,GREENCHEF,Consumer Durables,Consumer Durables - Domestic Appliances,110.89,sectors\consumerdurables.csv
3152,Indsil Hydro Power and Manganese Ltd.,INDSILHYD,Ferro Manganese,Ferro & Silica Manganese,110.61,sectors\ferromanganese.csv
3153,Purv Flexipack Ltd.,PURVFLEXI,Trading,Trading,109.95,sectors\trading.csv
3154,Duroply Industries Ltd.,DUROPLY,Construction Materials,Wood & Wood Products,109.73,sectors\constructionmaterials.csv
3155,Rama Telecom Ltd.,RTL,Telecom,Telecommunication - Service  Provider,109.62,sectors\telecom.csv
3156,Landmark Property Development Company Ltd.,LPDC,Realty,Construction - Real Estate,109.06,sectors\realty.csv
3157,Kabra Jewels Ltd.,KKJEWELS,Trading,Trading,109.04,sectors\trading.csv
3158,TBI Corn Ltd.,TBI,Fast Moving Consumer Goods,Consumer Food,108.95,sectors\fastmovingconsumergoods.csv
3159,Aksh Optifibre Ltd.,AKSHOPTFBR,Electricals,Cable,108.84,sectors\electricals.csv
3160,KIC Metaliks Ltd.,KAJARIR,Iron & Steel,Steel/Sponge Iron/Pig Iron,108.51,sectors\ironsteel.csv
3161,Panafic Industrials Ltd.,PANAFIC,Finance,Finance - NBFC,108.41,sectors\finance.csv
3162,Jolly Plastic Industries Ltd.,JOLYPLS,Finance,Finance - Investment,108.26,sectors\finance.csv
3163,Osiajee Texfab Ltd.,OSIAJEE,Textile,Textile,108.22,sectors\textile.csv
3164,NHC Foods Ltd.,NHCFOODS,Fast Moving Consumer Goods,Consumer Food,108.19,sectors\fastmovingconsumergoods.csv
3165,Pattech Fitwell Tube Components Ltd.,PATTECH,Automobile & Ancillaries,Forgings,107.93,sectors\automobileancillaries.csv
3166,Rajshree Sugars & Chemicals Ltd.,RAJSREESUG,Agriculture,Sugar,107.86,sectors\agriculture.csv
3167,WEP Solutions Ltd.,WEPSOLN,Information Technology,IT - Software,107.8,sectors\informationtechnology.csv
3168,Rexnord Electronics & Controls Ltd.,REXNORD,Capital Goods,Electric Equipment,107.76,sectors\capitalgoods.csv
3169,Milgrey Finance & Investments Ltd.,ZMILGFIN,Finance,Finance - Investment,107.64,sectors\finance.csv
3170,VL E-Governance & IT Solutions Ltd.,VLEGOV,Logistics,Courier  Services,107.58,sectors\logistics.csv
3171,Holmarc Opto-Mechatronics Ltd.,HOLMARC,Healthcare,Medical Equipment/Supplies/Accessories,107.53,sectors\healthcare.csv
3172,Leo Dryfruits & Spices Trading Ltd.,VANDU,Fast Moving Consumer Goods,Consumer Food,107.35,sectors\fastmovingconsumergoods.csv
3173,Landsmill Green Ltd.,LANDSMILL,Trading,Trading,107.21,sectors\trading.csv
3174,Puretrop Fruits Ltd.,PURETROP,Fast Moving Consumer Goods,Consumer Food,107.17,sectors\fastmovingconsumergoods.csv
3175,Tyche Industries Ltd.,TYCHE,Healthcare,Pharmaceuticals & Drugs,107.16,sectors\healthcare.csv
3176,Lovable Lingerie Ltd.,LOVABLE,Textile,Textile,107.08,sectors\textile.csv
3177,Suryalakshmi Cotton Mills Ltd.,SURYALAXMI,Textile,Textile,106.81,sectors\textile.csv
3178,Sampark India Logistics Ltd.,SILL,Logistics,Logistics,106.65,sectors\logistics.csv
3179,Aban Offshore Ltd.,ABAN,Crude Oil,Oil Exploration,106.63,sectors\crudeoil.csv
3180,Hindustan Appliances Ltd.,HINDAPL,Capital Goods,Electric Equipment,106.28,sectors\capitalgoods.csv
3181,Shantidoot Infra Services Ltd.,SISL,Realty,Construction - Real Estate,106.08,sectors\realty.csv
3182,Calcom Vision Ltd.,CALCOM,Consumer Durables,Consumer Durables - Electronics,106.04,sectors\consumerdurables.csv
3183,MRP Agro Ltd.,MRP,Trading,Trading,105.8,sectors\trading.csv
3184,Ganga Papers India Ltd.,GANGAPA,Paper,Paper & Paper Products,105.73,sectors\paper.csv
3185,ITL Industries Ltd.,ITL,Capital Goods,Engineering - Industrial Equipments,105.68,sectors\capitalgoods.csv
3186,Ken Enterprises Ltd.,KEN,Textile,Textile,105.63,sectors\textile.csv
3187,Jagsonpal Services Ltd.,JAGSONSER,Finance,Finance - NBFC,105.59,sectors\finance.csv
3188,Rishiroop Ltd.,RISHIROOP,Trading,Trading,105.43,sectors\trading.csv
3189,Praruh Technologies Ltd.,PRARUH,Information Technology,IT - Networking,105.17,sectors\informationtechnology.csv
3190,Basant Agro Tech (India) Ltd.,BASANTGL,Chemicals,Fertilizers,105.13,sectors\chemicals.csv
3191,JCT Ltd.,JCTLTD,Textile,Textile,105.07,sectors\textile.csv
3192,Amarjothi Spinning Mills Ltd.,AMARJOTHI,Textile,Textile - Spinning,105.03,sectors\textile.csv
3193,AMD Industries Ltd.,AMDIND,Plastic Products,Plastic Products,104.82,sectors\plasticproducts.csv
3194,Surat Trade and Mercantile Ltd.,SURATRAML,Trading,Trading,104.8,sectors\trading.csv
3195,Loyal Textile Mills Ltd.,LOYALTEX,Textile,Textile,104.76,sectors\textile.csv
3196,Mehai Technology Ltd.,MEHAI,Capital Goods,Electric Equipment,104.46,sectors\capitalgoods.csv
3197,Anka India Ltd.,ANKIN,Plastic Products,Plastic Products,104.38,sectors\plasticproducts.csv
3198,Naturite Agro Products Ltd.,NAPL,Agriculture,Agriculture,104.33,sectors\agriculture.csv
3199,Shyam Century Ferrous Ltd.,SHYAMCENT,Ferro Manganese,Ferro & Silica Manganese,104.18,sectors\ferromanganese.csv
3200,Utkal Speciality Industries India Ltd.,UTKAL,Paper,Paper & Paper Products,104.12,sectors\paper.csv
3201,Compucom Software Ltd.,COMPUSOFT,Information Technology,IT - Education,103.89,sectors\informationtechnology.csv
3202,Kanel Industries Ltd.,KANELIND,Agriculture,Agriculture,103.56,sectors\agriculture.csv
3203,Moxsh Overseas Educon Ltd.,MOXSH,Other,Educational Institutions,103.56,sectors\other.csv
3204,Total Transport Systems Ltd.,TOTAL,Logistics,Logistics,103.49,sectors\logistics.csv
3205,Newtime Infrastructure Ltd.,NEWINFRA,Infrastructure,Engineering - Construction,103.39,sectors\infrastructure.csv
3206,Jet Freight Logistics Ltd.,JETFREIGHT,Logistics,Logistics,103.2,sectors\logistics.csv
3207,MRC Agrotech Ltd.,MRCAGRO,Trading,Trading,103.07,sectors\trading.csv
3208,Vippy Spinpro Ltd.,VIPPYSP,Textile,Textile - Spinning,102.7,sectors\textile.csv
3209,Manilam Industries India Ltd.,MANILAM,Construction Materials,Laminates/Decoratives,102.69,sectors\constructionmaterials.csv
3210,Hilton Metal Forging Ltd.,HILTON,Automobile & Ancillaries,Forgings,102.68,sectors\automobileancillaries.csv
3211,Kohinoor Foods Ltd.,KOHINOOR,Fast Moving Consumer Goods,Consumer Food,102.65,sectors\fastmovingconsumergoods.csv
3212,Marvel Decor Ltd.,MDL,Fast Moving Consumer Goods,Household & Personal Products,102.63,sectors\fastmovingconsumergoods.csv
3213,Art Nirman Ltd.,ARTNIRMAN,Realty,Construction - Real Estate,102.49,sectors\realty.csv
3214,Aspira Pathlab & Diagnostics Ltd.,ASPIRA,Healthcare,Hospital & Healthcare Services,102.42,sectors\healthcare.csv
3215,Titan Securities Ltd.,TITANSEC,Finance,Finance - NBFC,102.37,sectors\finance.csv
3216,Highness Microelectronics Ltd.,HIGHNESS,Electricals,Electronics - Components,102.24,sectors\electricals.csv
3217,Somi Conveyor Beltings Ltd.,SOMICONVEY,Agriculture,Rubber  Products,102.2,sectors\agriculture.csv
3218,Indian Infotech & Software Ltd.,INDINFO,Finance,Finance - Investment,102.14,sectors\finance.csv
3219,Globalspace Technologies Ltd.,GSTL,Information Technology,IT - Software,102.11,sectors\informationtechnology.csv
3220,Ducon Infratechnologies Ltd.,DUCON,Infrastructure,Engineering - Construction,102.03,sectors\infrastructure.csv
3221,Mobilise App Lab Ltd.,MOBILISE,Information Technology,IT - Software,101.83,sectors\informationtechnology.csv
3222,Biopol Chemicals Ltd.,BIOPOL,Chemicals,Chemicals,101.73,sectors\chemicals.csv
3223,JSL Industries Ltd.,JSLINDL,Capital Goods,Electric Equipment,101.54,sectors\capitalgoods.csv
3224,Sadbhav Infrastructure Project Ltd.,SADBHIN,Infrastructure,Engineering - Construction,101.09,sectors\infrastructure.csv
3225,RESGEN Ltd.,RESGEN,Other,Environmental Services,101.08,sectors\other.csv
3226,Fonebox Retail Ltd.,FONEBOX,Retailing,Retailing,101.06,sectors\retailing.csv
3227,Digjam Ltd.,DIGJAMLMTD,Trading,Trading,101,sectors\trading.csv
3228,Galaxy Supermarket Ltd.,GSLTD,Retailing,Retailing,101,sectors\retailing.csv
3229,Pioneer Investcorp Ltd.,PIONRINV,Finance,Finance - Investment,100.96,sectors\finance.csv
3230,The Motor & General Finance Ltd.,MOTOGENFIN,Finance,Finance - NBFC,100.96,sectors\finance.csv
3231,Mauria Udyog Ltd.,MUL,Capital Goods,Engineering - Industrial Equipments,100.83,sectors\capitalgoods.csv
3232,Maruti Infrastructure Ltd.,MAINFRA,Realty,Construction - Real Estate,100.78,sectors\realty.csv
3233,Srinibas Pradhan Constructions Ltd.,SPCON,Infrastructure,Engineering - Construction,100.66,sectors\infrastructure.csv
3234,B.A.G. Films and Media Ltd.,BAGFILMS,Media & Entertainment,"Film Production, Distribution & Entertainment",100.46,sectors\mediaentertainment.csv
3235,Retaggio Industries Ltd.,RETAGGIO,Diamond & Jewellery,Diamond  &  Jewellery,100.39,sectors\diamondjewellery.csv
3236,Renol Polychem Ltd.,RNPL,Chemicals,Chemicals,100.3,sectors\chemicals.csv
3237,Gabion Technologies India Ltd.,GTIL,Iron & Steel,Steel & Iron Products,100.1,sectors\ironsteel.csv
3238,MPK Steels (I) Ltd.,MPKSTEELS,Iron & Steel,Steel & Iron Products,99.77,sectors\ironsteel.csv
3239,DCG Cables & Wires Ltd.,DCG,Electricals,Cable,99.73,sectors\electricals.csv
3240,Norben Tea & Exports Ltd.,NORBTEAEXP,Agriculture,Tea/Coffee,99.68,sectors\agriculture.csv
3241,Party Cruisers Ltd.,PARTYCRUS,Other,Professional Services,99.52,sectors\other.csv
3242,Marushika Technology Ltd.,MARUSHIKA,Trading,Trading,99.37,sectors\trading.csv
3243,Dharan Infra-EPC Ltd.,DHARAN,Realty,Construction - Real Estate,99.35,sectors\realty.csv
3244,Ambani Orgochem Ltd.,AMBANIORGO,Chemicals,Chemicals,99.34,sectors\chemicals.csv
3245,Kay Cee Energy & Infra Ltd.,KCEIL,Infrastructure,Engineering - Construction,99.2,sectors\infrastructure.csv
3246,Emkay Taps And Cutting Tools Ltd.,EMKAYTOOLS,Capital Goods,Engineering - Industrial Equipments,99.19,sectors\capitalgoods.csv
3247,Parmeshwari Silk Mills Ltd.,PARMSILK,Textile,Textile,98.98,sectors\textile.csv
3248,Autoriders International Ltd.,AUTOINT,Hospitality,Travel Services,98.8,sectors\hospitality.csv
3249,Premier Roadlines Ltd.,PRLIND,Logistics,Logistics,98.65,sectors\logistics.csv
3250,Galaxy Agrico Exports Ltd.,GALAGEX,Automobile & Ancillaries,Bearings,98.52,sectors\automobileancillaries.csv
3251,Semac Construction Ltd.,SEMAC,Infrastructure,Engineering - Construction,98.21,sectors\infrastructure.csv
3252,Techknowgreen Solutions Ltd.,TECHKGREEN,Other,Business Support,98.19,sectors\other.csv
3253,Aaradhya Disposal Industries Ltd.,AARADHYA,Paper,Paper & Paper Products,98.05,sectors\paper.csv
3254,Alliance Integrated Metaliks Ltd.,AIML,Iron & Steel,Steel & Iron Products,97.95,sectors\ironsteel.csv
3255,Sarthak Metals Ltd.,SMLT,Iron & Steel,Steel & Iron Products,97.9,sectors\ironsteel.csv
3256,Denis Chem Lab Ltd.,DENISCHEM,Healthcare,Pharmaceuticals & Drugs,97.89,sectors\healthcare.csv
3257,Mukesh Babu Financial Services Ltd.,MUKESHB,Finance,Finance - NBFC,97.7,sectors\finance.csv
3258,Jay Ambe Supermarkets Ltd.,CITYSQUARE,Retailing,Retailing,97.68,sectors\retailing.csv
3259,Ashnisha Industries Ltd.,ASHNI,Trading,Trading,97.57,sectors\trading.csv
3260,Ceenik Exports (India) Ltd.,CEENIK,Textile,Textile,97.53,sectors\textile.csv
3261,Beardsell Ltd.,BEARDSELL,Plastic Products,Plastic Products,97.49,sectors\plasticproducts.csv
3262,Propshop Events And Exhibitions Ltd.,PROPSHOP,Other,Professional Services,97.37,sectors\other.csv
3263,Viram Suvarn Ltd.,VSL,Finance,Finance - Others,97.35,sectors\finance.csv
3264,Shilp Gravures Ltd.,SHILGRAVQ,Capital Goods,Engineering - Industrial Equipments,97.04,sectors\capitalgoods.csv
3265,GM Polyplast Ltd.,GMPL,Plastic Products,Plastic Products,96.91,sectors\plasticproducts.csv
3266,Chetana Education Ltd.,CHETANA,Media & Entertainment,Printing And Publishing,96.9,sectors\mediaentertainment.csv
3267,Sylvan Plyboard (India) Ltd.,SYLVANPLY,Construction Materials,Wood & Wood Products,96.87,sectors\constructionmaterials.csv
3268,Deepak Chemtex Ltd.,DEEPAKCHEM,Chemicals,Chemicals,96.69,sectors\chemicals.csv
3269,Inventure Growth & Securities Ltd.,INVENTURE,Finance,Finance - Stock Broking,96.6,sectors\finance.csv
3270,Sotac Pharmaceuticals Ltd.,SOTAC,Healthcare,Pharmaceuticals & Drugs,96.58,sectors\healthcare.csv
3271,Sal Automotive Ltd.,SALAUTO,Automobile & Ancillaries,Auto Ancillary,96.58,sectors\automobileancillaries.csv
3272,Acknit Industries Ltd.,ACKNIT,Textile,Textile,96.37,sectors\textile.csv
3273,Regency Ceramics Ltd.,REGENCERAM,Construction Materials,Ceramics/Marble/Granite/Sanitaryware,96.25,sectors\constructionmaterials.csv
3274,Narmadesh Brass Industries Ltd.,NARMADESH,Non - Ferrous Metals,Metal - Non Ferrous,96.12,sectors\nonferrousmetals.csv
3275,Excellent Wires And Packaging Ltd.,EXCELLENT,Iron & Steel,Steel & Iron Products,96.11,sectors\ironsteel.csv
3276,Rungta Irrigation Ltd.,RUNGTAIR,Plastic Products,Plastic Products,96.08,sectors\plasticproducts.csv
3277,Concord Drugs Ltd.,CONCORD,Healthcare,Pharmaceuticals & Drugs,96.03,sectors\healthcare.csv
3278,Nis Management Ltd.,NISMGMT,Other,Professional Services,96.03,sectors\other.csv
3279,Arunjyoti Bio Ventures Ltd.,ABVL,Finance,Finance - Investment,95.99,sectors\finance.csv
3280,Bhandari Hosiery Exports Ltd.,BHANDARI,Textile,Textile,95.89,sectors\textile.csv
3281,Diensten Tech Ltd.,DTL,Information Technology,IT - Software,95.82,sectors\informationtechnology.csv
3282,B&A Packaging India Ltd.,BAPACK,Fast Moving Consumer Goods,Packaging,95.74,sectors\fastmovingconsumergoods.csv
3283,Kck Industries Ltd.,KCK,Trading,Trading,95.72,sectors\trading.csv
3284,Cranes Software International Ltd.,CRANESSOFT,Information Technology,IT - Software,95.59,sectors\informationtechnology.csv
3285,James Warren Tea Ltd.,JAMESWARREN,Agriculture,Tea/Coffee,95.42,sectors\agriculture.csv
3286,Gujarat State Financial Corporation Ltd.,GUJSTATFIN,Finance,Finance Term Lending,95.17,sectors\finance.csv
3287,Grovy India Ltd.,GROVY,Realty,Construction - Real Estate,95.07,sectors\realty.csv
3288,Paragon Fine And Speciality Chemical Ltd.,PARAGON,Chemicals,Chemicals,94.99,sectors\chemicals.csv
3289,Krowniq Ltd.,LYKISLTD,Trading,Trading,94.74,sectors\trading.csv
3290,Rachit Prints Ltd.,RACHIT,Textile,Textile,94.59,sectors\textile.csv
3291,Vels Film International Ltd.,VELS,Media & Entertainment,"Film Production, Distribution & Entertainment",94.23,sectors\mediaentertainment.csv
3292,Kandarp Digi Smart BPO Ltd.,KANDARP,Information Technology,BPO/ITeS,94.17,sectors\informationtechnology.csv
3293,Vigor Plast India Ltd.,VIGOR,Plastic Products,Plastic Products,94.15,sectors\plasticproducts.csv
3294,Mehul Telecom Ltd.,MTL,Retailing,Retailing,94.05,sectors\retailing.csv
3295,AJC Jewel Manufacturers Ltd.,AJCJEWEL,Diamond & Jewellery,Diamond  &  Jewellery,93.91,sectors\diamondjewellery.csv
3296,Drone Destination Ltd.,DRONE,Other,Professional Services,93.82,sectors\other.csv
3297,Pacific Industries Ltd.,PACIFICI,Construction Materials,Ceramics/Marble/Granite/Sanitaryware,93.74,sectors\constructionmaterials.csv
3298,K&R Rail Engineering Ltd.,KRRAIL,Infrastructure,Engineering - Construction,93.52,sectors\infrastructure.csv
3299,Ideal Technoplast Industries Ltd.,IDEALTECHO,Fast Moving Consumer Goods,Packaging,93.47,sectors\fastmovingconsumergoods.csv
3300,Sellowrap Industries Ltd.,SELLOWRAP,Automobile & Ancillaries,Auto Ancillary,93.46,sectors\automobileancillaries.csv
3301,Veerhealth Care Ltd.,VEERHEALTH,Trading,Trading,93.37,sectors\trading.csv
3302,Anand Rayons Ltd.,ARL,Trading,Trading,93.37,sectors\trading.csv
3303,SEL Manufacturing Company Ltd.,SELMC,Textile,Textile,93.34,sectors\textile.csv
3304,Standard Capital Markets Ltd.,STANCAP,Finance,Finance - NBFC,93.27,sectors\finance.csv
3305,WOL 3D India Ltd.,WOL3D,Media & Entertainment,Printing And Publishing,93.23,sectors\mediaentertainment.csv
3306,Parvati Sweetners and Power Ltd.,PARVATI,Agriculture,Sugar,93.21,sectors\agriculture.csv
3307,Moksh Ornaments Ltd.,MOKSH,Diamond & Jewellery,Diamond  &  Jewellery,92.93,sectors\diamondjewellery.csv
3308,Nath Industries Ltd.,NATHIND,Paper,Paper & Paper Products,92.93,sectors\paper.csv
3309,Addi Industries Ltd.,ADDIND,Textile,Textile,92.85,sectors\textile.csv
3310,Deepak Spinners Ltd.,DEEPAKSP,Textile,Textile - Spinning,92.83,sectors\textile.csv
3311,Taylormade Renewables Ltd.,TRL,Capital Goods,Electric Equipment,92.45,sectors\capitalgoods.csv
3312,Porwal Auto Components Ltd.,PORWAL,Automobile & Ancillaries,Auto Ancillary,92.28,sectors\automobileancillaries.csv
3313,Garg Furnace Ltd.,GARGFUR,Iron & Steel,Steel & Iron Products,92.26,sectors\ironsteel.csv
3314,Titan Intech Ltd.,TITANIN,Information Technology,IT - Software,92.25,sectors\informationtechnology.csv
3315,Goyal Aluminiums Ltd.,GOYALALUM,Trading,Trading,92.21,sectors\trading.csv
3316,Sarda Proteins Ltd.,SRDAPRT,Trading,Trading,92.15,sectors\trading.csv
3317,Prerna Infrabuild Ltd.,PRERINFRA,Realty,Construction - Real Estate,92.13,sectors\realty.csv
3318,Makers Laboratories Ltd.,MAKERSL,Healthcare,Pharmaceuticals & Drugs,92.1,sectors\healthcare.csv
3319,SPL Industries Ltd.,SPLIL,Textile,Textile,91.99,sectors\textile.csv
3320,Upsurge Seeds Of Agriculture Ltd.,USASEEDS,Agriculture,Agriculture,91.98,sectors\agriculture.csv
3321,Photon Capital Advisors Ltd.,PHOTON,Finance,Finance - Investment,91.93,sectors\finance.csv
3322,Invicta Diagnostic Ltd.,INVICTA,Healthcare,Hospital & Healthcare Services,91.78,sectors\healthcare.csv
3323,KG Petrochem Ltd.,KGPETRO,Textile,Textile,91.76,sectors\textile.csv
3324,Tomorrow Technologies Global Innovations Ltd.,TTGIL,Finance,Finance - Investment,91.73,sectors\finance.csv
3325,Mercury Laboratories Ltd.,MERCURYLAB,Healthcare,Pharmaceuticals & Drugs,91.72,sectors\healthcare.csv
3326,Munoth Capital Markets Ltd.,MUNCAPM,Finance,Finance - Stock Broking,91.66,sectors\finance.csv
3327,Gujarat Containers Ltd.,GUJCONT,Fast Moving Consumer Goods,Packaging,91.56,sectors\fastmovingconsumergoods.csv
3328,Shree OSFM E-Mobility Ltd.,SHREEOSFM,Miscellaneous,Miscellaneous,91.5,sectors\miscellaneous.csv
3329,Smarten Power Systems Ltd.,SMARTEN,Capital Goods,Electric Equipment,91.3,sectors\capitalgoods.csv
3330,Fortis Malar Hospitals Ltd.,FORTISMLR,Healthcare,Hospital & Healthcare Services,91.03,sectors\healthcare.csv
3331,Texel Industries Ltd.,TEXELIN,Textile,Textile,91.01,sectors\textile.csv
3332,Happy Steels Ltd.,HAPPY,Automobile & Ancillaries,Auto Ancillary,90.72,sectors\automobileancillaries.csv
3333,Modern Dairies Ltd.,MODAIRY,Fast Moving Consumer Goods,Consumer Food,90.57,sectors\fastmovingconsumergoods.csv
3334,Cressanda Railway Solutions Ltd.,CRSL,Information Technology,IT - Software,90.55,sectors\informationtechnology.csv
3335,Dev Labtech Venture Ltd.,DEVLAB,Diamond & Jewellery,Diamond  &  Jewellery,90.44,sectors\diamondjewellery.csv
3336,Barak Valley Cements Ltd.,BVCL,Construction Materials,Cement & Construction Materials,90.43,sectors\constructionmaterials.csv
3337,Arabian Petroleum Ltd.,ARABIAN,Automobile & Ancillaries,Lubricants,90.4,sectors\automobileancillaries.csv
3338,Cravatex Ltd.,CRAVATEX,Trading,Trading,89.93,sectors\trading.csv
3339,Globe Enterprises (India) Ltd.,GLOBE,Textile,Textile,89.63,sectors\textile.csv
3340,Cenlub Industries Ltd.,CENLUB,Capital Goods,Engineering - Industrial Equipments,89.6,sectors\capitalgoods.csv
3341,Reliance Chemotex Industries Ltd.,RELCHEMQ,Textile,Textile - Spinning,89.54,sectors\textile.csv
3342,Banka Bioloo Ltd.,BANKA,Other,Environmental Services,89.34,sectors\other.csv
3343,Silicon Rental Solutions Ltd.,SRSOLTD,Other,Business Support,89.07,sectors\other.csv
3344,Palash Securities Ltd.,PALASHSECU,Finance,Finance - Investment,89.03,sectors\finance.csv
3345,Aakash Exploration Services Ltd.,AAKASH,Crude Oil,Oil Exploration,89,sectors\crudeoil.csv
3346,Rajnandini Metal Ltd.,RAJMET,Non - Ferrous Metals,Metal - Non Ferrous,88.75,sectors\nonferrousmetals.csv
3347,Asit C Mehta Financial Services Ltd.,ASITCFIN,Finance,Finance - Investment,88.69,sectors\finance.csv
3348,Konstelec Engineers Ltd.,KONSTELEC,Infrastructure,Engineering - Construction,88.64,sectors\infrastructure.csv
3349,Optimus Finance Ltd.,OPTIFIN,Finance,Finance - NBFC,88.55,sectors\finance.csv
3350,Ganga Forging Ltd.,GANGAFORGE,Automobile & Ancillaries,Forgings,88.3,sectors\automobileancillaries.csv
3351,Patel Integrated Logistics Ltd.,PATINTLOG,Logistics,Logistics,88.26,sectors\logistics.csv
3352,Visdem Technosys Ltd.,VISDEM,Capital Goods,Electric Equipment,88.19,sectors\capitalgoods.csv
3353,Reganto Enterprises Ltd.,REGANTO,Electricals,Electronics - Components,88.07,sectors\electricals.csv
3354,RTS Power Corporation Ltd.,RTSPOWR,Capital Goods,Electric Equipment,87.83,sectors\capitalgoods.csv
3355,Cinevista Ltd.,CINEVISTA,Media & Entertainment,"Film Production, Distribution & Entertainment",86.79,sectors\mediaentertainment.csv
3356,Super Iron Foundry Ltd.,SUPERIRON,Automobile & Ancillaries,Castings/Forgings,86.56,sectors\automobileancillaries.csv
3357,My Mudra Fincorp Ltd.,MYMUDRA,Finance,Finance - Housing,86.41,sectors\finance.csv
3358,Choksi Laboratories Ltd.,CHOKSILA,Other,Business Support,86.23,sectors\other.csv
3359,Sanrhea Technical Textiles Ltd.,SANTETX,Textile,Textile,86.03,sectors\textile.csv
3360,GACM Technologies Ltd.,GATECH,Finance,Finance - Stock Broking,86.01,sectors\finance.csv
3361,Reliance Home Finance Ltd.,RHFL,Finance,Finance - Housing,85.86,sectors\finance.csv
3362,BLB Ltd.,BLBLIMITED,Finance,Finance - Stock Broking,85.85,sectors\finance.csv
3363,Terai Tea Company Ltd.,TERAI,Agriculture,Tea/Coffee,85.72,sectors\agriculture.csv
3364,Droneacharya Aerial Innovations Ltd.,DRONACHRYA,Other,Professional Services,85.71,sectors\other.csv
3365,Deep Polymers Ltd.,DEEP,Chemicals,Chemicals,85.69,sectors\chemicals.csv
3366,Inter Globe Finance Ltd.,INTRGLB,Finance,Finance - NBFC,85.66,sectors\finance.csv
3367,Kaytex Fabrics Ltd.,KAYTEX,Textile,Textile,85.62,sectors\textile.csv
3368,Valencia Nutrition Ltd.,VALENCIA,Fast Moving Consumer Goods,Consumer Food,85.51,sectors\fastmovingconsumergoods.csv
3369,Mangalam Industrial Finance Ltd.,MANGIND,Finance,Finance - NBFC,85.51,sectors\finance.csv
3370,Kati Patang Lifestyle Ltd.,KATIPATANG,Alcohol,Breweries & Distilleries,85.48,sectors\alcohol.csv
3371,RS Software (India) Ltd.,RSSOFTWARE,Information Technology,IT - Software,85.45,sectors\informationtechnology.csv
3372,Mayasheel Ventures Ltd.,MAYASHEEL,Infrastructure,Engineering - Construction,85.44,sectors\infrastructure.csv
3373,Umiya Mobile Ltd.,UML,Retailing,Retailing,85.32,sectors\retailing.csv
3374,Repono Ltd.,REPONO,Logistics,Logistics,85.32,sectors\logistics.csv
3375,Kakatiya Cement Sugar & Industries Ltd.,KAKATCEM,Construction Materials,Cement & Construction Materials,85.24,sectors\constructionmaterials.csv
3376,T&I Global Ltd.,TIGLOB,Capital Goods,Engineering - Industrial Equipments,85.11,sectors\capitalgoods.csv
3377,Classic Electrodes (India) Ltd.,CLASSICEIL,Capital Goods,Electrodes & Welding Equipment,84.97,sectors\capitalgoods.csv
3378,Ascensive Educare Ltd.,ASCENSIVE,Other,Educational Institutions,84.82,sectors\other.csv
3379,BN Rathi Securities Ltd.,BNRSEC,Finance,Finance - Stock Broking,84.67,sectors\finance.csv
3380,Nukleus Office Solutions Ltd.,NUKLEUS,Other,Business Support,84.55,sectors\other.csv
3381,Zeal Global Services Ltd.,ZEAL,Logistics,Logistics,84.52,sectors\logistics.csv
3382,Bhudevi Infra Projects Ltd.,BHUDEVI,Textile,Textile,84.1,sectors\textile.csv
3383,Service Care Ltd.,SERVICE,Other,Professional Services,83.97,sectors\other.csv
3384,WSFX Global Pay Ltd.,WSFX,Finance,Finance - NBFC,83.83,sectors\finance.csv
3385,Shetron Ltd.,SHETR,Capital Goods,Engineering - Industrial Equipments,83.73,sectors\capitalgoods.csv
3386,Chartered Capital & Investment Ltd.,CHRTEDCA,Finance,Finance - Investment,83.72,sectors\finance.csv
3387,Shri Vasuprada Plantations Ltd.,VASUPRADA,Agriculture,Tea/Coffee,83.69,sectors\agriculture.csv
3388,New Swan Multitech Ltd.,SWANAGRO,Automobile & Ancillaries,Auto Ancillary,83.67,sectors\automobileancillaries.csv
3389,Womancart Ltd.,WOMANCART,Retailing,Retailing,83.61,sectors\retailing.csv
3390,Amwill Health Care Ltd.,AMWILL,Healthcare,Pharmaceuticals & Drugs,83.52,sectors\healthcare.csv
3391,Fiberweb (India) Ltd.,FIBERWEB,Textile,Textile,83.5,sectors\textile.csv
3392,BITS Ltd.,BITS,Information Technology,IT - Education,83.35,sectors\informationtechnology.csv
3393,Sodhani Academy Of Fintech Enablers Ltd.,SAFE,Other,Educational Institutions,83.15,sectors\other.csv
3394,Starbeam Ventures Ltd.,STARBEAM,Chemicals,Fertilizers,83.01,sectors\chemicals.csv
3395,Lakshya Powertech Ltd.,LAKSHYA,Infrastructure,Engineering - Construction,82.99,sectors\infrastructure.csv
3396,RR Financial Consultants Ltd.,RRFIN,Finance,Finance - Investment,82.84,sectors\finance.csv
3397,Shri Balaji Valve Components Ltd.,SBVCL,Capital Goods,Engineering - Industrial Equipments,82.78,sectors\capitalgoods.csv
3398,Maitreya Medicare Ltd.,MAITREYA,Healthcare,Hospital & Healthcare Services,82.67,sectors\healthcare.csv
3399,Chowgule Steamships Ltd.,CHOWGULSTM,Logistics,Shipping,82.57,sectors\logistics.csv
3400,Hisar Metal Industries Ltd.,HISARMETAL,Iron & Steel,Steel & Iron Products,82.54,sectors\ironsteel.csv
3401,Ameya Precision Engineers Ltd.,AMEYA,Capital Goods,Engineering - Industrial Equipments,82.5,sectors\capitalgoods.csv
3402,Curis Lifesciences Ltd.,CURIS,Healthcare,Pharmaceuticals & Drugs,82.46,sectors\healthcare.csv
3403,Delaplex Ltd.,DELAPLEX,Information Technology,IT - Software,82.43,sectors\informationtechnology.csv
3404,Ironwood Education Ltd.,IRONWOOD,Other,Educational Institutions,82.23,sectors\other.csv
3405,Panyam Cements & Mineral Industries Ltd.,PANCM,Construction Materials,Cement & Construction Materials,81.86,sectors\constructionmaterials.csv
3406,Siyaram Recycling Industries Ltd.,SIYARAM,Non - Ferrous Metals,Metal - Non Ferrous,81.71,sectors\nonferrousmetals.csv
3407,Sharika Enterprises Ltd.,SHARIKA,Trading,Trading,81.62,sectors\trading.csv
3408,Kovilpatti Lakshmi Roller Flour Mills Ltd.,KLRFM,Fast Moving Consumer Goods,Consumer Food,81.37,sectors\fastmovingconsumergoods.csv
3409,Piccadily Sugar & Allied Industries Ltd.,PICCASUG,Agriculture,Sugar,81.32,sectors\agriculture.csv
3410,Narmada Macplast Drip Irrigation Systems Ltd.,NARMP,Plastic Products,Plastic Products,81.3,sectors\plasticproducts.csv
3411,Prithvi Exchange (India) Ltd.,PRITHVIEXCH,Finance,Finance - Others,81.29,sectors\finance.csv
3412,Lead Reclaim And Rubber Products Ltd.,LRRPL,Agriculture,Rubber  Products,81.29,sectors\agriculture.csv
3413,Shalimar Wires Industries Ltd.,SHALIWIR,Non - Ferrous Metals,Metal - Non Ferrous,81.28,sectors\nonferrousmetals.csv
3414,Ashapura Logistics Ltd.,ASHALOG,Logistics,Logistics,81.27,sectors\logistics.csv
3415,Athena Global Technologies Ltd.,ATHENAGLO,Information Technology,IT - Software,80.78,sectors\informationtechnology.csv
3416,Universal Starch-Chem Allied Ltd.,UNIVSTAR,Fast Moving Consumer Goods,Consumer Food,80.68,sectors\fastmovingconsumergoods.csv
3417,Dynavision Ltd.,DYNAVSN,Other,Business Support,80.66,sectors\other.csv
3418,Garnet Construction Ltd.,GARNET,Realty,Construction - Real Estate,80.27,sectors\realty.csv
3419,Nilachal Refractories Ltd.,NILACHAL,Capital Goods,Refractories,80,sectors\capitalgoods.csv
3420,NRB Industrial Bearings Ltd.,NIBL,Automobile & Ancillaries,Bearings,79.99,sectors\automobileancillaries.csv
3421,Prime Industries Ltd.,PRIMIND,Fast Moving Consumer Goods,Consumer Food,79.81,sectors\fastmovingconsumergoods.csv
3422,Onyx Biotec Ltd.,ONYX,Healthcare,Pharmaceuticals & Drugs,79.78,sectors\healthcare.csv
3423,Energy Development Company Ltd.,ENERGYDEV,Power,Power Generation/Distribution,79.7,sectors\power.csv
3424,APT Packaging Ltd.,APTPACK,Plastic Products,Plastic Products,79.58,sectors\plasticproducts.csv
3425,Indian Acrylics Ltd.,INDIANACRY,Textile,Textile - Spinning,79.57,sectors\textile.csv
3426,Wallfort Financial Services Ltd.,WALLFORT,Finance,Finance - Stock Broking,79.55,sectors\finance.csv
3427,Paras Petrofils Ltd.,PARASPETRO,Textile,Textile - Manmade  Fibres,79.54,sectors\textile.csv
3428,Saumya Consultants Ltd.,SAUMYA,Finance,Finance - NBFC,79.53,sectors\finance.csv
3429,Cosco (India) Ltd.,COSCO,Trading,Trading,79.48,sectors\trading.csv
3430,Veekayem Fashion And Apparels Ltd.,VEEKAYEM,Textile,Textile,79.07,sectors\textile.csv
3431,Radhe Developers (India) Ltd.,RADHEDE,Realty,Construction - Real Estate,79.04,sectors\realty.csv
3432,Ultracab (India) Ltd.,ULTRACAB,Electricals,Cable,78.94,sectors\electricals.csv
3433,Ravelcare Ltd.,RAVEL,Trading,Trading,78.91,sectors\trading.csv
3434,Mega Nirman & Industries Ltd.,MNIL,Realty,Construction - Real Estate,78.87,sectors\realty.csv
3435,Binny Mills Ltd.,BINNYMILLS,Retailing,Retailing,78.82,sectors\retailing.csv
3436,Confidence Futuristic Energetech Ltd.,CFEL,Gas Transmission,Gas Transmission/Marketing,78.81,sectors\gastransmission.csv
3437,JHS Svendgaard Laboratories Ltd.,JHS,Fast Moving Consumer Goods,Household & Personal Products,78.67,sectors\fastmovingconsumergoods.csv
3438,Zenith Steel Pipes & Industries Ltd.,ZENITHSTL,Iron & Steel,Steel & Iron Products,78.54,sectors\ironsteel.csv
3439,Valplast Technologies Ltd.,VALPLAST,Infrastructure,Engineering - Construction,78.51,sectors\infrastructure.csv
3440,Polychem Ltd.,POLYCHEM,Chemicals,Chemicals,78.43,sectors\chemicals.csv
3441,Riba Textiles Ltd.,RIBATEX,Textile,Textile,78.28,sectors\textile.csv
3442,Transcorp International Ltd.,TRANSCOR,Hospitality,Travel Services,78.08,sectors\hospitality.csv
3443,Yuvraaj Hygiene Product Ltd.,YUVRAAJHPL,Fast Moving Consumer Goods,Household & Personal Products,77.96,sectors\fastmovingconsumergoods.csv
3444,Technichem Organics Ltd.,TECHNICHEM,Chemicals,Chemicals,77.95,sectors\chemicals.csv
3445,Super Tannery Ltd.,SUPTANERY,Fast Moving Consumer Goods,Leather,77.74,sectors\fastmovingconsumergoods.csv
3446,Eforu Entertainment Ltd.,EFORU,Trading,Trading,77.71,sectors\trading.csv
3447,Autofurnish Ltd.,AFLTD,Automobile & Ancillaries,Auto Ancillary,77.71,sectors\automobileancillaries.csv
3448,Baba Arts Ltd.,BABA,Media & Entertainment,"Film Production, Distribution & Entertainment",77.7,sectors\mediaentertainment.csv
3449,Sanmit Infra Ltd.,SANINFRA,Trading,Trading,77.64,sectors\trading.csv
3450,Indian Emulsifiers Ltd.,IEML,Chemicals,Chemicals,77.64,sectors\chemicals.csv
3451,Anirit Ventures Ltd.,ANIRIT,Textile,Textile - Weaving,77.62,sectors\textile.csv
3452,Fervent Synergies Ltd.,FERVENTSYN,Trading,Trading,77.6,sectors\trading.csv
3453,Signoria Creation Ltd.,SIGNORIA,Textile,Textile,77.56,sectors\textile.csv
3454,Jyoti Global Plast Ltd.,JYOTIGLOBL,Plastic Products,Plastic Products,77.5,sectors\plasticproducts.csv
3455,Flomic Global Logistics Ltd.,FLOMIC,Logistics,Logistics,77.45,sectors\logistics.csv
3456,Clara Industries Ltd.,CLARA,Plastic Products,Plastic Products,77.4,sectors\plasticproducts.csv
3457,Vdeal System Ltd.,VDEAL,Capital Goods,Electric Equipment,77.27,sectors\capitalgoods.csv
3458,Nagreeka Exports Ltd.,NAGREEKEXP,Textile,Textile - Spinning,77.19,sectors\textile.csv
3459,Haryana Capfin Ltd.,HARYNACAP,Finance,Finance - Investment,77.19,sectors\finance.csv
3460,Sharda Ispat Ltd.,SHRDAIS,Iron & Steel,Metal - Ferrous,77.17,sectors\ironsteel.csv
3461,Jumbo Bag Ltd.,JUMBO,Plastic Products,Plastic Products,77.16,sectors\plasticproducts.csv
3462,NCL Research & Financial Services Ltd.,NCLRESE,Finance,Finance - NBFC,77.06,sectors\finance.csv
3463,Modern Diagnostic & Research Centre Ltd.,MDRC,Healthcare,Hospital & Healthcare Services,77.01,sectors\healthcare.csv
3464,IEL Ltd.,INDXTRA,Agriculture,Solvent  Extraction,76.93,sectors\agriculture.csv
3465,Meera Industries Ltd.,MEERA,Textile,Textile - Machinery,76.93,sectors\textile.csv
3466,Maestros Electronics & Telecommunications Systems Ltd.,METSL,Telecom,Telecommunication - Equipment,76.84,sectors\telecom.csv
3467,Thrive Future Habitats Ltd.,THRIVE,Fast Moving Consumer Goods,Household & Personal Products,76.81,sectors\fastmovingconsumergoods.csv
3468,Accord Synergy Ltd.,ACCORD,Telecom,Telecommunication - Service  Provider,76.8,sectors\telecom.csv
3469,Creative Castings Ltd.,CREATIVE,Automobile & Ancillaries,Castings/Forgings,76.7,sectors\automobileancillaries.csv
3470,Zenith Drugs Ltd.,ZENITHDRUG,Healthcare,Pharmaceuticals & Drugs,76.57,sectors\healthcare.csv
3471,Tokyo Plast International Ltd.,TOKYOPLAST,Plastic Products,Plastic Products,76.49,sectors\plasticproducts.csv
3472,Sangani Hospitals Ltd.,SANGANI,Healthcare,Hospital & Healthcare Services,76.39,sectors\healthcare.csv
3473,Mangalam Alloys Ltd.,MAL,Iron & Steel,Steel & Iron Products,76.28,sectors\ironsteel.csv
3474,Super Crop Safe Ltd.,SUCROSA,Chemicals,Pesticides & Agrochemicals,76.12,sectors\chemicals.csv
3475,Yajur Fibres Ltd.,YAJUR,Textile,Textile,75.99,sectors\textile.csv
3476,GEM Enviro Management Ltd.,GEMENVIRO,Other,Environmental Services,75.95,sectors\other.csv
3477,Eros International Media Ltd.,EROSMEDIA,Media & Entertainment,"Film Production, Distribution & Entertainment",75.68,sectors\mediaentertainment.csv
3478,Jungle Camps India Ltd.,JUNGLECAMP,Hospitality,"Hotel, Resort & Restaurants",75.66,sectors\hospitality.csv
3479,Shervani Industrial Syndicate Ltd.,SHERVANI,Realty,Construction - Real Estate,75.65,sectors\realty.csv
3480,Cambridge Technology Enterprises Ltd.,CTE,Information Technology,IT - Software,75.58,sectors\informationtechnology.csv
3481,Chandni Machines Ltd.,CHANDNIMACH,Retailing,Retailing,75.42,sectors\retailing.csv
3482,Rollatainers Ltd.,ROLLT,Capital Goods,Engineering - Industrial Equipments,75.29,sectors\capitalgoods.csv
3483,Noida Toll Bridge Company Ltd.,NOIDATOLL,Infrastructure,Engineering - Construction,75.22,sectors\infrastructure.csv
3484,PVV Infra Ltd.,PVVINFRA,Realty,Construction - Real Estate,75.03,sectors\realty.csv
3485,CG-VAK Software & Exports Ltd.,CGVAK,Information Technology,IT - Software,74.97,sectors\informationtechnology.csv
3486,Maxposure Ltd.,MAXPOSURE,Media & Entertainment,Advertising & Media,74.93,sectors\mediaentertainment.csv
3487,Uma Exports Ltd.,UMAEXPORTS,Trading,Trading,74.82,sectors\trading.csv
3488,Eco Hotels & Resorts Ltd.,ECOHOTELS,Hospitality,"Hotel, Resort & Restaurants",74.77,sectors\hospitality.csv
3489,Ashnoor Textile Mills Ltd.,ASHNOOR,Textile,Textile,74.67,sectors\textile.csv
3490,Slone Infosystems Ltd.,SLONE,Trading,Trading,74.66,sectors\trading.csv
3491,AMPVOLTS Ltd.,AMPVOLTS,Other,Business Support,74.64,sectors\other.csv
3492,Banaras Beads Ltd.,BANARBEADS,Construction Materials,Glass,74.49,sectors\constructionmaterials.csv
3493,Team24 Consumer Products Ltd.,TEAM24,Fast Moving Consumer Goods,Consumer Food,74.39,sectors\fastmovingconsumergoods.csv
3494,Advik Capital Ltd.,ADVIKCA,Finance,Finance - NBFC,74.24,sectors\finance.csv
3495,Greenleaf Envirotech Ltd.,GREENLEAF,Other,Environmental Services,74.23,sectors\other.csv
3496,Jakharia Fabric Ltd.,JAKHARIA,Textile,Textile,73.76,sectors\textile.csv
3497,Comfort Fincap Ltd.,COMFINCAP,Finance,Finance - NBFC,73.74,sectors\finance.csv
3498,TSC India Ltd.,TSC,Hospitality,Travel Services,73.68,sectors\hospitality.csv
3499,Nakoda Group Of Industries Ltd.,NGIL,Fast Moving Consumer Goods,Consumer Food,73.57,sectors\fastmovingconsumergoods.csv
3500,Aristo Bio-Tech and Lifescience Ltd.,ARISTO,Chemicals,Pesticides & Agrochemicals,73.52,sectors\chemicals.csv
3501,Premium Plast Ltd.,PREMIUM,Automobile & Ancillaries,Auto Ancillary,73.52,sectors\automobileancillaries.csv
3502,Brace Port Logistics Ltd.,BRACEPORT,Logistics,Logistics,73.46,sectors\logistics.csv
3503,ACME Resources Ltd.,ACME,Finance,Finance - NBFC,73.4,sectors\finance.csv
3504,Gujarat Peanut and Agri Products Ltd.,GPAPL,Agriculture,Agriculture,73.37,sectors\agriculture.csv
3505,Source Natural Foods and Herbal Supplements Ltd.,SOURCENTRL,Healthcare,Pharmaceuticals & Drugs,73.19,sectors\healthcare.csv
3506,Orient Press Ltd.,ORIENTLTD,Plastic Products,Plastic Products,73.13,sectors\plasticproducts.csv
3507,Auto Pins (India) Ltd.,AUTOPINS,Automobile & Ancillaries,Auto Ancillary,73.05,sectors\automobileancillaries.csv
3508,Housing Development And Infrastructure Ltd.,HDIL,Realty,Construction - Real Estate,73,sectors\realty.csv
3509,Sungarner Energies Ltd.,SEL,Power,Power Generation/Distribution,72.99,sectors\power.csv
3510,Pioneer Embroideries Ltd.,PIONEEREMB,Textile,Textile - Spinning,72.97,sectors\textile.csv
3511,Capital Trust Ltd.,CAPTRUST,Finance,Finance - NBFC,72.97,sectors\finance.csv
3512,Saptarishi Agro Industries Ltd.,SPTRSHI,Trading,Trading,72.9,sectors\trading.csv
3513,Betex India Ltd.,BETXIND,Textile,Textile - Manmade  Fibres,72.9,sectors\textile.csv
3514,Hiliks Technologies Ltd.,HILIKS,Information Technology,IT - Software,72.85,sectors\informationtechnology.csv
3515,Riddhi Corporate Services Ltd.,RIDDHICORP,Information Technology,BPO/ITeS,72.8,sectors\informationtechnology.csv
3516,Diksha Polymers Ltd.,DIKSHA,Plastic Products,Plastic Products,72.75,sectors\plasticproducts.csv
3517,TPI India Ltd.,TPINDIA,Plastic Products,Plastic Products,72.74,sectors\plasticproducts.csv
3518,Accuracy Shipping Ltd.,ACCURACY,Logistics,Logistics,72.72,sectors\logistics.csv
3519,HM Electro Mech Ltd.,HMEML,Infrastructure,Engineering - Construction,72.61,sectors\infrastructure.csv
3520,Gemstone Investments Ltd.,GEMSI,Finance,Finance - NBFC,72.59,sectors\finance.csv
3521,Jayant Infratech Ltd.,JAYANT,Infrastructure,Engineering - Construction,72.57,sectors\infrastructure.csv
3522,Sky Industries Ltd.,SKYIND,Textile,Textile,72.55,sectors\textile.csv
3523,Accel Ltd.,ACCEL,Consumer Durables,IT - Hardware,72.55,sectors\consumerdurables.csv
3524,Amrapali Capital & Finance Services Ltd.,ACFSL,Finance,Finance - Stock Broking,72.46,sectors\finance.csv
3525,Gowra Leasing & Finance Ltd.,GOWRALE,Finance,Finance - NBFC,72.44,sectors\finance.csv
3526,Simran Farms Ltd.,SIMRAN,Agriculture,Agriculture,72.41,sectors\agriculture.csv
3527,Malpani Pipes And Fittings Ltd.,MALPANI,Plastic Products,Plastic Products,72.21,sectors\plasticproducts.csv
3528,Vineet Laboratories Ltd.,VINEETLAB,Healthcare,Pharmaceuticals & Drugs,72.02,sectors\healthcare.csv
3529,Himalaya Food lnternational Ltd.,HFIL,Agriculture,Agriculture,71.99,sectors\agriculture.csv
3530,Aakaar Medical Technologies Ltd.,AAKAAR,Trading,Trading,71.86,sectors\trading.csv
3531,Consecutive Commodities Ltd.,CCDL,Trading,Trading,71.75,sectors\trading.csv
3532,Touchwood Entertainment Ltd.,TOUCHWOOD,Other,Professional Services,71.74,sectors\other.csv
3533,Samrat Pharmachem Ltd.,SAMRATPH,Healthcare,Pharmaceuticals & Drugs,71.43,sectors\healthcare.csv
3534,Cura Technologies Ltd.,CURAA,Information Technology,IT - Software,71.28,sectors\informationtechnology.csv
3535,IL&FS Transportation Networks Ltd.,IL&FSTRANS,Infrastructure,Engineering - Construction,71.06,sectors\infrastructure.csv
3536,Continental Petroleums Ltd.,CONTPTR,Crude Oil,Refineries,71.03,sectors\crudeoil.csv
3537,Shri Hare-Krishna Sponge Iron Ltd.,SHKSIL,Iron & Steel,Steel/Sponge Iron/Pig Iron,71.01,sectors\ironsteel.csv
3538,SKP Securities Ltd.,SKPSEC,Finance,Finance - Stock Broking,70.81,sectors\finance.csv
3539,Gujarat Hotels Ltd.,GUJHOTE,Hospitality,"Hotel, Resort & Restaurants",70.81,sectors\hospitality.csv
3540,Mizzen Ventures Ltd.,MIZVEN,Infrastructure,Engineering - Construction,70.67,sectors\infrastructure.csv
3541,Abhinav Capital Services Ltd.,ABHICAP,Finance,Finance - NBFC,70.67,sectors\finance.csv
3542,Raj Oil Mills Ltd.,ROML,Fast Moving Consumer Goods,Edible Oil,70.46,sectors\fastmovingconsumergoods.csv
3543,Integrity Infrabuild Developers Ltd.,INTEGRITY,Infrastructure,Engineering - Construction,70.4,sectors\infrastructure.csv
3544,Cranex Ltd.,CRANEX,Capital Goods,Engineering - Industrial Equipments,70.24,sectors\capitalgoods.csv
3545,Odigma Consultancy Solutions Ltd.,ODIGMA,Information Technology,IT - Software,70.18,sectors\informationtechnology.csv
3546,Ritesh International Ltd.,RITESHIN,Chemicals,Chemicals,70.13,sectors\chemicals.csv
3547,Mysore Petro Chemicals Ltd.,MYSORPETRO,Trading,Trading,69.96,sectors\trading.csv
3548,Ajooni Biotech Ltd.,AJOONI,Fast Moving Consumer Goods,Animal Feed,69.96,sectors\fastmovingconsumergoods.csv
3549,Sunil Healthcare Ltd.,SUNLOC,Chemicals,Chemicals,69.92,sectors\chemicals.csv
3550,Dhanlaxmi Cotex Ltd.,DHANCOT,Finance,Finance - Investment,69.9,sectors\finance.csv
3551,Shantai Industries Ltd.,SHANTAI,Trading,Trading,69.89,sectors\trading.csv
3552,Shine Fashion (India) Ltd.,SHINEFASH,Trading,Trading,69.85,sectors\trading.csv
3553,Swarnsarita Jewels India Ltd.,SWARNSAR,Diamond & Jewellery,Diamond  &  Jewellery,69.69,sectors\diamondjewellery.csv
3554,Bonlon Industries Ltd.,BONLON,Non - Ferrous Metals,Metal - Non Ferrous,69.63,sectors\nonferrousmetals.csv
3555,Bharat Immunologicals & Biologicals Corporation Ltd.,BIBCL,Healthcare,Pharmaceuticals & Drugs,69.52,sectors\healthcare.csv
3556,Classic Leasing & Finance Ltd.,CLFL,Finance,Finance - NBFC,69.34,sectors\finance.csv
3557,Chatterbox Technologies Ltd.,CHTR,Other,Professional Services,69.3,sectors\other.csv
3558,Prakash Steelage Ltd.,PRAKASHSTL,Iron & Steel,Steel & Iron Products,69.3,sectors\ironsteel.csv
3559,Alkali Metals Ltd.,ALKALI,Chemicals,Chemicals,69.24,sectors\chemicals.csv
3560,Eiko Lifesciences Ltd.,EIKO,Chemicals,Chemicals,69.06,sectors\chemicals.csv
3561,Harikanta Overseas Ltd.,HARIKANTA,Textile,Textile,68.96,sectors\textile.csv
3562,Gautam Exim Ltd.,GEL,Trading,Trading,68.89,sectors\trading.csv
3563,Rachana Infrastructure Ltd.,RILINFRA,Infrastructure,Engineering - Construction,68.84,sectors\infrastructure.csv
3564,Joindre Capital Services Ltd.,JOINDRE,Finance,Finance - Stock Broking,68.75,sectors\finance.csv
3565,Divyadhan Recycling Industries Ltd.,DIVYADHAN,Textile,Textile - Manmade  Fibres,68.67,sectors\textile.csv
3566,Kamadgiri Fashion Ltd.,KAMADGIRI,Textile,Textile - Manmade  Fibres,68.67,sectors\textile.csv
3567,Saj Hotels Ltd.,SAJHOTELS,Hospitality,"Hotel, Resort & Restaurants",68.53,sectors\hospitality.csv
3568,Virat Crane Industries Ltd.,VIRATCRA,Fast Moving Consumer Goods,Consumer Food,68.4,sectors\fastmovingconsumergoods.csv
3569,Siddhi Cotspin Ltd.,SIDDHICOTS,Textile,Textile - Spinning,68.34,sectors\textile.csv
3570,Chrome Silicon Ltd.,CHROME,Ferro Manganese,Ferro & Silica Manganese,68.17,sectors\ferromanganese.csv
3571,Asston Pharmaceuticals Ltd.,APL,Healthcare,Pharmaceuticals & Drugs,68.06,sectors\healthcare.csv
3572,ANI Integrated Services Ltd.,AISL,Diversified,Diversified,67.79,sectors\diversified.csv
3573,BEW Engineering Ltd.,BEWLTD,Capital Goods,Engineering - Industrial Equipments,67.65,sectors\capitalgoods.csv
3574,Softrak Venture Investment Ltd.,SOFTRAKV,Finance,Finance - Investment,67.62,sectors\finance.csv
3575,Damodar Industries Ltd.,DAMODARIND,Textile,Textile - Spinning,67.55,sectors\textile.csv
3576,Garment Mantra Lifestyle Ltd.,GARMNTMNTR,Textile,Textile,67.52,sectors\textile.csv
3577,Atam Valves Ltd.,ATAM,Capital Goods,Engineering - Industrial Equipments,67.28,sectors\capitalgoods.csv
3578,GV Films Ltd.,GVFILM,Media & Entertainment,"Film Production, Distribution & Entertainment",67.13,sectors\mediaentertainment.csv
3579,Omfurn India Ltd.,OMFURN,Fast Moving Consumer Goods,Household & Personal Products,67.11,sectors\fastmovingconsumergoods.csv
3580,GS Auto International Ltd.,GSAUTO,Automobile & Ancillaries,Auto Ancillary,67.1,sectors\automobileancillaries.csv
3581,Addictive Learning Technology Ltd.,ADDICTIVE,Other,Educational Institutions,67.06,sectors\other.csv
3582,LCC Infotech Ltd.,LCCINFOTEC,Information Technology,IT - Education,66.93,sectors\informationtechnology.csv
3583,Kesar Enterprises Ltd.,KESARENT,Agriculture,Sugar,66.73,sectors\agriculture.csv
3584,Digidrive Distributors Ltd.,DIGIDRIVE,Retailing,Retailing,66.71,sectors\retailing.csv
3585,Innovative Tyres & Tubes Ltd.,ITTL,Automobile & Ancillaries,Tyres & Allied,66.6,sectors\automobileancillaries.csv
3586,Samay Project Services Ltd.,SAMAY,Capital Goods,Engineering,66.54,sectors\capitalgoods.csv
3587,Khaitan (India) Ltd.,KHAITANLTD,Consumer Durables,Consumer Durables - Electronics,66.5,sectors\consumerdurables.csv
3588,Vilin Bio Med Ltd.,VILINBIO,Healthcare,Pharmaceuticals & Drugs,66.34,sectors\healthcare.csv
3589,Rajgor Castor Derivatives Ltd.,RCDL,Agriculture,Agriculture,66.25,sectors\agriculture.csv
3590,DAR Credit & Capital Ltd.,DCCL,Finance,Finance - NBFC,66.24,sectors\finance.csv
3591,Kesar Terminals & Infrastructure Ltd.,KTIL,Logistics,Logistics,66.11,sectors\logistics.csv
3592,Crayons Advertising Ltd.,CRAYONS,Media & Entertainment,Advertising & Media,65.96,sectors\mediaentertainment.csv
3593,Shekhawati Industries Ltd.,SHEKHAWATI,Textile,Textile - Spinning,65.91,sectors\textile.csv
3594,Everlon Financials Ltd.,EVERFIN,Textile,Textile - Spinning,65.88,sectors\textile.csv
3595,Aditya Ultra Steel Ltd.,AUSL,Iron & Steel,Steel & Iron Products,65.81,sectors\ironsteel.csv
3596,Steelman Telecom Ltd.,STML,Telecom,Telecommunication - Service  Provider,65.8,sectors\telecom.csv
3597,Filtra Consultants and Engineers Ltd.,FILTRA,Trading,Trading,65.78,sectors\trading.csv
3598,SGL Resources Ltd.,SGLRES,Photographic Product,Photographic Products,65.63,sectors\photographicproduct.csv
3599,Milton Industries Ltd.,MILTON,Construction Materials,Laminates/Decoratives,65.6,sectors\constructionmaterials.csv
3600,Swastika Castal Ltd.,SWASTIKAAL,Automobile & Ancillaries,Castings/Forgings,65.59,sectors\automobileancillaries.csv
3601,Vikram Kamats Hospitality Ltd.,KAMATS,Hospitality,Restaurants,65.55,sectors\hospitality.csv
3602,Kkalpana lndustries (India) Ltd.,KKALPANAIND,Plastic Products,Plastic Products,65.47,sectors\plasticproducts.csv
3603,HB Portfolio Ltd.,HBPOR,Finance,Finance - Investment,65.44,sectors\finance.csv
3604,Shristi Infrastructure Development Corporation Ltd,SHRISTI,Realty,Construction - Real Estate,65.27,sectors\realty.csv
3605,Kothari Fermentation & Biochem Ltd.,KFBL,Fast Moving Consumer Goods,Consumer Food,65.25,sectors\fastmovingconsumergoods.csv
3606,Alkosign Ltd.,ALKOSIGN,Construction Materials,Wood & Wood Products,65.08,sectors\constructionmaterials.csv
3607,SPA Capital Services Ltd.,SPACAPS,Finance,Finance - Investment,64.87,sectors\finance.csv
3608,Parsvnath Developers Ltd.,PARSVNATH,Realty,Construction - Real Estate,64.84,sectors\realty.csv
3609,Shree Balaji (Mala) Textiles Ltd.,MALA,Textile,Textile,64.83,sectors\textile.csv
3610,Banas Finance Ltd.,BANASFN,Finance,Finance - NBFC,64.68,sectors\finance.csv
3611,Universal Auto Foundry Ltd.,UNIAUTO,Automobile & Ancillaries,Castings/Forgings,64.66,sectors\automobileancillaries.csv
3612,Bampsl Securities Ltd.,BAMPSL,Finance,Finance - NBFC,64.63,sectors\finance.csv
3613,RKEC Projects Ltd.,RKEC,Infrastructure,Engineering - Construction,64.6,sectors\infrastructure.csv
3614,Sunrise Efficient Marketing Ltd.,SEML,Trading,Trading,64.49,sectors\trading.csv
3615,Mohini Health & Hygiene Ltd.,MHHL,Textile,Textile,64.37,sectors\textile.csv
3616,Delta Manufacturing Ltd.,DELTAMAGNT,Capital Goods,Electric Equipment,64.33,sectors\capitalgoods.csv
3617,Leading Leasing Finance And Investment Co Ltd.,LLFICL,Finance,Finance - NBFC,64.25,sectors\finance.csv
3618,Suntech Infra Solutions Ltd.,SUNTECH,Infrastructure,Engineering - Construction,64.19,sectors\infrastructure.csv
3619,Tanvi Foods (India) Ltd.,TANVI,Fast Moving Consumer Goods,Consumer Food,64.16,sectors\fastmovingconsumergoods.csv
3620,Oceanic Foods Ltd.,OCEANIC,Fast Moving Consumer Goods,Consumer Food,64.13,sectors\fastmovingconsumergoods.csv
3621,Gensol Engineering Ltd.,GENSOL,Infrastructure,Engineering - Construction,64.09,sectors\infrastructure.csv
3622,Royal India Corporation Ltd.,ROYALIND,Diamond & Jewellery,Diamond  &  Jewellery,64.06,sectors\diamondjewellery.csv
3623,Gujarat Toolroom Ltd.,GUJTLRM,Capital Goods,Engineering,64.05,sectors\capitalgoods.csv
3624,AVSL Industries Ltd.,AVSL,Chemicals,Chemicals,63.81,sectors\chemicals.csv
3625,Constronics Infra Ltd.,CONSTRONIC,Infrastructure,Engineering - Construction,63.77,sectors\infrastructure.csv
3626,K2 Infragen Ltd.,K2INFRA,Infrastructure,Engineering - Construction,63.72,sectors\infrastructure.csv
3627,Punjab Communications Ltd.,PUNJCOMMU,Telecom,Telecommunication - Equipment,63.72,sectors\telecom.csv
3628,Capfin India Ltd.,CAPFIN,Finance,Finance - Investment,63.7,sectors\finance.csv
3629,Essex Marine Ltd.,ESSEX,Fast Moving Consumer Goods,Consumer Food,63.7,sectors\fastmovingconsumergoods.csv
3630,Identixweb Ltd.,IDENTIXWEB,Information Technology,IT - Software,63.69,sectors\informationtechnology.csv
3631,Facor Alloys Ltd.,FACORALL,Ferro Manganese,Ferro & Silica Manganese,63.55,sectors\ferromanganese.csv
3632,Real Touch Finance Ltd.,RTFL,Finance,Finance - Investment,63.46,sectors\finance.csv
3633,Jetking Infotrain Ltd.,JETKINGQ,Information Technology,IT - Education,63.41,sectors\informationtechnology.csv
3634,Newjaisa Technologies Ltd.,NEWJAISA,Trading,Trading,63.32,sectors\trading.csv
3635,Teesta Agro Industries Ltd.,TEEAI,Chemicals,Fertilizers,63.31,sectors\chemicals.csv
3636,Edvenswa Enterprises Ltd.,EDVENSWA,Electricals,Electronics - Components,63.14,sectors\electricals.csv
3637,Agri-Tech (India) Ltd.,AGRITECH,Agriculture,Agriculture,63.02,sectors\agriculture.csv
3638,Growington Ventures India Ltd.,GROWINGTON,Hospitality,Travel Services,62.94,sectors\hospitality.csv
3639,Danube Industries Ltd.,DANUBE,Trading,Trading,62.78,sectors\trading.csv
3640,Aris International Ltd.,ARISINT,Information Technology,IT - Software,62.71,sectors\informationtechnology.csv
3641,Atlas Cycles (Haryana) Ltd.,ATLASCYCLE,Automobile & Ancillaries,Cycles,62.7,sectors\automobileancillaries.csv
3642,Adtech Systems Ltd.,ADTECH,Miscellaneous,Miscellaneous,62.64,sectors\miscellaneous.csv
3643,Palred Technologies Ltd.,PALREDTEC,Information Technology,IT - Software,62.63,sectors\informationtechnology.csv
3644,Alcokraft Distilleries Ltd.,ALCODIS,Alcohol,Breweries & Distilleries,62.58,sectors\alcohol.csv
3645,Hariyana Ship Breakers Ltd.,HRYNSHP,Logistics,Shipping,62.56,sectors\logistics.csv
3646,Future Market Networks Ltd.,FMNL,Other,Business Support,62.56,sectors\other.csv
3647,Ema India Ltd.,EMAINDIA,Capital Goods,Engineering - Industrial Equipments,62.46,sectors\capitalgoods.csv
3648,Tahmar Enterprises Ltd.,TAHMARENT,Alcohol,Breweries & Distilleries,62.32,sectors\alcohol.csv
3649,Retina Paints Ltd.,RETINA,Chemicals,Paints,62.22,sectors\chemicals.csv
3650,Restile Ceramics Ltd.,RESTILE,Construction Materials,Ceramics/Marble/Granite/Sanitaryware,62.11,sectors\constructionmaterials.csv
3651,Ceejay Finance Ltd.,CEEJAY,Finance,Finance - NBFC,62.1,sectors\finance.csv
3652,Hind Aluminium Industries Ltd.,HINDALUMI,Non - Ferrous Metals,Aluminium & Aluminium Products,62.09,sectors\nonferrousmetals.csv
3653,Skyline Millars Ltd.,SKYLMILAR,Realty,Construction - Real Estate,61.91,sectors\realty.csv
3654,Paramatrix Technologies Ltd.,PARAMATRIX,Information Technology,IT - Software,61.87,sectors\informationtechnology.csv
3655,Kranti Industries Ltd.,KRANTI,Automobile & Ancillaries,Auto Ancillary,61.86,sectors\automobileancillaries.csv
3656,Transwarranty Finance Ltd.,TFL,Finance,Finance - NBFC,61.84,sectors\finance.csv
3657,Dutron Polymers Ltd.,DUTRON,Plastic Products,Plastic Products,61.77,sectors\plasticproducts.csv
3658,Shanti Spintex Ltd.,SHANTIDENM,Textile,Textile,61.73,sectors\textile.csv
3659,Securekloud Technologies Ltd.,SECURKLOUD,Information Technology,IT - Software,61.54,sectors\informationtechnology.csv
3660,Mishka Exim Ltd.,MISHKA,Trading,Trading,61.51,sectors\trading.csv
3661,Minolta Finance Ltd.,MINOLTAF,Finance,Finance - NBFC,61.5,sectors\finance.csv
3662,Bombay Cycle & Motor Agency Ltd.,BOMBCYC,Automobile & Ancillaries,Automobile Two & Three Wheelers,61.41,sectors\automobileancillaries.csv
3663,Satchmo Holdings Ltd.,SATCH,Realty,Construction - Real Estate,61.4,sectors\realty.csv
3664,Indrayani Biotech Ltd.,INDRANIB,Diversified,Diversified,61.36,sectors\diversified.csv
3665,Ravileela Granites Ltd.,RALEGRA,Construction Materials,Ceramics/Marble/Granite/Sanitaryware,61.35,sectors\constructionmaterials.csv
3666,Grill Splendour Services Ltd.,BIRDYS,Retailing,Retailing,61.26,sectors\retailing.csv
3667,Icon Facilitators Ltd.,ICON,Other,Business Support,61.25,sectors\other.csv
3668,Paramount Speciality Forgings Ltd.,PSFL,Automobile & Ancillaries,Forgings,61.11,sectors\automobileancillaries.csv
3669,MR Maniveni Foods Ltd.,MANIVENI,Fast Moving Consumer Goods,Consumer Food,61.01,sectors\fastmovingconsumergoods.csv
3670,Ceeta Industries Ltd.,CEETAIN,Fast Moving Consumer Goods,Consumer Food,60.88,sectors\fastmovingconsumergoods.csv
3671,Trust Fintech Ltd.,TRUST,Information Technology,IT - Software,60.87,sectors\informationtechnology.csv
3672,Odyssey Corporation Ltd.,ODYCORP,Finance,Finance - Investment,60.86,sectors\finance.csv
3673,Artemis ADR Marketplace Ltd.,ARTEMISADR,Trading,Trading,60.86,sectors\trading.csv
3674,Palco Metals Ltd.,PALCO,Non - Ferrous Metals,Aluminium & Aluminium Products,60.82,sectors\nonferrousmetals.csv
3675,Popular Foundations Ltd.,PFL,Infrastructure,Engineering - Construction,60.73,sectors\infrastructure.csv
3676,Conart Engineers Ltd.,CONART,Infrastructure,Engineering - Construction,60.69,sectors\infrastructure.csv
3677,Dhruva Capital Services Ltd.,DHRUVCA,Finance,Finance - NBFC,60.65,sectors\finance.csv
3678,Elixir Capital Ltd.,ELIXIR,Finance,Finance - Investment,60.54,sectors\finance.csv
3679,F Mec International Financial Services Ltd.,FMEC,Finance,Finance - NBFC,60.54,sectors\finance.csv
3680,Gayatri Sugars Ltd.,GAYATRI,Agriculture,Sugar,60.48,sectors\agriculture.csv
3681,Telogica Ltd.,TELOGICA,Telecom,Telecommunication - Equipment,60.42,sectors\telecom.csv
3682,Arman Holdings Ltd.,ARMAN,Trading,Trading,60.36,sectors\trading.csv
3683,My Money Securities Ltd.,MYMONEY,Finance,Finance - Stock Broking,60.03,sectors\finance.csv
3684,Ganesha Ecoverse Ltd.,GANVERSE,Trading,Trading,60.01,sectors\trading.csv
3685,Odyssey Technologies Ltd.,ODYSSEY,Information Technology,IT - Software,59.97,sectors\informationtechnology.csv
3686,WAA Solar Ltd.,WAA,Power,Power Generation/Distribution,59.97,sectors\power.csv
3687,BLS Infotech Ltd.,BLSINFOTE,Information Technology,IT - Software,59.96,sectors\informationtechnology.csv
3688,RR Metalmakers India Ltd.,RRMETAL,Trading,Trading,59.87,sectors\trading.csv
3689,New Markets Avenue Ltd.,NEWMKTAVE,Information Technology,IT - Software,59.81,sectors\informationtechnology.csv
3690,MAC Hotels Ltd.,MACH,Hospitality,"Hotel, Resort & Restaurants",59.75,sectors\hospitality.csv
3691,Marco Cables & Conductors Ltd.,MARCO,Electricals,Cable,59.74,sectors\electricals.csv
3692,Icodex Publishing Solutions Ltd.,ICODEX,Information Technology,IT - Software,59.73,sectors\informationtechnology.csv
3693,Gayatri Bio Organics Ltd.,GAYATRIBI,Fast Moving Consumer Goods,Consumer Food,59.64,sectors\fastmovingconsumergoods.csv
3694,Lakhotia Polyesters (India) Ltd.,LAKHOTIA,Textile,Textile - Manmade  Fibres,59.6,sectors\textile.csv
3695,Sagarsoft (India) Ltd.,SAGARSOFT,Other,Professional Services,59.45,sectors\other.csv
3696,Dhanalaxmi Roto Spinners Ltd.,DHANROTO,Trading,Trading,59.28,sectors\trading.csv
3697,Bhaskar Agrochemicals Ltd.,BHASKAGR,Chemicals,Pesticides & Agrochemicals,59.26,sectors\chemicals.csv
3698,Kasturi Metal Composite Ltd.,KASTURI,Iron & Steel,Steel & Iron Products,59.25,sectors\ironsteel.csv
3699,Aanjaay Industries Ltd.,KABRADG,Healthcare,Pharmaceuticals & Drugs,59.22,sectors\healthcare.csv
3700,Rudra Gas Enterprise Ltd.,RUDRAGAS,Gas Transmission,Gas Transmission/Marketing,59.2,sectors\gastransmission.csv
3701,Riyaasat Lifestyle Ltd.,RIYAASAT,Textile,Textile,59.09,sectors\textile.csv
3702,Digikore Studios Ltd.,DIGIKORE,Media & Entertainment,"Film Production, Distribution & Entertainment",58.86,sectors\mediaentertainment.csv
3703,ABM International Ltd.,ABMINTLLTD,Trading,Trading,58.74,sectors\trading.csv
3704,HandsOn Global Management (HGM) Ltd.,HGM,Information Technology,BPO/ITeS,58.62,sectors\informationtechnology.csv
3705,Mangal Compusolution Ltd.,MANGALCOMP,Consumer Durables,IT - Hardware,58.51,sectors\consumerdurables.csv
3706,Starlog Enterprises Ltd.,STARLOG,Other,Business Support,58.43,sectors\other.csv
3707,Lamosaic India Ltd.,LAMOSAIC,Trading,Trading,58.41,sectors\trading.csv
3708,Shanmuga Hospital Ltd.,SHANMUGA,Healthcare,Hospital & Healthcare Services,58.39,sectors\healthcare.csv
3709,Supreme Engineering Ltd.,SUPREMEENG,Iron & Steel,Steel & Iron Products,58.24,sectors\ironsteel.csv
3710,BDR Buildcon Ltd.,BDR,Realty,Construction - Real Estate,58.24,sectors\realty.csv
3711,Swati Projects Ltd.,SWATIPRO,Finance,Finance - NBFC,58.23,sectors\finance.csv
3712,Winsome Breweries Ltd.,WINSOMBR,Alcohol,Breweries & Distilleries,58.16,sectors\alcohol.csv
3713,Shentracon Chemicals Ltd.,SHENTRA,Chemicals,Chemicals,58.1,sectors\chemicals.csv
3714,Hardcastle & Waud Manufacturing Company Ltd.,HARDCAS,Chemicals,Chemicals,58.1,sectors\chemicals.csv
3715,Anmol India Ltd.,ANMOL,Trading,Trading,58.05,sectors\trading.csv
3716,Mehul Colours Ltd.,MEHUL,Chemicals,Dyes & Pigments,58.01,sectors\chemicals.csv
3717,3P Land Holdings Ltd.,3PLAND,Finance,Finance - Investment,57.92,sectors\finance.csv
3718,Trescon Ltd.,TRESCON,Agriculture,Floriculture,57.88,sectors\agriculture.csv
3719,Vasundhara Rasayans Ltd.,VRL,Healthcare,Pharmaceuticals & Drugs,57.84,sectors\healthcare.csv
3720,E-Land Apparel Ltd.,ELAND,Textile,Textile,57.54,sectors\textile.csv
3721,Shreeji Translogistics Ltd.,STL,Logistics,Logistics,57.37,sectors\logistics.csv
3722,Capricorn Systems Global Solutions Ltd.,CAPRICORN,Information Technology,IT - Software,57.12,sectors\informationtechnology.csv
3723,Nexxus Petro Industries Ltd.,NEXXUS,Crude Oil,Petrochemicals,56.99,sectors\crudeoil.csv
3724,Synoptics Technologies Ltd.,SYNOPTICS,Trading,Trading,56.9,sectors\trading.csv
3725,Gujarat Poly Electronics Ltd.,GUJARATPOLY,Electricals,Electronics - Components,56.89,sectors\electricals.csv
3726,Arvind Port and Infra Ltd.,ARVINDPORT,Logistics,Shipping,56.69,sectors\logistics.csv
3727,Kiaasa Retail Ltd.,KIAASA,Retailing,Retailing,56.68,sectors\retailing.csv
3728,Unisem Agritech Ltd.,UNISEM,Agriculture,Agriculture,56.66,sectors\agriculture.csv
3729,Share Samadhan Ltd.,SSL,Other,Professional Services,56.6,sectors\other.csv
3730,Genpharmasec Ltd.,GENPHARMA,Trading,Trading,56.48,sectors\trading.csv
3731,Warren Tea Ltd.,WARRENTEA,Agriculture,Tea/Coffee,56.43,sectors\agriculture.csv
3732,Adroit Infotech Ltd.,ADROITINFO,Information Technology,IT - Software,56.35,sectors\informationtechnology.csv
3733,Balkrishna Paper Mills Ltd.,BALKRISHNA,Paper,Paper & Paper Products,56.26,sectors\paper.csv
3734,Shining Tools Ltd.,SHTL,Capital Goods,Engineering - Industrial Equipments,56.1,sectors\capitalgoods.csv
3735,Flex Foods Ltd.,FLEXFO,Fast Moving Consumer Goods,Consumer Food,56.04,sectors\fastmovingconsumergoods.csv
3736,Fortune International Ltd.,FORINTL,Trading,Trading,56.04,sectors\trading.csv
3737,Royale Manor Hotels & Industries Ltd.,RAYALEMA,Hospitality,"Hotel, Resort & Restaurants",56.03,sectors\hospitality.csv
3738,Regis Industries Ltd.,REGIS,Finance,Finance - NBFC,56.01,sectors\finance.csv
3739,Ladderup Finance Ltd.,LADDERUP,Finance,Finance - NBFC,55.98,sectors\finance.csv
3740,Agro Phos India Ltd.,AGROPHOS,Chemicals,Fertilizers,55.41,sectors\chemicals.csv
3741,Aditya Consumer Marketing Ltd.,ACML,Retailing,Retailing,55.24,sectors\retailing.csv
3742,Panth Infinity Ltd.,PANTH,Trading,Trading,55.21,sectors\trading.csv
3743,Perfectpac Ltd.,PERFEPA,Paper,Paper & Paper Products,55.21,sectors\paper.csv
3744,Anubhav Plast Ltd.,ANUBHAV,Iron & Steel,Steel & Iron Products,55,sectors\ironsteel.csv
3745,Apoorva Leasing Finance And Investment Company Ltd,APOORVA,Finance,Finance - Investment,54.93,sectors\finance.csv
3746,Shayona Engineering Ltd.,SHAYONAENG,Automobile & Ancillaries,Castings/Forgings,54.9,sectors\automobileancillaries.csv
3747,Teamo Productions HQ Ltd.,TPHQ,Infrastructure,Engineering - Construction,54.81,sectors\infrastructure.csv
3748,Ramgopal Polytex Ltd.,RAMGOPOLY,Trading,Trading,54.75,sectors\trading.csv
3749,Mantra Capital Ltd.,MANTRA,Finance,Finance - NBFC,54.73,sectors\finance.csv
3750,India Cements Capital Ltd.,INDCEMCAP,Finance,Finance - NBFC,54.63,sectors\finance.csv
3751,Hilltone Software & Gases Ltd.,HILLTONE,Industrials Gases & Fuels,Industrial  Gases & Fuels,54.56,sectors\industrialsgasesfuels.csv
3752,Refractory Shapes Ltd.,REFRACTORY,Capital Goods,Refractories,54.5,sectors\capitalgoods.csv
3753,Supreme Facility Management Ltd.,SFML,Other,Professional Services,54.5,sectors\other.csv
3754,Ansal Properties & Infrastructure Ltd.,ANSALAPI,Realty,Construction - Real Estate,54.46,sectors\realty.csv
3755,Vishal Bearings Ltd.,VISHALBL,Automobile & Ancillaries,Bearings,54.42,sectors\automobileancillaries.csv
3756,Mega Corporation Ltd.,MEGACOR,Finance,Finance - NBFC,54.4,sectors\finance.csv
3757,Shreyas Intermediates Ltd.,SHREYASI,Chemicals,Dyes & Pigments,54.34,sectors\chemicals.csv
3758,Dhansa Labs Ltd.,DHANSA,Chemicals,Pesticides & Agrochemicals,54.08,sectors\chemicals.csv
3759,Jigar Cables Ltd.,JIGAR,Electricals,Cable,54.07,sectors\electricals.csv
3760,Mohite Industries Ltd.,MOHITE,Textile,Textile - Spinning,53.87,sectors\textile.csv
3761,KSR Footwear Ltd.,KSR,Retailing,Footwear,53.81,sectors\retailing.csv
3762,Ansal Buildwell Ltd.,ANSALBU,Realty,Construction - Real Estate,53.75,sectors\realty.csv
3763,SSMD Agrotech India Ltd.,SSMD,Trading,Trading,53.73,sectors\trading.csv
3764,Hybrid Financial Services Ltd.,HYBRIDFIN,Finance,Finance - NBFC,53.72,sectors\finance.csv
3765,Axel Polymers Ltd.,AXELPOLY,Plastic Products,Plastic Products,53.63,sectors\plasticproducts.csv
3766,Naman Industries Proxima Ltd.,NAMAN,Fast Moving Consumer Goods,Household & Personal Products,53.51,sectors\fastmovingconsumergoods.csv
3767,Shlokka Dyes Ltd.,SHLOKKA,Chemicals,Dyes & Pigments,53.46,sectors\chemicals.csv
3768,Krypton Industries Ltd.,KRYPTONQ,Diversified,Diversified,53.38,sectors\diversified.csv
3769,DhanSafal Finserve Ltd.,DHANSAFAL,Finance,Finance - NBFC,53.38,sectors\finance.csv
3770,Malu Paper Mills Ltd.,MALUPAPER,Paper,Paper & Paper Products,53.31,sectors\paper.csv
3771,Sampre Nutritions Ltd.,SAMPRE,Fast Moving Consumer Goods,Consumer Food,53.3,sectors\fastmovingconsumergoods.csv
3772,Hira Automobiles Ltd.,HIRAUTO,Trading,Trading,53.14,sectors\trading.csv
3773,Biofil Chemicals & Pharmaceuticals Ltd.,BIOFILCHEM,Trading,Trading,53.12,sectors\trading.csv
3774,Acrow India Ltd.,ACROW,Trading,Trading,53.11,sectors\trading.csv
3775,Jamshri Realty Ltd.,JAMSHRI,Textile,Textile,53.1,sectors\textile.csv
3776,Suvidhaa Infoserve Ltd.,SUVIDHAA,Information Technology,Fintech,53.08,sectors\informationtechnology.csv
3777,VSF Projects Ltd.,VSFPROJ,Infrastructure,Engineering - Construction,52.98,sectors\infrastructure.csv
3778,MKP Mobility Ltd.,MKPMOB,Textile,Textile - Spinning,52.85,sectors\textile.csv
3779,Pankaj Polymers Ltd.,PANKAJPO,Plastic Products,Plastic Products,52.81,sectors\plasticproducts.csv
3780,Rulka Electricals Ltd.,RULKA,Capital Goods,Electric Equipment,52.81,sectors\capitalgoods.csv
3781,Delta Autocorp Ltd.,DELTIC,Automobile & Ancillaries,Automobile Two & Three Wheelers,52.75,sectors\automobileancillaries.csv
3782,Srestha Finvest Ltd.,SRESTHA,Finance,Finance - Investment,52.73,sectors\finance.csv
3783,Kemistar Corporation Ltd.,KEMISTAR,Trading,Trading,52.71,sectors\trading.csv
3784,Cella Space Ltd.,CELLA,Other,Business Support,52.68,sectors\other.csv
3785,Bheema Cements Ltd.,BHEEMACEM,Construction Materials,Cement & Construction Materials,52.67,sectors\constructionmaterials.csv
3786,Saboo Sodium Chloro Ltd.,SABOOSOD,Fast Moving Consumer Goods,Consumer Food,52.67,sectors\fastmovingconsumergoods.csv
3787,Phaarmasia Ltd.,PHRMASI,Healthcare,Pharmaceuticals & Drugs,52.57,sectors\healthcare.csv
3788,City Crops Agro Ltd.,CCAL,Trading,Trading,52.54,sectors\trading.csv
3789,Nandani Creation Ltd.,JAIPURKURT,Textile,Textile,52.48,sectors\textile.csv
3790,Ultra Wiring Connectivity Systems Ltd.,UWCSL,Electricals,Electronics - Components,52.45,sectors\electricals.csv
3791,Oasis Securities Ltd.,OASISEC,Finance,Finance - NBFC,52.45,sectors\finance.csv
3792,ICDS Ltd.,ICDSLTD,Finance,Finance - NBFC,52.43,sectors\finance.csv
3793,CLC Industries Ltd.,CLCIND,Textile,Textile - Spinning,52.42,sectors\textile.csv
3794,Raj Television Network Ltd.,RAJTV,Media & Entertainment,TV Broadcasting & Software Production,52.38,sectors\mediaentertainment.csv
3795,Aeonx Digital Technology Ltd.,AEONXDIGI,Trading,Trading,52.35,sectors\trading.csv
3796,Victoria Mills Ltd.,VICTMILL,Realty,Construction - Real Estate,52.14,sectors\realty.csv
3797,Phoenix International Ltd.,PHOENXINTL,Fast Moving Consumer Goods,Leather,52.05,sectors\fastmovingconsumergoods.csv
3798,Greenhitech Ventures Ltd.,GVL,Crude Oil,Petrochemicals,51.96,sectors\crudeoil.csv
3799,Anjani Foods Ltd.,ANJANIFOODS,Fast Moving Consumer Goods,Consumer Food,51.96,sectors\fastmovingconsumergoods.csv
3800,Future Consumer Ltd.,FCONSUMER,Retailing,Retailing,51.92,sectors\retailing.csv
3801,Aastamangalam Finance Ltd.,AASTAFIN,Finance,Finance - NBFC,51.91,sectors\finance.csv
3802,Unique Organics Ltd.,UNIQUEO,Agriculture,Solvent  Extraction,51.73,sectors\agriculture.csv
3803,Sodhani Capital Ltd.,SODHACAP,Finance,Finance - Others,51.64,sectors\finance.csv
3804,Rodium Realty Ltd.,RODIUM,Realty,Construction - Real Estate,51.54,sectors\realty.csv
3805,Mapro Industries Ltd.,MAPROIN,Infrastructure,Engineering - Construction,51.47,sectors\infrastructure.csv
3806,Luxury Time Ltd.,LUXURY,Trading,Trading,51.18,sectors\trading.csv
3807,Trom Industries Ltd.,TROM,Infrastructure,Engineering - Construction,50.99,sectors\infrastructure.csv
3808,IB Infotech Enterprises Ltd.,IBINFO,Fast Moving Consumer Goods,Consumer Food,50.96,sectors\fastmovingconsumergoods.csv
3809,Elegant Marbles & Grani Industries Ltd.,ELEMARB,Construction Materials,Ceramics/Marble/Granite/Sanitaryware,50.96,sectors\constructionmaterials.csv
3810,Orchasp Ltd.,ORCHASP,Information Technology,IT - Software,50.92,sectors\informationtechnology.csv
3811,Advance Technoforge Ltd.,ADVTECH,Automobile & Ancillaries,Forgings,50.86,sectors\automobileancillaries.csv
3812,Royal Sense Ltd.,ROYAL,Trading,Trading,50.83,sectors\trading.csv
3813,Cadsys India Ltd.,CADSYS,Information Technology,BPO/ITeS,50.81,sectors\informationtechnology.csv
3814,Mefcom Capital Markets Ltd.,MEFCOMCAP,Finance,Finance - Investment,50.73,sectors\finance.csv
3815,Vivid Mercantile Ltd.,VIVIDM,Realty,Construction - Real Estate,50.73,sectors\realty.csv
3816,Rapid Multimodal Logistics Ltd.,RAPID,Logistics,Logistics,50.69,sectors\logistics.csv
3817,Yash Innoventures Ltd.,YASHINNO,Other,Business Support,50.68,sectors\other.csv
3818,Gabriel Pet Straps Ltd.,GPSL,Fast Moving Consumer Goods,Packaging,50.65,sectors\fastmovingconsumergoods.csv
3819,VMS Industries Ltd.,VMS,Ship Building,Ship Building,50.51,sectors\shipbuilding.csv
3820,The Phosphate Company Ltd.,PHOSPHATE,Chemicals,Fertilizers,50.5,sectors\chemicals.csv
3821,Divyashakti Ltd.,DIVSHKT,Construction Materials,Ceramics/Marble/Granite/Sanitaryware,50.37,sectors\constructionmaterials.csv
3822,Vinny Overseas Ltd.,VINNY,Textile,Textile,50.25,sectors\textile.csv
3823,Country Condo's Ltd.,COUNCODOS,Realty,Construction - Real Estate,50.21,sectors\realty.csv
3824,Safa Systems & Technologies Ltd.,SSTL,Trading,Trading,50.2,sectors\trading.csv
3825,Vruddhi Engineering Works Ltd.,VRUDDHI,Capital Goods,Engineering,50.17,sectors\capitalgoods.csv
3826,Futuristic Solutions Ltd.,FUTSOL,Finance,Finance - NBFC,50.03,sectors\finance.csv
3827,Deccan Transcon Leasing Ltd.,DECCANTRAN,Logistics,Shipping,49.99,sectors\logistics.csv
3828,Solitaire Machine Tools Ltd.,SOLIMAC,Capital Goods,Engineering - Industrial Equipments,49.96,sectors\capitalgoods.csv
3829,Ganga Bath Fittings Ltd.,GANGABATH,Construction Materials,Ceramics/Marble/Granite/Sanitaryware,49.86,sectors\constructionmaterials.csv
3830,Shiva Mills Ltd.,SHIVAMILLS,Textile,Textile,49.86,sectors\textile.csv
3831,ATC Energies System Ltd.,ATCENERGY,Automobile & Ancillaries,Batteries,49.85,sectors\automobileancillaries.csv
3832,Sundaram Multi Pap Ltd.,SUNDARAM,Fast Moving Consumer Goods,Printing & Stationery,49.76,sectors\fastmovingconsumergoods.csv
3833,Blue Coast Hotels Ltd.,BLUECOAST,Hospitality,"Hotel, Resort & Restaurants",49.61,sectors\hospitality.csv
3834,Diligent Industries Ltd.,DILIGENT,Fast Moving Consumer Goods,Edible Oil,49.59,sectors\fastmovingconsumergoods.csv
3835,Ind Bank Housing Ltd.,INDBNK,Finance,Finance - Housing,49.56,sectors\finance.csv
3836,Seacoast Shipping Services Ltd.,SEACOAST,Logistics,Shipping,49.56,sectors\logistics.csv
3837,Ahlada Engineers Ltd.,AHLADA,Capital Goods,Engineering,49.56,sectors\capitalgoods.csv
3838,Cargotrans Maritime Ltd.,CARGOTRANS,Logistics,Logistics,49.45,sectors\logistics.csv
3839,Shree Pacetronix Ltd.,SHREEPAC,Healthcare,Medical Equipment/Supplies/Accessories,49.44,sectors\healthcare.csv
3840,Manugraph India Ltd.,MANUGRAPH,Capital Goods,Engineering - Industrial Equipments,49.36,sectors\capitalgoods.csv
3841,Roopshri Resorts Ltd.,ROOPSHRI,Hospitality,"Hotel, Resort & Restaurants",49.23,sectors\hospitality.csv
3842,Clenon Enterprises Ltd.,CLENON,Electricals,Cable,49.2,sectors\electricals.csv
3843,Tulsyan NEC Ltd.,TULSYAN,Iron & Steel,Steel & Iron Products,49.2,sectors\ironsteel.csv
3844,Pulz Electronics Ltd.,PULZ,Electricals,Electronics - Components,49.18,sectors\electricals.csv
3845,Electro Force (India) Ltd.,EFORCE,Electricals,Electronics - Components,49.14,sectors\electricals.csv
3846,Yash Chemex Ltd.,YASHCHEM,Trading,Trading,49.01,sectors\trading.csv
3847,Vertex Securities Ltd.,VERTEX,Finance,Finance - Stock Broking,49,sectors\finance.csv
3848,Defrail Technologies Ltd.,DEFRAIL,Agriculture,Rubber  Products,48.95,sectors\agriculture.csv
3849,Bulkcorp International Ltd.,BULKCORP,Plastic Products,Plastic Products,48.84,sectors\plasticproducts.csv
3850,SVP Global Textiles Ltd.,SVPGLOB,Textile,Textile,48.83,sectors\textile.csv
3851,TruCap Finance Ltd.,TRU,Finance,Finance Term Lending,48.73,sectors\finance.csv
3852,Sona Machinery Ltd.,SONAMAC,Capital Goods,Engineering - Industrial Equipments,48.72,sectors\capitalgoods.csv
3853,Ecofinity Atomix Ltd.,ECOFINITY,Trading,Trading,48.66,sectors\trading.csv
3854,Polylink Polymers (India) Ltd.,POLYLINK,Chemicals,Chemicals,48.6,sectors\chemicals.csv
3855,Sunsky Logistics Ltd.,SUNSKY,Logistics,Logistics,48.47,sectors\logistics.csv
3856,Graphisads Ltd.,GRAPHISAD,Media & Entertainment,Advertising & Media,48.43,sectors\mediaentertainment.csv
3857,Amrapali Fincap Ltd.,AMRAFIN,Finance,Finance - NBFC,48.41,sectors\finance.csv
3858,Kaizen Agro Infrabuild Ltd.,KAIZENAGRO,Infrastructure,Engineering - Construction,48.33,sectors\infrastructure.csv
3859,SA Tech Software India Ltd.,SATECH,Information Technology,IT - Software,48.25,sectors\informationtechnology.csv
3860,Kontor Space Ltd.,KONTOR,Miscellaneous,Miscellaneous,47.98,sectors\miscellaneous.csv
3861,Kshitij Polyline Ltd.,KSHITIJPOL,Fast Moving Consumer Goods,Printing & Stationery,47.97,sectors\fastmovingconsumergoods.csv
3862,NAM Securities Ltd.,NAM,Finance,Finance - Stock Broking,47.88,sectors\finance.csv
3863,Snehaa Organics Ltd.,SNEHAA,Chemicals,Chemicals,47.84,sectors\chemicals.csv
3864,Priti International Ltd.,PRITI,Construction Materials,Wood & Wood Products,47.79,sectors\constructionmaterials.csv
3865,Rithwik Facility Management Services Ltd.,RITHWIKFMS,Other,Professional Services,47.74,sectors\other.csv
3866,DK Enterprises Global Ltd.,DKEGL,Fast Moving Consumer Goods,Packaging,47.71,sectors\fastmovingconsumergoods.csv
3867,Abha Power And Steel Ltd.,ABHAPOWER,Iron & Steel,Steel & Iron Products,47.68,sectors\ironsteel.csv
3868,Integra Switchgear Ltd.,INTEGSW,Capital Goods,Electric Equipment,47.65,sectors\capitalgoods.csv
3869,Shri Niwas Leasing And Finance Ltd.,SHRINIWAS,Finance,Finance - Investment,47.53,sectors\finance.csv
3870,Arex Industries Ltd.,AREXMIS,Textile,Textile,47.36,sectors\textile.csv
3871,Sacheta Metals Ltd.,SACHEMT,Non - Ferrous Metals,Aluminium & Aluminium Products,47.25,sectors\nonferrousmetals.csv
3872,Continental Securities Ltd.,CSL,Finance,Finance - NBFC,47.25,sectors\finance.csv
3873,Prime Property Development Corporation Ltd.,PRIMEPRO,Realty,Construction - Real Estate,47.09,sectors\realty.csv
3874,GTN Industries Ltd.,GTNINDS,Textile,Textile - Spinning,47.06,sectors\textile.csv
3875,Aureate Tradde Ltd.,AUREATE,Trading,Trading,47.01,sectors\trading.csv
3876,Real Eco-Energy Ltd.,REALECO,Realty,Construction - Real Estate,47,sectors\realty.csv
3877,Karma Energy Ltd.,KARMAENG,Power,Power Generation/Distribution,46.99,sectors\power.csv
3878,We Win Ltd.,WEWIN,Information Technology,BPO/ITeS,46.91,sectors\informationtechnology.csv
3879,Gurunanak Agriculture India Ltd.,GURUNANAK,Capital Goods,Engineering - Industrial Equipments,46.8,sectors\capitalgoods.csv
3880,Rajasthan Tube Manufacturing Company Ltd.,RAJTUBE,Iron & Steel,Steel & Iron Products,46.79,sectors\ironsteel.csv
3881,Archies Ltd.,ARCHIES,Retailing,Retailing,46.79,sectors\retailing.csv
3882,Swashthik Plascon Ltd.,SPL,Plastic Products,Plastic Products,46.72,sectors\plasticproducts.csv
3883,Simandhar Impex Ltd.,SIMANDHAR,Trading,Trading,46.66,sectors\trading.csv
3884,Standard Surfactants Ltd.,STDSFAC,Fast Moving Consumer Goods,Detergents & Soaps,46.64,sectors\fastmovingconsumergoods.csv
3885,Indobell Insulations Ltd.,INDOBELL,Capital Goods,Engineering,46.62,sectors\capitalgoods.csv
3886,Sam Industries Ltd.,SAMINDUS,Infrastructure,Engineering - Construction,46.57,sectors\infrastructure.csv
3887,Starcom Information Technology Ltd.,STARCOM,Information Technology,IT - Software,46.46,sectors\informationtechnology.csv
3888,Moving Media Entertainment Ltd.,MMEL,Other,Business Support,46.45,sectors\other.csv
3889,Royal Cushion Vinyl Products Ltd.,ROYALCU,Plastic Products,Plastic Products,46.25,sectors\plasticproducts.csv
3890,Rose Merc. Ltd.,ROSEMER,Trading,Trading,46.2,sectors\trading.csv
3891,Three M Paper Boards Ltd.,THREEMPAPE,Paper,Paper & Paper Products,46.17,sectors\paper.csv
3892,Spright Agro Ltd.,SPRIGHT,Textile,Textile,46.07,sectors\textile.csv
3893,Sanchay Finvest Ltd.,SANCF,Finance,Finance - Investment,46,sectors\finance.csv
3894,Duke Offshore Ltd.,DUKEOFS,Crude Oil,Oil Exploration,45.89,sectors\crudeoil.csv
3895,Silky Overseas Ltd.,SILKY,Textile,Textile,45.85,sectors\textile.csv
3896,21st Century Management Services Ltd.,21STCENMGM,Finance,Finance - Investment,45.71,sectors\finance.csv
3897,Jupiter Infomedia Ltd.,JUPITERIN,Information Technology,BPO/ITeS,45.6,sectors\informationtechnology.csv
3898,Gayatri Highways Ltd.,GAYAHWS,Infrastructure,Engineering - Construction,45.53,sectors\infrastructure.csv
3899,Dangee Dums Ltd.,DANGEE,Fast Moving Consumer Goods,Consumer Food,45.42,sectors\fastmovingconsumergoods.csv
3900,Srigee DLM Ltd.,SRIGEE,Plastic Products,Plastic Products,45.4,sectors\plasticproducts.csv
3901,Vedavaag Systems Ltd.,VEDAVAAG,Information Technology,IT - Software,45.29,sectors\informationtechnology.csv
3902,Vahh Chemicals Ltd.,VAHH,Chemicals,Chemicals,45.27,sectors\chemicals.csv
3903,India Home Loan Ltd.,INDIAHOME,Finance,Finance - Housing,45.27,sectors\finance.csv
3904,Mask Investments Ltd.,MASKINVEST,Finance,Finance - Investment,45.2,sectors\finance.csv
3905,Bombay Metrics Supply Chain Ltd.,BMETRICS,Retailing,Retailing,45.19,sectors\retailing.csv
3906,Presstonic Engineering Ltd.,PRESSTONIC,Capital Goods,Engineering,45.19,sectors\capitalgoods.csv
3907,Pranik Logistics Ltd.,PRANIK,Logistics,Logistics,45.14,sectors\logistics.csv
3908,Chamunda Electrical Ltd.,CHAMUNDA,Capital Goods,Electric Equipment,45.12,sectors\capitalgoods.csv
3909,CCL International Ltd.,CCLINTER,Infrastructure,Engineering - Construction,45.08,sectors\infrastructure.csv
3910,Italian Edibles Ltd.,ITALIANE,Fast Moving Consumer Goods,Consumer Food,45.07,sectors\fastmovingconsumergoods.csv
3911,Mangalam Drugs And Organics Ltd.,MANGALAM,Healthcare,Pharmaceuticals & Drugs,45.03,sectors\healthcare.csv
3912,Manjeera Constructions Ltd.,MANJEERA,Realty,Construction - Real Estate,45.03,sectors\realty.csv
3913,Infonative Solutions Ltd.,INFONATIVE,Information Technology,IT - Education,45.01,sectors\informationtechnology.csv
3914,Gujarat Craft Industries Ltd.,GUJCRAFT,Plastic Products,Plastic Products,44.97,sectors\plasticproducts.csv
3915,Neptune Logitek Ltd.,NEPLOG,Logistics,Logistics,44.95,sectors\logistics.csv
3916,Dhruv Consultancy Services Ltd.,DHRUV,Other,Engineering Consultancy,44.95,sectors\other.csv
3917,Ambica Agarbathies & Aroma Industries Ltd.,AMBICAAGAR,Fast Moving Consumer Goods,Household & Personal Products,44.94,sectors\fastmovingconsumergoods.csv
3918,Studio LSD Ltd.,STUDIOLSD,Media & Entertainment,"Film Production, Distribution & Entertainment",44.89,sectors\mediaentertainment.csv
3919,Times Green Energy (India) Ltd.,TIMESGREEN,Agriculture,Agriculture,44.87,sectors\agriculture.csv
3920,IFL Enterprises Ltd.,IFL,Trading,Trading,44.82,sectors\trading.csv
3921,Aimco Pesticides Ltd.,AIMCOPEST,Chemicals,Pesticides & Agrochemicals,44.7,sectors\chemicals.csv
3922,Supertech EV Ltd.,SEVL,Automobile & Ancillaries,Automobile Two & Three Wheelers,44.68,sectors\automobileancillaries.csv
3923,Vivo Bio Tech Ltd.,VIVOBIOT,Healthcare,Pharmaceuticals & Drugs,44.6,sectors\healthcare.csv
3924,Incap Ltd.,INCAP,Electricals,Electronics - Components,44.57,sectors\electricals.csv
3925,Vivaa Tradecom Ltd.,VIVAA,Trading,Trading,44.53,sectors\trading.csv
3926,Shubham Polyspin Ltd.,SHUBHAM,Textile,Textile,44.48,sectors\textile.csv
3927,Lerthai Finance Ltd.,LERTHAI,Capital Goods,Refractories,44.45,sectors\capitalgoods.csv
3928,Key Corp Ltd.,KEYCORP,Finance,Finance - NBFC,44.39,sectors\finance.csv
3929,Superior Industrial Enterprises Ltd.,SIEL,Paper,Paper & Paper Products,44.17,sectors\paper.csv
3930,Swastik Pipes Ltd.,SWASTIK,Iron & Steel,Steel & Iron Products,44.14,sectors\ironsteel.csv
3931,Parmax Pharma Ltd.,PARMAX,Healthcare,Pharmaceuticals & Drugs,44.05,sectors\healthcare.csv
3932,Shree Rajasthan Syntex Ltd.,SHRAJSYNQ,Textile,Textile - Manmade  Fibres,44.04,sectors\textile.csv
3933,Ravi Kumar Distilleries Ltd.,RKDL,Alcohol,Breweries & Distilleries,43.97,sectors\alcohol.csv
3934,Caspian Corporate Services Ltd.,CASPIAN,Finance,Finance - Others,43.94,sectors\finance.csv
3935,Sambandam Spinning Mills Ltd.,SAMBANDAM,Textile,Textile - Spinning,43.93,sectors\textile.csv
3936,Chiraharit Ltd.,CHIRAHARIT,Infrastructure,Engineering - Construction,43.89,sectors\infrastructure.csv
3937,Prudential Sugar Corporation Ltd.,PRUDMOULI,Trading,Trading,43.86,sectors\trading.csv
3938,KMS Medisurgi Ltd.,KMSMEDI,Healthcare,Medical Equipment/Supplies/Accessories,43.82,sectors\healthcare.csv
3939,Annvrridhhi Ventures Ltd.,ANVRDHI,Trading,Trading,43.81,sectors\trading.csv
3940,Sofcom Systems Ltd.,SOFCOM,Information Technology,IT - Software,43.79,sectors\informationtechnology.csv
3941,Tirupati Foam Ltd.,TIRUFOAM,Textile,Textile,43.63,sectors\textile.csv
3942,ARC Finance Ltd.,ARCFIN,Finance,Finance - NBFC,43.58,sectors\finance.csv
3943,Morgan Ventures Ltd.,MORGAN,Finance,Finance - NBFC,43.57,sectors\finance.csv
3944,JFL Life Sciences Ltd.,JFLLIFE,Healthcare,Pharmaceuticals & Drugs,43.55,sectors\healthcare.csv
3945,OSIA Hyper Retail Ltd.,OSIAHYPER,Retailing,Retailing,43.53,sectors\retailing.csv
3946,B2B Software Technologies Ltd.,B2BSOFT,Information Technology,IT - Software,43.46,sectors\informationtechnology.csv
3947,AKI India Ltd.,AKI,Fast Moving Consumer Goods,Leather,43.45,sectors\fastmovingconsumergoods.csv
3948,Diana Tea Company Ltd.,DIANATEA,Agriculture,Tea/Coffee,43.43,sectors\agriculture.csv
3949,Baweja Studios Ltd.,BAWEJA,Media & Entertainment,"Film Production, Distribution & Entertainment",43.3,sectors\mediaentertainment.csv
3950,Celebrity Fashions Ltd.,CELEBRITY,Textile,Textile,43.18,sectors\textile.csv
3951,Sai Capital Ltd.,SAICAPI,Finance,Finance - Investment,43.18,sectors\finance.csv
3952,Jindal Hotels Ltd.,JINDHOT,Hospitality,"Hotel, Resort & Restaurants",43.18,sectors\hospitality.csv
3953,Picturehouse Media Ltd.,PICTUREHS,Media & Entertainment,"Film Production, Distribution & Entertainment",43.16,sectors\mediaentertainment.csv
3954,Ruparel Food Products Ltd.,RFL,Finance,Finance - Housing,43.15,sectors\finance.csv
3955,Dhanlaxmi Fabrics Ltd.,DHANFAB,Textile,Textile,43.15,sectors\textile.csv
3956,Kiduja India Ltd.,KIDUJA,Finance,Finance - NBFC,43.06,sectors\finance.csv
3957,Storage Technologies & Automation Ltd.,STAL,Capital Goods,Engineering - Industrial Equipments,43.01,sectors\capitalgoods.csv
3958,Nova Iron & Steel Ltd.,NOVIS,Iron & Steel,Steel & Iron Products,42.97,sectors\ironsteel.csv
3959,Sonu Infratech Ltd.,SONUINFRA,Infrastructure,Engineering - Construction,42.94,sectors\infrastructure.csv
3960,PBM Polytex Ltd.,PBMPOLY,Textile,Textile - Spinning,42.75,sectors\textile.csv
3961,Siti Networks Ltd.,SITINET,Media & Entertainment,TV Broadcasting & Software Production,42.73,sectors\mediaentertainment.csv
3962,Rexpro Enterprises Ltd.,REXPRO,Fast Moving Consumer Goods,Household & Personal Products,42.64,sectors\fastmovingconsumergoods.csv
3963,Shelter Pharma Ltd.,SHELTER,Healthcare,Pharmaceuticals & Drugs,42.43,sectors\healthcare.csv
3964,Vista Pharmaceuticals Ltd.,VISTAPH,Healthcare,Pharmaceuticals & Drugs,42.41,sectors\healthcare.csv
3965,Avax Apparels And Ornaments Ltd.,AVAX,Trading,Trading,42.36,sectors\trading.csv
3966,Golden Tobacco Ltd.,GOLDENTOBC,Fast Moving Consumer Goods,Cigarettes/Tobacco,42.26,sectors\fastmovingconsumergoods.csv
3967,Grameva Ltd.,GRAMEVA,Agriculture,Agriculture,42.23,sectors\agriculture.csv
3968,Jagan Lamps Ltd.,JAGANLAM,Automobile & Ancillaries,Auto Ancillary,42.1,sectors\automobileancillaries.csv
3969,Lakshmi Finance & Industrial Corporation Ltd.,LFIC,Finance,Finance - NBFC,42.06,sectors\finance.csv
3970,Spectrum Foods Ltd.,SPECFOOD,Fast Moving Consumer Goods,Consumer Food,42.06,sectors\fastmovingconsumergoods.csv
3971,Austere Systems Ltd.,AUSTERE,Information Technology,IT - Software,42.02,sectors\informationtechnology.csv
3972,PAN HR Solution Ltd.,PANHR,Other,Professional Services,42,sectors\other.csv
3973,Netlink Solutions (India) Ltd.,NETLINK,Information Technology,IT - Software,41.88,sectors\informationtechnology.csv
3974,Sita Enterprises Ltd.,SITAENT,Finance,Finance - NBFC,41.7,sectors\finance.csv
3975,Vinit Mobile Ltd.,VMOBILE,Retailing,Retailing,41.65,sectors\retailing.csv
3976,Dhanlaxmi Crop Science Ltd.,DHANLAXMI,Agriculture,Agriculture,41.64,sectors\agriculture.csv
3977,Source Industries (India) Ltd.,SOURCEIND,Textile,Textile,41.64,sectors\textile.csv
3978,Rajnish Wellness Ltd.,RAJNISH,Healthcare,Pharmaceuticals & Drugs,41.63,sectors\healthcare.csv
3979,Rolcon Engineering Company Ltd.,ROLCOEN,Capital Goods,Engineering - Industrial Equipments,41.58,sectors\capitalgoods.csv
3980,Tamilnadu Telecommunications Ltd.,TNTELE,Electricals,Cable,41.57,sectors\electricals.csv
3981,Ad-Manum Finance Ltd.,ADMANUM,Finance,Finance - NBFC,41.5,sectors\finance.csv
3982,Akash Infra-Projects Ltd.,AKASH,Infrastructure,Engineering - Construction,41.48,sectors\infrastructure.csv
3983,Rekvina Laboratories Ltd.,VINRKLB,Trading,Trading,41.44,sectors\trading.csv
3984,Nirmitee Robotics India Ltd.,NIRMITEE,Other,Professional Services,41.41,sectors\other.csv
3985,Jain Irrigation Systems Ltd. (DVR),JISLDVREQS,Plastic Products,Plastic Products,41.33,sectors\plasticproducts.csv
3986,Auri Grow India Ltd.,AURIGROW,Capital Goods,Engineering - Industrial Equipments,41.33,sectors\capitalgoods.csv
3987,Salem Erode Investments Ltd.,SALEM,Finance,Finance - NBFC,41.22,sectors\finance.csv
3988,Cybele Industries Ltd.,CYBELEIND,Electricals,Cable,41.09,sectors\electricals.csv
3989,Kaushalya Logistics Ltd.,KLL,Logistics,Logistics,41.04,sectors\logistics.csv
3990,ANG Lifesciences India Ltd.,ANG,Healthcare,Pharmaceuticals & Drugs,41.03,sectors\healthcare.csv
3991,Atma Industries Ltd.,ATMAIND,Trading,Trading,41,sectors\trading.csv
3992,Sarup Industries Ltd.,SARUPINDUS,Retailing,Footwear,40.96,sectors\retailing.csv
3993,Simplex Realty Ltd.,SIMPLXREA,Realty,Construction - Real Estate,40.94,sectors\realty.csv
3994,Wires & Fabriks (S.A.) Ltd.,WIREFABR,Textile,Textile,40.94,sectors\textile.csv
3995,HB Stockholdings Ltd.,HBSL,Finance,Finance - NBFC,40.94,sectors\finance.csv
3996,Zodiac-JRD-MKJ Ltd.,ZODJRDMKJ,Diamond & Jewellery,Diamond  &  Jewellery,40.94,sectors\diamondjewellery.csv
3997,Aatmaj Healthcare Ltd.,AATMAJ,Healthcare,Hospital & Healthcare Services,40.91,sectors\healthcare.csv
3998,Vivimed Labs Ltd.,VIVIMEDLAB,Healthcare,Pharmaceuticals & Drugs,40.88,sectors\healthcare.csv
3999,Camex Ltd.,CAMEXLTD,Chemicals,Dyes & Pigments,40.87,sectors\chemicals.csv
4000,Pentagon Rubber Ltd.,PENTAGON,Agriculture,Rubber  Products,40.79,sectors\agriculture.csv
4001,NewMalayalam Steel Ltd.,NMSTEEL,Iron & Steel,Steel & Iron Products,40.71,sectors\ironsteel.csv
4002,Sri KPR Industries Ltd.,SRIKPRIND,Power,Power Generation/Distribution,40.71,sectors\power.csv
4003,Walchand Peoplefirst Ltd.,WALCHPF,Finance,Finance - Investment,40.68,sectors\finance.csv
4004,Bang Overseas Ltd.,BANG,Textile,Textile,40.68,sectors\textile.csv
4005,Modern Engineering And Projects Ltd.,MEAPL,Infrastructure,Engineering - Construction,40.63,sectors\infrastructure.csv
4006,SM Auto Stamping Ltd.,SMAUTO,Automobile & Ancillaries,Auto Ancillary,40.63,sectors\automobileancillaries.csv
4007,VL Infraprojects Ltd.,VLINFRA,Infrastructure,Engineering - Construction,40.62,sectors\infrastructure.csv
4008,Lee & Nee Softwares (Exports) Ltd.,LEENEE,Information Technology,IT - Software,40.6,sectors\informationtechnology.csv
4009,Raghuvansh Agrofarms Ltd.,RAFL,Agriculture,Agriculture,40.58,sectors\agriculture.csv
4010,Crestchem Ltd.,CRSTCHM,Chemicals,Chemicals,40.55,sectors\chemicals.csv
4011,Grand Foundry Ltd.,GFSTEELS,Iron & Steel,Steel & Iron Products,40.53,sectors\ironsteel.csv
4012,Sagardeep Alloys Ltd.,SAGARDEEP,Non - Ferrous Metals,Metal - Non Ferrous,40.44,sectors\nonferrousmetals.csv
4013,HP Cotton Textile Mills Ltd.,HPCOTTON,Textile,Textile,40.42,sectors\textile.csv
4014,Mittal Life Style Ltd.,MITTAL,Trading,Trading,40.4,sectors\trading.csv
4015,Austin Engineering Company Ltd.,AUSTENG,Automobile & Ancillaries,Bearings,40.39,sectors\automobileancillaries.csv
4016,PCS Technology Ltd.,PCS,Consumer Durables,IT - Hardware,40.33,sectors\consumerdurables.csv
4017,Sugal & Damani Share Brokers Ltd.,SUGALDAM,Finance,Finance - Stock Broking,40.31,sectors\finance.csv
4018,Roni Households Ltd.,RONI,Trading,Trading,40.23,sectors\trading.csv
4019,Happy Square Outsourcing Services Ltd.,WHITEFORCE,Other,Professional Services,40.2,sectors\other.csv
4020,Metal Coatings (India) Ltd.,METALCO,Iron & Steel,Steel & Iron Products,40.11,sectors\ironsteel.csv
4021,Amalgamated Electricity Company Ltd.,AMALGAM,Power,Power Generation/Distribution,40.01,sectors\power.csv
4022,Guru Krupa Gems And Jewellery Ltd.,GKL,Trading,Trading,39.91,sectors\trading.csv
4023,Dhatre Udyog Ltd.,DHATRE,Iron & Steel,Steel & Iron Products,39.88,sectors\ironsteel.csv
4024,Amkay Products Ltd.,AMKAY,Healthcare,Medical Equipment/Supplies/Accessories,39.82,sectors\healthcare.csv
4025,Liotech Industries Ltd.,LIOTECH,Capital Goods,Engineering - Industrial Equipments,39.78,sectors\capitalgoods.csv
4026,Minal Industries Ltd.,MINALIND,Trading,Trading,39.72,sectors\trading.csv
4027,Esha Media Research Ltd.,ESHAMEDIA,Media & Entertainment,TV Broadcasting & Software Production,39.71,sectors\mediaentertainment.csv
4028,Star Housing Finance Ltd.,STARHFL,Finance,Finance - Housing,39.64,sectors\finance.csv
4029,Orient Beverages Ltd.,ORIBEVER,Fast Moving Consumer Goods,Consumer Food,39.5,sectors\fastmovingconsumergoods.csv
4030,Helloji Holidays Ltd.,HELLOJI,Hospitality,Travel Services,39.43,sectors\hospitality.csv
4031,Modipon Ltd.,MODIPON,Miscellaneous,Miscellaneous,39.42,sectors\miscellaneous.csv
4032,Welcast Steels Ltd.,ZWELCAST,Automobile & Ancillaries,Castings/Forgings,39.4,sectors\automobileancillaries.csv
4033,Faalcon Concepts Ltd.,FAALCON,Infrastructure,Engineering - Construction,39.38,sectors\infrastructure.csv
4034,Toyam Sports Ltd.,TOYAMSL,Other,Professional Services,39.29,sectors\other.csv
4035,Mohit Paper Mills Ltd.,MOHITPPR,Paper,Paper & Paper Products,39.19,sectors\paper.csv
4036,Aro Granite Industries Ltd.,AROGRANITE,Construction Materials,Ceramics/Marble/Granite/Sanitaryware,39.14,sectors\constructionmaterials.csv
4037,Ansal Housing Ltd.,ANSALHSG,Realty,Construction - Real Estate,39.14,sectors\realty.csv
4038,Madhucon Projects Ltd.,MADHUCON,Infrastructure,Engineering - Construction,39.11,sectors\infrastructure.csv
4039,Gothi Plascon (India) Ltd.,GOTHIPL,Realty,Construction - Real Estate,38.92,sectors\realty.csv
4040,ARC Insulation & Insulators Ltd.,ARCIIL,Plastic Products,Plastic Products,38.92,sectors\plasticproducts.csv
4041,Victory Electric Vehicles International Ltd.,VICTORYEV,Automobile & Ancillaries,Automobile Two & Three Wheelers,38.91,sectors\automobileancillaries.csv
4042,SVC Industries Ltd.,SVCIND,Crude Oil,Petrochemicals,38.82,sectors\crudeoil.csv
4043,Sri Ramakrishna Mills (Coimbatore) Ltd.,SRMCL,Textile,Textile - Spinning,38.81,sectors\textile.csv
4044,Rasandik Engineering Industries India Ltd.,RASANDIK,Automobile & Ancillaries,Auto Ancillary,38.78,sectors\automobileancillaries.csv
4045,Archidply Decor Ltd.,ADL,Construction Materials,Wood & Wood Products,38.71,sectors\constructionmaterials.csv
4046,Eighty Jewellers Ltd.,EIGHTY,Diamond & Jewellery,Diamond  &  Jewellery,38.66,sectors\diamondjewellery.csv
4047,Vera Synthetic Ltd.,VERA,Textile,Textile,38.62,sectors\textile.csv
4048,Sainik Finance & Industries Ltd.,SAINIK,Finance,Finance - NBFC,38.57,sectors\finance.csv
4049,Artefact Projects Ltd.,ARTEFACT,Other,Engineering Consultancy,38.56,sectors\other.csv
4050,Gokak Textiles Ltd.,GOKAKTEX,Textile,Textile,38.55,sectors\textile.csv
4051,Sundrex Oil Company Ltd.,SOCL,Automobile & Ancillaries,Lubricants,38.51,sectors\automobileancillaries.csv
4052,Goldline Pharmaceutical Ltd.,GLPL,Healthcare,Pharmaceuticals & Drugs,38.49,sectors\healthcare.csv
4053,Rasi Electrodes Ltd.,RASIELEC,Capital Goods,Electrodes & Welding Equipment,38.45,sectors\capitalgoods.csv
4054,Evans Electric Ltd.,EVANS,Other,Business Support,38.42,sectors\other.csv
4055,Homesfy Realty Ltd.,HOMESFY,Realty,Construction - Real Estate,38.41,sectors\realty.csv
4056,Homre Ltd.,HOM,Information Technology,BPO/ITeS,38.38,sectors\informationtechnology.csv
4057,Shiva Global Agro Industries Ltd.,SHIVAAGRO,Chemicals,Fertilizers,38.37,sectors\chemicals.csv
4058,Nanavati Ventures Ltd.,NVENTURES,Trading,Trading,38.35,sectors\trading.csv
4059,Alfavision Overseas (India) Ltd.,ALFAVIO,Agriculture,Agriculture,38.3,sectors\agriculture.csv
4060,Roopa Industries Ltd.,ROOPAIND,Healthcare,Pharmaceuticals & Drugs,38.28,sectors\healthcare.csv
4061,Krishna Ventures Ltd.,KRISHNA,Trading,Trading,38.23,sectors\trading.csv
4062,Shaival Reality Ltd.,SHAIVAL,Realty,Construction - Real Estate,38.19,sectors\realty.csv
4063,Relicab Cable Manufacturing Ltd.,RELICAB,Electricals,Cable,38.18,sectors\electricals.csv
4064,Oriental Trimex Ltd.,ORIENTALTL,Construction Materials,Ceramics/Marble/Granite/Sanitaryware,38.15,sectors\constructionmaterials.csv
4065,Vishwas Agri Seeds Ltd.,VISHWAS,Agriculture,Agriculture,38.15,sectors\agriculture.csv
4066,Unilex Colours And Chemicals Ltd.,UNILEX,Chemicals,Dyes & Pigments,38.13,sectors\chemicals.csv
4067,Lasa Supergenerics Ltd.,LASA,Healthcare,Pharmaceuticals & Drugs,38.03,sectors\healthcare.csv
4068,Felix Global Venture Ltd.,TATIAGLOB,Textile,Textile,37.91,sectors\textile.csv
4069,NG Industries Ltd.,NGIND,Healthcare,Hospital & Healthcare Services,37.86,sectors\healthcare.csv
4070,CFSL Ltd.,CUBIFIN,Finance,Finance - NBFC,37.86,sectors\finance.csv
4071,Toss the Coin Ltd.,TTC,Other,Business Support,37.78,sectors\other.csv
4072,Manoj Jewellers Ltd.,MANOJJEWEL,Retailing,Retailing,37.74,sectors\retailing.csv
4073,Shakti Press Ltd.,SHAKTIPR,Media & Entertainment,Printing And Publishing,37.74,sectors\mediaentertainment.csv
4074,Umiya Tubes Ltd.,UMIYA,Iron & Steel,Steel & Iron Products,37.7,sectors\ironsteel.csv
4075,LGT Global Hospitality Ltd.,LGT,Hospitality,Travel Services,37.68,sectors\hospitality.csv
4076,KG Denim Ltd.,KGDENIM,Textile,Textile - Weaving,37.66,sectors\textile.csv
4077,Jivial Industries Ltd.,JIVIAL,Non - Ferrous Metals,Aluminium & Aluminium Products,37.65,sectors\nonferrousmetals.csv
4078,Chandra Bhagat Pharma Ltd.,CBPL,Healthcare,Pharmaceuticals & Drugs,37.65,sectors\healthcare.csv
4079,Rajnandini Fashion India Ltd.,RFIL,Textile,Textile,37.64,sectors\textile.csv
4080,Shipwaves Online Ltd.,SHIPWAVES,Logistics,Logistics,37.64,sectors\logistics.csv
4081,EL Forge Ltd.,ELFORGE,Automobile & Ancillaries,Forgings,37.6,sectors\automobileancillaries.csv
4082,Surbhi Industries Ltd.,SURBHIN,Textile,Textile,37.57,sectors\textile.csv
4083,Prima Innovation Ltd.,PRIMAINNO,Plastic Products,Plastic Products,37.4,sectors\plasticproducts.csv
4084,Ram Info Ltd.,RAMINFO,Information Technology,IT - Software,37.32,sectors\informationtechnology.csv
4085,Prolife Industries Ltd.,PROLIFE,Chemicals,Dyes & Pigments,37.24,sectors\chemicals.csv
4086,Yug Decor Ltd.,YUG,Chemicals,Chemicals,37.22,sectors\chemicals.csv
4087,Yaan Enterprises Ltd.,YAANENT,Hospitality,Travel Services,37.2,sectors\hospitality.csv
4088,Stanbik Agro Ltd.,STANBIK,Trading,Trading,37.18,sectors\trading.csv
4089,Morarjee Textiles Ltd.,MORARJEE,Textile,Textile - Weaving,37.1,sectors\textile.csv
4090,Accedere Ltd.,Accedere,Information Technology,IT - Software,37.07,sectors\informationtechnology.csv
4091,Prism Medico and Pharmacy Ltd.,PRISMMEDI,Trading,Trading,37.01,sectors\trading.csv
4092,Swojas Foods Ltd.,SWOJAS,Fast Moving Consumer Goods,Consumer Food,37,sectors\fastmovingconsumergoods.csv
4093,Kabsons Industries Ltd.,KABSON,Trading,Trading,36.99,sectors\trading.csv
4094,National Plastic Industries Ltd.,NATPLAS,Plastic Products,Plastic Products,36.77,sectors\plasticproducts.csv
4095,USG Tech Solutions Ltd.,USGTECH,Information Technology,IT - Software,36.69,sectors\informationtechnology.csv
4096,MM Rubber Company Ltd.,MMRUBBR-B,Agriculture,Rubber  Products,36.43,sectors\agriculture.csv
4097,Ajcon Global Services Ltd.,AJCON,Finance,Finance - Investment,36.39,sectors\finance.csv
4098,Bhanderi Infracon Ltd.,BHANDERI,Realty,Construction - Real Estate,36.35,sectors\realty.csv
4099,Baba Food Processing (India) Ltd.,BABAFP,Fast Moving Consumer Goods,Consumer Food,36.24,sectors\fastmovingconsumergoods.csv
4100,Rajnish Retail Ltd.,RRETAIL,Trading,Trading,36.21,sectors\trading.csv
4101,Sanwaria Consumer Ltd.,SANWARIA,Fast Moving Consumer Goods,Edible Oil,36.07,sectors\fastmovingconsumergoods.csv
4102,Glance Finance Ltd.,GLANCE,Finance,Finance - NBFC,36.06,sectors\finance.csv
4103,Khyati Global Ventures Ltd.,KGVL,Trading,Trading,35.98,sectors\trading.csv
4104,Shoora Designs Ltd.,SHOORA,Trading,Trading,35.93,sectors\trading.csv
4105,Vadivarhe Speciality Chemicals Ltd.,VSCL,Chemicals,Chemicals,35.85,sectors\chemicals.csv
4106,Misquita Engineering Ltd.,MISQUITA,Capital Goods,Engineering - Industrial Equipments,35.82,sectors\capitalgoods.csv
4107,Poddar Housing and Development Ltd.,PODDARHOUS,Realty,Construction - Real Estate,35.76,sectors\realty.csv
4108,Sandu Pharmaceuticals Ltd.,SANDUPHQ,Healthcare,Pharmaceuticals & Drugs,35.71,sectors\healthcare.csv
4109,Anjani Synthetics Ltd.,ANJANI,Textile,Textile,35.7,sectors\textile.csv
4110,Yuranus Infrastructure Ltd.,YURANUS,Trading,Trading,35.68,sectors\trading.csv
4111,Deem Roll-Tech Ltd.,DEEM,Iron & Steel,Steel & Iron Products,35.68,sectors\ironsteel.csv
4112,Alfa Transformers Ltd.,ALFATRAN,Capital Goods,Electric Equipment,35.65,sectors\capitalgoods.csv
4113,LEX Nimble Solutions Ltd.,LEX,Information Technology,IT - Software,35.62,sectors\informationtechnology.csv
4114,Galactico Corporate Services Ltd.,GALACTICO,Finance,Finance - Investment,35.56,sectors\finance.csv
4115,Kalyan Capitals Ltd.,KALYANCAP,Finance,Finance - NBFC,35.5,sectors\finance.csv
4116,Spinaroo Commercial Ltd.,SPINAROO,Fast Moving Consumer Goods,Packaging,35.5,sectors\fastmovingconsumergoods.csv
4117,Anupam Finserv Ltd.,ANUPAM,Finance,Finance - NBFC,35.49,sectors\finance.csv
4118,Supra Trends Ltd.,SUPRATRE,Finance,Finance - NBFC,35.49,sectors\finance.csv
4119,Nuway Organic Naturals India Ltd.,NUWAY,Fast Moving Consumer Goods,Household & Personal Products,35.46,sectors\fastmovingconsumergoods.csv
4120,Manav Infra Projects Ltd.,MANAV,Infrastructure,Engineering - Construction,35.4,sectors\infrastructure.csv
4121,Poona Dal & Oil Industries Ltd.,POONADAL,Fast Moving Consumer Goods,Edible Oil,35.39,sectors\fastmovingconsumergoods.csv
4122,Vapi Enterprise Ltd.,VAPIENTER,Paper,Paper & Paper Products,35.35,sectors\paper.csv
4123,Alfa Ica (India) Ltd.,ALFAICA,Construction Materials,Laminates/Decoratives,35.31,sectors\constructionmaterials.csv
4124,JMJ Fintech Ltd.,JMJFIN,Finance,Finance - NBFC,35.31,sectors\finance.csv
4125,GSS Infotech Ltd.,GSS,Information Technology,IT - Software,35.31,sectors\informationtechnology.csv
4126,Informed Technologies India Ltd.,INFORTEC,Information Technology,BPO/ITeS,35.21,sectors\informationtechnology.csv
4127,Suryaamba Spinning Mills Ltd.,SURYAAMBA,Textile,Textile - Spinning,35.18,sectors\textile.csv
4128,Relic Technologies Ltd.,RELICTEC,Finance,Finance - Stock Broking,35.11,sectors\finance.csv
4129,Bridge Securities Ltd.,BRIDGESE,Finance,Finance - Investment,34.99,sectors\finance.csv
4130,Mahip Industries Ltd.,MAHIP,Paper,Paper & Paper Products,34.94,sectors\paper.csv
4131,Bhatia Colour Chem Ltd.,BCCL,Chemicals,Chemicals,34.94,sectors\chemicals.csv
4132,BSEL Algo Ltd.,BSELALGO,Realty,Construction - Real Estate,34.91,sectors\realty.csv
4133,NK Industries Ltd.,NKIND,Fast Moving Consumer Goods,Edible Oil,34.68,sectors\fastmovingconsumergoods.csv
4134,Ashoka Metcast Ltd.,ASHOKAMET,Trading,Trading,34.62,sectors\trading.csv
4135,Tusaldah Ltd.,TUSALDAH,Trading,Trading,34.61,sectors\trading.csv
4136,Jindal Leasefin Ltd.,JLL,Finance,Finance - Investment,34.45,sectors\finance.csv
4137,Acceleratebs India Ltd.,ACCELERATE,Information Technology,IT - Software,34.45,sectors\informationtechnology.csv
4138,Sunil Industries Ltd.,SUNILTX,Textile,Textile,34.4,sectors\textile.csv
4139,IEC Education Ltd.,IECEDU,Information Technology,IT - Education,34.34,sectors\informationtechnology.csv
4140,Shri Kanha Stainless Ltd.,SHRIKANHA,Iron & Steel,Steel & Iron Products,34.28,sectors\ironsteel.csv
4141,Duropack Ltd.,DUROPACK,Plastic Products,Plastic Products,34.27,sectors\plasticproducts.csv
4142,Innovatus Entertainment Networks Ltd.,INNOVATUS,Other,Professional Services,34.25,sectors\other.csv
4143,Sunrest Lifescience Ltd.,SUNREST,Trading,Trading,34.24,sectors\trading.csv
4144,Dindigul Farm Product Ltd.,DFPL,Fast Moving Consumer Goods,Consumer Food,34.2,sectors\fastmovingconsumergoods.csv
4145,Saven Technologies Ltd.,7TEC,Information Technology,IT - Software,34.19,sectors\informationtechnology.csv
4146,RSC International Ltd.,RSCINT,Trading,Trading,34.18,sectors\trading.csv
4147,MSL Global Ltd.,MSLGLOBAL,Finance,Finance - Investment,34.14,sectors\finance.csv
4148,Srichakra Cement Ltd.,SRICC,Construction Materials,Cement & Construction Materials,34.12,sectors\constructionmaterials.csv
4149,Cyber Media (India) Ltd.,CYBERMEDIA,Media & Entertainment,Printing And Publishing,34.09,sectors\mediaentertainment.csv
4150,Pan India Corporation Ltd.,PANINDIAC,Finance,Finance - Investment,34.07,sectors\finance.csv
4151,Carnation Industries Ltd.,CARNATIN,Automobile & Ancillaries,Castings/Forgings,33.97,sectors\automobileancillaries.csv
4152,Innovative Tech Pack Ltd.,INNOVTEC,Plastic Products,Plastic Products,33.94,sectors\plasticproducts.csv
4153,Shreeshay Engineers Ltd.,SHREESHAY,Infrastructure,Engineering - Construction,33.93,sectors\infrastructure.csv
4154,ABC India Ltd.,ABCINDQ,Logistics,Logistics,33.89,sectors\logistics.csv
4155,Medi-Caps Ltd.,MEDICAPQ,Chemicals,Chemicals,33.78,sectors\chemicals.csv
4156,Seya Industries Ltd.,SEYAIND,Chemicals,Chemicals,33.74,sectors\chemicals.csv
4157,Valson Industries Ltd.,VALSONQ,Textile,Textile - Spinning,33.71,sectors\textile.csv
4158,Quadrant Televentures Ltd.,QUADRANT,Telecom,Telecommunication - Equipment,33.67,sectors\telecom.csv
4159,Mohit Industries Ltd.,MOHITIND,Textile,Textile,33.61,sectors\textile.csv
4160,Kanishk Aluminium India Ltd.,KANISHK,Non - Ferrous Metals,Aluminium & Aluminium Products,33.6,sectors\nonferrousmetals.csv
4161,Ravalgaon Sugar Farm Ltd.,RAVALSUGAR,Fast Moving Consumer Goods,Consumer Food,33.55,sectors\fastmovingconsumergoods.csv
4162,3B Films Ltd.,3BFILMS,Fast Moving Consumer Goods,Packaging,33.54,sectors\fastmovingconsumergoods.csv
4163,Swasti Vinayaka Synthetics Ltd.,SWASTIVI,Textile,Textile,33.3,sectors\textile.csv
4164,Dynamic Industries Ltd.,DYNAMIND,Chemicals,Dyes & Pigments,33.21,sectors\chemicals.csv
4165,Parle Industries Ltd.,PARLEIND,Realty,Construction - Real Estate,33.21,sectors\realty.csv
4166,Inland Printers Ltd.,INLANPR,Media & Entertainment,Printing And Publishing,33.17,sectors\mediaentertainment.csv
4167,Trident Texofab Ltd.,TTFL,Textile,Textile,33.11,sectors\textile.csv
4168,Jai Mata Glass Ltd.,JAIMATAG,Construction Materials,Glass,33.1,sectors\constructionmaterials.csv
4169,Jaihind Industries Ltd.,JAIHIND,Trading,Trading,33.09,sectors\trading.csv
4170,GDL Leasing & Finance Ltd.,GDLLEAS,Finance,Finance - NBFC,33.07,sectors\finance.csv
4171,Akshar Spintex Ltd.,AKSHAR,Textile,Textile,33.07,sectors\textile.csv
4172,Comrade Appliances Ltd.,COMRADE,Consumer Durables,Consumer Durables - Domestic Appliances,33.06,sectors\consumerdurables.csv
4173,Pecos Hotels and Pubs Ltd.,PECOS,Hospitality,Restaurants,33.01,sectors\hospitality.csv
4174,Chambal Breweries & Distilleries Ltd.,CHMBBRW,Trading,Trading,33,sectors\trading.csv
4175,Associated Ceramics Ltd.,ASSOCER,Capital Goods,Refractories,32.89,sectors\capitalgoods.csv
4176,HRH Next Services Ltd.,HRHNEXT,Information Technology,BPO/ITeS,32.88,sectors\informationtechnology.csv
4177,G.G. Dandekar Properties Ltd.,GGDPROP,Capital Goods,Engineering - Industrial Equipments,32.85,sectors\capitalgoods.csv
4178,Kay Power and Paper Ltd.,KAYPOWR,Paper,Paper & Paper Products,32.84,sectors\paper.csv
4179,Panjon Ltd.,PANJON,Healthcare,Pharmaceuticals & Drugs,32.77,sectors\healthcare.csv
4180,GKB Ophthalmics Ltd.,GKB,Healthcare,Medical Equipment/Supplies/Accessories,32.76,sectors\healthcare.csv
4181,Walpar Nutritions Ltd.,WALPAR,Healthcare,Pharmaceuticals & Drugs,32.73,sectors\healthcare.csv
4182,Pace E-Commerce Ventures Ltd.,PACE,Information Technology,e-Commerce,32.67,sectors\informationtechnology.csv
4183,Spenta International Ltd.,SPENTA,Textile,Textile,32.65,sectors\textile.csv
4184,Yamini Investments Ltd.,YAMNINV,Finance,Finance - Investment,32.6,sectors\finance.csv
4185,Amit Securities Ltd.,AMITSEC,Trading,Trading,32.59,sectors\trading.csv
4186,Kaiser Corporation Ltd.,KACL,Plastic Products,Plastic Products,32.57,sectors\plasticproducts.csv
4187,Kretto Syscon Ltd.,KRETTOSYS,Healthcare,Medical Equipment/Supplies/Accessories,32.51,sectors\healthcare.csv
4188,Arnold Holdings Ltd.,ARNOLD,Finance,Finance - NBFC,32.5,sectors\finance.csv
4189,Swasti Vinayaka Art & Heritage Corporation Ltd.,SVARTCORP,Other,Business Support,32.49,sectors\other.csv
4190,Bandaram Pharma Packtech Ltd.,BANDARAM,Healthcare,Pharmaceuticals & Drugs,32.44,sectors\healthcare.csv
4191,Keerthi Industries Ltd.,KEERTHI,Construction Materials,Cement & Construction Materials,32.44,sectors\constructionmaterials.csv
4192,Vantage Knowledge Academy Ltd.,VKAL,Other,Educational Institutions,32.44,sectors\other.csv
4193,Nettlinx Ltd.,NETTLINX,Information Technology,IT - Software,32.42,sectors\informationtechnology.csv
4194,Deccan Health Care Ltd.,DECCAN,Healthcare,Pharmaceuticals & Drugs,32.4,sectors\healthcare.csv
4195,Hipolin Ltd.,HIPOLIN,Fast Moving Consumer Goods,Detergents & Soaps,32.35,sectors\fastmovingconsumergoods.csv
4196,Arigato Universe Ltd.,ARIGATO,Capital Goods,Engineering - Industrial Equipments,32.31,sectors\capitalgoods.csv
4197,MCON Rasayan India Ltd.,MCON,Chemicals,Chemicals,32.28,sectors\chemicals.csv
4198,KK Fincorp Ltd.,KKFIN,Finance,Finance - NBFC,32.27,sectors\finance.csv
4199,Impex Ferro Tech Ltd.,IMPEXFERRO,Ferro Manganese,Ferro & Silica Manganese,32.27,sectors\ferromanganese.csv
4200,Sampat Aluminium Ltd.,SAMPAT,Non - Ferrous Metals,Aluminium & Aluminium Products,32.23,sectors\nonferrousmetals.csv
4201,TeleCanor Global Ltd.,TELECANOR,Information Technology,BPO/ITeS,32.19,sectors\informationtechnology.csv
4202,Madhav Marbles And Granites Ltd.,MADHAV,Construction Materials,Ceramics/Marble/Granite/Sanitaryware,32.12,sectors\constructionmaterials.csv
4203,Gujarat Petrosynthese Ltd.,GUJPETR,Plastic Products,Plastic Products,32.1,sectors\plasticproducts.csv
4204,Jhandewalas Foods Ltd.,JFL,Fast Moving Consumer Goods,Consumer Food,32.04,sectors\fastmovingconsumergoods.csv
4205,Sihora Industries Ltd.,SIHORA,Textile,Textile,32.02,sectors\textile.csv
4206,SP Capital Financing Ltd.,SPCAPIT,Finance,Finance - NBFC,31.97,sectors\finance.csv
4207,Auro Impex & Chemicals Ltd.,AUROIMPEX,Capital Goods,Engineering - Industrial Equipments,31.84,sectors\capitalgoods.csv
4208,ISL Consulting Ltd.,ISLCONSUL,Finance,Finance - Investment,31.82,sectors\finance.csv
4209,Shyamkamal Investments Ltd.,SHYMINV,Finance,Finance - NBFC,31.8,sectors\finance.csv
4210,Super Spinning Mills Ltd.,SUPERSPIN,Textile,Textile - Spinning,31.73,sectors\textile.csv
4211,Sharma East India Hospitals & Medical Research Ltd,SHARMEH,Healthcare,Hospital & Healthcare Services,31.69,sectors\healthcare.csv
4212,Chandra Prabhu International Ltd.,CHANDRAP,Trading,Trading,31.67,sectors\trading.csv
4213,Gogia Capital Growth Ltd.,GOGIACAPGL,Finance,Finance - Stock Broking,31.67,sectors\finance.csv
4214,Gini Silk Mills Ltd.,GINISILK,Textile,Textile,31.6,sectors\textile.csv
4215,TCM Ltd.,TCMLMTD,Chemicals,Chemicals,31.56,sectors\chemicals.csv
4216,Burnpur Cement Ltd.,BURNPUR,Construction Materials,Cement & Construction Materials,31.56,sectors\constructionmaterials.csv
4217,Kaushalya Infrastructure Development Corporation Ltd.,KAUSHALYA,Infrastructure,Engineering - Construction,31.55,sectors\infrastructure.csv
4218,Asia Capital Ltd.,ASIACAP,Finance,Finance - NBFC,31.54,sectors\finance.csv
4219,Citadel Realty & Developers Ltd.,CITADEL,Realty,Construction - Real Estate,31.52,sectors\realty.csv
4220,Advance Metering Technology Ltd.,AMTL,Capital Goods,Engineering - Industrial Equipments,31.5,sectors\capitalgoods.csv
4221,Margo Finance Ltd.,MARGOFIN,Finance,Finance - NBFC,31.46,sectors\finance.csv
4222,Bohra Industries Ltd.,BOHRAIND,Chemicals,Fertilizers,31.42,sectors\chemicals.csv
4223,Mudunuru Ltd.,MUDUNURU,Information Technology,IT - Software,31.41,sectors\informationtechnology.csv
4224,Armour Security (India) Ltd.,ARMOUR,Other,Professional Services,31.38,sectors\other.csv
4225,East West Freight Carriers Ltd.,EASTWEST,Logistics,Logistics,31.38,sectors\logistics.csv
4226,Sumedha Fiscal Services Ltd.,SUMEDHA,Finance,Finance - Investment,31.35,sectors\finance.csv
4227,Diligent Media Corporation Ltd.,DNAMEDIA,Media & Entertainment,Printing And Publishing,31.31,sectors\mediaentertainment.csv
4228,Fine-Line Circuits Ltd.,FINELINE,Electricals,Electronics - Components,31.25,sectors\electricals.csv
4229,Mittal Sections Ltd.,MITTALSTL,Iron & Steel,Steel & Iron Products,31.23,sectors\ironsteel.csv
4230,Cell Point (India) Ltd.,CELLPOINT,Trading,Trading,31.2,sectors\trading.csv
4231,Bodhtree Consulting Ltd.,BODHTREE,Information Technology,IT - Software,31.2,sectors\informationtechnology.csv
4232,Soni Medicare Ltd.,SML,Healthcare,Hospital & Healthcare Services,31.13,sectors\healthcare.csv
4233,RGF Capital Markets Ltd.,RGF,Finance,Finance - NBFC,31.05,sectors\finance.csv
4234,Pasupati Spinning & Weaving Mills Ltd.,PASUSPG,Textile,Textile - Spinning,31.05,sectors\textile.csv
4235,Vaxtex Cotfab Ltd.,VCL,Trading,Trading,31.05,sectors\trading.csv
4236,Rex Sealing and Packing Industries Ltd.,REXSEAL,Agriculture,Rubber  Products,31.02,sectors\agriculture.csv
4237,Contil India Ltd.,CONTILI,Trading,Trading,31.01,sectors\trading.csv
4238,Sylph Industries Ltd.,SYLPH,Information Technology,IT - Software,30.83,sectors\informationtechnology.csv
4239,Katare Spinning Mills Ltd.,KATRSPG,Trading,Trading,30.73,sectors\trading.csv
4240,UH Zaveri Ltd.,UHZAVERI,Trading,Trading,30.7,sectors\trading.csv
4241,Phoenix Overseas Ltd.,PHOGLOBAL,Trading,Trading,30.57,sectors\trading.csv
4242,Biogen Pharmachem Industries Ltd.,BIOGEN,Finance,Finance - Others,30.54,sectors\finance.csv
4243,Reliable Ventures India Ltd.,RELIABVEN,Hospitality,"Hotel, Resort & Restaurants",30.49,sectors\hospitality.csv
4244,Agni Green Power Ltd.,AGNI,Capital Goods,Electric Equipment,30.47,sectors\capitalgoods.csv
4245,National Oxygen Ltd.,NOL,Industrials Gases & Fuels,Industrial  Gases & Fuels,30.43,sectors\industrialsgasesfuels.csv
4246,Best Eastern Hotels Ltd.,BESTEAST,Hospitality,"Hotel, Resort & Restaurants",30.41,sectors\hospitality.csv
4247,Uma Converter Ltd.,UMA,Fast Moving Consumer Goods,Packaging,30.41,sectors\fastmovingconsumergoods.csv
4248,Sameera Agro & Infra Ltd.,SAIFL,Trading,Trading,30.37,sectors\trading.csv
4249,DSJ Keep Learning Ltd.,KEEPLEARN,Media & Entertainment,Printing And Publishing,30.36,sectors\mediaentertainment.csv
4250,Rishi Techtex Ltd.,RISHITECH,Plastic Products,Plastic Products,30.3,sectors\plasticproducts.csv
4251,Pearl Green Clubs And Resorts Ltd.,PGCRL,Trading,Trading,30.2,sectors\trading.csv
4252,Gujarat Terce Laboratories Ltd.,GUJTERC,Healthcare,Pharmaceuticals & Drugs,30.15,sectors\healthcare.csv
4253,Mindpool Technologies Ltd.,MINDPOOL,Information Technology,IT - Software,30.13,sectors\informationtechnology.csv
4254,Galaxy Medicare Ltd.,GML,Healthcare,Medical Equipment/Supplies/Accessories,30.04,sectors\healthcare.csv
4255,Aanchal Ispat Ltd.,AANCHALISP,Iron & Steel,Steel & Iron Products,30.01,sectors\ironsteel.csv
4256,AA Plus Tradelink Ltd.,AAPLUSTRAD,Trading,Trading,29.92,sectors\trading.csv
4257,Neelkanth Rockminerals Ltd.,NEELKAN,Construction Materials,Ceramics/Marble/Granite/Sanitaryware,29.91,sectors\constructionmaterials.csv
4258,Tirupati Sarjan Ltd.,TIRSARJ,Realty,Construction - Real Estate,29.91,sectors\realty.csv
4259,Haryana Leather Chemicals Ltd.,HARLETH,Chemicals,Chemicals,29.91,sectors\chemicals.csv
4260,KK Shah Hospitals Ltd.,KKSHL,Healthcare,Hospital & Healthcare Services,29.89,sectors\healthcare.csv
4261,Centenial Surgical Suture Ltd.,CSURGSU,Healthcare,Medical Equipment/Supplies/Accessories,29.88,sectors\healthcare.csv
4262,Gita Renewable Energy Ltd.,GITARENEW,Power,Power Generation/Distribution,29.86,sectors\power.csv
4263,BYLD Capital Finance Ltd.,BYLD,Finance,Finance - NBFC,29.71,sectors\finance.csv
4264,Challani Capital Ltd.,CHALLANI,Finance,Finance - NBFC,29.7,sectors\finance.csv
4265,Welcure Drugs & Pharmaceuticals Ltd.,WELCURE,Trading,Trading,29.66,sectors\trading.csv
4266,Medicamen Organics Ltd.,MEDIORG,Healthcare,Pharmaceuticals & Drugs,29.62,sectors\healthcare.csv
4267,Tyroon Tea Company Ltd.,TYROON,Agriculture,Tea/Coffee,29.61,sectors\agriculture.csv
4268,Subhash Silk Mills Ltd.,SUBSM,Textile,Textile,29.61,sectors\textile.csv
4269,Blue Pebble Ltd.,BLUEPEBBLE,Other,Engineering Consultancy,29.58,sectors\other.csv
4270,Riddhi Display Equipments Ltd.,RDEL,Capital Goods,Engineering - Industrial Equipments,29.57,sectors\capitalgoods.csv
4271,G-Tec Jainx Education Ltd.,GTECJAINX,Information Technology,IT - Education,29.54,sectors\informationtechnology.csv
4272,Classic Filaments Ltd.,CFL,Textile,Textile,29.53,sectors\textile.csv
4273,Nagreeka Capital & Infrastructure Ltd.,NAGREEKCAP,Finance,Finance - NBFC,29.46,sectors\finance.csv
4274,Gujarat Cotex Ltd.,GUJCOTEX,Trading,Trading,29.43,sectors\trading.csv
4275,Chennai Meenakshi Multispeciality Hospital Ltd.,CMMHOSP,Healthcare,Hospital & Healthcare Services,29.43,sectors\healthcare.csv
4276,AG Universal Ltd.,AGUL,Trading,Trading,29.42,sectors\trading.csv
4277,Premier Energy & Infrastructure Ltd.,PEIL,Realty,Construction - Real Estate,29.4,sectors\realty.csv
4278,Adarsh Plant Protect Ltd.,ADARSHPL,Capital Goods,Engineering - Industrial Equipments,29.35,sectors\capitalgoods.csv
4279,Vivo Collaboration Solutions Ltd.,VIVO,Information Technology,IT - Software,29.3,sectors\informationtechnology.csv
4280,Sharpline Broadcast Ltd.,SHARPLINE,Media & Entertainment,TV Broadcasting & Software Production,29.29,sectors\mediaentertainment.csv
4281,Hawa Engineers Ltd.,HAWAENG,Capital Goods,Engineering - Industrial Equipments,29.2,sectors\capitalgoods.csv
4282,Yarn Syndicate Ltd.,YARNSYN,Trading,Trading,29.19,sectors\trading.csv
4283,Chennai Ferrous Industries Ltd.,CHENFERRO,Trading,Trading,29.18,sectors\trading.csv
4284,June Industries Ltd.,JUNE,Information Technology,IT - Software,29.16,sectors\informationtechnology.csv
4285,Sattva Sukun Lifecare Ltd.,SATTVASUKU,Trading,Trading,29.15,sectors\trading.csv
4286,Gem Spinners India Ltd.,GEMSPIN,Textile,Textile - Spinning,29.15,sectors\textile.csv
4287,Samtel India Ltd.,SAMTELIN,Electricals,Electronics - Components,29.06,sectors\electricals.csv
4288,NFP Sampoorna Foods Ltd.,NFPSAMPOOR,Fast Moving Consumer Goods,Consumer Food,29.06,sectors\fastmovingconsumergoods.csv
4289,Silver Oak (India) Ltd.,SILVOAK,Alcohol,Breweries & Distilleries,29.03,sectors\alcohol.csv
4290,Cerebra Integrated Technologies Ltd.,CEREBRAINT,Trading,Trading,29,sectors\trading.csv
4291,Chordia Food Products Ltd.,CHORDIA,Other,Business Support,29,sectors\other.csv
4292,Naturewings Holidays Ltd.,NHL,Hospitality,Travel Services,28.83,sectors\hospitality.csv
4293,TGB Banquets And Hotels Ltd.,TGBHOTELS,Hospitality,"Hotel, Resort & Restaurants",28.73,sectors\hospitality.csv
4294,Timescan Logistics (India) Ltd.,TIMESCAN,Logistics,Logistics,28.65,sectors\logistics.csv
4295,Kkalpana Plastick Ltd.,KKPLASTICK,Trading,Trading,28.64,sectors\trading.csv
4296,Kanani Industries Ltd.,KANANIIND,Diamond & Jewellery,Diamond  &  Jewellery,28.49,sectors\diamondjewellery.csv
4297,Simbhaoli Sugars Ltd.,SIMBHALS,Agriculture,Sugar,28.48,sectors\agriculture.csv
4298,Ashirwad Steels & Industries Ltd.,ASHSI,Iron & Steel,Steel & Iron Products,28.45,sectors\ironsteel.csv
4299,Medistep Healthcare Ltd.,MEDISTEP,Trading,Trading,28.42,sectors\trading.csv
4300,Deep Health AI India Ltd.,DEEPAI,Diamond & Jewellery,Diamond  &  Jewellery,28.4,sectors\diamondjewellery.csv
4301,Eastern Silk Industries Ltd.,EASTSILK,Textile,Textile,28.35,sectors\textile.csv
4302,Skybiotech Healthcare Ltd.,SKYBIOTECH,Textile,Textile,28.34,sectors\textile.csv
4303,Medico Intercontinental Ltd.,MIL,Trading,Trading,28.21,sectors\trading.csv
4304,Lexus Granito (India) Ltd.,LEXUS,Construction Materials,Ceramics/Marble/Granite/Sanitaryware,28.21,sectors\constructionmaterials.csv
4305,TCFC Finance Ltd.,TCFCFINQ,Finance,Finance - NBFC,28.17,sectors\finance.csv
4306,Polyspin Exports Ltd.,POLYSPIN,Plastic Products,Plastic Products,28.16,sectors\plasticproducts.csv
4307,KKV Agro Powers Ltd.,KKVAPOW,Trading,Trading,28.15,sectors\trading.csv
4308,Jainex Aamcol Ltd.,JAINEX,Automobile & Ancillaries,Auto Ancillary,28.15,sectors\automobileancillaries.csv
4309,Switching Technologies Gunther Ltd.,SWITCHTE,Capital Goods,Electric Equipment,28.06,sectors\capitalgoods.csv
4310,Promax Power Ltd.,PROMAX,Infrastructure,Engineering - Construction,28.02,sectors\infrastructure.csv
4311,Tarapur Transformers Ltd.,TARAPUR,Capital Goods,Electric Equipment,27.94,sectors\capitalgoods.csv
4312,Jay Kailash Namkeen Ltd.,JAYKAILASH,Trading,Trading,27.84,sectors\trading.csv
4313,PAOS Industries Ltd,PAOS,Agriculture,Solvent  Extraction,27.77,sectors\agriculture.csv
4314,Intec Capital Ltd.,INTECCAP,Finance,Finance - NBFC,27.73,sectors\finance.csv
4315,Seemax Resources Ltd.,SEEMAX,Other,Business Support,27.72,sectors\other.csv
4316,AKG Exim Ltd.,AKG,Trading,Trading,27.71,sectors\trading.csv
4317,Ranjeet Mechatronics Ltd.,RANJEET,Infrastructure,Engineering - Construction,27.68,sectors\infrastructure.csv
4318,Narendra Properties Ltd.,NARPROP,Realty,Construction - Real Estate,27.68,sectors\realty.csv
4319,Aditya Spinners Ltd.,ADITYASP,Textile,Textile - Spinning,27.61,sectors\textile.csv
4320,Stanrose Mafatlal Investments & Finance Ltd.,STANROS,Finance,Finance - Investment,27.58,sectors\finance.csv
4321,Abril Paper Tech Ltd.,ABRIL,Paper,Paper & Paper Products,27.54,sectors\paper.csv
4322,Sulabh Engineers & Services Ltd.,SULABEN,Finance,Finance - NBFC,27.53,sectors\finance.csv
4323,CMX Holdings Ltd.,CMXLTD,Finance,Finance - Investment,27.52,sectors\finance.csv
4324,Epic Energy Ltd.,EPIC,Capital Goods,Electric Equipment,27.52,sectors\capitalgoods.csv
4325,Williamson Magor & Company Ltd.,WILLAMAGOR,Finance,Finance - NBFC,27.51,sectors\finance.csv
4326,Gulf Lloyds (India) Ltd.,GULF,Other,Professional Services,27.49,sectors\other.csv
4327,GSB Finance Ltd.,GSBFIN,Finance,Finance - NBFC,27.48,sectors\finance.csv
4328,Khandwala Securities Ltd.,KHANDSE,Finance,Finance - Stock Broking,27.44,sectors\finance.csv
4329,Sahara Housingfina Corporation Ltd.,SAHARAHOUS,Finance,Finance - Housing,27.43,sectors\finance.csv
4330,Sonal Adhesives Ltd.,SONALAD,Plastic Products,Plastic Products,27.4,sectors\plasticproducts.csv
4331,Olatech Solutions Ltd.,OLATECH,Information Technology,IT - Software,27.39,sectors\informationtechnology.csv
4332,Pearl Polymers Ltd.,PEARLPOLY,Plastic Products,Plastic Products,27.36,sectors\plasticproducts.csv
4333,Takyon Networks Ltd.,TAKYON,Information Technology,IT - Networking,27.36,sectors\informationtechnology.csv
4334,Supha Pharmachem Ltd.,SUPHA,Trading,Trading,27.34,sectors\trading.csv
4335,National General Industries Ltd.,NATGENI,Iron & Steel,Steel & Iron Products,27.32,sectors\ironsteel.csv
4336,Lake Shore Realty Ltd.,LAKESHORE,Fast Moving Consumer Goods,Consumer Food,27.31,sectors\fastmovingconsumergoods.csv
4337,KJMC Financial Services Ltd.,KJMCFIN,Finance,Finance - NBFC,27.28,sectors\finance.csv
4338,Salasar Exteriors & Contour Ltd.,SECL,Infrastructure,Engineering - Construction,27.28,sectors\infrastructure.csv
4339,Qgo Finance Ltd.,QGO,Finance,Finance - Investment,27.23,sectors\finance.csv
4340,ERP Soft Systems Ltd.,ERPSOFT,Information Technology,IT - Software,27.22,sectors\informationtechnology.csv
4341,Morarka Finance Ltd.,MORARKFI,Finance,Finance - NBFC,27.18,sectors\finance.csv
4342,Tejnaksh Healthcare Ltd.,TEJNAKSH,Healthcare,Hospital & Healthcare Services,27.18,sectors\healthcare.csv
4343,ECS Biztech Ltd.,ECS,Consumer Durables,IT - Hardware,27.13,sectors\consumerdurables.csv
4344,Libord Finance Ltd.,LIBORDFIN,Finance,Finance - NBFC,27.11,sectors\finance.csv
4345,Infomedia Press Ltd.,INFOMEDIA,Media & Entertainment,Printing And Publishing,27.1,sectors\mediaentertainment.csv
4346,Manas Polymers And Energies Ltd.,MPEL,Plastic Products,Plastic Products,27.1,sectors\plasticproducts.csv
4347,Suvifin Credit Solutions Ltd.,PURSHOTTAM,Finance,Finance - NBFC,27.1,sectors\finance.csv
4348,Sprayking Ltd.,SPRAYKING,Capital Goods,Engineering - Industrial Equipments,27.05,sectors\capitalgoods.csv
4349,Thinkink Picturez Ltd.,THINKINK,Media & Entertainment,"Film Production, Distribution & Entertainment",27.02,sectors\mediaentertainment.csv
4350,Konark Synthetic Ltd.,KONARKSY,Textile,Textile,27.01,sectors\textile.csv
4351,Indianivesh Ltd.,INDIANVSH,Finance,Finance - NBFC,26.92,sectors\finance.csv
4352,Unick Fix-A-Form And Printers Ltd.,UNICK,Healthcare,Pharmaceuticals & Drugs,26.89,sectors\healthcare.csv
4353,Inducto Steel Ltd.,INDCTST,Iron & Steel,Steel & Iron Products,26.88,sectors\ironsteel.csv
4354,Nirav Commercials Ltd.,NIRAVCOM,Non - Ferrous Metals,Aluminium & Aluminium Products,26.81,sectors\nonferrousmetals.csv
4355,Amco India Ltd.,AMCOIND,Plastic Products,Plastic Products,26.81,sectors\plasticproducts.csv
4356,Datiware Maritime Infra Ltd.,DATIWARE,Agriculture,Aquaculture,26.77,sectors\agriculture.csv
4357,Pritish Nandy Communications Ltd.,PNC,Media & Entertainment,"Film Production, Distribution & Entertainment",26.74,sectors\mediaentertainment.csv
4358,Invigorated Business Consulting Ltd.,INVIGO,Finance,Finance - NBFC,26.73,sectors\finance.csv
4359,Polymechplast Machines Ltd.,POLYCHMP,Capital Goods,Engineering - Industrial Equipments,26.65,sectors\capitalgoods.csv
4360,Goenka Diamond and Jewels Ltd.,GOENKA,Diamond & Jewellery,Diamond  &  Jewellery,26.63,sectors\diamondjewellery.csv
4361,Yudiz Solutions Ltd.,YUDIZ,Information Technology,IT - Software,26.62,sectors\informationtechnology.csv
4362,Sunil Agro Foods Ltd.,SUNILAGR,Fast Moving Consumer Goods,Consumer Food,26.59,sectors\fastmovingconsumergoods.csv
4363,Shalimar Productions Ltd.,SHALPRO,Media & Entertainment,"Film Production, Distribution & Entertainment",26.58,sectors\mediaentertainment.csv
4364,Angel Fibers Ltd.,ANGEL,Textile,Textile,26.57,sectors\textile.csv
4365,Next Mediaworks Ltd.,NEXTMEDIA,Media & Entertainment,Printing And Publishing,26.56,sectors\mediaentertainment.csv
4366,KMG Milk Food Ltd.,KMGMILK,Fast Moving Consumer Goods,Consumer Food,26.52,sectors\fastmovingconsumergoods.csv
4367,Daikaffil Chemicals India Ltd.,DAIKAFFI,Chemicals,Pesticides & Agrochemicals,26.52,sectors\chemicals.csv
4368,Orosil Smiths India Ltd.,OROSMITHS,Diamond & Jewellery,Diamond  &  Jewellery,26.48,sectors\diamondjewellery.csv
4369,Cargosol Logistics Ltd.,CARGOSOL,Logistics,Logistics,26.42,sectors\logistics.csv
4370,Swarna Securities Ltd.,SWRNASE,Finance,Finance - NBFC,26.4,sectors\finance.csv
4371,TGIF Agribusiness Ltd.,TGIF,Agriculture,Agriculture,26.39,sectors\agriculture.csv
4372,AGS Transact Technologies Ltd.,AGSTRA,Other,Business Support,26.33,sectors\other.csv
4373,Hindoostan Mills Ltd.,HINDMILL,Textile,Textile,26.28,sectors\textile.csv
4374,Samsrita Labs Ltd.,SAMSRITA,Healthcare,Hospital & Healthcare Services,26.25,sectors\healthcare.csv
4375,Rathi Bars Ltd.,RATHIBAR,Iron & Steel,Steel & Iron Products,26.24,sectors\ironsteel.csv
4376,Jet Knitwears Ltd.,JETKNIT,Textile,Textile,26.16,sectors\textile.csv
4377,Harshil Agrotech Ltd.,HARSHILAGR,Capital Goods,Engineering - Industrial Equipments,26.14,sectors\capitalgoods.csv
4378,PlatinumOne Business Services Ltd.,POBS,Information Technology,BPO/ITeS,26.11,sectors\informationtechnology.csv
4379,QVC Exports Ltd.,QVCEL,Trading,Trading,26.02,sectors\trading.csv
4380,Tree House Education & Accessories Ltd.,TREEHOUSE,Other,Educational Institutions,26.02,sectors\other.csv
4381,DMR Engineering Ltd.,DMR,Other,Engineering Consultancy,25.99,sectors\other.csv
4382,Miven Machine Tools Ltd.,MIVENMACH,Capital Goods,Engineering - Industrial Equipments,25.97,sectors\capitalgoods.csv
4383,Micropro Software Solutions Ltd.,MICROPRO,Information Technology,IT - Software,25.95,sectors\informationtechnology.csv
4384,STL Global Ltd.,SGL,Textile,Textile,25.86,sectors\textile.csv
4385,Johnson Pharmacare Ltd.,JOHNPHARMA,Trading,Trading,25.85,sectors\trading.csv
4386,Maris Spinners Ltd.,MARIS,Textile,Textile - Spinning,25.83,sectors\textile.csv
4387,Abhishek Finlease Ltd.,ABHIFIN,Finance,Finance - NBFC,25.83,sectors\finance.csv
4388,Longspur International Ventures Ltd.,LONGSPUR,Finance,Finance - Others,25.8,sectors\finance.csv
4389,Vikram Aroma Ltd.,VIKRAMAR,Chemicals,Chemicals,25.73,sectors\chemicals.csv
4390,Globtier Infotech Ltd.,GLOBTIER,Information Technology,IT - Software,25.71,sectors\informationtechnology.csv
4391,Megri Soft Ltd.,MEGRISOFT,Information Technology,IT - Software,25.69,sectors\informationtechnology.csv
4392,Sparkle Gold Rock Ltd.,SPARKLEGR,Textile,Textile - Spinning,25.66,sectors\textile.csv
4393,Prabhhans Industries Ltd.,PRABHHANS,Trading,Trading,25.62,sectors\trading.csv
4394,Arunaya Organics Ltd.,ARUNAYA,Chemicals,Dyes & Pigments,25.61,sectors\chemicals.csv
4395,Libas Consumer Products Ltd.,LIBAS,Textile,Textile,25.61,sectors\textile.csv
4396,Nalin Lease Finance Ltd.,NLFL,Finance,Finance - NBFC,25.58,sectors\finance.csv
4397,Shreenath Paper Products Ltd.,SHREENATH,Paper,Paper & Paper Products,25.55,sectors\paper.csv
4398,Esaar (India) Ltd.,ESARIND,Finance,Finance - NBFC,25.49,sectors\finance.csv
4399,Prismx Global Ventures Ltd.,PRISMX,Finance,Finance - Investment,25.47,sectors\finance.csv
4400,Gorani Industries Ltd.,GORANIN,Consumer Durables,Consumer Durables - Domestic Appliances,25.47,sectors\consumerdurables.csv
4401,Franklin Industries Ltd.,FRANKLININD,Trading,Trading,25.45,sectors\trading.csv
4402,Aritas Vinyl Ltd.,ARITAS,Textile,Textile,25.4,sectors\textile.csv
4403,Pratik Panels Ltd.,PRATIK,Construction Materials,Wood & Wood Products,25.37,sectors\constructionmaterials.csv
4404,Munoth Financial Services Ltd.,MUNOTHFI,Finance,Finance - Stock Broking,25.36,sectors\finance.csv
4405,Agarwal Float Glass India Ltd.,AGARWALFT,Trading,Trading,25.32,sectors\trading.csv
4406,Healthy Life Agritec Ltd.,HEALTHYLIFE,Trading,Trading,25.31,sectors\trading.csv
4407,Padam Cotton Yarns Ltd.,PADAMCO,Textile,Textile,25.24,sectors\textile.csv
4408,Sangal Papers Ltd.,SANPA,Paper,Paper & Paper Products,25.22,sectors\paper.csv
4409,Future Lifestyle Fashions Ltd.,FLFL,Retailing,Retailing,25.22,sectors\retailing.csv
4410,Greencrest Financial Services Ltd.,GREENCREST,Finance,Finance - NBFC,25.22,sectors\finance.csv
4411,Vertexplus Technologies Ltd.,VERTEXPLUS,Information Technology,IT - Software,25.21,sectors\informationtechnology.csv
4412,Popular Estate Management Ltd.,POPULARES,Realty,Construction - Real Estate,25.16,sectors\realty.csv
4413,Kanco Tea & Industries Ltd.,KANCOTEA,Agriculture,Tea/Coffee,25.12,sectors\agriculture.csv
4414,Enbee Trade & Finance Ltd.,ENBETRD,Finance,Finance - NBFC,25.1,sectors\finance.csv
4415,Smart Finsec Ltd.,SMARTFIN,Finance,Finance - NBFC,25.05,sectors\finance.csv
4416,Om Metallogic Ltd.,OML,Non - Ferrous Metals,Aluminium & Aluminium Products,25.05,sectors\nonferrousmetals.csv
4417,Dynamic Archistructures Ltd.,DAL,Finance,Finance - NBFC,24.99,sectors\finance.csv
4418,Mewar Hi-Tech Engineering Ltd.,MHEL,Capital Goods,Engineering - Industrial Equipments,24.98,sectors\capitalgoods.csv
4419,Salguti Industries Ltd.,SALGUTI,Textile,Textile,24.95,sectors\textile.csv
4420,Chemiesynth (Vapi) Ltd.,CHEMIESYNT,Chemicals,Chemicals,24.93,sectors\chemicals.csv
4421,Impera Worldwide Ltd.,RISHYRN,Textile,Textile - Manmade  Fibres,24.92,sectors\textile.csv
4422,Sinnar Bidi Udyog Ltd.,SINNAR,Fast Moving Consumer Goods,Cigarettes/Tobacco,24.92,sectors\fastmovingconsumergoods.csv
4423,Centuple Global Ltd.,CENTUPLE,Trading,Trading,24.9,sectors\trading.csv
4424,Benchmark Computer Solutions Ltd.,BENCHMARK,Retailing,Retailing,24.88,sectors\retailing.csv
4425,Kalana Ispat Ltd.,KALANA,Iron & Steel,Steel & Iron Products,24.84,sectors\ironsteel.csv
4426,Machhar Industries Ltd.,MACIND,Chemicals,Chemicals,24.83,sectors\chemicals.csv
4427,Trans India House Impex Ltd,TIHIL,Capital Goods,Engineering - Industrial Equipments,24.8,sectors\capitalgoods.csv
4428,Sudal Industries Ltd.,SUDAI,Non - Ferrous Metals,Aluminium & Aluminium Products,24.79,sectors\nonferrousmetals.csv
4429,Bervin Investment & Leasing Ltd.,BERVINL,Finance,Finance - Investment,24.77,sectors\finance.csv
4430,NACDAC Infrastructure Ltd.,NACDAC,Infrastructure,Engineering - Construction,24.73,sectors\infrastructure.csv
4431,Ramsons Projects Ltd.,RAMSONS,Finance,Finance - NBFC,24.72,sectors\finance.csv
4432,AMS Polymers Ltd.,AMS,Trading,Trading,24.71,sectors\trading.csv
4433,Kridhan Infra Ltd.,KRIDHANINF,Iron & Steel,Steel & Iron Products,24.66,sectors\ironsteel.csv
4434,Ahasolar Technologies Ltd.,AHASOLAR,Information Technology,IT - Software,24.66,sectors\informationtechnology.csv
4435,Ashirwad Capital Ltd.,ASHCAP,Finance,Finance - Investment,24.66,sectors\finance.csv
4436,Innovative Ideals And Services (India) Ltd.,INNOVATIVE,Trading,Trading,24.65,sectors\trading.csv
4437,Deco-Mica Ltd.,DECOMIC,Construction Materials,Laminates/Decoratives,24.57,sectors\constructionmaterials.csv
4438,Kenvi Jewels Ltd.,KENVI,Diamond & Jewellery,Diamond  &  Jewellery,24.52,sectors\diamondjewellery.csv
4439,Venmax Drugs And Pharmaceuticals Ltd.,VENMAX,Healthcare,Pharmaceuticals & Drugs,24.52,sectors\healthcare.csv
4440,Nirman Agri Genetics Ltd.,NIRMAN,Agriculture,Agriculture,24.51,sectors\agriculture.csv
4441,Paramount Dye Tec Ltd.,PARAMOUNT,Textile,Textile,24.51,sectors\textile.csv
4442,Arshiya Ltd.,ARSHIYA,Logistics,Logistics,24.5,sectors\logistics.csv
4443,RKD Agri & Retail Ltd.,RKDAGRRTL,Finance,Finance - Investment,24.49,sectors\finance.csv
4444,Aruna Hotels Ltd.,ARUNAHTEL,Hospitality,"Hotel, Resort & Restaurants",24.48,sectors\hospitality.csv
4445,Quicktouch Technologies Ltd.,QUICKTOUCH,Information Technology,IT - Software,24.48,sectors\informationtechnology.csv
4446,Koura Fine Diamond Jewelry Ltd.,KOURA,Diamond & Jewellery,Diamond  &  Jewellery,24.45,sectors\diamondjewellery.csv
4447,Easy Fincorp Ltd.,EASYFIN,Finance,Finance - Investment,24.25,sectors\finance.csv
4448,Neeraj Paper Marketing Ltd.,NEERAJ,Trading,Trading,24.25,sectors\trading.csv
4449,Adeshwar Meditex Ltd.,ADESHWAR,Healthcare,Pharmaceuticals & Drugs,24.24,sectors\healthcare.csv
4450,Valencia India Ltd.,VALINDIA,Hospitality,"Hotel, Resort & Restaurants",24.11,sectors\hospitality.csv
4451,United Cotfab Ltd.,COTFAB,Textile,Textile,24.07,sectors\textile.csv
4452,Teerth Gopicon Ltd.,TGL,Infrastructure,Engineering - Construction,24.06,sectors\infrastructure.csv
4453,Salora International Ltd.,SALORAINTL,Trading,Trading,24.03,sectors\trading.csv
4454,Transvoy Logistics India Ltd.,TRANSVOY,Logistics,Logistics,23.97,sectors\logistics.csv
4455,Globesecure Technologies Ltd.,GSTL,Information Technology,IT - Software,23.91,sectors\informationtechnology.csv
4456,Monotype India Ltd.,MONOT,Finance,Finance - Stock Broking,23.91,sectors\finance.csv
4457,Vani Commercials Ltd.,VANICOM,Finance,Finance - NBFC,23.91,sectors\finance.csv
4458,Cian Healthcare Ltd.,CHCL,Healthcare,Pharmaceuticals & Drugs,23.88,sectors\healthcare.csv
4459,Milestone Furniture Ltd.,MILEFUR,Fast Moving Consumer Goods,Household & Personal Products,23.83,sectors\fastmovingconsumergoods.csv
4460,West Leisure Resorts Ltd.,WESTLEIRES,Hospitality,"Hotel, Resort & Restaurants",23.78,sectors\hospitality.csv
4461,Virtual Global Education Ltd.,VIRTUALG,Other,Educational Institutions,23.78,sectors\other.csv
4462,Shreevatsa Finance & Leasing Ltd.,SHVFL,Finance,Finance - NBFC,23.73,sectors\finance.csv
4463,MPIL Corporation Ltd.,MPILCORPL,Finance,Finance - Others,23.71,sectors\finance.csv
4464,Sarthak Industries Ltd.,SARTHAKIND,Trading,Trading,23.69,sectors\trading.csv
4465,Standard Batteries Ltd.,STDBAT,Trading,Trading,23.6,sectors\trading.csv
4466,Cochin Malabar Estates & Industries Ltd.,COCHMAL,Agriculture,Rubber  Products,23.6,sectors\agriculture.csv
4467,Marc Loire Fashions Ltd.,MARCLOIRE,Trading,Trading,23.57,sectors\trading.csv
4468,Diva Organic Living Ltd.,WORL,Retailing,Retailing,23.56,sectors\retailing.csv
4469,Indo Cotspin Ltd.,ICL,Textile,Textile - Spinning,23.56,sectors\textile.csv
4470,KJMC Corporate Advisors (India) Ltd.,KJMCCORP,Finance,Finance - Stock Broking,23.5,sectors\finance.csv
4471,Rap Corp Ltd.,RAP,Realty,Construction - Real Estate,23.46,sectors\realty.csv
4472,Vama Industries Ltd.,VAMA,Information Technology,IT - Software,23.43,sectors\informationtechnology.csv
4473,Ajwa Fun World & Resort Ltd.,AJWAFUN,Hospitality,"Hotel, Resort & Restaurants",23.39,sectors\hospitality.csv
4474,Goel Food Products Ltd.,GOEL,Fast Moving Consumer Goods,Consumer Food,23.38,sectors\fastmovingconsumergoods.csv
4475,Vivanta Industries Ltd.,VIVANTA,Infrastructure,Engineering - Construction,23.32,sectors\infrastructure.csv
4476,Gujarat Raffia Industries Ltd.,GUJRAFFIA,Plastic Products,Plastic Products,23.29,sectors\plasticproducts.csv
4477,Kamanwala Housing Construction Ltd.,KAMANWALA,Realty,Construction - Real Estate,23.25,sectors\realty.csv
4478,Martin Burn Ltd.,MARBU,Realty,Construction - Real Estate,23.19,sectors\realty.csv
4479,Logiciel Solutions Ltd.,LOGICIEL,Information Technology,IT - Software,23.16,sectors\informationtechnology.csv
4480,Vinyoflex Ltd.,VINYOFL,Plastic Products,Plastic Products,23.11,sectors\plasticproducts.csv
4481,Khoobsurat Ltd.,KHOOBSURAT,Finance,Finance - Investment,23.04,sectors\finance.csv
4482,Pentokey Organy (India) Ltd.,PNTKYOR,Trading,Trading,23.04,sectors\trading.csv
4483,JMD Ventures Ltd.,JMDVL,Media & Entertainment,"Film Production, Distribution & Entertainment",23.03,sectors\mediaentertainment.csv
4484,Laxmi Cotspin Ltd.,LAXMICOT,Textile,Textile - Spinning,23.01,sectors\textile.csv
4485,Iykot Hitech Toolroom Ltd.,IYKOTHITE,Capital Goods,Engineering - Industrial Equipments,23,sectors\capitalgoods.csv
4486,Navigant Corporate Advisors Ltd.,NAVIGANT,Finance,Finance - Others,22.99,sectors\finance.csv
4487,Bombay Wire Ropes Ltd.,BOMBWIR,Iron & Steel,Steel & Iron Products,22.96,sectors\ironsteel.csv
4488,Aspire & Innovative Advertising Ltd.,ASPIRE,Trading,Trading,22.92,sectors\trading.csv
4489,Marinetrans India Ltd.,MARINETRAN,Logistics,Logistics,22.91,sectors\logistics.csv
4490,Manglam Infra & Engineering Ltd.,MIEL,Other,Engineering Consultancy,22.88,sectors\other.csv
4491,Thinking Hats Entertainment Solutions Ltd.,THESL,Media & Entertainment,"Film Production, Distribution & Entertainment",22.85,sectors\mediaentertainment.csv
4492,Parshwanath Corporation Ltd.,PARSHWANA,Finance,Finance - Housing,22.85,sectors\finance.csv
4493,Octaware Technologies Ltd.,OCTAWARE,Information Technology,IT - Software,22.84,sectors\informationtechnology.csv
4494,Ambo Agritec Ltd.,AMBOAGRI,Fast Moving Consumer Goods,Edible Oil,22.8,sectors\fastmovingconsumergoods.csv
4495,Abhishek Integrations Ltd.,AILIMITED,Other,Business Support,22.72,sectors\other.csv
4496,Prospect Consumer Products Ltd.,PCL,Trading,Trading,22.7,sectors\trading.csv
4497,Velan Hotels Ltd.,VELHO,Hospitality,"Hotel, Resort & Restaurants",22.69,sectors\hospitality.csv
4498,Harish Textile Engineers Ltd.,HARISH,Textile,Textile - Machinery,22.68,sectors\textile.csv
4499,Blue chip Tex Industries Ltd.,BLUECHIPT,Textile,Textile - Manmade  Fibres,22.66,sectors\textile.csv
4500,ACI Infocom Ltd.,ACIIN,Consumer Durables,IT - Hardware,22.65,sectors\consumerdurables.csv
4501,Asian Tea & Exports Ltd.,ASIANTNE,Trading,Trading,22.62,sectors\trading.csv
4502,Landmark Global Learning Ltd.,LGLL,Other,Professional Services,22.61,sectors\other.csv
4503,Prakash Woollen & Synthetic Mills Ltd.,PWASML,Textile,Textile,22.57,sectors\textile.csv
4504,IITL Projects Ltd.,IITLPROJ,Realty,Construction - Real Estate,22.56,sectors\realty.csv
4505,Jaipan Industries Ltd.,JAIPAN,Fast Moving Consumer Goods,Household & Personal Products,22.53,sectors\fastmovingconsumergoods.csv
4506,Ishita Drugs & Industries Ltd.,ISHITADR,Healthcare,Pharmaceuticals & Drugs,22.53,sectors\healthcare.csv
4507,Jindal Capital Ltd.,JINDCAP,Finance,Finance - Investment,22.52,sectors\finance.csv
4508,Asian Petroproducts & Exports Ltd.,ASINPET,Chemicals,Chemicals,22.47,sectors\chemicals.csv
4509,Shree Bhavya Fabrics Ltd,SBFL,Textile,Textile,22.46,sectors\textile.csv
4510,Triliance Polymers Ltd.,TRILIANCE,Miscellaneous,Miscellaneous,22.42,sectors\miscellaneous.csv
4511,Identical Brains Studios Ltd.,IDENTICAL,Media & Entertainment,"Film Production, Distribution & Entertainment",22.37,sectors\mediaentertainment.csv
4512,UHM Vacation Ltd.,UHMVL,Hospitality,Travel Services,22.33,sectors\hospitality.csv
4513,Future Enterprises Ltd.,FEL,Retailing,Retailing,22.29,sectors\retailing.csv
4514,Balurghat Technologies Ltd.,BALTE,Logistics,Logistics,22.26,sectors\logistics.csv
4515,Sati Poly Plast Ltd.,SATIPOLY,Fast Moving Consumer Goods,Packaging,22.24,sectors\fastmovingconsumergoods.csv
4516,Ankit Metal & Power Ltd.,ANKITMETAL,Iron & Steel,Steel & Iron Products,22.15,sectors\ironsteel.csv
4517,NAPS Global India Ltd.,NAPSGLOBAL,Trading,Trading,22.15,sectors\trading.csv
4518,Shashijit Infraprojects Ltd.,SHASHIJIT,Realty,Construction - Real Estate,22.09,sectors\realty.csv
4519,Glaam Up Jwel Ltd.,GLAAMUP,Trading,Trading,22.04,sectors\trading.csv
4520,LWS Knitwear Ltd.,LWSKNIT,Trading,Trading,21.99,sectors\trading.csv
4521,Span Divergent Ltd.,SDL,Chemicals,Chemicals,21.96,sectors\chemicals.csv
4522,Mandeep Auto Industries Ltd.,MANDEEP,Automobile & Ancillaries,Auto Ancillary,21.96,sectors\automobileancillaries.csv
4523,Unison Metals Ltd.,UNISON,Iron & Steel,Steel & Iron Products,21.92,sectors\ironsteel.csv
4524,Lesha Industries Ltd.,LESHAIND,Trading,Trading,21.91,sectors\trading.csv
4525,Aten Papers & Foam Ltd.,ATENPAPERS,Paper,Paper & Paper Products,21.89,sectors\paper.csv
4526,Pulsar International Ltd.,PULSRIN,Finance,Finance - NBFC,21.85,sectors\finance.csv
4527,Envair Electrodyne Ltd.,ENVAIREL,Capital Goods,Engineering - Industrial Equipments,21.81,sectors\capitalgoods.csv
4528,Safecure Services Ltd.,SAFECURE,Other,Professional Services,21.76,sectors\other.csv
4529,Kotia Enterprises Ltd.,KEL,Textile,Textile,21.76,sectors\textile.csv
4530,Zenith Fibres Ltd.,ZENIFIB,Textile,Textile - Manmade  Fibres,21.74,sectors\textile.csv
4531,TechIndia Nirman Ltd.,TECHIN,Infrastructure,Engineering - Construction,21.73,sectors\infrastructure.csv
4532,Richfield Financial Services Ltd.,RFSL,Finance,Finance - NBFC,21.72,sectors\finance.csv
4533,Darshan Orna Ltd.,DARSHANORNA,Trading,Trading,21.71,sectors\trading.csv
4534,Helpage Finlease Ltd.,HELPAGE,Finance,Finance - NBFC,21.64,sectors\finance.csv
4535,Silly Monks Entertainment Ltd.,SILLYMONKS,Media & Entertainment,"Film Production, Distribution & Entertainment",21.63,sectors\mediaentertainment.csv
4536,Tapi Fruit Processing Ltd.,TAPIFRUIT,Fast Moving Consumer Goods,Consumer Food,21.5,sectors\fastmovingconsumergoods.csv
4537,Mediaone Global Entertainment Ltd.,MEDIAONE,Media & Entertainment,"Film Production, Distribution & Entertainment",21.49,sectors\mediaentertainment.csv
4538,Tulasee Bio-Ethanol Ltd.,TULASEEBIOE,Chemicals,Chemicals,21.47,sectors\chemicals.csv
4539,Ras Resorts & Apart Hotels Ltd.,RASRESOR,Hospitality,"Hotel, Resort & Restaurants",21.44,sectors\hospitality.csv
4540,Laffans Petrochemicals Ltd.,LAFFANSQ,Trading,Trading,21.41,sectors\trading.csv
4541,Hamps Bio Ltd.,HAMPS,Trading,Trading,21.34,sectors\trading.csv
4542,SI Capital & Financial Services Ltd.,SICAPIT,Finance,Finance - Investment,21.32,sectors\finance.csv
4543,Cedaar Textile Ltd.,CEDAAR,Textile,Textile,21.3,sectors\textile.csv
4544,DJS Stock & Shares Ltd.,DJSSS,Finance,Finance - Stock Broking,21.28,sectors\finance.csv
4545,Utique Enterprises Ltd.,UTIQUE,Trading,Trading,21.27,sectors\trading.csv
4546,Ind-Agiv Commerce Ltd.,INDAGIV,Trading,Trading,21.23,sectors\trading.csv
4547,Senthil Infotek Ltd.,SENINFO,Information Technology,IT - Software,21.19,sectors\informationtechnology.csv
4548,Paragon Finance Ltd.,PARAGONF,Finance,Finance - NBFC,21.16,sectors\finance.csv
4549,Southern Magnesium & Chemicals Ltd.,SOUTHMG,Non - Ferrous Metals,Metal - Non Ferrous,21.14,sectors\nonferrousmetals.csv
4550,Transgene Biotek Ltd.,TRABI,Other,Business Support,21.14,sectors\other.csv
4551,Lynx Machinery & Commercials Ltd.,LYNMC,Logistics,Logistics,21.1,sectors\logistics.csv
4552,TTI Enterprise Ltd.,TTIENT,Finance,Finance - NBFC,21.09,sectors\finance.csv
4553,KK Silk Mills Ltd.,KKSILK,Textile,Textile,21.09,sectors\textile.csv
4554,Mahalaxmi Fabric Mills Ltd.,MFML,Textile,Textile,21.08,sectors\textile.csv
4555,Rama Petrochemicals Ltd.,RAMAPETRO,Trading,Trading,21.05,sectors\trading.csv
4556,Vrundavan Plantation Ltd.,VPL,Agriculture,Agriculture,21.04,sectors\agriculture.csv
4557,Madhya Pradesh Today Media Ltd.,MPTODAY,Media & Entertainment,Printing And Publishing,21.01,sectors\mediaentertainment.csv
4558,Shricon Industries Ltd.,SHRICON,Information Technology,e-Commerce,20.97,sectors\informationtechnology.csv
4559,Vandan Foods Ltd.,VANDAN,Agriculture,Solvent  Extraction,20.96,sectors\agriculture.csv
4560,Southern Latex Ltd.,SOUTLAT,Textile,Textile,20.95,sectors\textile.csv
4561,Caprolactam Chemicals Ltd.,CAPRO,Chemicals,Chemicals,20.91,sectors\chemicals.csv
4562,Ind Renewable Energy Ltd.,INDRENEW,Infrastructure,Engineering - Construction,20.89,sectors\infrastructure.csv
4563,Sonalis Consumer Products Ltd.,SONALIS,Fast Moving Consumer Goods,Consumer Food,20.83,sectors\fastmovingconsumergoods.csv
4564,Mansi Finance (Chennai) Ltd.,MANSIFIN,Finance,Finance - NBFC,20.82,sectors\finance.csv
4565,Disha Resources Ltd.,DRL,Trading,Trading,20.74,sectors\trading.csv
4566,Shree Ganesh Bio-Tech (India) Ltd.,SHREEGANES,Agriculture,Agriculture,20.73,sectors\agriculture.csv
4567,Neo Infracon Ltd.,NEOINFRA,Realty,Construction - Real Estate,20.73,sectors\realty.csv
4568,Sri Havisha Hospitality and Infrastructure Ltd.,HAVISHA,Hospitality,"Hotel, Resort & Restaurants",20.73,sectors\hospitality.csv
4569,Uniroyal Industries Ltd.,UNIROYAL,Textile,Textile,20.72,sectors\textile.csv
4570,Patspin India Ltd.,PATSPINLTD,Textile,Textile - Spinning,20.69,sectors\textile.csv
4571,SBEC Systems (India) Ltd.,SBECSYS,Capital Goods,Engineering,20.5,sectors\capitalgoods.csv
4572,Prime Urban Development India Ltd.,PRIMEURB,Textile,Textile,20.49,sectors\textile.csv
4573,Command Polymers Ltd.,COMMAND,Plastic Products,Plastic Products,20.49,sectors\plasticproducts.csv
4574,Containerway International Ltd.,CONTAINER,Trading,Trading,20.47,sectors\trading.csv
4575,OP Chains Ltd.,OPCHAINS,Trading,Trading,20.38,sectors\trading.csv
4576,Rishabh Digha Steel & Allied Products Ltd.,RISHDIGA,Trading,Trading,20.28,sectors\trading.csv
4577,Fruition Venture Ltd.,FRUTION,Finance,Finance - Stock Broking,20.26,sectors\finance.csv
4578,DRA Consultants Ltd.,DRA,Other,Engineering Consultancy,20.24,sectors\other.csv
4579,Shubhlaxmi Jewel Art Ltd.,SHUBHLAXMI,Diamond & Jewellery,Diamond  &  Jewellery,20.2,sectors\diamondjewellery.csv
4580,Boss Packaging Solutions Ltd.,BOSS,Fast Moving Consumer Goods,Packaging,20.16,sectors\fastmovingconsumergoods.csv
4581,Veejay Lakshmi Engineering Works Ltd.,VJLAXMIE,Textile,Textile - Machinery,20.15,sectors\textile.csv
4582,Crystal Business System Ltd.,CRYSTAL,Media & Entertainment,TV Broadcasting & Software Production,20.15,sectors\mediaentertainment.csv
4583,Colinz Laboratories Ltd.,COLINZ,Healthcare,Pharmaceuticals & Drugs,20.12,sectors\healthcare.csv
4584,Labelkraft Technologies Ltd.,LABELKRAFT,Fast Moving Consumer Goods,Printing & Stationery,20.11,sectors\fastmovingconsumergoods.csv
4585,Shree Metalloys Ltd.,SHREMETAL,Trading,Trading,20.08,sectors\trading.csv
4586,Tridhya Tech Ltd.,TRIDHYA,Information Technology,IT - Software,20.03,sectors\informationtechnology.csv
4587,Paramount Cosmetics (India) Ltd.,PARMCOS-B,Trading,Trading,20,sectors\trading.csv
4588,Trio Mercantile & Trading Ltd.,TRIOMERC,Trading,Trading,19.97,sectors\trading.csv
4589,York Exports Ltd.,YORKEXP,Textile,Textile,19.91,sectors\textile.csv
4590,Novateor Research Laboratories Ltd.,NOVATEOR,Fast Moving Consumer Goods,Household & Personal Products,19.88,sectors\fastmovingconsumergoods.csv
4591,Precision Metaliks Ltd.,PRECISION,Automobile & Ancillaries,Auto Ancillary,19.86,sectors\automobileancillaries.csv
4592,Dalmia Industrial Development Ltd.,DIDL,Trading,Trading,19.84,sectors\trading.csv
4593,Inter State Oil Carrier Ltd.,INTSTOIL,Logistics,Logistics,19.84,sectors\logistics.csv
4594,Maitri Enterprises Ltd.,MAITRI,Trading,Trading,19.8,sectors\trading.csv
4595,SRM Energy Ltd.,SRMENERGY,Textile,Textile,19.79,sectors\textile.csv
4596,Roselabs Finance Ltd.,ROSELABS,Finance,Finance - NBFC,19.78,sectors\finance.csv
4597,Cindrella Hotels Ltd.,CINDHO,Hospitality,"Hotel, Resort & Restaurants",19.76,sectors\hospitality.csv
4598,MPDL Ltd.,MPDL,Realty,Construction - Real Estate,19.74,sectors\realty.csv
4599,Orient Tradelink Ltd.,ORIENTTR,Media & Entertainment,"Film Production, Distribution & Entertainment",19.69,sectors\mediaentertainment.csv
4600,GB Logistics Commerce Ltd.,GBLOGISTIC,Logistics,Logistics,19.67,sectors\logistics.csv
4601,7NR Retail Ltd.,7NR,Trading,Trading,19.6,sectors\trading.csv
4602,TCI Finance Ltd.,TCIFINANCE,Finance,Finance - NBFC,19.57,sectors\finance.csv
4603,Cyber Media Research & Services Ltd.,CMRSL,Media & Entertainment,Printing And Publishing,19.49,sectors\mediaentertainment.csv
4604,Mukat Pipes Ltd.,MUKATPIP,Iron & Steel,Steel & Iron Products,19.48,sectors\ironsteel.csv
4605,K-Lifestyle Industries Ltd.,KLIFESTYL,Textile,Textile,19.43,sectors\textile.csv
4606,Veer Energy & Infrastructure Ltd.,VEERENRGY,Power,Power Generation/Distribution,19.42,sectors\power.csv
4607,Vikas WSP Ltd.,VIKASWSP,Chemicals,Chemicals,19.42,sectors\chemicals.csv
4608,Kahan Packaging Ltd.,KAHAN,Fast Moving Consumer Goods,Packaging,19.3,sectors\fastmovingconsumergoods.csv
4609,Visagar Financial Services Ltd.,VISAGAR,Finance,Finance - NBFC,19.27,sectors\finance.csv
4610,Maharashtra Corporation Ltd.,MAHACORP,Trading,Trading,19.25,sectors\trading.csv
4611,SPP Polymer Ltd.,SPPPOLY,Fast Moving Consumer Goods,Packaging,19.24,sectors\fastmovingconsumergoods.csv
4612,IMEC Services Ltd.,IMEC,Other,Professional Services,19.23,sectors\other.csv
4613,Prima Industries Ltd.,PRIMAIN,Fast Moving Consumer Goods,Animal Feed,19.21,sectors\fastmovingconsumergoods.csv
4614,Colorchips New Media Ltd.,COLORCHIPS,Media & Entertainment,TV Broadcasting & Software Production,19.17,sectors\mediaentertainment.csv
4615,Advance Lifestyles Ltd.,ADVLIFE,Textile,Textile,19.14,sectors\textile.csv
4616,Sterling Powergensys Ltd.,STERPOW,Capital Goods,Engineering - Industrial Equipments,19.07,sectors\capitalgoods.csv
4617,SKIL Infrastructure Ltd.,SKIL,Capital Goods,Engineering,19.06,sectors\capitalgoods.csv
4618,MSR Copper Ltd.,MSRINDIA,Non - Ferrous Metals,Metal - Non Ferrous,19.05,sectors\nonferrousmetals.csv
4619,Abram Food Ltd.,ABRFL,Fast Moving Consumer Goods,Consumer Food,19.03,sectors\fastmovingconsumergoods.csv
4620,Shrenik Ltd.,SHRENIK,Trading,Trading,18.97,sectors\trading.csv
4621,Add-Shop E-Retail Ltd.,ASRL,Trading,Trading,18.94,sectors\trading.csv
4622,Bacil Pharma Ltd.,BACPHAR,Healthcare,Pharmaceuticals & Drugs,18.83,sectors\healthcare.csv
4623,Venlon Enterprises Ltd.,VENLONENT,Trading,Trading,18.76,sectors\trading.csv
4624,ND Metal Industries Ltd.,NDMETAL,Non - Ferrous Metals,Metal - Non Ferrous,18.72,sectors\nonferrousmetals.csv
4625,Yasons Chemex Care Ltd.,YCCL,Chemicals,Dyes & Pigments,18.63,sectors\chemicals.csv
4626,Madhusudan Industries Ltd.,MADHUDIN,Trading,Trading,18.62,sectors\trading.csv
4627,Travels & Rentals Ltd.,TRAVELS,Hospitality,Travel Services,18.58,sectors\hospitality.csv
4628,Modern Steels Ltd.,MDRNSTL,Iron & Steel,Steel & Iron Products,18.58,sectors\ironsteel.csv
4629,Saffron Industries Ltd.,SAFFRON,Paper,Paper & Paper Products,18.58,sectors\paper.csv
4630,Benara Bearings And Pistons Ltd.,BENARA,Automobile & Ancillaries,Bearings,18.5,sectors\automobileancillaries.csv
4631,Nidan Laboratories And Healthcare Ltd.,NIDAN,Healthcare,Hospital & Healthcare Services,18.49,sectors\healthcare.csv
4632,Hisar Spinning Mills Ltd.,HISARSP,Textile,Textile - Spinning,18.43,sectors\textile.csv
4633,Bazel International Ltd.,BAZELINTER,Finance,Finance - NBFC,18.41,sectors\finance.csv
4634,Dynamic Portfolio Management & Services Ltd.,DYNAMICP,Finance,Finance - NBFC,18.39,sectors\finance.csv
4635,Gallops Enterprises Ltd.,GALLOPENT,Finance,Finance - NBFC,18.27,sectors\finance.csv
4636,SP Refractories Ltd.,SPRL,Capital Goods,Refractories,18.24,sectors\capitalgoods.csv
4637,Rapid Investments Ltd.,RAPIDIN,Finance,Finance - NBFC,18.17,sectors\finance.csv
4638,ACE Integrated Solutions Ltd.,ACEINTEG,Information Technology,BPO/ITeS,18.16,sectors\informationtechnology.csv
4639,Bloom Industries Ltd.,BLOIN,Trading,Trading,18.05,sectors\trading.csv
4640,Cil Securities Ltd.,CILSEC,Finance,Finance - NBFC,18,sectors\finance.csv
4641,Abirami Financial Services (India) Ltd.,ABIRAFN,Finance,Finance - NBFC,17.98,sectors\finance.csv
4642,Premier Capital Services Ltd.,PREMCAP,Finance,Finance - NBFC,17.97,sectors\finance.csv
4643,Global Capital Markets Ltd.,GLOBALCA,Finance,Finance - NBFC,17.92,sectors\finance.csv
4644,Quality Foils (India) Ltd.,QFIL,Iron & Steel,Steel & Iron Products,17.92,sectors\ironsteel.csv
4645,Harig Crankshafts Ltd.,HARCR,Capital Goods,Engineering - Industrial Equipments,17.91,sectors\capitalgoods.csv
4646,HS India Ltd.,HOTLSILV,Hospitality,"Hotel, Resort & Restaurants",17.86,sectors\hospitality.csv
4647,Jayshree Chemicals Ltd.,JAYCH,Chemicals,Chemicals,17.86,sectors\chemicals.csv
4648,Metalyst Forgings Ltd.,METALFORGE,Automobile & Ancillaries,Forgings,17.86,sectors\automobileancillaries.csv
4649,Onesource Industries And Ventures Ltd.,OIVL,Finance,Finance - Others,17.84,sectors\finance.csv
4650,SSPDL Ltd.,SSPDL,Realty,Construction - Real Estate,17.8,sectors\realty.csv
4651,Howard Hotels Ltd.,HOWARHO,Hospitality,"Hotel, Resort & Restaurants",17.76,sectors\hospitality.csv
4652,Step Two Corporation Ltd.,STEP2COR,Finance,Finance - NBFC,17.7,sectors\finance.csv
4653,Radiowalla Network Ltd.,RADIOWALLA,Information Technology,e-Commerce,17.66,sectors\informationtechnology.csv
4654,Poojawestern Metaliks Ltd.,POOJA,Non - Ferrous Metals,Metal - Non Ferrous,17.63,sectors\nonferrousmetals.csv
4655,Gilada Finance & Investments Ltd.,GILADAFINS,Finance,Finance - NBFC,17.58,sectors\finance.csv
4656,Bharat Textiles & Proofing Industries Ltd.,BHATEXT,Textile,Textile,17.57,sectors\textile.csv
4657,Vedant Asset Ltd.,VEDANTASSET,Finance,Finance - Asset Management,17.57,sectors\finance.csv
4658,KCL Infra Projects Ltd.,KCLINFRA,Realty,Construction - Real Estate,17.57,sectors\realty.csv
4659,Prism Finance Ltd.,PRISMFN,Finance,Finance - NBFC,17.55,sectors\finance.csv
4660,Containe Technologies Ltd.,CONTAINE,Electricals,Electronics - Components,17.48,sectors\electricals.csv
4661,Olympia Industries Ltd.,OLYMPTX,Retailing,Retailing,17.47,sectors\retailing.csv
4662,Regent Enterprises Ltd.,REGENTRP,Trading,Trading,17.46,sectors\trading.csv
4663,Crimson Metal Engineering Company Ltd.,CRIMSON,Iron & Steel,Steel & Iron Products,17.42,sectors\ironsteel.csv
4664,Shahi Shipping Ltd.,SHAHISHIP,Logistics,Shipping,17.38,sectors\logistics.csv
4665,Earthstahl & Alloys Ltd.,EARTH,Iron & Steel,Steel & Iron Products,17.38,sectors\ironsteel.csv
4666,Aik Pipes & Polymers Ltd.,AIKPIPES,Plastic Products,Plastic Products,17.38,sectors\plasticproducts.csv
4667,Le Lavoir Ltd.,LELAVOIR,Trading,Trading,17.38,sectors\trading.csv
4668,Bhagawati Gas Ltd.,BHAGGAS,Industrials Gases & Fuels,Industrial  Gases & Fuels,17.36,sectors\industrialsgasesfuels.csv
4669,Tijaria Polypipes Ltd.,TIJARIA,Plastic Products,Plastic Products,17.35,sectors\plasticproducts.csv
4670,Darjeeling Industriies Ltd.,DARJEELING,Finance,Finance - Investment,17.34,sectors\finance.csv
4671,AVI Products India Ltd.,APIL,Trading,Trading,17.33,sectors\trading.csv
4672,Kizi Apparels Ltd.,KIZI,Textile,Textile,17.31,sectors\textile.csv
4673,Alchemist Corporation Ltd.,ALCHCORP,Trading,Trading,17.3,sectors\trading.csv
4674,Pro CLB Global Ltd.,PROCLB,Finance,Finance - Investment,17.3,sectors\finance.csv
4675,Tacent Projects Ltd.,TACENT,Textile,Textile,17.26,sectors\textile.csv
4676,PDP Shipping & Projects Ltd.,PSPL,Logistics,Logistics,17.25,sectors\logistics.csv
4677,Vivid Global Industries Ltd.,VIVIDIND,Chemicals,Chemicals,17.24,sectors\chemicals.csv
4678,Cityman Ltd.,CITYMAN,Textile,Textile,17.24,sectors\textile.csv
4679,Davin Sons Retail Ltd.,DAVIN,Retailing,Retailing,17.19,sectors\retailing.csv
4680,Sawaca Enterprises Ltd.,SAWACA,Trading,Trading,17.16,sectors\trading.csv
4681,Hemang Resources Ltd.,HEMANG,Trading,Trading,17.16,sectors\trading.csv
4682,Organic Coatings Ltd.,ORGCOAT,Chemicals,Chemicals,17.15,sectors\chemicals.csv
4683,Easun Capital Markets Ltd.,EASUN,Finance,Finance - NBFC,17.15,sectors\finance.csv
4684,Ranjit Securities Ltd.,RANJITSE,Finance,Finance - NBFC,17.13,sectors\finance.csv
4685,Zenlabs Ethica Ltd.,ZENLABS,Trading,Trading,17.08,sectors\trading.csv
4686,Rajeshwari Cans Ltd.,RCAN,Fast Moving Consumer Goods,Packaging,17.06,sectors\fastmovingconsumergoods.csv
4687,Maruti Global Industries Ltd.,MGIL,Finance,Finance - Investment,17.05,sectors\finance.csv
4688,Ontic Finserve Ltd.,ONTIC,Finance,Finance - Others,17.01,sectors\finance.csv
4689,Manraj Housing Finance Ltd.,MANRAJH,Finance,Finance - Housing,17,sectors\finance.csv
4690,South Asian Enterprises Ltd.,SAENTER,Trading,Trading,16.97,sectors\trading.csv
4691,Kapil Raj Finance Ltd.,KAPILRAJ,Finance,Finance - NBFC,16.96,sectors\finance.csv
4692,Vamshi Rubber Ltd.,VAMSHIRU,Agriculture,Rubber  Products,16.84,sectors\agriculture.csv
4693,Taparia Tools Ltd.,TAPARIA,Iron & Steel,Steel & Iron Products,16.73,sectors\ironsteel.csv
4694,Zenith Health Care Ltd.,ZENITHHE,Healthcare,Pharmaceuticals & Drugs,16.61,sectors\healthcare.csv
4695,Hindustan Agrigenetics Ltd.,HINDUST,Agriculture,Agriculture,16.61,sectors\agriculture.csv
4696,Tecil Chemicals & Hydro Power Ltd.,TECILCHEM,Chemicals,Chemicals,16.59,sectors\chemicals.csv
4697,Radaan Mediaworks India Ltd.,RADAAN,Media & Entertainment,"Film Production, Distribution & Entertainment",16.57,sectors\mediaentertainment.csv
4698,Inani Marbles & Industries Ltd.,INANI,Construction Materials,Ceramics/Marble/Granite/Sanitaryware,16.55,sectors\constructionmaterials.csv
4699,Indong Tea Company Ltd.,INDONG,Agriculture,Tea/Coffee,16.51,sectors\agriculture.csv
4700,Neelam Linens and Garments (India) Ltd.,NEELAM,Textile,Textile,16.48,sectors\textile.csv
4701,RTCL Ltd.,RAGHUTOB,Realty,Construction - Real Estate,16.44,sectors\realty.csv
4702,DRS Cargo Movers Ltd.,DRSCARGO,Logistics,Logistics,16.42,sectors\logistics.csv
4703,Steel Strips Infrastructures Ltd.,STLSTRINF,Realty,Construction - Real Estate,16.41,sectors\realty.csv
4704,Visagar Polytex Ltd.,VIVIDHA,Textile,Textile,16.39,sectors\textile.csv
4705,Frontier Capital Ltd.,FRONTCAP,Finance,Finance - NBFC,16.39,sectors\finance.csv
4706,S&T Corporation Ltd.,STCORP,Realty,Construction - Real Estate,16.33,sectors\realty.csv
4707,Max Heights Infrastructure Ltd.,MAXHEIGHTS,Realty,Construction - Real Estate,16.33,sectors\realty.csv
4708,Ventura Textiles Ltd.,VENTURA,Textile,Textile,16.3,sectors\textile.csv
4709,Equilateral Enterprises Ltd.,EQUILATERA,Trading,Trading,16.28,sectors\trading.csv
4710,Gujarat Lease Financing Ltd.,GLFL,Finance,Finance - NBFC,16.28,sectors\finance.csv
4711,Advance Petrochemicals Ltd.,ADVPETR-B,Chemicals,Chemicals,16.25,sectors\chemicals.csv
4712,Shashwat Furnishing Solutions Ltd.,SFSL,Fast Moving Consumer Goods,Household & Personal Products,16.24,sectors\fastmovingconsumergoods.csv
4713,Krupalu Metals Ltd.,KRUPALU,Non - Ferrous Metals,Metal - Non Ferrous,16.24,sectors\nonferrousmetals.csv
4714,Manglam Global Corporations Ltd.,MANGLAM,Trading,Trading,16.23,sectors\trading.csv
4715,Otco International Ltd.,OTCO,Information Technology,IT - Software,16.21,sectors\informationtechnology.csv
4716,Bombay Talkies Ltd.,BOMTALKIES,Finance,Finance - NBFC,16.2,sectors\finance.csv
4717,Continental Seeds and Chemicals Ltd.,CONTI,Trading,Trading,16.17,sectors\trading.csv
4718,Adhbhut Infrastructure Ltd.,ADHBHUTIN,Infrastructure,Engineering - Construction,16.16,sectors\infrastructure.csv
4719,EP Biocomposites Ltd.,EPBIO,Plastic Products,Plastic Products,16.15,sectors\plasticproducts.csv
4720,Shree Marutinandan Tubes Ltd.,SHREE,Trading,Trading,16.14,sectors\trading.csv
4721,Beryl Securities Ltd.,BERYLSE,Finance,Finance - NBFC,16.11,sectors\finance.csv
4722,Solvex Edibles Ltd.,SOLVEX,Fast Moving Consumer Goods,Edible Oil,16.1,sectors\fastmovingconsumergoods.csv
4723,Comfort Commotrade Ltd.,COMCL,Finance,Finance - Stock Broking,16.1,sectors\finance.csv
4724,TV Vision Ltd.,TVVISION,Media & Entertainment,TV Broadcasting & Software Production,16.08,sectors\mediaentertainment.csv
4725,Piotex Industries Ltd.,PIOTEX,Trading,Trading,16.08,sectors\trading.csv
4726,Square Four Projects India Ltd.,SFPIL,Miscellaneous,Miscellaneous,16.01,sectors\miscellaneous.csv
4727,Frontline Corporation Ltd.,FRONTCORP,Logistics,Logistics,16,sectors\logistics.csv
4728,Shyam Telecom Ltd.,SHYAMTEL,Telecom,Telecommunication - Equipment,15.99,sectors\telecom.csv
4729,RAW Edge Industrial Solutions Ltd.,RAWEDGE,Mining,Mining & Minerals,15.98,sectors\mining.csv
4730,Yash Management & Satellite Ltd.,YASHMGM,Finance,Finance - Investment,15.95,sectors\finance.csv
4731,Eastern Treads Ltd.,EASTRED,Agriculture,Rubber  Products,15.92,sectors\agriculture.csv
4732,Astron Paper & Board Mill Ltd.,ASTRON,Paper,Paper & Paper Products,15.9,sectors\paper.csv
4733,Norris Medicines Ltd.,NORRIS,Healthcare,Pharmaceuticals & Drugs,15.9,sectors\healthcare.csv
4734,Natraj Proteins Ltd.,NATRAJPR,Fast Moving Consumer Goods,Edible Oil,15.82,sectors\fastmovingconsumergoods.csv
4735,Neelkanth Ltd.,NEELKANTH,Trading,Trading,15.81,sectors\trading.csv
4736,Response Informatics Ltd.,RESPONSINF,Information Technology,IT - Software,15.81,sectors\informationtechnology.csv
4737,SK International Export Ltd.,SKIEL,Textile,Textile,15.78,sectors\textile.csv
4738,Rajasthan Petro Synthetics Ltd.,RAJSPTR,Other,Professional Services,15.78,sectors\other.csv
4739,Getalong Enterprise Ltd.,GETALONG,Trading,Trading,15.76,sectors\trading.csv
4740,Bharat Bhushan Finance & Commodity Brokers Ltd.,BHARAT,Finance,Finance - Investment,15.76,sectors\finance.csv
4741,Pressure Sensitive Systems (India) Ltd.,PRESSURS,Trading,Trading,15.73,sectors\trading.csv
4742,Infronics Systems Ltd.,INFRONICS,Information Technology,IT - Software,15.71,sectors\informationtechnology.csv
4743,Gajanan Securities Services Ltd.,GAJANANSEC,Finance,Finance - Stock Broking,15.68,sectors\finance.csv
4744,Heads UP Ventures Ltd.,HEADSUP,Retailing,Retailing,15.68,sectors\retailing.csv
4745,Amin Tannery Ltd.,AMINTAN,Fast Moving Consumer Goods,Leather,15.66,sectors\fastmovingconsumergoods.csv
4746,Sungold Media And Entertainment Ltd.,SMEL,Media & Entertainment,"Film Production, Distribution & Entertainment",15.64,sectors\mediaentertainment.csv
4747,GSL Securities Ltd.,GSLSEC,Finance,Finance - NBFC,15.64,sectors\finance.csv
4748,Meyer Apparel Ltd.,MAL,Textile,Textile,15.62,sectors\textile.csv
4749,COSYN Ltd.,COSYN,Information Technology,IT - Software,15.59,sectors\informationtechnology.csv
4750,Mid East Portfolio Management Ltd.,MIDEASTP,Finance,Finance - Investment,15.56,sectors\finance.csv
4751,NDA Securities Ltd.,NDASEC,Finance,Finance - Stock Broking,15.53,sectors\finance.csv
4752,Shiva Granito Export Ltd.,SHIVAEXPO,Construction Materials,Ceramics/Marble/Granite/Sanitaryware,15.52,sectors\constructionmaterials.csv
4753,Gujarat Hy-Spin Ltd.,GUJHYSPIN,Textile,Textile - Spinning,15.44,sectors\textile.csv
4754,Kinetic Trust Ltd.,KINETRU,Finance,Finance - NBFC,15.43,sectors\finance.csv
4755,Sovereign Diamonds Ltd.,SOVERDIA,Diamond & Jewellery,Diamond  &  Jewellery,15.36,sectors\diamondjewellery.csv
4756,SMVD Poly Pack Ltd.,SMVD,Plastic Products,Plastic Products,15.35,sectors\plasticproducts.csv
4757,Desh Rakshak Aushdhalaya Ltd.,DESHRAK,Healthcare,Pharmaceuticals & Drugs,15.33,sectors\healthcare.csv
4758,SM Gold Ltd.,SMGOLD,Trading,Trading,15.32,sectors\trading.csv
4759,Simplex Mills Company Ltd.,SIMPLXMIL,Trading,Trading,15.24,sectors\trading.csv
4760,Tai Industries Ltd.,TAIIND,Trading,Trading,15.24,sectors\trading.csv
4761,Usha Martin Education & Solutions Ltd.,UMESLTD,Information Technology,IT - Education,15.24,sectors\informationtechnology.csv
4762,Niks Technology Ltd.,NIKSTECH,Information Technology,IT - Software,15.22,sectors\informationtechnology.csv
4763,Kandagiri Spinning Mills Ltd.,KANDAGIRI,Textile,Textile - Spinning,15.21,sectors\textile.csv
4764,Astron Multigrain Ltd.,ASTRONMULT,Fast Moving Consumer Goods,Consumer Food,15.2,sectors\fastmovingconsumergoods.csv
4765,Brisk Technovision Ltd.,BRISK,Trading,Trading,15.2,sectors\trading.csv
4766,Gyan Developers & Builders Ltd.,GYANDEV,Realty,Construction - Real Estate,15.19,sectors\realty.csv
4767,Gajanand International Ltd.,GAJANAND,Trading,Trading,15.16,sectors\trading.csv
4768,Shree Securities Ltd.,SHREESEC,Finance,Finance - Investment,15.16,sectors\finance.csv
4769,Golechha Global Finance Ltd.,GOLECHA,Finance,Finance - NBFC,15.15,sectors\finance.csv
4770,Dipna Pharmachem Ltd.,DPL,Trading,Trading,15.14,sectors\trading.csv
4771,Omkar Pharmachem Ltd.,OMKARPH,Other,Business Support,15.13,sectors\other.csv
4772,PALM Jewels Ltd.,PALMJEWELS,Trading,Trading,15.11,sectors\trading.csv
4773,Tirupati Innovar Ltd.,TIRUPATIIN,Trading,Trading,15.03,sectors\trading.csv
4774,Rajkamal Synthetics Ltd.,RAJKSYN,Trading,Trading,15.03,sectors\trading.csv
4775,PM Telelinks Ltd.,PMTELELIN,Trading,Trading,14.93,sectors\trading.csv
4776,NMS Global Ltd.,NMSGLOBAL,Trading,Trading,14.87,sectors\trading.csv
4777,Ahimsa Industries Ltd.,AHIMSA,Plastic Products,Plastic Products,14.86,sectors\plasticproducts.csv
4778,KBS India Ltd.,KBSINDIA,Finance,Finance - Stock Broking,14.83,sectors\finance.csv
4779,VR Films & Studios Ltd.,VRFILMS,Media & Entertainment,"Film Production, Distribution & Entertainment",14.8,sectors\mediaentertainment.csv
4780,Rander Corporation Ltd.,RANDER,Realty,Construction - Real Estate,14.8,sectors\realty.csv
4781,Vashishtha Luxury Fashion Ltd.,VASHISHTHA,Textile,Textile,14.77,sectors\textile.csv
4782,Market Creators Ltd.,MKTCREAT,Finance,Finance - Investment,14.74,sectors\finance.csv
4783,Natura Hue Chem Ltd.,NATHUEC,Agriculture,Agriculture,14.72,sectors\agriculture.csv
4784,LK Mehta Polymers Ltd.,LKMEHTA,Plastic Products,Plastic Products,14.71,sectors\plasticproducts.csv
4785,JHS Svendgaard Retail Ventures Ltd.,RETAIL,Retailing,Retailing,14.69,sectors\retailing.csv
4786,Moongipa Capital Finance Ltd.,MONGIPA,Finance,Finance - NBFC,14.65,sectors\finance.csv
4787,Indergiri Finance Ltd.,INDERGR,Finance,Finance - NBFC,14.63,sectors\finance.csv
4788,NEIL Industries Ltd.,NEIL,Finance,Finance - NBFC,14.63,sectors\finance.csv
4789,Sarvottam Finvest Ltd.,SARVOTTAM,Finance,Finance - NBFC,14.62,sectors\finance.csv
4790,Citi Port Financial Services Ltd.,CITIPOR,Finance,Finance - NBFC,14.57,sectors\finance.csv
4791,Super Fine Knitters Ltd.,SKL,Textile,Textile,14.57,sectors\textile.csv
4792,Asia Pack Ltd.,ASIAPAK,Trading,Trading,14.51,sectors\trading.csv
4793,Kiran Print-Pack Ltd.,KIRANPR,Trading,Trading,14.51,sectors\trading.csv
4794,Daulat Securities Ltd.,DAULAT,Finance,Finance - Stock Broking,14.5,sectors\finance.csv
4795,Mono Pharmacare Ltd.,MONOPHARMA,Trading,Trading,14.49,sectors\trading.csv
4796,Kachchh Minerals Ltd.,KACHCHH,Mining,Mining & Minerals,14.44,sectors\mining.csv
4797,Trans Freight Containers Ltd.,TRANSFRE,Capital Goods,Engineering - Industrial Equipments,14.44,sectors\capitalgoods.csv
4798,Gautam Gems Ltd.,GGL,Trading,Trading,14.25,sectors\trading.csv
4799,Stellar Capital Services Ltd.,STELLAR,Finance,Finance - NBFC,14.23,sectors\finance.csv
4800,Julien Agro Infratech Ltd.,JULIEN,Infrastructure,Engineering - Construction,14.18,sectors\infrastructure.csv
4801,Shrydus Industries Ltd.,SHRYDUS,Finance,Finance - Investment,14.18,sectors\finance.csv
4802,UR Sugar Industries Ltd.,URSUGAR,Trading,Trading,14.18,sectors\trading.csv
4803,Aurus Gem Corporation Ltd.,AURUS,Trading,Trading,14.15,sectors\trading.csv
4804,Raj Packaging Industries Ltd.,RAJPACK,Plastic Products,Plastic Products,14.14,sectors\plasticproducts.csv
4805,Shree Karthik Papers Ltd.,SHKARTP,Paper,Paper & Paper Products,14.14,sectors\paper.csv
4806,Mehta Integrated Finance Ltd.,MEHIF,Finance,Finance - Investment,14.12,sectors\finance.csv
4807,ANS Industries Ltd.,ANSINDUS,Fast Moving Consumer Goods,Consumer Food,14.11,sectors\fastmovingconsumergoods.csv
4808,Shamrock Industrial Company Ltd.,SHAMROIN,Healthcare,Pharmaceuticals & Drugs,14.09,sectors\healthcare.csv
4809,BKV Industries Ltd.,BKV,Agriculture,Aquaculture,14.07,sectors\agriculture.csv
4810,Technopack Polymers Ltd.,TECHNOPACK,Plastic Products,Plastic Products,14.07,sectors\plasticproducts.csv
4811,Franklin Leasing And Finance Ltd.,FRANKLIN,Finance,Finance - NBFC,14.06,sectors\finance.csv
4812,Galada Power & Telecommunication Ltd.,GALADA,Non - Ferrous Metals,Aluminium & Aluminium Products,14.05,sectors\nonferrousmetals.csv
4813,Samyak International Ltd.,SAMYAKINT,Trading,Trading,14.02,sectors\trading.csv
4814,Sanblue Corporation Ltd.,SANBLUE,Trading,Trading,14,sectors\trading.csv
4815,SRG Fingrow Finance Ltd.,SRGFFL,Finance,Finance - NBFC,13.98,sectors\finance.csv
4816,Karnavati Finance Ltd.,KARNAVATI,Finance,Finance - NBFC,13.97,sectors\finance.csv
4817,Vanta Bioscience Ltd.,VANTABIO,Other,Business Support,13.97,sectors\other.csv
4818,Ashiana Ispat Ltd.,ASHIS,Iron & Steel,Steel & Iron Products,13.94,sectors\ironsteel.csv
4819,Thakral Services (India) Ltd.,THAKRAL,Consumer Durables,Consumer Durables - Electronics,13.89,sectors\consumerdurables.csv
4820,Frontline Financial Services Ltd.,FRONTFN,Trading,Trading,13.89,sectors\trading.csv
4821,PBA Infrastructure Ltd.,PBAINFRA,Infrastructure,Engineering - Construction,13.88,sectors\infrastructure.csv
4822,Shivamshree Business Ltd.,SBL,Trading,Trading,13.84,sectors\trading.csv
4823,Kalyani Commercials Ltd.,KALYANI,Automobile & Ancillaries,Automobiles - Dealers & Distributors,13.81,sectors\automobileancillaries.csv
4824,FGP Ltd.,FGP,Finance,Finance - NBFC,13.81,sectors\finance.csv
4825,Clio Infotech Ltd.,CLIOINFO,Finance,Finance - Investment,13.77,sectors\finance.csv
4826,Prag Bosimi Synthetics Ltd.,PRAGBOS,Textile,Textile,13.76,sectors\textile.csv
4827,NCC Blue Water Products Ltd.,NCCBLUE,Agriculture,Aquaculture,13.75,sectors\agriculture.csv
4828,Zodiac Ventures Ltd.,ZODIACVEN,Finance,Finance - Investment,13.73,sectors\finance.csv
4829,Tamilnadu Steel Tubes Ltd.,TNSTLTU,Iron & Steel,Steel & Iron Products,13.71,sectors\ironsteel.csv
4830,Continental Chemicals Ltd.,CONTCHM,Information Technology,IT - Software,13.7,sectors\informationtechnology.csv
4831,Epuja Spiritech Ltd.,EPUJA,Trading,Trading,13.68,sectors\trading.csv
4832,Regal Entertainment & Consultants Ltd.,REGAL,Finance,Finance - NBFC,13.68,sectors\finance.csv
4833,Seasons Textiles Ltd.,SEASONST,Textile,Textile,13.65,sectors\textile.csv
4834,Sabar Flex India Ltd.,SABAR,Fast Moving Consumer Goods,Packaging,13.65,sectors\fastmovingconsumergoods.csv
4835,Muller & Phipps (India) Ltd.,MULLER,Trading,Trading,13.63,sectors\trading.csv
4836,B.C. Power Controls Ltd.,BCP,Non - Ferrous Metals,Metal - Non Ferrous,13.61,sectors\nonferrousmetals.csv
4837,Associated Coaters Ltd.,ASSOCIATED,Miscellaneous,Miscellaneous,13.59,sectors\miscellaneous.csv
4838,RJ Shah & Company Ltd.,RJSHAH,Infrastructure,Engineering - Construction,13.57,sectors\infrastructure.csv
4839,HCKK Ventures Ltd.,HCKKVENTURE,Finance,Finance - Investment,13.56,sectors\finance.csv
4840,JJ Finance Corporation Ltd.,JJFINCOR,Finance,Finance - NBFC,13.55,sectors\finance.csv
4841,Bothra Metals & Alloys Ltd.,BMAL,Trading,Trading,13.52,sectors\trading.csv
4842,Indo-City Infotech Ltd.,INDOCITY,Finance,Finance - NBFC,13.52,sectors\finance.csv
4843,MT Educare Ltd.,MTEDUCARE,Other,Educational Institutions,13.51,sectors\other.csv
4844,New Light Industries Ltd.,NEWLIGHT,Textile,Textile,13.49,sectors\textile.csv
4845,Starsource Multitrade Ltd.,STARSOURCE,Healthcare,Pharmaceuticals & Drugs,13.47,sectors\healthcare.csv
4846,Solid Stone Company Ltd.,SOLIDSTON,Construction Materials,Ceramics/Marble/Granite/Sanitaryware,13.45,sectors\constructionmaterials.csv
4847,Shukra Jewellery Ltd.,SHUKJEW,Trading,Trading,13.44,sectors\trading.csv
4848,GKP Printing & Packaging Ltd.,GKP,Fast Moving Consumer Goods,Packaging,13.42,sectors\fastmovingconsumergoods.csv
4849,Varyaa Creations Ltd.,VARYAA,Diamond & Jewellery,Diamond  &  Jewellery,13.41,sectors\diamondjewellery.csv
4850,Kunststoffe Industries Ltd.,KUNSTOFF,Plastic Products,Plastic Products,13.33,sectors\plasticproducts.csv
4851,Sabrimala Industries India Ltd.,SIIL,Retailing,Retailing,13.33,sectors\retailing.csv
4852,MFL India Ltd.,MFLINDIA,Logistics,Logistics,13.33,sectors\logistics.csv
4853,Titaanium Ten Enterprise Ltd.,TITAANIUM,Textile,Textile,13.32,sectors\textile.csv
4854,GCM Securities Ltd.,GCMSECU,Finance,Finance - Stock Broking,13.3,sectors\finance.csv
4855,DS Kulkarni Developers Ltd.,DSKULKARNI,Realty,Construction - Real Estate,13.3,sectors\realty.csv
4856,Arrowhead Seperation Engineering Ltd.,ARROWHEAD,Capital Goods,Engineering - Industrial Equipments,13.29,sectors\capitalgoods.csv
4857,Krishna Capital And Securities Ltd.,KRISHNACAP,Finance,Finance - NBFC,13.27,sectors\finance.csv
4858,Hit Kit Global Solutions Ltd.,HITKITGLO,Information Technology,IT - Software,13.26,sectors\informationtechnology.csv
4859,Octavius Plantations Ltd.,OCTAVIUSPL,Agriculture,Tea/Coffee,13.23,sectors\agriculture.csv
4860,Ashtasidhhi Industries Ltd.,GUJINV,Finance,Finance - NBFC,13.22,sectors\finance.csv
4861,Tuni Textile Mills Ltd.,TUNITEX,Textile,Textile - Weaving,13.19,sectors\textile.csv
4862,SV Trading & Agencies Ltd.,ZSVTRADI,Finance,Finance - Stock Broking,13.18,sectors\finance.csv
4863,Diggi Multitrade Ltd.,DML,Trading,Trading,13.16,sectors\trading.csv
4864,JMG Corporation Ltd.,JMGCORP,Trading,Trading,13.15,sectors\trading.csv
4865,Triumph International Finance India Ltd.,TRIUMPIN,Finance,Finance - Investment,13.08,sectors\finance.csv
4866,Northlink Fiscal and Capital Services Ltd.,NORTHLINK,Finance,Finance - NBFC,13.07,sectors\finance.csv
4867,Fone4 Communications (India) Ltd.,FONE4,Information Technology,e-Commerce,13.07,sectors\informationtechnology.csv
4868,HB Leasing & Finance Company Ltd.,HBLEAS,Finance,Finance - NBFC,13.06,sectors\finance.csv
4869,Decillion Finance Ltd.,DFL,Finance,Finance - Investment,13.05,sectors\finance.csv
4870,BIL Vyapar Ltd.,BILVYAPAR,Diversified,Diversified,13.02,sectors\diversified.csv
4871,Galada Finance Ltd.,GALADAFIN,Finance,Finance - NBFC,13.01,sectors\finance.csv
4872,GK Consultants Ltd.,GKCONS,Finance,Finance - NBFC,13.01,sectors\finance.csv
4873,BLT Logistics Ltd.,BLT,Logistics,Logistics,12.95,sectors\logistics.csv
4874,Tradewell Holdings Ltd.,TRADEWELL,Finance,Finance - Investment,12.92,sectors\finance.csv
4875,Tokyo Finance Ltd.,TOKYOFIN,Finance,Finance - NBFC,12.89,sectors\finance.csv
4876,United Credit Ltd.,UNITDCR,Finance,Finance - NBFC,12.87,sectors\finance.csv
4877,SVS Ventures Ltd.,SVS,Realty,Construction - Real Estate,12.87,sectors\realty.csv
4878,Vishvprabha Ventures Ltd.,VISVEN,Diversified,Diversified,12.84,sectors\diversified.csv
4879,Kairosoft Ai Solutions Ltd.,VOLKAI,Finance,Finance - Investment,12.84,sectors\finance.csv
4880,Bindal Exports Ltd.,BINDALEXPO,Textile,Textile,12.79,sectors\textile.csv
4881,Sibar Auto Parts Ltd.,SIBARAUT,Automobile & Ancillaries,Auto Ancillary,12.79,sectors\automobileancillaries.csv
4882,Manipal Finance Corporation Ltd.,MNPLFIN,Finance,Finance - NBFC,12.78,sectors\finance.csv
4883,Magnus Steel And Infra Ltd.,MAGNUS,Electricals,Cable,12.78,sectors\electricals.csv
4884,Rajvi Logitrade Ltd.,RAJVI,Logistics,Logistics,12.78,sectors\logistics.csv
4885,Santosh Fine-Fab Ltd.,SANTOSHF,Textile,Textile - Weaving,12.76,sectors\textile.csv
4886,Creative Eye Ltd.,CREATIVEYE,Media & Entertainment,TV Broadcasting & Software Production,12.76,sectors\mediaentertainment.csv
4887,Gravity (India) Ltd.,GRAVITY,Textile,Textile,12.71,sectors\textile.csv
4888,DAPS Advertising Ltd.,DAPS,Media & Entertainment,Advertising & Media,12.66,sectors\mediaentertainment.csv
4889,Niraj Ispat Industries Ltd.,NIRAJISPAT,Plastic Products,Plastic Products,12.66,sectors\plasticproducts.csv
4890,Saroja Pharma Industries India Ltd.,SAROJA,Healthcare,Pharmaceuticals & Drugs,12.64,sectors\healthcare.csv
4891,Global Longlife Hospital and Research Ltd.,GLHRL,Healthcare,Hospital & Healthcare Services,12.64,sectors\healthcare.csv
4892,Innokaiz India Ltd.,INNOKAIZ,Media & Entertainment,Advertising & Media,12.63,sectors\mediaentertainment.csv
4893,SW Investments Ltd.,SW1,Finance,Finance - Investment,12.6,sectors\finance.csv
4894,NPR Finance Ltd.,NPRFIN,Finance,Finance - NBFC,12.58,sectors\finance.csv
4895,DCM Financial Services Ltd.,DCMFINSERV,Finance,Finance - NBFC,12.57,sectors\finance.csv
4896,Shukra Bullions Ltd.,SKRABUL,Diamond & Jewellery,Diamond  &  Jewellery,12.56,sectors\diamondjewellery.csv
4897,Anuroop Packaging Ltd.,ANUROOP,Fast Moving Consumer Goods,Packaging,12.55,sectors\fastmovingconsumergoods.csv
4898,Uniinfo Telecom Services Ltd.,UNIINFO,Telecom,Telecommunication - Equipment,12.51,sectors\telecom.csv
4899,White Organic Agro Ltd.,WHITEORG,Trading,Trading,12.46,sectors\trading.csv
4900,Panabyte Technologies Ltd.,PANABYTE,Trading,Trading,12.46,sectors\trading.csv
4901,Inani Securities Ltd.,INANISEC,Finance,Finance - Stock Broking,12.43,sectors\finance.csv
4902,Ladam Affordable Housing Ltd.,LAHL,Finance,Finance - Investment,12.43,sectors\finance.csv
4903,Univa Foods Ltd.,UNIVAFOODS,Hospitality,"Hotel, Resort & Restaurants",12.42,sectors\hospitality.csv
4904,Ortin Global Ltd.,ORTINGLOBE,Healthcare,Pharmaceuticals & Drugs,12.42,sectors\healthcare.csv
4905,Vikas Proppant & Granite Ltd.,VIKASPROP,Chemicals,Chemicals,12.35,sectors\chemicals.csv
4906,Unjha Formulations Ltd.,UNJHAFOR,Healthcare,Pharmaceuticals & Drugs,12.34,sectors\healthcare.csv
4907,Inspire Films Ltd.,INSPIRE,Media & Entertainment,TV Broadcasting & Software Production,12.32,sectors\mediaentertainment.csv
4908,Uniroyal Marine Exports Ltd.,UNRYLMA,Fast Moving Consumer Goods,Consumer Food,12.25,sectors\fastmovingconsumergoods.csv
4909,Goenka Business & Finance Ltd.,GBFL,Finance,Finance - NBFC,12.25,sectors\finance.csv
4910,Progrex Ventures Ltd.,PROGREXV,Agriculture,Solvent  Extraction,12.25,sectors\agriculture.csv
4911,Kobo Biotech Ltd.,KOBO,Healthcare,Pharmaceuticals & Drugs,12.22,sectors\healthcare.csv
4912,Shanthala FMCG Products Ltd.,SHANTHALA,Trading,Trading,12.19,sectors\trading.csv
4913,Eurotex Industries And Exports Ltd.,EUROTEXIND,Textile,Textile - Spinning,12.18,sectors\textile.csv
4914,Integrated Capital Services Ltd.,ICSL,Finance,Finance - NBFC,12.17,sectors\finance.csv
4915,Rajdarshan Industries Ltd.,ARENTERP,Mining,Mining & Minerals,12.17,sectors\mining.csv
4916,Econo Trade (India) Ltd.,ETIL,Finance,Finance - NBFC,12.14,sectors\finance.csv
4917,Quadpro ITeS Ltd.,QUADPRO,Information Technology,BPO/ITeS,12.13,sectors\informationtechnology.csv
4918,Lords Ishwar Hotels Ltd.,LORDSHOTL,Hospitality,"Hotel, Resort & Restaurants",12.09,sectors\hospitality.csv
4919,Raconteur Global Resources Ltd.,RACONTEUR,Media & Entertainment,"Film Production, Distribution & Entertainment",12.09,sectors\mediaentertainment.csv
4920,Zinema Media & Entertainment Ltd.,ZINEMA,Chemicals,Chemicals,12.09,sectors\chemicals.csv
4921,Kallam Textiles Ltd.,KALLAM,Textile,Textile - Spinning,12.09,sectors\textile.csv
4922,Debock Industries Ltd.,DIL,Capital Goods,Engineering,12.04,sectors\capitalgoods.csv
4923,Sarthak Global Ltd.,SARTHAKGL,Trading,Trading,11.97,sectors\trading.csv
4924,Asian Warehousing Ltd.,ASIAN,Trading,Trading,11.94,sectors\trading.csv
4925,Perfect-Octave Media Projects Ltd.,OCTAVE,Media & Entertainment,TV Broadcasting & Software Production,11.94,sectors\mediaentertainment.csv
4926,BKM Industries Ltd.,BKMINDST,Capital Goods,Engineering - Industrial Equipments,11.93,sectors\capitalgoods.csv
4927,Jiwanram Sheoduttrai Industries Ltd.,JIWANRAM,Textile,Textile,11.88,sectors\textile.csv
4928,United Interactive Ltd.,UNITEDINT,Information Technology,BPO/ITeS,11.87,sectors\informationtechnology.csv
4929,Emmessar Biotech & Nutrition Ltd.,EMMESSA,Healthcare,Pharmaceuticals & Drugs,11.83,sectors\healthcare.csv
4930,Globale Tessile Ltd.,GLOBALE,Textile,Textile,11.82,sectors\textile.csv
4931,Suryo Foods & Industries Ltd.,SURFI,Fast Moving Consumer Goods,Consumer Food,11.8,sectors\fastmovingconsumergoods.csv
4932,Golden Legand Leasing & Finance Ltd.,GOLDLEG,Finance,Finance - NBFC,11.79,sectors\finance.csv
4933,Elegant Floriculture & Agrotech (India) Ltd.,ELEFLOR,Trading,Trading,11.78,sectors\trading.csv
4934,Suvidha Infraestate Corporation Ltd.,SICL,Other,Business Support,11.77,sectors\other.csv
4935,Janus Corporation Ltd.,JANUSCORP,Infrastructure,Engineering - Construction,11.76,sectors\infrastructure.csv
4936,Dhillon Freight Carrier Ltd.,DHILLON,Logistics,Logistics,11.76,sectors\logistics.csv
4937,Shangar Decor Ltd.,SHANGAR,Other,Business Support,11.75,sectors\other.csv
4938,Panther Industrial Products Ltd.,PANIDPR,Fast Moving Consumer Goods,Packaging,11.74,sectors\fastmovingconsumergoods.csv
4939,MEP Infrastructure Developers Ltd.,MEP,Infrastructure,Engineering - Construction,11.73,sectors\infrastructure.csv
4940,SDC Techmedia Ltd.,SDC,Media & Entertainment,"Film Production, Distribution & Entertainment",11.72,sectors\mediaentertainment.csv
4941,Cemantic Infra-Tech Ltd.,CEMAINFRA,Realty,Construction - Real Estate,11.71,sectors\realty.csv
4942,Parampara Dairy Delights Ltd.,PARAMPARA,Trading,Trading,11.71,sectors\trading.csv
4943,Pioneer Agro Extracts Ltd.,PIONAGR,Agriculture,Solvent  Extraction,11.7,sectors\agriculture.csv
4944,Garware Marine Industries Ltd.,GARWAMAR,Textile,Textile,11.67,sectors\textile.csv
4945,Shantiguru Industries Ltd.,SHANTIGURU,Retailing,Retailing,11.65,sectors\retailing.csv
4946,VCU Data Management Ltd.,VCU,Information Technology,IT - Software,11.64,sectors\informationtechnology.csv
4947,Beryl Drugs Ltd.,BERLDRG,Healthcare,Pharmaceuticals & Drugs,11.64,sectors\healthcare.csv
4948,Shivagrico Implements Ltd.,SHIVAGR,Capital Goods,Engineering - Industrial Equipments,11.63,sectors\capitalgoods.csv
4949,Jackson Investments Ltd.,JACKSON,Finance,Finance - Investment,11.63,sectors\finance.csv
4950,Dalal Street Investments Ltd.,DSINVEST,Finance,Finance - Investment,11.63,sectors\finance.csv
4951,Sri Nachammai Cotton Mills Ltd.,SRINACHA,Textile,Textile - Spinning,11.61,sectors\textile.csv
4952,Rama Paper Mills Ltd.,RAMAPPR-B,Paper,Paper & Paper Products,11.6,sectors\paper.csv
4953,Svaraj Trading & Agencies Ltd.,ZSVARAJT,Finance,Finance - Investment,11.58,sectors\finance.csv
4954,Neopolitan Pizza and Foods Ltd.,NPFL,Hospitality,Restaurants,11.56,sectors\hospitality.csv
4955,Citichem India Ltd.,CITICHEM,Trading,Trading,11.56,sectors\trading.csv
4956,Jauss Polymers Ltd.,JAUSPOL,Plastic Products,Plastic Products,11.56,sectors\plasticproducts.csv
4957,Rita Finance and Leasing Ltd.,RFLL,Finance,Finance - NBFC,11.53,sectors\finance.csv
4958,Educomp Solutions Ltd.,EDUCOMP,Information Technology,IT - Education,11.51,sectors\informationtechnology.csv
4959,N2N Technologies Ltd.,NNTL,Finance,Finance - Investment,11.51,sectors\finance.csv
4960,Vas Infrastructure Ltd.,VASINFRA,Realty,Construction - Real Estate,11.5,sectors\realty.csv
4961,Dhanvantri Jeevan Rekha Ltd.,ZDHJERK,Healthcare,Hospital & Healthcare Services,11.47,sectors\healthcare.csv
4962,Suncare Traders Ltd.,SCTL,Construction Materials,Laminates/Decoratives,11.47,sectors\constructionmaterials.csv
4963,Groarc Industries India Ltd.,GROARC,Information Technology,IT - Software,11.44,sectors\informationtechnology.csv
4964,Raunaq lnternational Ltd.,RAUNAQ,Infrastructure,Engineering - Construction,11.41,sectors\infrastructure.csv
4965,Brandbucket Media & Technology Ltd.,BRANDBUCKT,Media & Entertainment,Advertising & Media,11.39,sectors\mediaentertainment.csv
4966,Incon Engineers Ltd.,INCON,Capital Goods,Engineering - Industrial Equipments,11.39,sectors\capitalgoods.csv
4967,Sanghvi Brands Ltd.,SBRANDS,Other,Professional Services,11.38,sectors\other.csv
4968,Amiable Logistics (India) Ltd.,AMIABLE,Logistics,Logistics,11.36,sectors\logistics.csv
4969,Antarctica Ltd.,ANTGRAPHIC,Agriculture,Agriculture,11.32,sectors\agriculture.csv
4970,Dolphin Medical Services Ltd.,DOLPHMED,Healthcare,Hospital & Healthcare Services,11.31,sectors\healthcare.csv
4971,Scarnose International Ltd.,SCARNOSE,Trading,Trading,11.31,sectors\trading.csv
4972,Kuber Udyog Ltd.,KUBERJI,Finance,Finance - NBFC,11.3,sectors\finance.csv
4973,Maks Energy Solutions India Ltd.,MAKS,Capital Goods,Electric Equipment,11.3,sectors\capitalgoods.csv
4974,Lyons Corporate Market Ltd.,LYONSCO,Finance,Finance - NBFC,11.23,sectors\finance.csv
4975,Link Pharma Chem Ltd.,LINKPH,Chemicals,Chemicals,11.22,sectors\chemicals.csv
4976,Mitshi India Ltd.,MITSHI,Trading,Trading,11.22,sectors\trading.csv
4977,Mish Designs Ltd.,MISHDESIGN,Textile,Textile - Weaving,11.2,sectors\textile.csv
4978,Jonjua Overseas Ltd.,JONJUA,Trading,Trading,11.18,sectors\trading.csv
4979,Blue Chip India Ltd.,BLUECHIP,Finance,Finance - Investment,11.17,sectors\finance.csv
4980,India Lease Development Ltd.,INDLEASE,Finance,Finance - NBFC,11.17,sectors\finance.csv
4981,Humming Bird Education Ltd.,HBEL,Other,Educational Institutions,11.16,sectors\other.csv
4982,Sanathnagar Enterprises Ltd.,SEL,Realty,Construction - Real Estate,11.11,sectors\realty.csv
4983,Goblin India Ltd.,GOBLIN,Trading,Trading,11.1,sectors\trading.csv
4984,Broach Lifecare Hospital Ltd.,BROACH,Healthcare,Hospital & Healthcare Services,11.05,sectors\healthcare.csv
4985,Dhyaani Tradeventtures Ltd.,DHYAANITR,Trading,Trading,10.93,sectors\trading.csv
4986,Welterman International Ltd.,WELTI,Fast Moving Consumer Goods,Leather,10.92,sectors\fastmovingconsumergoods.csv
4987,Adhata Global Ltd.,ADHHATA,Trading,Trading,10.89,sectors\trading.csv
4988,BNR Udyog Ltd.,BNRUDY,Diversified,Diversified,10.89,sectors\diversified.csv
4989,Sashwat Technocrats Ltd.,SASHWAT,Finance,Finance - Investment,10.88,sectors\finance.csv
4990,Catvision Ltd.,CATVISION,Consumer Durables,Consumer Durables - Electronics,10.88,sectors\consumerdurables.csv
4991,Kaarya Facilities And Services Ltd.,KAARYAFSL,Other,Professional Services,10.84,sectors\other.csv
4992,CJ Gelatine Products Ltd.,CJGEL,Chemicals,Chemicals,10.83,sectors\chemicals.csv
4993,Globe Commercials Ltd.,GLCL,Trading,Trading,10.82,sectors\trading.csv
4994,Patrona Risk Solutions Ltd.,CRPRISK,Trading,Trading,10.81,sectors\trading.csv
4995,Sumeru Industries Ltd.,SUMERUIND,Finance,Finance - Investment,10.8,sectors\finance.csv
4996,Tarini International Ltd.,TARINI,Other,Engineering Consultancy,10.79,sectors\other.csv
4997,Rajasthan Cylinders & Containers Ltd.,RCCL,Industrials Gases & Fuels,Industrial  Gases & Fuels,10.78,sectors\industrialsgasesfuels.csv
4998,Khandelwal Extractions Ltd.,ZKHANDEN,Agriculture,Solvent  Extraction,10.78,sectors\agriculture.csv
4999,Net Pix Shorts Digital Media Ltd.,NETPIX,Media & Entertainment,"Film Production, Distribution & Entertainment",10.75,sectors\mediaentertainment.csv
5000,VB Industries Ltd.,VBIND,Finance,Finance - Investment,10.74,sectors\finance.csv
5001,Net Avenue Technologies Ltd.,CBAZAAR,Information Technology,e-Commerce,10.73,sectors\informationtechnology.csv
5002,Gradiente Infotainment Ltd.,GRADIENTE,Media & Entertainment,TV Broadcasting & Software Production,10.72,sectors\mediaentertainment.csv
5003,Scintilla Commercial & Credit Ltd.,SCC,Finance,Finance - NBFC,10.72,sectors\finance.csv
5004,Nexus Surgical And Medicare Ltd.,NEXUSSURGL,Trading,Trading,10.69,sectors\trading.csv
5005,Eastcoast Steel Ltd.,ECSTSTL,Iron & Steel,Steel & Iron Products,10.69,sectors\ironsteel.csv
5006,Southern Infoconsultants Ltd.,SOUTHERNIN,Information Technology,IT - Software,10.67,sectors\informationtechnology.csv
5007,Flexituff Ventures International Ltd.,FLEXITUFF,Textile,Textile,10.67,sectors\textile.csv
5008,Yogi Infra Projects Ltd.,YOGISUNG,Realty,Construction - Real Estate,10.66,sectors\realty.csv
5009,Anna Infrastructures Ltd.,ANNAINFRA,Realty,Construction - Real Estate,10.64,sectors\realty.csv
5010,Ghushine Fintrrade Ocean Ltd.,GHUSHINE,Textile,Textile,10.63,sectors\textile.csv
5011,Dolphin Kitchen Utensils And Appliances Ltd.,DKUAL,Trading,Trading,10.61,sectors\trading.csv
5012,Suumaya Industries Ltd.,SUULD,Textile,Textile,10.57,sectors\textile.csv
5013,Mayur Leather Products Ltd.,MAYUR,Retailing,Footwear,10.55,sectors\retailing.csv
5014,Quantum Digital Vision (India) Ltd.,QUANTDIA,Media & Entertainment,"Film Production, Distribution & Entertainment",10.55,sectors\mediaentertainment.csv
5015,Shashank Traders Ltd.,SHASHANK,Trading,Trading,10.53,sectors\trading.csv
5016,Garware Synthetics Ltd.,GARWSYN,Textile,Textile - Spinning,10.51,sectors\textile.csv
5017,Coastal Roadways Ltd.,COARO,Logistics,Logistics,10.49,sectors\logistics.csv
5018,Modern Shares & Stockbrokers Ltd.,MODRNSH,Finance,Finance - Stock Broking,10.46,sectors\finance.csv
5019,Adinath Textiles Ltd.,ADINATH,Textile,Textile - Spinning,10.45,sectors\textile.csv
5020,Sparc Electrex Ltd.,SPAR,Capital Goods,Electric Equipment,10.44,sectors\capitalgoods.csv
5021,Docmode Health Technologies Ltd.,DHTL,Other,Educational Institutions,10.42,sectors\other.csv
5022,Mid India Industries Ltd.,MIDINDIA,Trading,Trading,10.38,sectors\trading.csv
5023,Samtex Fashions Ltd.,SAMTEX,Textile,Textile,10.36,sectors\textile.csv
5024,KMF Builders & Developers Ltd.,KMFBLDR,Realty,Construction - Real Estate,10.35,sectors\realty.csv
5025,Mihika Industries Ltd.,MIHIKA,Trading,Trading,10.34,sectors\trading.csv
5026,Family Care Hospitals Ltd.,FAMILYCARE,Healthcare,Hospital & Healthcare Services,10.32,sectors\healthcare.csv
5027,Sreechem Resins Ltd.,SRECR,Chemicals,Chemicals,10.31,sectors\chemicals.csv
5028,Euro Leder Fashion Ltd.,EUROLED,Fast Moving Consumer Goods,Leather,10.29,sectors\fastmovingconsumergoods.csv
5029,Garbi Finvest Ltd.,GARBIFIN,Finance,Finance - NBFC,10.26,sectors\finance.csv
5030,Universal Office Automation Ltd.,UNIOFFICE,Consumer Durables,IT - Hardware,10.26,sectors\consumerdurables.csv
5031,Yunik Managing Advisors Ltd.,YunikM,Finance,Finance - Investment,10.23,sectors\finance.csv
5032,Ganesh Holdings Ltd.,GANHOLD,Finance,Finance - NBFC,10.22,sectors\finance.csv
5033,Encash Entertainment Ltd.,ENCASH,Media & Entertainment,"Film Production, Distribution & Entertainment",10.2,sectors\mediaentertainment.csv
5034,United Leasing & Industries Ltd.,UNTTEMI,Textile,Textile,10.2,sectors\textile.csv
5035,Quality RO Industries Ltd.,QRIL,Plastic Products,Plastic Products,10.17,sectors\plasticproducts.csv
5036,Computer Point Ltd.,COMPUPN,Information Technology,IT - Education,10.17,sectors\informationtechnology.csv
5037,Kumbhat Financial Services Ltd.,KUMPFIN,Finance,Finance - NBFC,10.12,sectors\finance.csv
5038,Adcon Capital Services Ltd.,ADCON,Finance,Finance - NBFC,10.12,sectors\finance.csv
5039,Saptak Chem And Business Ltd.,SCBL,Chemicals,Fertilizers,10.11,sectors\chemicals.csv
5040,Shri Ram Switchgears Ltd.,SRIRAM,Capital Goods,Electric Equipment,10.11,sectors\capitalgoods.csv
5041,Transwind Infrastructures Ltd.,TRANSWIND,Infrastructure,Engineering - Construction,10.06,sectors\infrastructure.csv
5042,Ashish Polyplast Ltd.,ASHISHPO,Plastic Products,Plastic Products,10.06,sectors\plasticproducts.csv
5043,Resourceful Automobile Ltd.,RAL,Automobile & Ancillaries,Automobiles - Dealers & Distributors,10.01,sectors\automobileancillaries.csv
5044,Swasth Foodtech India Ltd.,SWASTH,Fast Moving Consumer Goods,Edible Oil,9.95,sectors\fastmovingconsumergoods.csv
5045,Octal Credit Capital Ltd.,OCTAL,Finance,Finance - NBFC,9.94,sectors\finance.csv
5046,East Buildtech Ltd.,EASTBUILD,Realty,Construction - Real Estate,9.94,sectors\realty.csv
5047,Libord Securities Ltd.,LIBORD,Finance,Finance - Investment,9.86,sectors\finance.csv
5048,Sri Lakshmi Saraswathi Textiles (Arni) Ltd.,SLSTLQ,Textile,Textile - Spinning,9.83,sectors\textile.csv
5049,Kisaan Parivar Industries Ltd.,KISAAN,Agriculture,Solvent  Extraction,9.83,sectors\agriculture.csv
5050,Natural Biocon (India) Ltd.,NATURAL,Trading,Trading,9.82,sectors\trading.csv
5051,Polycon International Ltd.,POLYCON,Plastic Products,Plastic Products,9.8,sectors\plasticproducts.csv
5052,Pan Electronics (India) Ltd.,PANELEC,Electricals,Electronics - Components,9.8,sectors\electricals.csv
5053,Western Overseas Study Abroad Ltd.,WOSAL,Other,Educational Institutions,9.8,sectors\other.csv
5054,Svam Softwares Ltd.,SVAMSOF,Information Technology,IT - Software,9.8,sectors\informationtechnology.csv
5055,Shree Manufacturing Company Ltd.,SHRMFGC,Textile,Textile - Spinning,9.78,sectors\textile.csv
5056,Lime Chemicals Ltd.,LIMECHM,Chemicals,Chemicals,9.76,sectors\chemicals.csv
5057,Ekennis Software Service Ltd.,EKENNIS,Information Technology,IT - Software,9.75,sectors\informationtechnology.csv
5058,Ishan International Ltd.,ISHAN,Capital Goods,Engineering,9.73,sectors\capitalgoods.csv
5059,Sterling Green Woods Ltd.,STRGRENWO,Realty,Construction - Real Estate,9.66,sectors\realty.csv
5060,I Power Solutions India Ltd.,IPOWER,Information Technology,IT - Software,9.63,sectors\informationtechnology.csv
5061,Kush Industries Ltd.,KUSHIND,Textile,Textile,9.61,sectors\textile.csv
5062,Interworld Digital Ltd.,INTERDIGI,Media & Entertainment,"Film Production, Distribution & Entertainment",9.57,sectors\mediaentertainment.csv
5063,Typhoon Financial Services Ltd.,TFSL,Finance,Finance - NBFC,9.57,sectors\finance.csv
5064,Global Infratech & Finance Ltd.,GBLINFRA,Finance,Finance - Investment,9.53,sectors\finance.csv
5065,Mount Housing & Infrastructure Ltd.,MOUNT,Realty,Construction - Real Estate,9.53,sectors\realty.csv
5066,Looks Health Services Ltd.,LOOKS,Healthcare,Hospital & Healthcare Services,9.51,sectors\healthcare.csv
5067,ArihantS Securities Ltd.,ARISE,Finance,Finance - Investment,9.49,sectors\finance.csv
5068,Future Enterprises Ltd.-B-DVR,FELDVR,Retailing,Retailing,9.49,sectors\retailing.csv
5069,GACM Technologies Ltd. - (DVR),GATECHDVR,Finance,Finance - Stock Broking,9.48,sectors\finance.csv
5070,GTN Textiles Ltd.,GTNTEX,Textile,Textile - Spinning,9.44,sectors\textile.csv
5071,Compuage Infocom Ltd.,COMPINFO,Consumer Durables,IT - Hardware,9.43,sectors\consumerdurables.csv
5072,Mathew Easow Research Securities Ltd.,MATHEWE,Finance,Finance - NBFC,9.42,sectors\finance.csv
5073,Shree Rajivlochan Oil Extraction Ltd.,SHRAJOI,Agriculture,Solvent  Extraction,9.41,sectors\agriculture.csv
5074,RLF Ltd.,RLF,Textile,Textile,9.4,sectors\textile.csv
5075,Veritaas Advertising Ltd.,VERITAAS,Media & Entertainment,Advertising & Media,9.4,sectors\mediaentertainment.csv
5076,Shree Ganesh Elastoplast Ltd.,SHGANEL,Trading,Trading,9.35,sectors\trading.csv
5077,Scan Projects Ltd.,SCANPRO,Trading,Trading,9.34,sectors\trading.csv
5078,Crane Infrastructure Ltd.,CRANEINFRA,Infrastructure,Engineering - Construction,9.33,sectors\infrastructure.csv
5079,Hathway Bhawani Cabletel & Datacom Ltd.,HATHWAYB,Media & Entertainment,TV Broadcasting & Software Production,9.31,sectors\mediaentertainment.csv
5080,Genomic Valley Biotech Ltd.,GVBL,Agriculture,Agriculture,9.29,sectors\agriculture.csv
5081,Interactive Financial Services Ltd.,IFINSER,Finance,Finance - Others,9.24,sectors\finance.csv
5082,Woodsvilla Ltd.,WOODSVILA,Hospitality,"Hotel, Resort & Restaurants",9.21,sectors\hospitality.csv
5083,Sharp Investments Ltd.,SHARPINV,Finance,Finance - Investment,9.2,sectors\finance.csv
5084,3C IT Solutions & Telecom (India) Ltd.,3CIT,Retailing,Retailing,9.18,sectors\retailing.csv
5085,Dhanuka Infra Realty Ltd.,DIRL,Realty,Construction - Real Estate,9.16,sectors\realty.csv
5086,Euphoria Infotech (India) Ltd.,EUPHORIAIT,Information Technology,IT - Software,9.16,sectors\informationtechnology.csv
5087,Clinitech Laboratory Ltd.,CTLLAB,Healthcare,Hospital & Healthcare Services,9.13,sectors\healthcare.csv
5088,Kuwer Industries Ltd.,KUWERIN,Plastic Products,Plastic Products,9.09,sectors\plasticproducts.csv
5089,Sujala Trading & Holdings Ltd.,SUJALA,Finance,Finance - Investment,9.09,sectors\finance.csv
5090,Super Bakers (India) Ltd.,SUPERBAK,Fast Moving Consumer Goods,Consumer Food,9.08,sectors\fastmovingconsumergoods.csv
5091,ACE Engitech Ltd.,ACEENGITEC,Finance,Finance - NBFC,8.99,sectors\finance.csv
5092,Jet Solar Ltd.,JETSOLAR,Realty,Construction - Real Estate,8.98,sectors\realty.csv
5093,Mayur Floorings Ltd.,MAYURFL,Construction Materials,Ceramics/Marble/Granite/Sanitaryware,8.95,sectors\constructionmaterials.csv
5094,SRU Steels Ltd.,SRUSteels,Trading,Trading,8.93,sectors\trading.csv
5095,Shree Steel Wire Ropes Ltd.,SSWRL,Iron & Steel,Steel & Iron Products,8.91,sectors\ironsteel.csv
5096,Chothani Foods Ltd.,CHOTHANI,Fast Moving Consumer Goods,Consumer Food,8.9,sectors\fastmovingconsumergoods.csv
5097,VK Global Industries Ltd.,VKGLOBAL,Trading,Trading,8.9,sectors\trading.csv
5098,Tirth Plastic Ltd.,TIRTPLS,Plastic Products,Plastic Products,8.89,sectors\plasticproducts.csv
5099,Gagan Gases Ltd.,GAGAN,Industrials Gases & Fuels,Industrial  Gases & Fuels,8.87,sectors\industrialsgasesfuels.csv
5100,Pasari Spinning Mills Ltd.,PASARI,Textile,Textile - Spinning,8.87,sectors\textile.csv
5101,BCL Enterprises Ltd.,BCLENTERPR,Finance,Finance - NBFC,8.86,sectors\finance.csv
5102,Anjani Finance Ltd.,ANJANIFIN,Finance,Finance - NBFC,8.81,sectors\finance.csv
5103,Continental Controls Ltd.,CONTICON,Electricals,Electronics - Components,8.81,sectors\electricals.csv
5104,Kenrik Industries Ltd.,KENRIK,Diamond & Jewellery,Diamond  &  Jewellery,8.8,sectors\diamondjewellery.csv
5105,Picturepost Studios Ltd.,PPSL,Media & Entertainment,TV Broadcasting & Software Production,8.79,sectors\mediaentertainment.csv
5106,Bhagawati Oxygen Ltd.,BHAGWOX,Industrials Gases & Fuels,Industrial  Gases & Fuels,8.79,sectors\industrialsgasesfuels.csv
5107,Shivansh Finserve Ltd.,SHIVA,Trading,Trading,8.74,sectors\trading.csv
5108,Indifra Ltd.,INDIFRA,Infrastructure,Engineering - Construction,8.71,sectors\infrastructure.csv
5109,Marshall Machines Ltd.,MARSHALL,Capital Goods,Engineering - Industrial Equipments,8.7,sectors\capitalgoods.csv
5110,Mahamaya Investments Ltd.,MILLENNIUM,Finance,Finance - Investment,8.7,sectors\finance.csv
5111,First Custodian Fund (India) Ltd.,1STCUS,Finance,Finance - Stock Broking,8.66,sectors\finance.csv
5112,KCD Industries India Ltd.,KCDGROUP,Trading,Trading,8.6,sectors\trading.csv
5113,Afloat Enterprises Ltd.,ADISHAKTI,Trading,Trading,8.59,sectors\trading.csv
5114,Devine Impex Ltd.,DEVINE,Trading,Trading,8.58,sectors\trading.csv
5115,Photoquip (India) Ltd.,PHOTOQUP,Trading,Trading,8.58,sectors\trading.csv
5116,Standard Shoe Sole & Mould (India) Ltd.,STDSHOE,Trading,Trading,8.58,sectors\trading.csv
5117,Jayatma Enterprises Ltd.,JAYATMA,Other,Business Support,8.56,sectors\other.csv
5118,Shree Krishna Infrastructure Ltd.,SKIFL,Realty,Construction - Real Estate,8.55,sectors\realty.csv
5119,Triveni Glass Ltd.,TRIVENIGQ,Construction Materials,Glass,8.52,sectors\constructionmaterials.csv
5120,Yashraj Containeurs Ltd.,YASHRAJC,Capital Goods,Engineering - Industrial Equipments,8.5,sectors\capitalgoods.csv
5121,Vision Cinemas Ltd.,VISIONCINE,Media & Entertainment,"Film Production, Distribution & Entertainment",8.5,sectors\mediaentertainment.csv
5122,Amforge Industries Ltd.,AMFORG,Automobile & Ancillaries,Auto Ancillary,8.49,sectors\automobileancillaries.csv
5123,Unipro Technologies Ltd.,UPROTECH,Information Technology,IT - Software,8.48,sectors\informationtechnology.csv
5124,Phyto Chem (India) Ltd.,PHYTO,Chemicals,Pesticides & Agrochemicals,8.47,sectors\chemicals.csv
5125,Rajputana Investment & Finance Ltd.,RAJPUTANA,Finance,Finance - Investment,8.43,sectors\finance.csv
5126,Haria Apparels Ltd.,HARIAAPL,Textile,Textile,8.41,sectors\textile.csv
5127,Monind Ltd.,MONIND,Iron & Steel,Steel & Iron Products,8.4,sectors\ironsteel.csv
5128,RCC Cements Ltd.,RCCEMEN,Construction Materials,Cement & Construction Materials,8.37,sectors\constructionmaterials.csv
5129,BFL Asset Finvest Ltd.,BFLAFL,Finance,Finance - NBFC,8.37,sectors\finance.csv
5130,Raasi Refractories Ltd.,RASSIREF,Capital Goods,Refractories,8.37,sectors\capitalgoods.csv
5131,Premier Ltd.,PREMIER,Capital Goods,Engineering - Industrial Equipments,8.35,sectors\capitalgoods.csv
5132,Trinity League India Ltd.,TRINITYLEA,Finance,Finance - Others,8.35,sectors\finance.csv
5133,Kalahridhaan Trendz Ltd.,KTL,Textile,Textile,8.34,sectors\textile.csv
5134,Unistar Multimedia Ltd.,UNISTRMU,Media & Entertainment,"Film Production, Distribution & Entertainment",8.33,sectors\mediaentertainment.csv
5135,Sheshadri Industries Ltd.,SHESHAINDS,Textile,Textile - Spinning,8.31,sectors\textile.csv
5136,Haria Exports Ltd.,HARIAEXPO,Trading,Trading,8.3,sectors\trading.csv
5137,Milestone Global Ltd.,MILESTONE,Construction Materials,Cement & Construction Materials,8.28,sectors\constructionmaterials.csv
5138,Prima Agro Ltd.,PRIMAGR,Fast Moving Consumer Goods,Animal Feed,8.28,sectors\fastmovingconsumergoods.csv
5139,International Data Management Ltd.,IDM,Consumer Durables,IT - Hardware,8.27,sectors\consumerdurables.csv
5140,Kalpa Commercial Ltd.,KALPACOMME,Retailing,Retailing,8.24,sectors\retailing.csv
5141,Croissance Ltd.,CROISSANCE,Realty,Construction - Real Estate,8.23,sectors\realty.csv
5142,Tasty Dairy Specialities Ltd.,TDSL,Fast Moving Consumer Goods,Consumer Food,8.17,sectors\fastmovingconsumergoods.csv
5143,NB Footwear Ltd.,NBFOOT,Retailing,Footwear,8.13,sectors\retailing.csv
5144,Aadi Industries Ltd.,AADIIND,Plastic Products,Plastic Products,8.1,sectors\plasticproducts.csv
5145,Suryavanshi Spinning Mills Ltd.,SURYVANSP,Textile,Textile - Spinning,8.08,sectors\textile.csv
5146,Mipco Seamless Rings (Gujarat) Ltd.,MPCOSEMB,Information Technology,IT - Software,8.07,sectors\informationtechnology.csv
5147,PS IT Infrastructure & Services Ltd.,PSITINFRA,Finance,Finance - Investment,8.06,sectors\finance.csv
5148,Indo Euro Indchem Ltd.,INDOEURO,Chemicals,Chemicals,8.06,sectors\chemicals.csv
5149,Mahesh Developers Ltd.,MAHESH,Realty,Construction - Real Estate,8.05,sectors\realty.csv
5150,VB Desai Financial Services Ltd.,VBDESAI,Finance,Finance - Investment,8.03,sectors\finance.csv
5151,MPL Plastics Ltd.,MPL,Plastic Products,Plastic Products,8,sectors\plasticproducts.csv
5152,Ambassador Intra Holdings Ltd.,AIHL,Trading,Trading,7.98,sectors\trading.csv
5153,RO Jewels Ltd.,ROJL,Trading,Trading,7.97,sectors\trading.csv
5154,Jagjanani Textiles Ltd.,JAGJANANI,Textile,Textile - Weaving,7.96,sectors\textile.csv
5155,Ortel Communications Ltd.,ORTEL,Media & Entertainment,TV Broadcasting & Software Production,7.95,sectors\mediaentertainment.csv
5156,Solve Plastic Products Ltd.,BALCO,Plastic Products,Plastic Products,7.86,sectors\plasticproducts.csv
5157,Konndor Industries Ltd.,KONNDOR,Trading,Trading,7.84,sectors\trading.csv
5158,Plada Infotech Services Ltd.,PLADAINFO,Information Technology,BPO/ITeS,7.8,sectors\informationtechnology.csv
5159,BGIL Films & Technologies Ltd.,BGIL,Media & Entertainment,"Film Production, Distribution & Entertainment",7.73,sectors\mediaentertainment.csv
5160,Rite Zone Chemcon India Ltd.,RITEZONE,Chemicals,Chemicals,7.72,sectors\chemicals.csv
5161,Arcee Industries Ltd.,ARCEEIN,Plastic Products,Plastic Products,7.71,sectors\plasticproducts.csv
5162,ISF Ltd.,ISFL,Finance,Finance - NBFC,7.7,sectors\finance.csv
5163,Jayatma Industries Ltd.,JAYIND,Textile,Textile,7.69,sectors\textile.csv
5164,Shiva Suitings Ltd.,SHVSUIT,Trading,Trading,7.67,sectors\trading.csv
5165,Adline Chem Lab Ltd.,ADLINE,Healthcare,Pharmaceuticals & Drugs,7.62,sectors\healthcare.csv
5166,Vivanza Biosciences Ltd.,VIVANZA,Trading,Trading,7.6,sectors\trading.csv
5167,Nihar Info Global Ltd.,NIHARINF,Information Technology,IT - Software,7.6,sectors\informationtechnology.csv
5168,Rich Universe Network Ltd.,RICHUNV,Finance,Finance - Investment,7.54,sectors\finance.csv
5169,Hittco Tools Ltd.,HITTCO,Capital Goods,Engineering - Industrial Equipments,7.5,sectors\capitalgoods.csv
5170,Peeti Securities Ltd.,PEETISEC,Trading,Trading,7.48,sectors\trading.csv
5171,Gratex Industries Ltd.,GRATEXI,Paper,Paper & Paper Products,7.47,sectors\paper.csv
5172,Sirohia & Sons Ltd.,SIROHIA,Trading,Trading,7.42,sectors\trading.csv
5173,Vinayak Polycon International Ltd.,VINAYAKPOL,Plastic Products,Plastic Products,7.42,sectors\plasticproducts.csv
5174,Explicit Finance Ltd.,EXPLICITFIN,Finance,Finance - NBFC,7.41,sectors\finance.csv
5175,Fraser and Co Ltd.,FRASER,Trading,Trading,7.4,sectors\trading.csv
5176,Union Quality Plastics Ltd.,UNQTYMI,Plastic Products,Plastic Products,7.38,sectors\plasticproducts.csv
5177,IGC Industries Ltd.,IGCIL,Trading,Trading,7.36,sectors\trading.csv
5178,Omega Ag-Seeds (Punjab) Ltd.,OMEAG,Agriculture,Agriculture,7.36,sectors\agriculture.csv
5179,Premier Synthetics Ltd.,PREMSYN,Textile,Textile - Spinning,7.35,sectors\textile.csv
5180,Tarai Foods Ltd.,TARAI,Agriculture,Agriculture,7.34,sectors\agriculture.csv
5181,Ajel Ltd.,AJEL,Information Technology,IT - Software,7.33,sectors\informationtechnology.csv
5182,Shree Ram Proteins Ltd.,SRPL,Agriculture,Solvent  Extraction,7.28,sectors\agriculture.csv
5183,SAB Events & Governance Now Media Ltd.,SABEVENTS,Media & Entertainment,Printing And Publishing,7.28,sectors\mediaentertainment.csv
5184,Hemo Organic Ltd.,HEMORGANIC,Trading,Trading,7.26,sectors\trading.csv
5185,Minaxi Textiles Ltd.,MINAXI,Textile,Textile,7.26,sectors\textile.csv
5186,Parker Agrochem Exports Ltd.,PARKERAC,Trading,Trading,7.26,sectors\trading.csv
5187,Melstar Information Technologies Ltd.,MELSTAR,Information Technology,IT - Software,7.26,sectors\informationtechnology.csv
5188,Karnawati Innovation Ltd.,KARNAWATI,Trading,Trading,7.24,sectors\trading.csv
5189,Aravali Securities & Finance Ltd.,ARAVALIS,Finance,Finance - Investment,7.23,sectors\finance.csv
5190,Vijay Textiles Ltd.,VIJAYTX,Textile,Textile,7.23,sectors\textile.csv
5191,Thirani Projects Ltd.,TPROJECT,Finance,Finance - NBFC,7.22,sectors\finance.csv
5192,Aarcon Facilities Ltd.,AARCON,Miscellaneous,Miscellaneous,7.22,sectors\miscellaneous.csv
5193,Gala Global Products Ltd.,GGPL,Fast Moving Consumer Goods,Printing & Stationery,7.21,sectors\fastmovingconsumergoods.csv
5194,Mehta Securities Ltd.,MEHSECU,Finance,Finance - Investment,7.19,sectors\finance.csv
5195,Ganon Products Ltd.,GANONPRO,Trading,Trading,7.18,sectors\trading.csv
5196,Jayabharat Credit Ltd.,JAYBHCR,Finance,Finance - NBFC,7.17,sectors\finance.csv
5197,Oscar Global Ltd.,OSCARGLO,Fast Moving Consumer Goods,Leather,7.13,sectors\fastmovingconsumergoods.csv
5198,Siddheswari Garments Ltd.,SIDDHEGA,Textile,Textile,7.12,sectors\textile.csv
5199,Hindustan Bio Sciences Ltd.,HINDBIO,Healthcare,Pharmaceuticals & Drugs,7.1,sectors\healthcare.csv
5200,Golden Carpets Ltd.,GOLCA,Textile,Textile,7.09,sectors\textile.csv
5201,Ganga Pharmaceuticals Ltd.,GANGAPHARM,Healthcare,Pharmaceuticals & Drugs,7.09,sectors\healthcare.csv
5202,Mystic Electronics Ltd.,MYSTICELE,Trading,Trading,7.08,sectors\trading.csv
5203,Sahara Maritime Ltd.,SMARITIME,Logistics,Logistics,7.06,sectors\logistics.csv
5204,Sunraj Diamond Exports Ltd.,SUNRAJDI,Trading,Trading,7.05,sectors\trading.csv
5205,Nutech Global Ltd.,NUTECGLOB,Textile,Textile - Weaving,7.05,sectors\textile.csv
5206,First Fintec Ltd.,FIRSTFIN,Information Technology,IT - Software,7.05,sectors\informationtechnology.csv
5207,Alexander Stamps And Coin Ltd.,ALEXANDER,Finance,Finance - Investment,7.03,sectors\finance.csv
5208,Padmanabh Alloys & Polymers Ltd.,PADALPO,Plastic Products,Plastic Products,7.02,sectors\plasticproducts.csv
5209,Nikki Global Finance Ltd.,NIKKIGL,Finance,Finance - NBFC,6.99,sectors\finance.csv
5210,Indo Credit Capital Ltd.,INDOCRED,Finance,Finance - NBFC,6.98,sectors\finance.csv
5211,Winny Immigration & Education Services Ltd.,WINNY,Other,Professional Services,6.97,sectors\other.csv
5212,ObjectOne Information Systems Ltd.,OONE,Information Technology,IT - Software,6.94,sectors\informationtechnology.csv
5213,Olympic Oil Industries Ltd.,OLYOI,Trading,Trading,6.91,sectors\trading.csv
5214,Shanti Overseas (India) Ltd.,SHANTI,Agriculture,Solvent  Extraction,6.91,sectors\agriculture.csv
5215,National Plywood Industries Ltd.,NATPLY,Construction Materials,Wood & Wood Products,6.9,sectors\constructionmaterials.csv
5216,Shree Hanuman Sugar & Industries Ltd.,HANSUGAR,Agriculture,Sugar,6.9,sectors\agriculture.csv
5217,Jain Marmo Industries Ltd.,JAINMARMO,Construction Materials,Ceramics/Marble/Granite/Sanitaryware,6.89,sectors\constructionmaterials.csv
5218,Padmalaya Telefilms Ltd.,PADMALAYAT,Media & Entertainment,TV Broadcasting & Software Production,6.88,sectors\mediaentertainment.csv
5219,Agarwal Fortune India Ltd.,AGARWAL,Finance,Finance - NBFC,6.87,sectors\finance.csv
5220,Nyssa Corporation Ltd.,NYSSACORP,Trading,Trading,6.84,sectors\trading.csv
5221,Systematix Securities Ltd.,SYTIXSE,Finance,Finance - Investment,6.83,sectors\finance.csv
5222,Dharani Finance Ltd.,DHARFIN,Finance,Finance - NBFC,6.82,sectors\finance.csv
5223,AF Enterprises Ltd.,AFEL,Finance,Finance - Investment,6.81,sectors\finance.csv
5224,Atharv Enterprises Ltd.,ATHARVENT,Finance,Finance - Others,6.8,sectors\finance.csv
5225,Ushakiran Finance Ltd.,USHAKIRA,Finance,Finance - NBFC,6.79,sectors\finance.csv
5226,Novyra Pharmachem Ltd.,BANSTEA,Agriculture,Tea/Coffee,6.75,sectors\agriculture.csv
5227,Kuberan Global Edu Solutions Ltd.,KGES,Other,Educational Institutions,6.74,sectors\other.csv
5228,Mahaveer Infoway Ltd.,MAHAVEER,Information Technology,IT - Software,6.71,sectors\informationtechnology.csv
5229,Vellora Impact Ltd.,VELLORA,Chemicals,Dyes & Pigments,6.71,sectors\chemicals.csv
5230,RISA International Ltd.,RISAINTL,Trading,Trading,6.7,sectors\trading.csv
5231,Billwin Industries Ltd.,BILLWIN,Textile,Textile,6.7,sectors\textile.csv
5232,Newtrac Foods & Beverages Ltd.,NEWTRAC,Trading,Trading,6.7,sectors\trading.csv
5233,SecUR Credentials Ltd.,SECURCRED,Information Technology,BPO/ITeS,6.69,sectors\informationtechnology.csv
5234,Gujarat Credit Corporation Ltd.,GUJCRED,Finance,Finance - NBFC,6.67,sectors\finance.csv
5235,Flora Corporation Ltd.,FLORACORP,Trading,Trading,6.64,sectors\trading.csv
5236,Money Masters Leasing & Finance Ltd.,MMLF,Finance,Finance - NBFC,6.63,sectors\finance.csv
5237,Amraworld Agrico Ltd.,AMRAAGRI,Trading,Trading,6.62,sectors\trading.csv
5238,Falcon Technoprojects India Ltd.,FALCONTECH,Other,Engineering Consultancy,6.62,sectors\other.csv
5239,M Lakhamsi Industries Ltd.,MLINDLTD,Finance,Finance - NBFC,6.6,sectors\finance.csv
5240,Laddu Gopal Online Services Ltd.,LADDU,Realty,Construction - Real Estate,6.6,sectors\realty.csv
5241,Koiya International Ltd.,KOIYAIN,Information Technology,IT - Software,6.59,sectors\informationtechnology.csv
5242,Premium Capital Market & Investment Ltd.,PREMCAPM,Finance,Finance - Investment,6.57,sectors\finance.csv
5243,Priya Ltd.,PRIYALT,Trading,Trading,6.56,sectors\trading.csv
5244,Hasti Finance Ltd.,HASTIFIN,Finance,Finance - NBFC,6.54,sectors\finance.csv
5245,Worldwide Aluminium Ltd.,WWALUM,Trading,Trading,6.54,sectors\trading.csv
5246,Inditrade Capital Ltd.,INDICAP,Finance,Finance - Investment,6.54,sectors\finance.csv
5247,Promact Plastics Ltd.,PROMACT,Plastic Products,Plastic Products,6.51,sectors\plasticproducts.csv
5248,Ambitious Plastomac Company Ltd.,AMBIT,Trading,Trading,6.51,sectors\trading.csv
5249,Lexoraa Industries Ltd.,LEXORAA,Trading,Trading,6.5,sectors\trading.csv
5250,KLG Capital Services Ltd.,KLGCAP,Finance,Finance - Investment,6.49,sectors\finance.csv
5251,Supertex Industries Ltd.,SUPERTEX,Textile,Textile - Manmade  Fibres,6.43,sectors\textile.csv
5252,Stanpacks (India) Ltd.,STANPACK,Plastic Products,Plastic Products,6.4,sectors\plasticproducts.csv
5253,Voltaire Leasing & Finance Ltd.,VOLLF,Finance,Finance - NBFC,6.35,sectors\finance.csv
5254,Ashram Online.Com Ltd.,ASHRAM,Hospitality,"Hotel, Resort & Restaurants",6.35,sectors\hospitality.csv
5255,Ishaan Infrastructures & Shelters Ltd.,IISL,Realty,Construction - Real Estate,6.35,sectors\realty.csv
5256,Reetech International Ltd.,REETECH,Trading,Trading,6.34,sectors\trading.csv
5257,Swagtam Trading & Services Ltd.,SWAGTAM,Other,Business Support,6.33,sectors\other.csv
5258,Prime Capital Market Ltd.,PRIMECAPM,Finance,Finance - NBFC,6.33,sectors\finance.csv
5259,Integra Capital Ltd.,INTCAPL,Finance,Finance - NBFC,6.32,sectors\finance.csv
5260,KZ Leasing & Finance Ltd.,KZLFIN,Finance,Finance - NBFC,6.31,sectors\finance.csv
5261,Veerkrupa Jewellers Ltd.,VEERKRUPA,Trading,Trading,6.29,sectors\trading.csv
5262,Manor Estates & Industries Ltd.,KARANWO,Miscellaneous,Miscellaneous,6.26,sectors\miscellaneous.csv
5263,Symbiox Investment & Trading Co Ltd.,SYMBIOX,Trading,Trading,6.26,sectors\trading.csv
5264,GCM Capital Advisors Ltd.,GCMCAPI,Finance,Finance - Investment,6.23,sectors\finance.csv
5265,Space Incubatrics Technologies Ltd.,SPACEINCUBA,Information Technology,IT - Software,6.23,sectors\informationtechnology.csv
5266,Kanungo Financiers Ltd.,KANUNGO,Finance,Finance - Investment,6.23,sectors\finance.csv
5267,Mercury Trade Links Ltd.,MERCTRD,Finance,Finance - Investment,6.22,sectors\finance.csv
5268,Starlite Components Ltd.,STARLITE,Capital Goods,Electric Equipment,6.22,sectors\capitalgoods.csv
5269,Audroc Ltd.,AUDROC,Textile,Textile,6.13,sectors\textile.csv
5270,Modella Woollens Ltd.,MODWOOL,Trading,Trading,6.09,sectors\trading.csv
5271,Brawn Biotech Ltd.,BRAWN,Healthcare,Pharmaceuticals & Drugs,6.09,sectors\healthcare.csv
5272,Decipher Labs Ltd.,DECIPHER,Healthcare,Pharmaceuticals & Drugs,6.06,sectors\healthcare.csv
5273,MFS Intercorp Ltd.,MFSINTRCRP,Iron & Steel,Metal - Ferrous,6.05,sectors\ironsteel.csv
5274,Prashant India Ltd.,PRSNTIN,Textile,Textile,6.04,sectors\textile.csv
5275,Epsom Properties Ltd.,EPSOMPRO,Realty,Construction - Real Estate,6.04,sectors\realty.csv
5276,Noble Polymers Ltd.,NOBPOL,Plastic Products,Plastic Products,6.02,sectors\plasticproducts.csv
5277,Transglobe Foods Ltd.,TRANSFD,Fast Moving Consumer Goods,Consumer Food,6.01,sectors\fastmovingconsumergoods.csv
5278,Oswal Yarns Ltd.,OSWAYRN,Textile,Textile,6,sectors\textile.csv
5279,Padmanabh Industries Ltd.,PADMAIND,Trading,Trading,5.99,sectors\trading.csv
5280,Enterprise International Ltd.,ENTRINT,Textile,Textile,5.97,sectors\textile.csv
5281,Mahalaxmi Seamless Ltd.,MAHALXSE,Iron & Steel,Steel & Iron Products,5.91,sectors\ironsteel.csv
5282,Amarnath Securities Ltd.,AMARSEC,Finance,Finance - NBFC,5.9,sectors\finance.csv
5283,Abhinav Leasing & Finance Ltd.,ALFL,Finance,Finance - NBFC,5.9,sectors\finance.csv
5284,Aryan Share And Stock Brokers Ltd.,ARYAN,Finance,Finance - Stock Broking,5.85,sectors\finance.csv
5285,Kiran Syntex Ltd.,KIRANSY-B,Textile,Textile - Spinning,5.84,sectors\textile.csv
5286,JPT Securities Ltd.,JPTSEC,Finance,Finance - NBFC,5.84,sectors\finance.csv
5287,Brijlaxmi Leasing & Finance Ltd.,BRIJLEAS,Finance,Finance - Investment,5.82,sectors\finance.csv
5288,Magenta Lifecare Ltd.,MAGENTA,Fast Moving Consumer Goods,Household & Personal Products,5.8,sectors\fastmovingconsumergoods.csv
5289,Wherrelz IT Solutions Ltd.,WITS,Information Technology,IT - Software,5.8,sectors\informationtechnology.csv
5290,Delta Industrial Resources Ltd.,DELTA,Trading,Trading,5.72,sectors\trading.csv
5291,Agio Paper & Industries Ltd.,AGIOPAPER,Paper,Paper & Paper Products,5.72,sectors\paper.csv
5292,Jointeca Education Solutions Ltd.,JOINTECAED,Information Technology,IT - Education,5.71,sectors\informationtechnology.csv
5293,Pasupati Fincap Ltd.,PASUFIN,Finance,Finance - Investment,5.68,sectors\finance.csv
5294,Mukta Agriculture Ltd.,MUKTA,Trading,Trading,5.66,sectors\trading.csv
5295,Tranway21 Technologies Ltd.,TRANWAY21,Information Technology,IT - Software,5.66,sectors\informationtechnology.csv
5296,Wagend Infra Venture Ltd.,WAGEND,Finance,Finance - Investment,5.66,sectors\finance.csv
5297,BP Capital Ltd.,BPCAP,Finance,Finance - NBFC,5.65,sectors\finance.csv
5298,Shikhar Consultants Ltd.,SHIKHAR,Finance,Finance - NBFC,5.65,sectors\finance.csv
5299,Purohit Construction Ltd.,PUROHITCON,Realty,Construction - Real Estate,5.62,sectors\realty.csv
5300,Triveni Enterprises Ltd.,TRIVENIENT,Trading,Trading,5.61,sectors\trading.csv
5301,Goyal Associates Ltd.,GOYALASS,Finance,Finance - NBFC,5.56,sectors\finance.csv
5302,Nivaka Fashions Ltd.,NIVAKA,Retailing,Retailing,5.55,sectors\retailing.csv
5303,Dr Lalchandani Labs Ltd.,DLCL,Healthcare,Hospital & Healthcare Services,5.52,sectors\healthcare.csv
5304,Cistro Telelink Ltd.,CISTRO,Telecom,Telecommunication - Equipment,5.49,sectors\telecom.csv
5305,Mahan Industries Ltd.,MAHANIN,Finance,Finance - NBFC,5.49,sectors\finance.csv
5306,Oxford Industries Ltd.,OXFORDIN,Textile,Textile,5.48,sectors\textile.csv
5307,Amanaya Ventures Ltd.,AMANAYA,Trading,Trading,5.44,sectors\trading.csv
5308,Adjia Technologies Ltd.,ADJIA,Information Technology,IT - Software,5.44,sectors\informationtechnology.csv
5309,Vision Corporation Ltd.,VISIONCO,Media & Entertainment,"Film Production, Distribution & Entertainment",5.43,sectors\mediaentertainment.csv
5310,Amerise Biosciences Ltd.,AMERISE,Finance,Finance - Investment,5.42,sectors\finance.csv
5311,Sailani Tours N Travels Ltd.,SAILANI,Hospitality,Travel Services,5.42,sectors\hospitality.csv
5312,Ashiana Agro Industries Ltd.,ASHAI,Trading,Trading,5.41,sectors\trading.csv
5313,Antriksh Service Technologies Ltd.,SESHACHAL,Information Technology,IT - Software,5.4,sectors\informationtechnology.csv
5314,Superior Finlease Ltd.,SUPERIOR,Finance,Finance - NBFC,5.37,sectors\finance.csv
5315,Shelter Infra Projects Ltd.,SIPL,Infrastructure,Engineering - Construction,5.36,sectors\infrastructure.csv
5316,United Textiles Ltd.,UNITEDTE,Textile,Textile - Spinning,5.36,sectors\textile.csv
5317,Polytex India Ltd.,POLYTEX,Finance,Finance - NBFC,5.35,sectors\finance.csv
5318,Omni AxS Software Ltd.,OMNIAX,Information Technology,IT - Software,5.34,sectors\informationtechnology.csv
5319,Omkar Overseas Ltd.,OMKAR,Trading,Trading,5.34,sectors\trading.csv
5320,Deccan Polypacks Ltd.,DECPO,Plastic Products,Plastic Products,5.34,sectors\plasticproducts.csv
5321,Integrated Thermoplastics Ltd.,INTETHR,Plastic Products,Plastic Products,5.33,sectors\plasticproducts.csv
5322,Vintage Securities Ltd.,VINTAGES,Finance,Finance - NBFC,5.32,sectors\finance.csv
5323,Jainco Projects (India) Ltd.,JAINCO,Realty,Construction - Real Estate,5.3,sectors\realty.csv
5324,Eureka Industries Ltd.,EUREKAI,Textile,Textile - Spinning,5.29,sectors\textile.csv
5325,Setubandhan Infrastructure Ltd.,SETUINFRA,Infrastructure,Engineering - Construction,5.28,sectors\infrastructure.csv
5326,Universal Arts Ltd.,UNIVARTS,Media & Entertainment,"Film Production, Distribution & Entertainment",5.27,sectors\mediaentertainment.csv
5327,Ashoka Refineries Ltd.,ASHOKRE,Agriculture,Solvent  Extraction,5.26,sectors\agriculture.csv
5328,Lakshmi Precision Screws Ltd.,LAKPRE,Automobile & Ancillaries,Fasteners,5.25,sectors\automobileancillaries.csv
5329,Amit International Ltd.,AMITINT,Textile,Textile - Spinning,5.23,sectors\textile.csv
5330,Grandma Trading & Agencies Ltd.,GRANDMA,Trading,Trading,5.22,sectors\trading.csv
5331,Vikalp Securities Ltd.,VIKALPS,Finance,Finance - Investment,5.22,sectors\finance.csv
5332,Williamson Financial Services Ltd.,WILLIMFI,Finance,Finance - NBFC,5.17,sectors\finance.csv
5333,Castora Agri Commodities Ltd.,CASTORA,Trading,Trading,5.11,sectors\trading.csv
5334,Raghunath International Ltd.,RAGHUNAT,Realty,Construction - Real Estate,5.1,sectors\realty.csv
5335,Bharatiya Global Infomedia Ltd.,BGLOBAL,Information Technology,IT - Software,5.1,sectors\informationtechnology.csv
5336,VXL Instruments Ltd.,VXLINSTR,Consumer Durables,IT - Hardware,5.1,sectors\consumerdurables.csv
5337,SGN Telecoms Ltd.,SGNTE,Electricals,Cable,5.09,sectors\electricals.csv
5338,Sahaj Fashions Ltd.,SAHAJ,Textile,Textile,5.07,sectors\textile.csv
5339,Retro Green Revolution Ltd.,RGRL,Agriculture,Tea/Coffee,5.02,sectors\agriculture.csv
5340,Sungold Capital Ltd.,SUNGOLD,Finance,Finance - NBFC,5.01,sectors\finance.csv
5341,Nouveau Global Ventures Ltd.,NOUVEAU,Media & Entertainment,"Film Production, Distribution & Entertainment",5.01,sectors\mediaentertainment.csv
5342,Sword-Edge Commercials Ltd.,SWORDEDGE,Trading,Trading,5,sectors\trading.csv
5343,Saianand Commercial Ltd.,SAICOM,Chemicals,Chemicals,5,sectors\chemicals.csv
5344,UTL Industries Ltd.,UTLINDS,Realty,Construction - Real Estate,4.94,sectors\realty.csv
5345,Naturo Agrotech India Ltd.,NATURO,Trading,Trading,4.92,sectors\trading.csv
5346,Shree Precoated Steels Ltd.,SPSL,Infrastructure,Engineering - Construction,4.9,sectors\infrastructure.csv
5347,Gian Life Care Ltd.,GIANLIFE,Healthcare,Hospital & Healthcare Services,4.89,sectors\healthcare.csv
5348,Kakatiya Textiles Ltd.,KAKTEX,Textile,Textile - Spinning,4.88,sectors\textile.csv
5349,Goldcoin Health Foods Ltd.,GOLDCOINHF,Trading,Trading,4.88,sectors\trading.csv
5350,CHD Chemicals Ltd.,CHDCHEM,Trading,Trading,4.85,sectors\trading.csv
5351,Dhruv Wellness Ltd.,DWL,Trading,Trading,4.83,sectors\trading.csv
5352,Munoth Communication Ltd.,MCLTD,Trading,Trading,4.79,sectors\trading.csv
5353,Pithampur Poly Products Ltd.,PITHP,Plastic Products,Plastic Products,4.76,sectors\plasticproducts.csv
5354,RR Securities Ltd.,RRSECUR,Finance,Finance - Investment,4.75,sectors\finance.csv
5355,Olympic Cards Ltd.,OLPCL,Media & Entertainment,Printing And Publishing,4.73,sectors\mediaentertainment.csv
5356,Peoples Investments Ltd.,PEOPLIN,Finance,Finance - Investment,4.72,sectors\finance.csv
5357,Lead Financial Services Ltd.,LEADFIN,Finance,Finance - NBFC,4.7,sectors\finance.csv
5358,Siddha Ventures Ltd.,SIDDHA,Finance,Finance - Investment,4.67,sectors\finance.csv
5359,MP Agro Industries Ltd.,MPAGI,Chemicals,Fertilizers,4.64,sectors\chemicals.csv
5360,Patron Exim Ltd.,PATRON,Trading,Trading,4.64,sectors\trading.csv
5361,Aditya Ispat Ltd.,ADITYA,Iron & Steel,Steel & Iron Products,4.6,sectors\ironsteel.csv
5362,Quintegra Solutions Ltd.,QUINTEGRA,Information Technology,IT - Software,4.56,sectors\informationtechnology.csv
5363,Bloom Dekor Ltd.,BLOOM,Construction Materials,Wood & Wood Products,4.56,sectors\constructionmaterials.csv
5364,Purple Agrotech Industries Ltd.,PURPLE,Media & Entertainment,"Film Production, Distribution & Entertainment",4.54,sectors\mediaentertainment.csv
5365,Abhishek Infraventures Ltd.,ABHIINFRA,Realty,Construction - Real Estate,4.53,sectors\realty.csv
5366,EVOQ Remedies Ltd.,EVOQ,Trading,Trading,4.53,sectors\trading.csv
5367,Finelistings Technologies Ltd.,FTL,Diversified,Diversified,4.51,sectors\diversified.csv
5368,52 Weeks Entertainment Ltd.,SHAQUAK,Media & Entertainment,"Film Production, Distribution & Entertainment",4.5,sectors\mediaentertainment.csv
5369,AAR Shyam India Investment Co Ltd.,AARSHYAM,Finance,Finance - Investment,4.49,sectors\finance.csv
5370,Coral Newsprints Ltd.,CORNE,Paper,Paper & Paper Products,4.48,sectors\paper.csv
5371,CMI Ltd.,CMICABLES,Electricals,Cable,4.47,sectors\electricals.csv
5372,Gconnect Logitech And Supply Chain Ltd.,GCONNECT,Logistics,Logistics,4.46,sectors\logistics.csv
5373,Thakkers Group Ltd.,THAKKERS,Agriculture,Agriculture,4.46,sectors\agriculture.csv
5374,Automobile Products Of India Ltd.,AUTOPRD,Other,Business Support,4.44,sectors\other.csv
5375,Rajkot Investment Trust Ltd.,RAJKOTINV,Finance,Finance - NBFC,4.44,sectors\finance.csv
5376,Longview Tea Company Ltd.,LONTE,Trading,Trading,4.44,sectors\trading.csv
5377,Polymac Thermoformers Ltd.,POLYMAC,Plastic Products,Plastic Products,4.42,sectors\plasticproducts.csv
5378,Ambition Mica Ltd.,AMBITION,Construction Materials,Laminates/Decoratives,4.42,sectors\constructionmaterials.csv
5379,Aananda Lakshmi Spinning Mills Ltd.,AANANDALAK,Textile,Textile - Spinning,4.4,sectors\textile.csv
5380,Mahasagar Travels Ltd.,MHSGRMS,Hospitality,Travel Services,4.4,sectors\hospitality.csv
5381,Navoday Enterprises Ltd.,NAVODAYENT,Media & Entertainment,Advertising & Media,4.39,sectors\mediaentertainment.csv
5382,Cindrella Financial Services Ltd.,CINDRELL,Finance,Finance - NBFC,4.37,sectors\finance.csv
5383,Sun Retail Ltd.,SUNRETAIL,Trading,Trading,4.34,sectors\trading.csv
5384,Hanman Fit Ltd.,HANMAN,Hospitality,Amusement Parks/Recreation/Club,4.34,sectors\hospitality.csv
5385,ACE EduTrend Ltd.,ACEEDU,Other,Educational Institutions,4.31,sectors\other.csv
5386,Fabino Enterprises Ltd.,FABINO,Trading,Trading,4.27,sectors\trading.csv
5387,Multipurpose Trading & Agencies Ltd.,ZMULTIPU,Miscellaneous,Miscellaneous,4.25,sectors\miscellaneous.csv
5388,BMB Music & Magnetics Ltd.,BMBMUMG,Media & Entertainment,"Film Production, Distribution & Entertainment",4.24,sectors\mediaentertainment.csv
5389,Suncity Synthetics Ltd.,SUNCITYSY,Textile,Textile - Manmade  Fibres,4.19,sectors\textile.csv
5390,TMT (India) Ltd.,TMTIND-B1,Capital Goods,Engineering,4.19,sectors\capitalgoods.csv
5391,Tridev InfraEstates Ltd.,ASHUTPM,Paper,Paper & Paper Products,4.17,sectors\paper.csv
5392,SBL Infratech Ltd.,SBLI,Realty,Construction - Real Estate,4.14,sectors\realty.csv
5393,Perfect Infraengineers Ltd.,PERFECT,Capital Goods,Engineering,4.11,sectors\capitalgoods.csv
5394,Foundry Fuel Products Ltd.,FFPL,Industrials Gases & Fuels,Industrial  Gases & Fuels,4.11,sectors\industrialsgasesfuels.csv
5395,Futuristic Securities Ltd.,FUTURSEC,Finance,Finance - Investment,4.08,sectors\finance.csv
5396,Elango Industries Ltd.,ELANGO,Iron & Steel,Steel/Sponge Iron/Pig Iron,4,sectors\ironsteel.csv
5397,T Spiritual World Ltd.,TSPIRITUAL,Information Technology,IT - Software,3.98,sectors\informationtechnology.csv
5398,City Online Services Ltd.,CITYONLINE,Telecom,Telecommunication - Service  Provider,3.98,sectors\telecom.csv
5399,Krishna Filament Industries Ltd.,KRIFILIND,Plastic Products,Plastic Products,3.96,sectors\plasticproducts.csv
5400,Vasudhagama Enterprises Ltd.,VASUDHAGAM,Trading,Trading,3.95,sectors\trading.csv
5401,Oswal Leasing Ltd.,OSWALEA,Finance,Finance - NBFC,3.93,sectors\finance.csv
5402,Simplex Papers Ltd.,SIMPLXPAP,Trading,Trading,3.93,sectors\trading.csv
5403,Silver Pearl Hospitality & Luxury Spaces Ltd.,SILVERPRL,Hospitality,"Hotel, Resort & Restaurants",3.93,sectors\hospitality.csv
5404,Karnimata Cold Storage Ltd.,KCSL,Logistics,Logistics,3.89,sectors\logistics.csv
5405,Richa Industries Ltd.,RICHAIND,Textile,Textile,3.87,sectors\textile.csv
5406,Vardhman Concrete Ltd.,VARDHMAN,Infrastructure,Engineering - Construction,3.81,sectors\infrastructure.csv
5407,Befound Movement Ltd.,BEFOUNDMOL,Finance,Finance - NBFC,3.8,sectors\finance.csv
5408,Vallabh Steels Ltd.,VALLABHSQ,Iron & Steel,Steel & Iron Products,3.8,sectors\ironsteel.csv
5409,MPS Pharmaa Ltd.,ADVIKLA,Healthcare,Pharmaceuticals & Drugs,3.8,sectors\healthcare.csv
5410,Ken Financial Services Ltd.,KENFIN,Finance,Finance - NBFC,3.79,sectors\finance.csv
5411,Naksh Precious Metals Ltd.,NAKSH,Trading,Trading,3.79,sectors\trading.csv
5412,Integrated Hitech Ltd.,INTEGHIT,Information Technology,IT - Software,3.76,sectors\informationtechnology.csv
5413,Decorous Investment & Trading Co Ltd.,DITCO,Realty,Construction - Real Estate,3.74,sectors\realty.csv
5414,Transpact Enterprises Ltd.,TRANSPACT,Healthcare,Medical Equipment/Supplies/Accessories,3.67,sectors\healthcare.csv
5415,Revati Media Ltd.,REVAMEDIA,Chemicals,Chemicals,3.66,sectors\chemicals.csv
5416,Shyama Computronics And Services Ltd.,SHYAMACOMP,Other,Business Support,3.65,sectors\other.csv
5417,Tricom Fruit Products Ltd.,TRICOMFRU,Fast Moving Consumer Goods,Consumer Food,3.63,sectors\fastmovingconsumergoods.csv
5418,Sturdy Industries Ltd.,STURDY,Plastic Products,Plastic Products,3.63,sectors\plasticproducts.csv
5419,Starlit Power Systems Ltd.,STARLIT,Non - Ferrous Metals,Metal - Non Ferrous,3.61,sectors\nonferrousmetals.csv
5420,Ekam Leasing & Finance Company Ltd.,EKAMLEA,Finance,Finance - NBFC,3.58,sectors\finance.csv
5421,Geetanjali Credit and Capital Ltd.,GEETANJ,Finance,Finance - NBFC,3.58,sectors\finance.csv
5422,Filmcity Media Ltd.,FILME,Media & Entertainment,"Film Production, Distribution & Entertainment",3.58,sectors\mediaentertainment.csv
5423,Pagaria Energy Ltd.,WOMENNET,Information Technology,IT - Software,3.54,sectors\informationtechnology.csv
5424,Gujarat Winding Systems Ltd.,GUJWIND,Paper,Paper & Paper Products,3.48,sectors\paper.csv
5425,Encode Packaging India Ltd,ENCODE,Media & Entertainment,Printing And Publishing,3.45,sectors\mediaentertainment.csv
5426,Sea TV Network Ltd.,SEATV,Media & Entertainment,TV Broadcasting & Software Production,3.43,sectors\mediaentertainment.csv
5427,Heera Ispat Ltd.,HEERAISP,Iron & Steel,Steel & Iron Products,3.42,sectors\ironsteel.csv
5428,Innocorp Ltd.,INNOCORP,Plastic Products,Plastic Products,3.35,sectors\plasticproducts.csv
5429,Beeyu Overseas Ltd.,BEEYU,Agriculture,Agriculture,3.34,sectors\agriculture.csv
5430,Unitech International Ltd.,UNITINT,Trading,Trading,3.33,sectors\trading.csv
5431,Khyati Multimedia Entertainment Ltd.,KHYATI,Media & Entertainment,"Film Production, Distribution & Entertainment",3.29,sectors\mediaentertainment.csv
5432,Neogem India Ltd.,NOGMIND,Diamond & Jewellery,Diamond  &  Jewellery,3.2,sectors\diamondjewellery.csv
5433,Olympic Management & Financial Services Ltd.,OLYMTFI,Finance,Finance - Investment,3.19,sectors\finance.csv
5434,Brilliant Portfolios Ltd.,BRIPORT,Finance,Finance - NBFC,3.18,sectors\finance.csv
5435,Boston Commerce Ltd.,BOSTON,Healthcare,Medical Equipment/Supplies/Accessories,3.14,sectors\healthcare.csv
5436,Unishire Urban Infra Ltd.,UNISHIRE,Realty,Construction - Real Estate,3.07,sectors\realty.csv
5437,CMM Infraprojects Ltd.,CMMIPL,Realty,Construction - Real Estate,3.06,sectors\realty.csv
5438,Anand Projects Ltd.,ANANDPROJ,Infrastructure,Engineering - Construction,3.06,sectors\infrastructure.csv
5439,Athena Constructions Ltd.,ATHCON,Realty,Construction - Real Estate,3.01,sectors\realty.csv
5440,GCM Commodity & Derivatives Ltd.,GCMCOMM,Finance,Finance - Investment,3.01,sectors\finance.csv
5441,Gaekwar Mills Ltd.,ZGAEKWAR,Textile,Textile - Spinning,3.01,sectors\textile.csv
5442,PFL Infotech Ltd.,PFLINFOTC,Information Technology,IT - Software,3,sectors\informationtechnology.csv
5443,Radhagobind Commercial Ltd.,RCL,Trading,Trading,2.88,sectors\trading.csv
5444,Indo Gulf Industries Ltd.,IGLFXPL-B,Chemicals,Chemicals,2.85,sectors\chemicals.csv
5445,Charms Industries Ltd.,CHARMS,Finance,Finance - Others,2.82,sectors\finance.csv
5446,SSPN Finance Ltd.,SSPNFIN,Finance,Finance - Investment,2.81,sectors\finance.csv
5447,Ramasigns Industries Ltd.,RAMASIGNS,Trading,Trading,2.77,sectors\trading.csv
5448,Patidar Buildcon Ltd.,PATIDAR,Realty,Construction - Real Estate,2.75,sectors\realty.csv
5449,Svarnim Trade Udyog Ltd.,SNIM,Trading,Trading,2.74,sectors\trading.csv
5450,Spectra Industries Ltd.,SPECTRA,Automobile & Ancillaries,Auto Ancillary,2.69,sectors\automobileancillaries.csv
5451,Diamant Infrastructure Ltd.,DIAMANT,Infrastructure,Engineering - Construction,2.68,sectors\infrastructure.csv
5452,Swadha Nature Ltd.,SWADHATURE,Finance,Finance - Investment,2.68,sectors\finance.csv
5453,VASA Retail And Overseas Ltd.,VASA,Fast Moving Consumer Goods,Printing & Stationery,2.67,sectors\fastmovingconsumergoods.csv
5454,G-Tech Info Training Ltd.,GTEIT,Information Technology,BPO/ITeS,2.62,sectors\informationtechnology.csv
5455,Virgo Global Ltd.,VIRGOGLOB,Information Technology,IT - Software,2.59,sectors\informationtechnology.csv
5456,Madhur Industries Ltd.,MADHURIND,Fast Moving Consumer Goods,Consumer Food,2.56,sectors\fastmovingconsumergoods.csv
5457,HEM Holdings & Trading Ltd.,ZHEMHOLD,Finance,Finance - Investment,2.55,sectors\finance.csv
5458,Suumaya Corporation Ltd.,SUUMAYA,Trading,Trading,2.5,sectors\trading.csv
5459,Vaishno Cement Company Ltd.,VAICC,Construction Materials,Cement & Construction Materials,2.43,sectors\constructionmaterials.csv
5460,Jalan Transolutions (India) Ltd.,JALAN,Logistics,Logistics,2.4,sectors\logistics.csv
5461,Kome-On Communication Ltd.,KOCL,Media & Entertainment,"Film Production, Distribution & Entertainment",2.39,sectors\mediaentertainment.csv
5462,Mcnally Bharat Engineering Company Ltd.,MBECL,Infrastructure,Engineering - Construction,2.3,sectors\infrastructure.csv
5463,Rajvir Industries Ltd.,RAJVIR,Textile,Textile - Spinning,2.25,sectors\textile.csv
5464,Rajeswari Infrastructure Ltd.,RAJINFRA,Realty,Construction - Real Estate,2.21,sectors\realty.csv
5465,Cresanto Global Ltd.,CRESANTO,Healthcare,Pharmaceuticals & Drugs,2.19,sectors\healthcare.csv
5466,Fourth Generation Information Systems Ltd.,4THGEN,Information Technology,IT - Software,2.17,sectors\informationtechnology.csv
5467,Gangotri Textiles Ltd.,GANGOTRI,Textile,Textile - Spinning,2.02,sectors\textile.csv
5468,Mafia Trends Ltd.,MAFIA,Retailing,Retailing,2,sectors\retailing.csv
5469,Technojet Consultants Ltd.,TECHCON,Miscellaneous,Miscellaneous,1.99,sectors\miscellaneous.csv
5470,Baron Infotech Ltd.,BARONINF,Information Technology,IT - Software,1.94,sectors\informationtechnology.csv
5471,Global Defence Industries Ltd.,GDIL,Capital Goods,Aerospace & Defense,1.87,sectors\capitalgoods.csv
5472,Signature Green Corporation Ltd.,SIGNGCL,Agriculture,Solvent  Extraction,1.8,sectors\agriculture.csv
5473,Silveroak Commercials Ltd.,SILVERO,Capital Goods,Electric Equipment,1.7,sectors\capitalgoods.csv
5474,JLA Infraville Shoppers Ltd.,JSHL,Retailing,Retailing,1.54,sectors\retailing.csv
5475,Aurique Ltd.,AURIQUE,Trading,Trading,1.48,sectors\trading.csv
5476,Omnipotent Industries Ltd.,OMNIPOTENT,Trading,Trading,1.4,sectors\trading.csv
5477,Sybly Industries Ltd.,SYBLY,Textile,Textile - Spinning,1.21,sectors\textile.csv
5478,MPF Systems Ltd.,MPFSL,Capital Goods,Engineering - Industrial Equipments,1.18,sectors\capitalgoods.csv
5479,Wardwizard Healthcare Ltd.,WARDHEALTH,Trading,Trading,1.11,sectors\trading.csv
5480,Shah Construction Company Ltd.,SHAHCON,Infrastructure,Engineering - Construction,0.98,sectors\infrastructure.csv
5481,Diksha Greens Ltd.,DGL,Trading,Trading,0.96,sectors\trading.csv
5482,Gold Rock Investments Ltd.,ZGOLDINV,Finance,Finance - Investment,0.95,sectors\finance.csv
5483,Sikozy Realtors Ltd.,SIKOZY,Realty,Construction - Real Estate,0.81,sectors\realty.csv
5484,Trustwave Securities Ltd.,TRUSTWAVE,Finance,Finance - NBFC,0.74,sectors\finance.csv
5485,E & E Enterprises Ltd.,EENTER,Finance,Finance - NBFC,0.59,sectors\finance.csv
5486,Magnanimous Trade & Finance Ltd.,MAGANTR,Finance,Finance - Investment,0.54,sectors\finance.csv
5487,Jupiter Industries & Leasing Ltd.,JPTRLES,Finance,Finance - Investment,0.4,sectors\finance.csv
5488,Silicon Valley Infotech Ltd.,SILICON,Finance,Finance - Investment,0.39,sectors\finance.csv
5489,Omkar Speciality Chemicals Ltd.,OMKARCHEM,Chemicals,Chemicals,0.37,sectors\chemicals.csv
5490,Turner Industries Ltd.,LADIAMO,Diamond & Jewellery,Diamond  &  Jewellery,0.28,sectors\diamondjewellery.csv
5491,Garodia Chemicals Ltd.,GARODCH,Chemicals,Chemicals,0.28,sectors\chemicals.csv
5492,Purity Flex Pack Ltd.,PURITY,Fast Moving Consumer Goods,Packaging,0.26,sectors\fastmovingconsumergoods.csv
5493,Antariksh Industries Ltd.,ANTARIKSH,Trading,Trading,0.25,sectors\trading.csv
5494,Arur Footwear Ltd.,ARUR,Fast Moving Consumer Goods,Household & Personal Products,0.25,sectors\fastmovingconsumergoods.csv
5495,Arco Leasing Ltd.,ZARCOLEA,Finance,Finance - NBFC,0.09,sectors\finance.csv
5496,The Southern Gas Ltd.,ZSOUTGAS,Industrials Gases & Fuels,Industrial  Gases & Fuels,0.06,sectors\industrialsgasesfuels.csv
5497,Springform Technology Ltd.,SFTL,Information Technology,IT - Software,0.06,sectors\informationtechnology.csv
5498,Winsome Yarns Ltd.,WINSOME,Textile,Textile - Spinning,0.03,sectors\textile.csv
5499,Sundaram Finance Holdings Ltd. - Rights Entitlement,SFHL-RE,Other,Other,0,sectors\other.csv
5500,Bodhi Tree Multimedia Ltd. - (Rights Entitlements (REs)),BTML-RE1,Media & Entertainment,TV Broadcasting & Software Production,0,sectors\mediaentertainment.csv
5501,Cyber Media (India) Ltd. - (Rights Entitlements (REs)),CYBER-RE,Media & Entertainment,Printing And Publishing,0,sectors\mediaentertainment.csv
5502,Mahindra Logistics Ltd. - (Rights Entitlements (REs)),MAHLOG-RE,Logistics,Logistics,0,sectors\logistics.csv
5503,Allcargo Terminals Ltd. - (Rights Entitlements (REs)),ATL-RE,Logistics,Logistics,0,sectors\logistics.csv
5504,Shanti Gold International Ltd. - (Rights Entitlements (REs)),SHANTI-RE,Diamond & Jewellery,Diamond  &  Jewellery,0,sectors\diamondjewellery.csv
5505,Zodiac-Jrd-Mkj Ltd. - (Rights Entitlements (REs)),ZODJRD-RE,Diamond & Jewellery,Diamond  &  Jewellery,0,sectors\diamondjewellery.csv
5506,Allcargo Terminals Ltd. - (Rights Entitlements (REs)),ATLPP,Logistics,Logistics,0,sectors\logistics.csv
5507,Globesecure Technologies Ltd. - (Rights Entitlements),GSTL-RE,Other,Other,0,sectors\other.csv
5508,Ajooni Biotech Ltd. - (Rights Entitlements (REs)),AJOONI-RE,Other,Other,0,sectors\other.csv
5509,Akg Exim Ltd. - (AKG-RE),AKG-RE,Other,Other,0,sectors\other.csv
5510,Grasim Industries Ltd. - (Rights Issue Partly Paidup),GRASIMPP1,Other,Other,0,sectors\other.csv
5511,Nagreeka Exports Ltd. - (Rights Entitlements pursuant),NAGREE-RE,Other,Other,0,sectors\other.csv
5512,Silgo Retail Ltd. - (Rights Entitlements (REs)),SILGO-RE,Other,Other,0,sectors\other.csv
5513,Aurum PropTech Ltd.- Partly Paid up Equity Shares (Rights Issue),AURUMPP1,Other,Other,0,sectors\other.csv
5514,Tembo Global Industries Ltd. - (Rights Entitlement ),TEMBO-RE,Other,Other,0,sectors\other.csv
5515,Libas Consumer Products Ltd. (Rights Entitlement),LIBAS-RE,Other,Other,0,sectors\other.csv
5516,Ushanti Colour Chem Ltd. - RE,UCL-RE,Chemicals,Chemicals,0,sectors\chemicals.csv
5517,Asian Petroproducts And Exports Ltd. - (Rights Entitlements (REs)),ASIANP-RE,Chemicals,Chemicals,0,sectors\chemicals.csv
5518,Sikko Industries Ltd. - (Rights Entitlements),SIKKO-RE,Chemicals,Pesticides & Agrochemicals,0,sectors\chemicals.csv
5519,Shah Metacorp Ltd. - (Rights Entitlements (REs)),SHAH-RE1,Iron & Steel,Steel & Iron Products,0,sectors\ironsteel.csv
5520,MITCON Consultancy & Engineering Services Ltd. - (Parly Paidup),MITCONPP,Other,Other,0,sectors\other.csv
5521,Sharat Industries Ltd - Partly Paid-up Equity Shares (Rights Issue),890207,Other,Other,0,sectors\other.csv
5522,Sahana System Ltd. - (Right Entitlements),SAHANA-RE,Other,Other,0,sectors\other.csv
5523,Mittal Life Style Ltd. - (Rights Entitlements),MITTAL-RE1,Other,Other,0,sectors\other.csv
5524,Mercury Trade Links Ltd. - (Rights Entitlements (REs)),MERTRA-RE,Other,Other,0,sectors\other.csv
5525,Shangar Decor Ltd. - (Rights Entitlements (REs)),SHADEC-RE,Other,Business Support,0,sectors\other.csv
5526,Dmr Hydroengineering And Infrastructures Ltd. - (Rights Entitlements (REs)),DMRHYD-RE,Other,Engineering Consultancy,0,sectors\other.csv
5527,Nakoda Group Of Industries Ltd. - (Partly Paidup),NGILPP1,Other,Other,0,sectors\other.csv
5528,Scanpoint Geomatics Ltd. - (Rights Entitlements (REs)),SCANPG-RE3,Other,Unspecified,0,sectors\other.csv
5529,Valiant Laboratories Ltd. - (Rights Entitlements (REs)),VALIANT-RE,Healthcare,Pharmaceuticals & Drugs,0,sectors\healthcare.csv
5530,Vineet Laboratories Ltd. - (Rights Entitlements (REs)),VINEET-RE,Healthcare,Pharmaceuticals & Drugs,0,sectors\healthcare.csv
5531,Dr Lalchandani Labs Ltd. - (Rights Entitlements (REs)),DLCL-RE,Healthcare,Hospital & Healthcare Services,0,sectors\healthcare.csv
5532,Healthcare Global Enterprises Ltd. - (Rights Entitlements (REs)),HCG-RE,Healthcare,Hospital & Healthcare Services,0,sectors\healthcare.csv
5533,A B Infrabuild Ltd. - (ABIN-RE1),ABIN-RE1,Other,Other,0,sectors\other.csv
5534,Bisil Plast Ltd. - (Rights Entitlements (REs)),BISIL-RE,Plastic Products,Plastic Products,0,sectors\plasticproducts.csv
5535,Cool Caps Industries Ltd. - (Rights Entitlements (REs)),COOLCAP-RE,Plastic Products,Plastic Products,0,sectors\plasticproducts.csv
5536,Sumeet Industries Ltd. - (Rights Entitlements (REs)),SUMEET-RE,Textile,Textile - Spinning,0,sectors\textile.csv
5537,UPL Ltd.- (Rights Entitlements (REs)),UPL-RE,Other,Unspecified,0,sectors\other.csv
5538,Onix Solar Energy Ltd. - (Rights Entitlements (REs)),ONIX-RE,Non - Ferrous Metals,Metal - Non Ferrous,0,sectors\nonferrousmetals.csv
5539,Shrem InvIT,SHREMINVIT,Finance,Finance - Investment,0,sectors\finance.csv
5540,National Highways Infra Trust,NHIT,Finance,Finance Term Lending,0,sectors\finance.csv
5541,Vertis Infrastructure Trust,VERTIS,Finance,Finance Term Lending,0,sectors\finance.csv
5542,Bhandari Hosiery Exports Ltd. - (Rights Entitlements (REs1)),BHANDA-RE2,Textile,Textile,0,sectors\textile.csv
5543,Gravity (India) Ltd. - (Rights Entitlements (REs)),GRAVITY-RE,Textile,Textile,0,sectors\textile.csv
5544,Viceroy Hotels Ltd. - (Rights Entitlements (REs)),VHLTD-RE,Other,Other,0,sectors\other.csv
5545,Globe Textiles (India) Ltd. - (Rights Entitlements),GLOBE-RE1,Other,Other,0,sectors\other.csv
5546,Iris Clothings Ltd. - (Rights Entitlement),IRIS-RE,Other,Other,0,sectors\other.csv
5547,UPL Ltd. - (Partly Paid-up Equity Shares),UPLPP1,Chemicals,Pesticides & Agrochemicals,0,sectors\chemicals.csv
5548,Camlin Fine Sciences Ltd. - (Rights Entitlements (REs)),CAMLIN-RE,Chemicals,Chemicals,0,sectors\chemicals.csv
5549,Vipul Organics Ltd. - (Rights Entitlements (REs)),VIPUL-RE,Chemicals,Dyes & Pigments,0,sectors\chemicals.csv
5550,Indra Industries Ltd. - (Rights Entitlements (REs)),INDRA-RE,Chemicals,Fertilizers,0,sectors\chemicals.csv
5551,Astec Lifesciences Ltd. - (Rights Entitlements (REs)),ASTEC-RE,Chemicals,Pesticides & Agrochemicals,0,sectors\chemicals.csv
5552,Sunshield Chemicals Ltd. - (Rights Entitlements (REs)),SUNSHI-RE,Chemicals,Chemicals,0,sectors\chemicals.csv
5553,NACL Industries Ltd. - (Rights Entitlements (REs)),NACL-RE,Chemicals,Pesticides & Agrochemicals,0,sectors\chemicals.csv
5554,Yug Decor Ltd. - ( Rights Entitlements (REs) ),YUG-RE1,Chemicals,Chemicals,0,sectors\chemicals.csv
5555,Sadhana Nitro Chem Ltd. - (Rights Entitlements (REs1)),SADHNA-RE,Chemicals,Chemicals,0,sectors\chemicals.csv
5556,Bluegod Entertainment Ltd. - (Rights Entitlements (REs)),BLUGOD-RE,Chemicals,Fertilizers,0,sectors\chemicals.csv
5557,Anzen India Energy Yield Plus Trust.,ANZEN,Finance,Finance - Investment,0,sectors\finance.csv
5558,Nexus Select Trust,NXST,Finance,Finance - Investment,0,sectors\finance.csv
5559,IRB Infrastructure Trust - (IRBIT),IRBIT,Finance,Finance - Investment,0,sectors\finance.csv
5560,Aplab Ltd. - (Rights Entitlements (REs)),750991,Capital Goods,Electric Equipment,0,sectors\capitalgoods.csv
5561,Exicom Tele-Systems Ltd. - (Rights Entitlements (REs)),EXICOM-RE,Capital Goods,Electric Equipment,0,sectors\capitalgoods.csv
5562,Inox Wind Ltd. - (Rights Entitlements (REs)),INOXWI-RE,Capital Goods,Electric Equipment,0,sectors\capitalgoods.csv
5563,JostS Engineering Company Ltd. - (Rights Entitlements (REs),JOSTS-RE,Capital Goods,Engineering - Industrial Equipments,0,sectors\capitalgoods.csv
5564,Presstonic Engineering Ltd. -  (Rights Entitlement),PRESS-RE,Capital Goods,Engineering,0,sectors\capitalgoods.csv
5565,Prabha Energy Ltd. - (Partly Paid-up1),PRABHAPP1,Miscellaneous,Miscellaneous,0,sectors\miscellaneous.csv
5566,Gujarat Natural Resources Ltd. - (Rights Entitlements (REs)),GNRL-RE,Crude Oil,Oil Exploration,0,sectors\crudeoil.csv
5567,Mirc Electronics Ltd. - (Rights Entitlements (REs)),MIRC-RE,Consumer Durables,Consumer Durables - Electronics,0,sectors\consumerdurables.csv
5568,D&H India Ltd. - (Rights Entitlements (REs)),DHINDIA-RE,Capital Goods,Electrodes & Welding Equipment,0,sectors\capitalgoods.csv
5569,TIL Ltd. - (Rights Entitlements),TIL-RE1,Capital Goods,Construction Vehicles,0,sectors\capitalgoods.csv
5570,Harshil Agrotech Ltd. - (Rights Entitlements (REs)),HARSHIL-RE,Capital Goods,Engineering - Industrial Equipments,0,sectors\capitalgoods.csv
5571,Trans India House Impex Ltd. - (Rights Entitlements (REs)),TIHIL-RE,Capital Goods,Engineering - Industrial Equipments,0,sectors\capitalgoods.csv
5572,Sharanam Infraproject And Trading Ltd. - (Rights Entitlements (REs)),SIPTL-RE2,Trading,Trading,0,sectors\trading.csv
5573,Annvrridhhi Ventures Ltd. - (Rights Entitlements (REs)),ANVRDH-RE,Trading,Trading,0,sectors\trading.csv
5574,Tirupati Tyres Ltd. - (Rights Entitlements (REs)),TTIL-RE,Trading,Trading,0,sectors\trading.csv
5575,Remedium Lifecare Ltd. - (Rights Entitlements (REs)),REMLIF-RE,Trading,Trading,0,sectors\trading.csv
5576,Franklin Industries Ltd. - (Rights Entitlements (REs)),FRANKI-RE1,Trading,Trading,0,sectors\trading.csv
5577,Lloyds Enterprises Ltd. - (Rights Entitlements (REs)),LLOYDSE-RE,Trading,Trading,0,sectors\trading.csv
5578,Mangalam Global Enterprise Ltd. - (Rights Entitlements (REs)),MGEL-RE,Agriculture,Agriculture,0,sectors\agriculture.csv
5579,Vistar Amar Ltd. - (Rights Entitlements (REs)),VISTA-RE,Agriculture,Aquaculture,0,sectors\agriculture.csv
5580,IEL Ltd. - (Rights Entitlements (REs)),INDXTR-RE,Agriculture,Solvent  Extraction,0,sectors\agriculture.csv
5581,Dollex Agrotech Ltd. - (Rights Entitlements),DOLLEX-RE,Agriculture,Sugar,0,sectors\agriculture.csv
5582,Himalaya Food lnternational Ltd. - (Rights Entitlements (REs)),750992,Agriculture,Agriculture,0,sectors\agriculture.csv
5583,Davangere Sugar Company Ltd. - (Rights Entitlements (REs)),DAVAN-RE1,Agriculture,Sugar,0,sectors\agriculture.csv
5584,Times Green Energy (India) Ltd. Rights Entitlements (REs),751054,Agriculture,Agriculture,0,sectors\agriculture.csv
5585,Prabha Energy Ltd. - (Rights Entitlements (REs)),PRABHA-RE,Miscellaneous,Miscellaneous,0,sectors\miscellaneous.csv
5586,Prabha Energy Ltd. - (Partly Paid-up),PRABHAPP1,Miscellaneous,Miscellaneous,0,sectors\miscellaneous.csv
5587,Healthy Life Agritec Ltd. (Rights Entitlements (REs),751040,Trading,Trading,0,sectors\trading.csv
5588,Pro Fin Capital Services Ltd. - (Rights Entitlements (REs)),PROFIN-RE,Finance,Finance - NBFC,0,sectors\finance.csv
5589,Anupam Finserv Ltd. - (Rights Entitlements (REs)),ANUFIN-RE,Finance,Finance - NBFC,0,sectors\finance.csv
5590,Ganesh Holdings Ltd. - (Rights Entitlements (REs)),750953,Finance,Finance - NBFC,0,sectors\finance.csv
5591,Kairosoft Ai Solutions Ltd. - (Rights Entitlements (REs)),750956,Finance,Finance - Investment,0,sectors\finance.csv
5592,NDR INVIT Trust,NDRINVIT,Finance,Finance - Investment,0,sectors\finance.csv
5593,Sustainable Energy Infra Trust,SEITINVIT,Finance,Finance - Investment,0,sectors\finance.csv
5594,IRB InvIT Fund,IRBINVIT,Finance,Finance - Investment,0,sectors\finance.csv
5595,IndiGrid Infrastructure Trust,INDIGRID,Finance,Finance - Investment,0,sectors\finance.csv
5596,LWS Knitwear Ltd. - (Rights Entitlements (REs),KNIT-RE,Textile,Textile,0,sectors\textile.csv
5597,Eureka Industries Ltd. - (Rights Entitlements (REs)),EUREKA-RE,Textile,Textile - Spinning,0,sectors\textile.csv
5598,Garment Mantra Lifestyle Ltd. - (Rights Entitlements (REs)),GARMNT-RE,Textile,Textile,0,sectors\textile.csv
5599,Bannari Amman Spinning Mills Ltd. - (BASML-RE1),BASML-RE1,Textile,Textile,0,sectors\textile.csv
5600,Garment Mantra Lifestyle Ltd. - (Partly Paid-up Equity Shares (Rights Issue)),GARMENTPP,Textile,Textile,0,sectors\textile.csv
5601,Markobenz Ventures Ltd. - (Rights Entitlements (REs)),MARKOB-RE1,Textile,Textile - Weaving,0,sectors\textile.csv
5602,T T Ltd. - (Rights Entitlements (REs)),TTL-RE,Textile,Textile,0,sectors\textile.csv
5603,Scoobee Day Garments (India) Ltd. - (Rights Entitlements (REs)),SCOOBEE-RE,Textile,Textile,0,sectors\textile.csv
5604,Tuni Textile Mills Ltd. - (Rights Entitlements (REs)),TUNTEX-RE,Textile,Textile - Weaving,0,sectors\textile.csv
5605,Anirit Ventures Ltd. - (Rights Entitlements (REs)),ANIRIT-RE,Textile,Textile - Weaving,0,sectors\textile.csv
5606,Anirit Ventures Ltd. - (Partly Paid-up),ANIRITPP,Textile,Textile - Weaving,0,sectors\textile.csv
5607,Padam Cotton Yarns Ltd. - (Rights Entitlements (REs)),PADAM-RE,Textile,Textile,0,sectors\textile.csv
5608,Interise Trust,INTERISE,Finance,Finance - Investment,0,sectors\finance.csv
5609,Embassy Office Parks REIT,EMBASSY,Finance,Finance - Investment,0,sectors\finance.csv
5610,Energy Infrastructure Trust,ENERGYINF,Finance,Finance - Investment,0,sectors\finance.csv
5611,Mindspace Business Parks REIT,MINDSPACE,Finance,Finance - Investment,0,sectors\finance.csv
5612,Altius Telecom Infrastructure Trust,ALTIUSINVIT,Finance,Finance - Investment,0,sectors\finance.csv
5613,Brookfield India Real Estate Trust REIT,BIRET,Finance,Finance - Investment,0,sectors\finance.csv
5614,POWERGRID Infrastructure Investment Trust.,PGINVIT,Finance,Finance - Investment,0,sectors\finance.csv
5615,Stallion India Fluorochemicals Ltd. - (Rights Entitlements (REs)),STALL-RE,Industrials Gases & Fuels,Industrial  Gases & Fuels,0,sectors\industrialsgasesfuels.csv
5616,Deccan Gold Mines Ltd. - (Rights Entitlements (REs)),DECNGO-RE,Mining,Mining & Minerals,0,sectors\mining.csv
5617,New Delhi Television Ltd. - (Rights Entitlements (REs)),NDTV-RE,Media & Entertainment,TV Broadcasting & Software Production,0,sectors\mediaentertainment.csv
5618,Shakti Press Ltd. - (Rights Entitlements (REs)),SHAKTI-RE,Media & Entertainment,Printing And Publishing,0,sectors\mediaentertainment.csv
5619,Welspun Specialty Solutions Ltd. - (Rights Entitlements (REs)),WELSPL-RE,Iron & Steel,Steel & Iron Products,0,sectors\ironsteel.csv
5620,Unison Metals Ltd. - (Rights Entitlements (REs)),UNISON-RE,Iron & Steel,Steel & Iron Products,0,sectors\ironsteel.csv
5621,GTT Data Solutions Ltd. - (Rights Entitlements (REs)),GTTDA-RE,Media & Entertainment,"Film Production, Distribution & Entertainment",0,sectors\mediaentertainment.csv
5622,GTT Data Solutions Ltd. - (Rights Entitlements (REs)),GTTDATAPP,Media & Entertainment,"Film Production, Distribution & Entertainment",0,sectors\mediaentertainment.csv
5623,Mega Corporation Ltd. - (Rights Entitlements (REs)),MEGACO-RE,Hospitality,Travel Services,0,sectors\hospitality.csv
5624,Eco Hotels And Resorts Ltd. - (Rights Entitlements (REs)),ECOHO-RE,Hospitality,"Hotel, Resort & Restaurants",0,sectors\hospitality.csv
5625,Travels & Rentals Ltd. - (Rights Entitlements (REs)),TRAVELS-RE,Hospitality,Travel Services,0,sectors\hospitality.csv
5626,Ashnisha Industries Ltd. - (Rights Entitlements (REs)),ASHNI-RE,Trading,Trading,0,sectors\trading.csv
5627,Suraj Industries Ltd. - (Rights Entitlements (REs)),SURAJ-RE,Trading,Trading,0,sectors\trading.csv
5628,Mahindra And Mahindra Financial Services Ltd. - (Rights Entitlements (REs)),M&MFIN-RE1,Finance,Finance - NBFC,0,sectors\finance.csv
5629,Yamini Investments Company Ltd. - (Rights Entitlements (REs)),YAMNIN-RE,Finance,Finance - Investment,0,sectors\finance.csv
5630,Purple Finance Ltd. - (Rights Entitlements (REs)),PURFIN-RE1,Finance,Finance - NBFC,0,sectors\finance.csv
5631,Ugro Capital Ltd. - (Rights Entitlements (REs)),UGRO-RE,Finance,Finance - NBFC,0,sectors\finance.csv
5632,Bharat Bhushan Finance & Commodity Brokers Ltd. - (Rights Entitlements (REs)),BHARAT-RE,Finance,Finance - Investment,0,sectors\finance.csv
5633,Som Datt Finance Corporation Ltd. - (Rights Entitlements (REs)),SODFC-RE,Finance,Finance - Investment,0,sectors\finance.csv
5634,Cube Highways Trust - (CUBEINVIT),CUBEINVIT,Finance,Finance - Investment,0,sectors\finance.csv
5635,Maple Infrastructure Trust,MIT,Finance,Finance - Investment,0,sectors\finance.csv
5636,Intelligent Supply Chain Infrastructure Trust,ISCITRUST,Finance,Finance - Investment,0,sectors\finance.csv
5637,Indus Infra Trust,INDUSINVIT,Finance,Finance - Investment,0,sectors\finance.csv
5638,Nxt-Infra Trust - (NXT-INFRA),NXT-INFRA,Finance,Finance - Investment,0,sectors\finance.csv
5639,Property Share Investment Trust - Propshare Platina,PSPLATINA,Finance,Finance - Investment,0,sectors\finance.csv
5640,Enbee Trade And Finance Ltd. - (Rights Entitlements (REs)),750929,Finance,Finance - NBFC,0,sectors\finance.csv
5641,Moongipa Capital Finance Ltd. - (Rights Entitlements (REs)),MOONGI-RE,Finance,Finance - NBFC,0,sectors\finance.csv
5642,Aastamangalam Finance Ltd. - (Rights Entitlements (REs)),AASTA-RE,Finance,Finance - NBFC,0,sectors\finance.csv
5643,Capital Infra Trust,CAPINVIT,Finance,Finance - Investment,0,sectors\finance.csv
5644,Suraj Industries Ltd.- Partly Paid-up Equity Shares (Rights Issue),SURAJINDPP,Trading,Trading,0,sectors\trading.csv
5645,Annvrridhhi Ventures Ltd. - (Rights Entitlements (REs)),751056,Trading,Trading,0,sectors\trading.csv
5646,Adani Enterprises Ltd. - (Rights Entitlements (REs)),ADANI-RE,Trading,Trading,0,sectors\trading.csv
5647,Annvrridhhi Ventures Ltd. - (partly paid-up),ANNVRPP,Trading,Trading,0,sectors\trading.csv
5648,AVI Polymers Ltd. - (Rights Entitlements (REs)),AVI-RE,Trading,Trading,0,sectors\trading.csv
5649,Dhariwalcorp Ltd. - (Rights Entitlements (REs)),DHARI-RE,Trading,Trading,0,sectors\trading.csv
5650,Anantam Highways Trust,ANANTAM,Finance,Finance - Investment,0,sectors\finance.csv
5651,LKP Finance Ltd. - (Rights Entitlements (REs)),LKPFIN-RE,Finance,Finance - Investment,0,sectors\finance.csv
5652,Star Housing Finance Ltd. - (Rights Entitlements (REs)),STARHF-RE,Finance,Finance - Housing,0,sectors\finance.csv
5653,Trustedge Capital Ltd. - (Rights Entitlements (REs)),TRUCAP-RE,Finance,Finance - Investment,0,sectors\finance.csv
5654,Capital Trust Ltd. - (Rights Entitlements (REs)),CAPTRU-RE1,Finance,Finance - NBFC,0,sectors\finance.csv
5655,Mangalam Industrial Finance Ltd. - (Rights Entitlements (REs)),MANGIN-RE,Finance,Finance - NBFC,0,sectors\finance.csv
5656,Rajath Finance Ltd. - (Rights Entitlements (REs)),750959,Finance,Finance - NBFC,0,sectors\finance.csv
5657,Shri Niwas Leasing And Finance Ltd. - (Rights Entitlements (REs)),SHRINI-RE,Finance,Finance - Investment,0,sectors\finance.csv
5658,Roadstar Infra Investment Trust,ROADSTAR,Finance,Finance - Investment,0,sectors\finance.csv
5659,Fusion Finance Ltd. - (Rights Entitlements (REs)),FUSI-RE,Finance,Finance - NBFC,0,sectors\finance.csv
5660,Shri Niwas Leasing and Finance Ltd. - (Partly Paid-up Equity Shares (Rights Issue),SNLFPP,Finance,Finance - Investment,0,sectors\finance.csv
5661,Onesource Industries And Ventures Ltd. - (Rights Entitlements (REs)),OIVL-RE,Finance,Finance - Others,0,sectors\finance.csv
5662,GACM Technologies Ltd. - (Rights Entitlements),GATDVR-RE,Finance,Finance - Stock Broking,0,sectors\finance.csv
5663,GACM Technologies Ltd. - (DVR) - (Rights Entitlements),GATECH-RE1,Finance,Finance - Stock Broking,0,sectors\finance.csv
5664,Max India Ltd. - (Rights Entitlement),MAXIND-RE,Finance,Finance - Investment,0,sectors\finance.csv
5665,Fusion Finance Ltd- Partly Paid-up Equity Shares (Rights Issue).,FUSIONPP,Finance,Finance - NBFC,0,sectors\finance.csv
5666,Enbee Trade & Finance Ltd. - (Rights Entitlements (REs-1)),ENBEE-RE2,Finance,Finance - NBFC,0,sectors\finance.csv
5667,Nexome Capital Markets Ltd. - (Rights Entitlements (REs)),NEXOME-RE,Finance,Finance - Investment,0,sectors\finance.csv
5668,Vertex Securities Ltd. - (Rights Entitlements (REs)),VERTEX-RE,Finance,Finance - Stock Broking,0,sectors\finance.csv
5669,Supra Pacific Financial Services Ltd. - (Rights Entitlements (REs)),SUPRA-RE,Finance,Finance - NBFC,0,sectors\finance.csv
5670,5Paisa Capital Ltd. - (Rights Entitlements(REs)),5PAISA-RE,Finance,Finance - Stock Broking,0,sectors\finance.csv
5671,Maha Rashtra Apex Corporation Ltd. - (Rights Entitlements (REs)),MAHAPE-RE,Finance,Finance - Investment,0,sectors\finance.csv
5672,Capital Trust Ltd. - (Rights Entitlements (REs)),CAPTRU-RE,Finance,Finance - NBFC,0,sectors\finance.csv
5673,TVS Infrastructure Trust - (TVSINVIT),TVSINVIT,Finance,Finance - Investment,0,sectors\finance.csv
5674,JMJ Fintech Ltd. - (Rights Entitlements (REs)),JMJFIN-RE,Finance,Finance - NBFC,0,sectors\finance.csv
5675,Zodiac Ventures Ltd. - (Rights Entitlements (REs)),ZODIAC-RE,Finance,Finance - Investment,0,sectors\finance.csv
5676,Spandana Sphoorty Financial Ltd. - (Rights Entitlements (REs)),SPAND-RE,Finance,Finance - NBFC,0,sectors\finance.csv
5677,Property Share Investment Trust - PropShare Titania,PSTITANIA,Finance,Finance - Investment,0,sectors\finance.csv
5678,Indian Infotech & Software Ltd. - (Rights Entitlements (REs)),INDINF-RE1,Finance,Finance - Investment,0,sectors\finance.csv
5679,Spandana Sphoorty Financial Ltd. - (Partly Paid-up Equity Shares (Rights Issue)),SSFLPP,Finance,Finance - NBFC,0,sectors\finance.csv
5680,JMJ Fintech Ltd. - (Partly Paid-up Equity Shares (Rights Issue)),JMJFINPP,Finance,Finance - NBFC,0,sectors\finance.csv
5681,Arunis Abode Ltd. - (Rights Entitlements (REs)),ARUNIS-RE,Finance,Finance - Investment,0,sectors\finance.csv
5682,Oasis Securities Ltd. - (Rights Entitlements (REs)),OASISE-RE,Finance,Finance - NBFC,0,sectors\finance.csv
5683,Marg Techno Projects Ltd. - (Rights Entitlements (REs)),MTPL-RE,Finance,Finance - NBFC,0,sectors\finance.csv
5684,Minolta Finance Ltd. (Rights Entitlements (REs)),MINOLT-RE,Finance,Finance - NBFC,0,sectors\finance.csv
5685,SI Capital & Financial Services Ltd. - (Rights Entitlements (REs)),SICAPI-RE,Finance,Finance - Investment,0,sectors\finance.csv
5686,Delphi World Money Ltd. - (Rights Entitlements (REs)),DELPH-RE,Finance,Finance - Others,0,sectors\finance.csv
5687,Baid Finserv Ltd. - (Rights Entitlements (REs)),BAIDFIN-RE,Finance,Finance - NBFC,0,sectors\finance.csv
5688,Tilak Ventures Ltd. - (Rights Entitlements (REs-2)),TILAK-RE2,Finance,Finance - Investment,0,sectors\finance.csv
5689,Pulsar International Ltd. - (Rights Entitlements (REs)),PULSRIN-RE,Finance,Finance - NBFC,0,sectors\finance.csv
5690,Avasara Finance Ltd. - (Rights Entitlements (REs)),AVASA-RE,Finance,Finance - NBFC,0,sectors\finance.csv
5691,Viram Suvarn Ltd. - (Rights Entitlements (REs)),VSL-RE,Finance,Finance - Others,0,sectors\finance.csv
5692,Arunis Abode Ltd. - (Rights Entitlements (REs-1)),ARUNIS-RE1,Finance,Finance - Investment,0,sectors\finance.csv
5693,Galactico Corporate Services Ltd. - (Rights Entitlements (REs)),751083,Finance,Finance - Investment,0,sectors\finance.csv
5694,Onelife Capital Advisors Ltd. - (Rights Entitlements (REs)),ONECAP-RE,Finance,Finance - Investment,0,sectors\finance.csv
5695,Raajmarg Infra Investment Trust,RIIT,Finance,Finance - Investment,0,sectors\finance.csv
5696,Galaxy Agrico Exports Ltd. - (Rights Entitlements (REs)),GALAGEX-RE,Automobile & Ancillaries,Bearings,0,sectors\automobileancillaries.csv
5697,Hilton Metal Forging Ltd. - (Rights Entitlements (REs1)),HILTON-RE2,Automobile & Ancillaries,Forgings,0,sectors\automobileancillaries.csv
5698,GS Auto International Ltd. - (Rights Entitlements (REs)),GSAUTO-RE,Automobile & Ancillaries,Auto Ancillary,0,sectors\automobileancillaries.csv
5699,GS Auto International Ltd. - (Partly Paid-up),GSAILPP,Automobile & Ancillaries,Auto Ancillary,0,sectors\automobileancillaries.csv
5700,Ganga Forging Ltd. - RE,GANGAFO-RE,Automobile & Ancillaries,Forgings,0,sectors\automobileancillaries.csv
5701,Dhanlaxmi Bank Ltd. - (Rights Entitlements (REs)),DHAN-RE,Banking,Bank - Private,0,sectors\banking.csv
5702,Utkarsh Small Finance Bank Ltd. - (Rights Entitlements (REs)),UTKAR-RE,Banking,Bank - Private,0,sectors\banking.csv
5703,Vertex Securities Ltd. - (Partly Paid-up),VERTEXPP,Finance,Finance - Stock Broking,0,sectors\finance.csv
5704,Regal Entertainment & Consultants Ltd. - (Rights Entitlements (REs)),REGAL-RE,Finance,Finance - NBFC,0,sectors\finance.csv
5705,Panafic Industrials Ltd. - (Rights Entitlements (REs)),PANAFIC-RE,Finance,Finance - NBFC,0,sectors\finance.csv
5706,Innovassynth Technologies (India) Ltd. - (Rights Entitlements (REs)),INOVSYN-RE,Finance,Finance - NBFC,0,sectors\finance.csv
5707,Covance Softsol Ltd. - (Rights Entitlements (REs)),COVAN-RE,Information Technology,IT - Software,0,sectors\informationtechnology.csv
5708,3I Infotech Ltd. - (Rights Entitlements (REs),3IINFO-RE,Information Technology,IT - Software,0,sectors\informationtechnology.csv
5709,Covidh Technologies Ltd. - (Rights Entitlements (REs)),COVIDH-RE,Information Technology,IT - Software,0,sectors\informationtechnology.csv
5710,Titan Intech Ltd. (Rights Entitlements (REs),751053,Information Technology,IT - Software,0,sectors\informationtechnology.csv
5711,Ace Software Exports Ltd. - (Rights Entitlements (REs),ACES-RE1,Information Technology,IT - Software,0,sectors\informationtechnology.csv
5712,ACE Software Exports Ltd. - (Partly Paid-up 2),ACESEPP,Information Technology,IT - Software,0,sectors\informationtechnology.csv
5713,Capricorn Systems Global Solutions Ltd. - (Rights Entitlements (REs)),CAPRI-RE,Information Technology,IT - Software,0,sectors\informationtechnology.csv
5714,Genesys International Corporation Ltd. - (Rights Entitlements (REs)),GENESYS-RE,Information Technology,IT - Software,0,sectors\informationtechnology.csv
5715,JTEKT India Ltd. - (Rights Entitlements (REs)),JTEKT-RE,Automobile & Ancillaries,Auto Ancillary,0,sectors\automobileancillaries.csv
5716,Jainex Aamcol Ltd. - (Rights Entitlements (REs)),JAINEX-RE,Automobile & Ancillaries,Auto Ancillary,0,sectors\automobileancillaries.csv
5717,Hilton Metal Forging Ltd. - (Rights Entitlements (REs)),HILTON-RE1,Automobile & Ancillaries,Forgings,0,sectors\automobileancillaries.csv
5718,Khfm Hospitality And Facility Management Services Ltd. - RE,KHFM-RE,Other,Other,0,sectors\other.csv
5719,Bright Solar Ltd. - (BRIGHT-RE),BRIGHT-RE,Other,Other,0,sectors\other.csv
5720,Godha Cabcon & Insulation Ltd. - (Rights Entitlements),GODHA-RE,Other,Unspecified,0,sectors\other.csv
5721,Debock Industries Ltd. - RE,DIL-RE,Other,Other,0,sectors\other.csv
5722,Kilitch Drugs (India) Ltd. - (Rights Entitlements (REs)),KILITC-RE,Healthcare,Pharmaceuticals & Drugs,0,sectors\healthcare.csv
5723,Murae Organisor Ltd. - (Rights Entitlements (REs)),MURAE-RE1,Healthcare,Pharmaceuticals & Drugs,0,sectors\healthcare.csv
5724,Ravindra Energy Ltd. - (Rights Entitlements (REs)),RELTD-RE,Power,Power Generation/Distribution,0,sectors\power.csv
5725,Rajnish Wellness Ltd. - (Rights Entitlements (REs)),RAJNI-RE,Healthcare,Pharmaceuticals & Drugs,0,sectors\healthcare.csv
5726,Starlineps Enterprises Ltd. - (Rights Entitlements (REs)),STAR-RE,Diamond & Jewellery,Diamond  &  Jewellery,0,sectors\diamondjewellery.csv
5727,Jonjua Overseas Ltd. - (Rights Entitlements (REs)),JONJUA-RE,Information Technology,IT - Software,0,sectors\informationtechnology.csv
5728,Ace Software Exports Ltd. - (Rights Entitlements (REs)),ACES-RE,Information Technology,IT - Software,0,sectors\informationtechnology.csv
5729,Ace Software Exports ltd. - (Partly Paid-up),ASEPP,Information Technology,IT - Software,0,sectors\informationtechnology.csv
5730,California Software Company Ltd. - (Rights Entitlements (REs)),CALSOFT-RE,Information Technology,IT - Software,0,sectors\informationtechnology.csv
5731,Interactive Financial Services Ltd. - (Rights Entitlements (REs)),INTFIN-RE,Information Technology,IT - Software,0,sectors\informationtechnology.csv
5732,Sylph Technologies Ltd. - (Rights Entitlements (REs)),SYLPH-RE,Information Technology,IT - Software,0,sectors\informationtechnology.csv
5733,Bodhtree Consulting Ltd. - (Rights Entitlements (REs)),BODH-RE,Information Technology,IT - Software,0,sectors\informationtechnology.csv
5734,Kati Patang Lifestyle Ltd. - (Rights Entitlements (REs)),KATIPA-RE,Information Technology,IT - Software,0,sectors\informationtechnology.csv
5735,Infibeam Avenues Ltd. - (Partly Paid-up Equity Shares (Rights Issue)),INFIBPP,Information Technology,Fintech,0,sectors\informationtechnology.csv
5736,GVP Infotech Ltd. - (Partly paid-up Rights),GVPTECHPP,Information Technology,IT - Software,0,sectors\informationtechnology.csv
5737,Kati Patang Lifestyle Ltd- Partly Paid-up Equity Shares,890220,Information Technology,IT - Software,0,sectors\informationtechnology.csv
5738,Sunrest Lifescience Ltd. - (Rights Entitlements),SUNREST-RE,Trading,Trading,0,sectors\trading.csv
5739,Gujarat Cotex Ltd. - (Rights Entitlements (REs)),GUJCOT-RE,Trading,Trading,0,sectors\trading.csv
5740,Tirupati Innovar Ltd. - (Rights Entitlements (REs)),TIRUIN-RE,Trading,Trading,0,sectors\trading.csv
5741,Integra Essentia Ltd. - (Rights Entitlements (REs1)),ESSEN-RE3,Trading,Trading,0,sectors\trading.csv
5742,Consecutive Commodities Ltd. - (Rights Entitlements (REs)),CCDL-RE,Trading,Trading,0,sectors\trading.csv
5743,Lloyds Engineering Works Ltd. - (Rights Entitlements (REs)),LLOYDS-RE1,Other,Other,0,sectors\other.csv
5744,Growington Ventures India Ltd. - (Rights Entitlements (REs)),GROWIN-RE,Other,Other,0,sectors\other.csv
5745,Avantel Ltd. - (Rights Entitlements (REs)),AVANTEL-RE,Other,Other,0,sectors\other.csv
5746,Alan Scott Industries Ltd. - (Rights Entitlements (REs)),ALAN-RE1,Other,Other,0,sectors\other.csv
5747,Solara Active Pharma Sciences Ltd. - (Partly Paidup),SOLARAPP1,Other,Other,0,sectors\other.csv
5748,Sattva Sukun Lifecare Ltd. - (Rights Entitlements (REs)),SATTVA-RE,Other,Other,0,sectors\other.csv
5749,Deep Diamond India Ltd. - (Rights Entitlements (REs)),DEEP-RE,Diamond & Jewellery,Diamond  &  Jewellery,0,sectors\diamondjewellery.csv
5750,IFL Enterprises Ltd. - (Rights Entitlements (REs)),IFL-RE1,Other,Other,0,sectors\other.csv
5751,7NR Retail Ltd. - (Rights Entitlements (REs),7NR-RE1,Other,Other,0,sectors\other.csv
5752,Knowledge Realty Trust,KRT,Other,Business Support,0,sectors\other.csv
5753,Infibeam Avenues Ltd. - (Rights Entitlements (REs)),INFIBE-RE,Other,Other,0,sectors\other.csv
5754,Aplab Ltd. -  Partly Paid-up Equity Shares (Rights Issue),APLABPP,Other,Other,0,sectors\other.csv
5755,GVP Infotech Ltd. - (Rights Entitlement (RE)),GVPTECH-RE,Other,Other,0,sectors\other.csv
5756,Gsm Foils Ltd. - (Rights Entitlements),GSM-RE,Other,Other,0,sectors\other.csv
5757,QMS Medical Allied Services Ltd. - (Rights Entitlements),QMSMEDI-RE,Other,Other,0,sectors\other.csv
5758,Lloyds Enterprises Ltd- Partly Paid-up Equity Shares (Rights Issue),LLOYDPP,Other,Other,0,sectors\other.csv
5759,Indian Emulsifiers Ltd. - RE,IEML-RE,Other,Other,0,sectors\other.csv
5760,Silgo Retail Ltd. - (Rights Entitlements),SILGO-RE1,Other,Unspecified,0,sectors\other.csv
5761,Durlax Top Surface Ltd. - RE,DURLAX-RE,Other,Other,0,sectors\other.csv
5762,Oneclick Logistics Ltd. - RE,OLIL-RE,Other,Other,0,sectors\other.csv
5763,JFL Life Sciences Ltd. - (Rights Entitlement),JFL-RE,Other,Other,0,sectors\other.csv
5764,Maruti Interior Products Ltd. - (Rights Entitlements (REs)),SPITZE-RE,Other,Professional Services,0,sectors\other.csv
5765,Property Share Investment Trust - PropShare Celestia,PSCELESTIA,Other,Unspecified,0,sectors\other.csv
5766,Falcon Technoprojects India Ltd. - (Rights Entitlements (REs)),FALTECH-RE,Other,Engineering Consultancy,0,sectors\other.csv
5767,Citius Transnet Investment Trust,CITIUSINVT,Other,Unspecified,0,sectors\other.csv
5768,Automobile Products Of India Ltd. - (Rights Entitlements (REs)),AUTOPRD-RE,Other,Business Support,0,sectors\other.csv
5769,Bagmane Prime Office REIT,BAGMANE,Other,Unspecified,0,sectors\other.csv
5770,EFC (I) Ltd. - (Rights Entitlements (REs)),EFCIL-RE,Other,Business Support,0,sectors\other.csv
5771,Steelco Gujarat Ltd. - (Rights Entitlements (REs)),STEEL-RE,Other,Other,0,sectors\other.csv
5772,Diligent Industries Ltd. - (Rights Entitlements (REs)),DILIND-RE,Fast Moving Consumer Goods,Edible Oil,0,sectors\fastmovingconsumergoods.csv
5773,Nhc Foods Ltd. - (Rights Entitlements (REs)),NHCFO-RE,Fast Moving Consumer Goods,Consumer Food,0,sectors\fastmovingconsumergoods.csv
5774,Sonalis Consumer Products Ltd. - (Rights Entitlements (REs)),SONALI-RE,Fast Moving Consumer Goods,Consumer Food,0,sectors\fastmovingconsumergoods.csv
5775,Bio Green Papers Ltd. - (Rights Entitlements (REs)),BGPL-RE,Paper,Paper & Paper Products,0,sectors\paper.csv
5776,Globe Textiles (India) Ltd. - (Rights Entitlement),Globe-RE,Other,Other,0,sectors\other.csv
5777,Shree Ram Proteins Ltd. - (SRPL-RE),SRPL-RE,Other,Other,0,sectors\other.csv
5778,Vaxtex Cotfab Ltd. - (VCL-RE),VCL-RE,Other,Other,0,sectors\other.csv
5779,Perfect infraengineers Ltd. - (Rights Entitlement),PERF-RE,Other,Other,0,sectors\other.csv
5780,Perfect Infraengineers Ltd. - (Partly Paidup),PERFECTPP,Other,Unspecified,0,sectors\other.csv
5781,Varanium Cloud Ltd. - (Rights Entitlement),CLOUD-RE,Other,Other,0,sectors\other.csv
5782,Dudigital Global Ltd. - (Dudigital Global Ltd-RE),DUDIG-RE,Other,Other,0,sectors\other.csv
5783,Globe International Carriers Ltd. - (Rights Entitlements),GICL-RE,Other,Other,0,sectors\other.csv
5784,Marshall Machines Ltd. - (Marshall Machines Ltd-RE),MARSHAL-RE,Other,Other,0,sectors\other.csv
5785,Indowind Energy Ltd. - (Rights Entitlements (REs)),INDO-RE2,Power,Power Generation/Distribution,0,sectors\power.csv
5786,Adroit Infotech Ltd. - (Rights Entitlements (REs)),ADROITPP,Other,Other,0,sectors\other.csv
5787,Yarn Syndicate Ltd. - (Rights Entitlements (REs)),YARNPP,Other,Other,0,sectors\other.csv
5788,Sanginita Chemicals Ltd. - (Rights Entitlement,SANG-RE,Other,Other,0,sectors\other.csv
5789,Destiny Logistics & Infra Ltd. - RE,DESTIN-RE,Other,Other,0,sectors\other.csv
5790,Mittal Life Style Ltd. - RE,MITTAL-RE,Other,Other,0,sectors\other.csv
5791,Onix Solar Energy Ltd. - (Rights Entitlements (REs)),ONIX-RE1,Other,Other,0,sectors\other.csv
5792,Ultracab (India) Ltd. - (Rights Entitlements (REs)),ULTACA-RE,Electricals,Cable,0,sectors\electricals.csv
5793,Accent Microcell Ltd. - (Rights Entitlements),ACCENT-RE,Other,Other,0,sectors\other.csv
5794,Srivari Spices & Foods Ltd. - RE,SSFL-RE,Fast Moving Consumer Goods,Consumer Food,0,sectors\fastmovingconsumergoods.csv
5795,Mehai Technology Ltd. - (Rights Entitlements (REs)),MEHAI-RE,Other,Other,0,sectors\other.csv
5796,Wardwizard Innovations & Mobility Ltd. - (Rights Entitlements (REs)),WARWIZ-RE,Other,Other,0,sectors\other.csv
5797,Eco Hotels and Resorts Ltd- (Partly Paid-up Equity Shares (Rights Issue)),ECOPP,Other,Other,0,sectors\other.csv
5798,Silgo Retail Ltd. - (Partly paid-up Rights),SILGOPP,Diamond & Jewellery,Diamond  &  Jewellery,0,sectors\diamondjewellery.csv
5799,Patel Engineering Ltd. - (Rights Entitlements (REs)),PATELEG-RE,Infrastructure,Engineering - Construction,0,sectors\infrastructure.csv
5800,PVV Infra Ltd. -  Rights Entitlements (REs),751084,Realty,Construction - Real Estate,0,sectors\realty.csv
5801,AB Infrabuild Ltd. - RE,ABIN-RE,Infrastructure,Engineering - Construction,0,sectors\infrastructure.csv
5802,Jyoti Structures Ltd. - (Rights Entitlements (REs)),JYOTI-RE1,Infrastructure,Transmission Towers / Equipments,0,sectors\infrastructure.csv
5803,Manav Infra Projects Ltd. - (Rights Entitlements),MANAV-RE,Infrastructure,Engineering - Construction,0,sectors\infrastructure.csv
5804,SEPC Ltd. - (Rights Entitlements (REs)),SEPC-RE3,Infrastructure,Engineering - Construction,0,sectors\infrastructure.csv
5805,Adroit Infotech Ltd. - Partly Paid Up,ADROITPP1,Other,Unspecified,0,sectors\other.csv
5806,Pradhin Ltd. - (Rights Entitlements (REs)),PRADH-RE,Trading,Trading,0,sectors\trading.csv
5807,UH Zaveri Ltd. - (Rights Entitlements (REs)),UHZAVE-RE,Diamond & Jewellery,Diamond  &  Jewellery,0,sectors\diamondjewellery.csv
5808,Darshan Orna Ltd. - Rights Entitlements (REs),751055,Diamond & Jewellery,Diamond  &  Jewellery,0,sectors\diamondjewellery.csv
5809,Sarveshwar Foods Ltd. - (Rights Entitlements (REs)),SARVES-RE,Fast Moving Consumer Goods,Consumer Food,0,sectors\fastmovingconsumergoods.csv
5810,Krishival Foods Ltd. - (Rights Entitlements (REs)),KRISHFL-RE,Fast Moving Consumer Goods,Consumer Food,0,sectors\fastmovingconsumergoods.csv
5811,Krishival Foods Ltd. - (Partly Paid-up),KRISHPP,Fast Moving Consumer Goods,Consumer Food,0,sectors\fastmovingconsumergoods.csv
5812,Suryo Foods & Industries Ltd. - (Rights Entitlements (REs)),SURFI-RE,Fast Moving Consumer Goods,Consumer Food,0,sectors\fastmovingconsumergoods.csv
5813,Ethos Ltd. - (Rights Entitlements (REs)),ETHOS-RE,Retailing,Retailing,0,sectors\retailing.csv
5814,Praxis Home Retail Ltd. - (Rights Entitlements (REs)),PRAXIS-RE2,Retailing,Retailing,0,sectors\retailing.csv
5815,Rockingdeals Circular Economy Ltd. - (Rights Entitlements),ROCK-RE,Retailing,Retailing,0,sectors\retailing.csv
5816,Rockingdeals Circular Economy Ltd. - (Partly Paid-up Equity Shares on Rights),ROCKPP,Retailing,Retailing,0,sectors\retailing.csv
5817,Moksh Ornaments Ltd. - (Rights Entitlement),MOKSH-RE,Diamond & Jewellery,Diamond  &  Jewellery,0,sectors\diamondjewellery.csv
5818,Nibe Ordnance And Maritime Ltd. - (Rights Entitlements (REs)),NIBOR-RE,Diamond & Jewellery,Diamond  &  Jewellery,0,sectors\diamondjewellery.csv
5819,Mahindra Lifespace Developers Ltd. - (Rights Entitlements (REs)),MAHLIFE-RE,Realty,Construction - Real Estate,0,sectors\realty.csv
5820,Shradha Infraprojects Ltd. - (Rights Entitlements),SHRADHA-RE,Realty,Construction - Real Estate,0,sectors\realty.csv
5821,AVG Logistics Ltd. - (Rights Entitlements (REs)),AVG-RE,Logistics,Logistics,0,sectors\logistics.csv
5822,Sical Logistics Ltd. - (Rights Entitlements (REs)),SICAL-RE,Logistics,Logistics,0,sectors\logistics.csv
5823,Magnus Steeland Infra Ltd. - (Rights Entitlements (REs)),MAGNUS-RE,Electricals,Cable,0,sectors\electricals.csv
5824,BCC Fuba India Ltd. - (Rights Entitlements (REs)),BCCFUBA-RE,Electricals,Electronics - Components,0,sectors\electricals.csv
5825,PVV Infra Ltd. - (Partly Paid-up),PVVIPP,Realty,Construction - Real Estate,0,sectors\realty.csv
5826,BCC Fuba India Ltd. - (Partly Paid-up),BCCPP,Electricals,Electronics - Components,0,sectors\electricals.csv
5827,Nirman Agri Genetics Ltd. - (Rights Entitlements),NIRMAN-RE,Other,Other,0,sectors\other.csv
5828,SEPC Ltd- Partly Paid-up Equity Shares (Rights Issue),SEPCPP,Infrastructure,Engineering - Construction,0,sectors\infrastructure.csv
5829,Hindustan Construction Company Ltd. - (Rights Entitlements (REs)),HCC-RE1,Infrastructure,Engineering - Construction,0,sectors\infrastructure.csv
5830,Ajooni Biotech Ltd. - (Rights Entitlements (REs)),AJOONI-RE1,Other,Other,0,sectors\other.csv
5831,Iykot Hitech Toolroom Ltd. - (Partly Paid-up Equity Shares (Rights Issue),IYKOTPP,Other,Other,0,sectors\other.csv
5832,Kshitij Polyline Ltd. - (Rights Entitlements),KSHITI-RE,Other,Other,0,sectors\other.csv
5833,Mitcon Consultancy & Engineering Services Ltd. - (Rights Entitlements),MITCON-RE,Other,Other,0,sectors\other.csv
5834,Nandani Creation Ltd. (Rights Entitlement),NANDANI-RE,Other,Other,0,sectors\other.csv
5835,Sar Televenture Ltd. - (Rights Entitlements),SARTE-RE,Other,Other,0,sectors\other.csv
5836,Nakoda Group of Industries Ltd. - (NGILPP),NGILPP,Other,Other,0,sectors\other.csv
5837,Sobha Ltd. - Partly Paid-up Equity Shares (Rights Issue),SOBHAPP,Other,Other,0,sectors\other.csv